1756371558.8073173,1756371558.9358342,0.12851691246032715
1756371558.9362025,1756371559.0770853,0.1408827304840088
1756371559.0772214,1756371559.2063768,0.12915539741516113
1756371559.2065554,1756371559.3483725,0.1418170928955078
1756371559.3485184,1756371559.4587097,0.11019134521484375
1756371559.4588315,1756371559.569023,0.11019134521484375
1756371559.569114,1756371559.6793072,0.11019325256347656
1756371559.6794353,1756371559.7896335,0.1101982593536377
1756371559.789729,1756371559.899839,0.11010980606079102
1756371559.899992,1756371560.0102088,0.11021685600280762
1756371560.0103407,1756371560.1205435,0.11020278930664062
1756371560.1206686,1756371560.2308292,0.11016058921813965
1756371560.2309492,1756371560.3411477,0.1101984977722168
1756371560.341266,1756371560.4514682,0.11020231246948242
1756371560.4516,1756371560.561805,0.11020493507385254
1756371560.5619507,1756371560.6721516,0.11020088195800781
1756371560.6722982,1756371560.7825058,0.11020755767822266
1756371560.7826352,1756371560.8928463,0.11021113395690918
1756371560.8930266,1756371561.0818064,0.1887798309326172
1756371561.0820172,1756371561.2556808,0.17366361618041992
1756371561.2558987,1756371561.4313428,0.1754441261291504
1756371561.4315178,1756371561.609626,0.17810821533203125
1756371561.609894,1756371561.791601,0.18170690536499023
1756371561.791803,1756371562.0372732,0.24547028541564941
1756371562.0374901,1756371562.1972783,0.1597881317138672
1756371562.1974294,1756371562.3076255,0.11019611358642578
1756371562.3077433,1756371562.4823234,0.17458009719848633
1756371562.482576,1756371562.627853,0.1452770233154297
1756371562.6280115,1756371562.7382026,0.11019110679626465
1756371562.7383223,1756371562.9177585,0.17943620681762695
1756371562.918011,1756371563.06015,0.14213895797729492
1756371563.0603132,1756371563.1705027,0.11018943786621094
1756371563.170628,1756371563.3556201,0.18499207496643066
1756371563.3558805,1756371563.5112135,0.1553330421447754
1756371563.511356,1756371563.621549,0.11019277572631836
1756371563.6216648,1756371563.8018308,0.18016600608825684
1756371563.8020835,1756371563.958957,0.15687346458435059
1756371563.9591143,1756371564.0693078,0.11019349098205566
1756371564.0694256,1756371564.244302,0.17487645149230957
1756371564.2445707,1756371564.4111066,0.1665358543395996
1756371564.4112513,1756371564.5214667,0.11021542549133301
1756371564.5216694,1756371564.7061787,0.18450927734375
1756371564.7064064,1756371564.9036658,0.19725942611694336
1756371564.9038732,1756371565.0605853,0.15671205520629883
1756371565.0607417,1756371565.1708348,0.1100931167602539
1756371565.1709595,1756371565.371292,0.2003326416015625
1756371565.371545,1756371565.5363643,0.16481924057006836
1756371565.5365076,1756371565.646694,0.11018633842468262
1756371565.6468048,1756371565.8556812,0.208876371383667
1756371565.855922,1756371566.02771,0.17178797721862793
1756371566.028032,1756371566.1382282,0.11019611358642578
1756371566.1383622,1756371566.3276618,0.1892995834350586
1756371566.3278875,1756371566.4959283,0.16804075241088867
1756371566.4960744,1756371566.6062605,0.11018610000610352
1756371566.6063735,1756371566.8042524,0.19787883758544922
1756371566.8045268,1756371567.048848,0.24432110786437988
1756371567.0489914,1756371567.159186,0.11019444465637207
1756371567.1592994,1756371567.3759596,0.2166602611541748
1756371567.3762386,1756371567.5427103,0.1664717197418213
1756371567.5428648,1756371567.6530588,0.11019396781921387
1756371567.65317,1756371567.8618698,0.20869970321655273
1756371567.8621442,1756371568.024622,0.16247773170471191
1756371568.0247762,1756371568.1349623,0.11018610000610352
1756371568.135074,1756371568.3397145,0.20464062690734863
1756371568.3400116,1756371568.5195358,0.17952418327331543
1756371568.5197003,1756371568.629833,0.11013269424438477
1756371568.6299522,1756371568.842587,0.21263480186462402
1756371568.842859,1756371569.014729,0.17186999320983887
1756371569.0148811,1756371569.1250665,0.11018538475036621
1756371569.1251783,1756371569.341494,0.21631574630737305
1756371569.3417408,1756371569.5122447,0.17050385475158691
1756371569.5124063,1756371569.622601,0.11019468307495117
1756371569.622741,1756371569.7329507,0.11020970344543457
1756371569.7330651,1756371569.9340758,0.20101070404052734
1756371569.9343116,1756371570.1051247,0.17081308364868164
1756371570.1052947,1756371570.2154853,0.11019062995910645
1756371570.2155986,1756371570.3258095,0.11021089553833008
1756371570.325929,1756371570.543842,0.21791315078735352
1756371570.5440788,1756371570.7331092,0.18903040885925293
1756371570.7332976,1756371570.8434932,0.11019563674926758
1756371570.8436322,1756371571.0453472,0.20171499252319336
1756371571.045597,1756371571.22876,0.18316292762756348
1756371571.2289312,1756371571.3391228,0.11019158363342285
1756371571.3392553,1756371571.550434,0.21117877960205078
1756371571.5506926,1756371571.7370994,0.18640685081481934
1756371571.7372532,1756371571.8474462,0.11019301414489746
1756371571.8475783,1756371572.0619197,0.214341402053833
1756371572.0621703,1756371572.264842,0.20267176628112793
1756371572.2649975,1756371572.3751929,0.11019539833068848
1756371572.3753147,1756371572.6482394,0.27292466163635254
1756371572.6484895,1756371572.8378246,0.18933510780334473
1756371572.8379798,1756371572.9481657,0.11018586158752441
1756371572.9482744,1756371573.1436772,0.1954028606414795
1756371573.1438396,1756371573.2540357,0.11019611358642578
1756371573.2541919,1756371573.4952295,0.24103760719299316
1756371573.495524,1756371573.6911247,0.1956007480621338
1756371573.6912777,1756371573.8014636,0.11018586158752441
1756371573.8015783,1756371574.0107002,0.2091219425201416
1756371574.0108542,1756371574.12105,0.11019563674926758
1756371574.1211705,1756371574.3354402,0.21426963806152344
1756371574.3357015,1756371574.5286002,0.19289875030517578
1756371574.5287588,1756371574.6389465,0.11018776893615723
1756371574.6390734,1756371574.8521025,0.213029146194458
1756371574.8524387,1756371575.0434952,0.191056489944458
1756371575.043644,1756371575.1538389,0.11019492149353027
1756371575.1539743,1756371575.371042,0.21706771850585938
1756371575.3712652,1756371575.56194,0.1906747817993164
1756371575.5621018,1756371575.6722946,0.11019277572631836
1756371575.672416,1756371575.901202,0.22878599166870117
1756371575.901494,1756371576.1065357,0.20504164695739746
1756371576.1066847,1756371576.216834,0.11014938354492188
1756371576.216945,1756371576.446857,0.22991204261779785
1756371576.4470797,1756371576.6510267,0.2039470672607422
1756371576.6511703,1756371576.7613661,0.11019587516784668
1756371576.7616084,1756371576.9638479,0.2022395133972168
1756371576.9640226,1756371577.074218,0.11019539833068848
1756371577.0743515,1756371577.3105328,0.23618125915527344
1756371577.3107991,1756371577.5238993,0.21310019493103027
1756371577.5240757,1756371577.6342728,0.11019706726074219
1756371577.6343987,1756371577.8776278,0.24322915077209473
1756371577.8778973,1756371578.1716373,0.29374003410339355
1756371578.1718776,1756371578.392483,0.22060537338256836
1756371578.3926442,1756371578.5028322,0.11018800735473633
1756371578.5029655,1756371578.7185595,0.21559405326843262
1756371578.7187366,1756371578.8288338,0.11009716987609863
1756371578.8289797,1756371579.0604136,0.23143386840820312
1756371579.060707,1756371579.2718186,0.21111154556274414
1756371579.2719672,1756371579.3821554,0.11018824577331543
1756371579.3822832,1756371579.6251216,0.24283838272094727
1756371579.6254134,1756371579.8362265,0.21081304550170898
1756371579.8364139,1756371579.9466085,0.11019468307495117
1756371579.9467463,1756371580.1837611,0.2370147705078125
1756371580.184033,1756371580.4026144,0.2185814380645752
1756371580.4027817,1756371580.5129426,0.11016082763671875
1756371580.513055,1756371580.7651367,0.25208163261413574
1756371580.7653866,1756371580.9771023,0.2117156982421875
1756371580.9772534,1756371581.0874438,0.11019039154052734
1756371581.0875676,1756371581.3394933,0.2519257068634033
1756371581.3397176,1756371581.562148,0.22243046760559082
1756371581.5623045,1756371581.6724932,0.11018872261047363
1756371581.672607,1756371581.9257128,0.25310587882995605
1756371581.9259338,1756371582.150769,0.22483515739440918
1756371582.1509433,1756371582.2611382,0.11019492149353027
1756371582.2612624,1756371582.5090013,0.24773883819580078
1756371582.5092878,1756371582.7880268,0.27873897552490234
1756371582.788273,1756371583.0471237,0.2588505744934082
1756371583.0473278,1756371583.2739372,0.226609468460083
1756371583.2740922,1756371583.384288,0.11019587516784668
1756371583.384418,1756371583.6294293,0.2450113296508789
1756371583.6296484,1756371583.8497677,0.22011923789978027
1756371583.8499384,1756371583.960142,0.11020350456237793
1756371583.9603052,1756371584.295274,0.33496880531311035
1756371584.295569,1756371584.5291867,0.23361778259277344
1756371584.5293484,1756371584.63954,0.11019158363342285
1756371584.6396644,1756371584.9268339,0.2871694564819336
1756371584.9271157,1756371585.1539662,0.2268505096435547
1756371585.1541376,1756371585.2643287,0.11019110679626465
1756371585.2644424,1756371585.5408278,0.2763853073120117
1756371585.541057,1756371585.7756228,0.23456573486328125
1756371585.7757704,1756371585.8859644,0.11019396781921387
1756371585.886107,1756371586.1247847,0.2386777400970459
1756371586.1249557,1756371586.2351527,0.11019706726074219
1756371586.2352774,1756371586.4897704,0.25449299812316895
1756371586.490042,1756371586.7257721,0.23573017120361328
1756371586.7259445,1756371586.8361363,0.11019182205200195
1756371586.8362644,1756371587.0943022,0.258037805557251
1756371587.0946023,1756371587.3289354,0.23433303833007812
1756371587.3291037,1756371587.4392984,0.11019468307495117
1756371587.4394162,1756371587.7329953,0.2935791015625
1756371587.7332327,1756371588.0100758,0.2768430709838867
1756371588.0102239,1756371588.1204193,0.11019539833068848
1756371588.1205394,1756371588.4221156,0.3015761375427246
1756371588.4223838,1756371588.6705525,0.2481687068939209
1756371588.6706996,1756371588.780836,0.11013650894165039
1756371588.780962,1756371589.0330365,0.2520744800567627
1756371589.0331874,1756371589.1433785,0.11019110679626465
1756371589.1435022,1756371589.408354,0.26485180854797363
1756371589.408581,1756371589.658765,0.2501840591430664
1756371589.6589355,1756371589.7691312,0.11019563674926758
1756371589.7692604,1756371590.0374193,0.2681589126586914
1756371590.0377042,1756371590.2832797,0.2455754280090332
1756371590.2834294,1756371590.3936336,0.11020421981811523
1756371590.393791,1756371590.6732862,0.2794952392578125
1756371590.6735172,1756371591.0262067,0.3526895046234131
1756371591.0264645,1756371591.2687504,0.24228596687316895
1756371591.2689095,1756371591.379112,0.11020255088806152
1756371591.3792698,1756371591.629204,0.24993419647216797
1756371591.6293707,1756371591.7395709,0.11020016670227051
1756371591.7396839,1756371592.0178356,0.2781517505645752
1756371592.0180838,1756371592.2648675,0.24678373336791992
1756371592.2650208,1756371592.3752177,0.11019682884216309
1756371592.3753633,1756371592.4855893,0.11022591590881348
1756371592.4857218,1756371592.7694817,0.28375983238220215
1756371592.7697604,1756371593.022621,0.25286054611206055
1756371593.0227823,1756371593.1329467,0.11016440391540527
1756371593.1330738,1756371593.2432752,0.11020135879516602
1756371593.2433906,1756371593.5323842,0.28899359703063965
1756371593.5326467,1756371593.8007443,0.2680976390838623
1756371593.800901,1756371593.911092,0.11019110679626465
1756371593.9112103,1756371594.021425,0.1102147102355957
1756371594.0215719,1756371594.3060794,0.28450751304626465
1756371594.3063242,1756371594.6171634,0.3108391761779785
1756371594.6173897,1756371594.8694491,0.2520594596862793
1756371594.8695986,1756371594.979789,0.11019039154052734
1756371594.9799209,1756371595.2756655,0.2957446575164795
1756371595.2759593,1756371595.5669181,0.29095888137817383
1756371595.5670688,1756371595.6772616,0.11019277572631836
1756371595.6773868,1756371595.9725063,0.2951195240020752
1756371595.972744,1756371596.2733455,0.3006014823913574
1756371596.2735884,1756371596.5266051,0.25301671028137207
1756371596.5267644,1756371596.636958,0.11019349098205566
1756371596.637118,1756371596.9409344,0.3038163185119629
1756371596.9411917,1756371597.2047327,0.26354098320007324
1756371597.2048914,1756371597.315079,0.11018753051757812
1756371597.3151958,1756371597.6241126,0.3089168071746826
1756371597.6243992,1756371597.982776,0.35837674140930176
1756371597.9830184,1756371598.2492037,0.26618528366088867
1756371598.2493536,1756371598.359546,0.11019229888916016
1756371598.3596795,1756371598.627646,0.26796650886535645
1756371598.6278627,1756371598.7380588,0.11019611358642578
1756371598.7381957,1756371599.0345268,0.29633116722106934
1756371599.0346928,1756371599.1448336,0.11014080047607422
1756371599.1449578,1756371599.4530723,0.30811452865600586
1756371599.4533556,1756371599.7324553,0.279099702835083
1756371599.7326071,1756371599.8427982,0.11019110679626465
1756371599.8429337,1756371600.152801,0.30986738204956055
1756371600.153114,1756371600.4600115,0.3068974018096924
1756371600.460229,1756371600.7313757,0.2711467742919922
1756371600.731549,1756371600.8417456,0.11019659042358398
1756371600.8418727,1756371601.171788,0.32991528511047363
1756371601.1720417,1756371601.445951,0.273909330368042
1756371601.4461048,1756371601.5563006,0.11019587516784668
1756371601.556428,1756371601.8713784,0.31495046615600586
1756371601.8716185,1756371602.1568449,0.28522634506225586
1756371602.1570013,1756371602.267204,0.11020278930664062
1756371602.2673354,1756371602.5671527,0.2998173236846924
1756371602.5674462,1756371602.859956,0.2925097942352295
1756371602.8601143,1756371602.9703076,0.11019325256347656
1756371602.9704237,1756371603.2896636,0.31923985481262207
1756371603.2899485,1756371603.5819805,0.29203200340270996
1756371603.5821295,1756371603.6923256,0.11019611358642578
1756371603.6924522,1756371603.9976954,0.30524325370788574
1756371603.9979136,1756371604.281823,0.28390932083129883
1756371604.2819757,1756371604.3921688,0.11019301414489746
1756371604.3922966,1756371604.7097108,0.3174142837524414
1756371604.7100084,1756371604.990325,0.2803165912628174
1756371604.9904873,1756371605.100677,0.11018967628479004
1756371605.100789,1756371605.4756095,0.3748204708099365
1756371605.4758525,1756371605.7777627,0.3019101619720459
1756371605.7779362,1756371605.8881285,0.11019229888916016
1756371605.888249,1756371606.16857,0.2803211212158203
1756371606.1687207,1756371606.2788324,0.11011171340942383
1756371606.278955,1756371606.5845747,0.3056197166442871
1756371606.584831,1756371606.892248,0.3074169158935547
1756371606.892424,1756371607.0026166,0.11019253730773926
1756371607.0027356,1756371607.3291106,0.32637500762939453
1756371607.329366,1756371607.6227398,0.29337382316589355
1756371607.6229227,1756371607.7331126,0.11018991470336914
1756371607.7332337,1756371608.055702,0.32246828079223633
1756371608.055969,1756371608.3504791,0.2945101261138916
1756371608.3506377,1756371608.460832,0.11019444465637207
1756371608.4609432,1756371608.7872856,0.3263423442840576
1756371608.787586,1756371609.0748274,0.28724145889282227
1756371609.074986,1756371609.1851768,0.11019086837768555
1756371609.1852913,1756371609.517022,0.33173060417175293
1756371609.5172772,1756371609.8092413,0.291964054107666
1756371609.8093946,1756371609.9195943,0.1101996898651123
1756371609.9197125,1756371610.2635205,0.3438079357147217
1756371610.2637756,1756371610.558313,0.2945373058319092
1756371610.5584679,1756371610.6686592,0.11019134521484375
1756371610.6687846,1756371610.9776895,0.30890488624572754
1756371610.9778457,1756371611.088042,0.11019635200500488
1756371611.0881677,1756371611.4108706,0.32270288467407227
1756371611.4111743,1756371611.7264793,0.3153049945831299
1756371611.7266526,1756371611.8368444,0.11019182205200195
1756371611.836966,1756371612.1774209,0.3404548168182373
1756371612.1777248,1756371612.4977703,0.32004547119140625
1756371612.4979348,1756371612.6081328,0.1101980209350586
1756371612.608274,1756371612.9592032,0.35092926025390625
1756371612.9594254,1756371613.4056685,0.4462430477142334
1756371613.4059281,1756371613.718105,0.3121769428253174
1756371613.7182615,1756371613.828458,0.11019659042358398
1756371613.8286078,1756371614.123741,0.295133113861084
1756371614.1239083,1756371614.2340982,0.11018991470336914
1756371614.2341897,1756371614.3443813,0.11019158363342285
1756371614.344467,1756371614.454655,0.11018800735473633
1756371614.4547367,1756371614.564931,0.11019420623779297
1756371614.5650353,1756371614.6752338,0.1101984977722168
1756371614.6753564,1756371614.7855616,0.11020517349243164
1756371614.7856948,1756371614.895833,0.1101381778717041
1756371614.8959365,1756371615.0061393,0.11020278930664062
1756371615.0062373,1756371615.1164286,0.11019134521484375
1756371615.1165223,1756371615.2267122,0.11018991470336914
1756371615.2268043,1756371615.3370006,0.11019635200500488
1756371615.3370938,1756371615.447283,0.11018919944763184
1756371615.4473755,1756371615.557569,0.11019349098205566
1756371615.5576723,1756371615.6678338,0.11016154289245605
1756371615.6679559,1756371615.7781556,0.1101996898651123
1756371615.7782571,1756371615.8884487,0.11019158363342285
1756371615.8885412,1756371615.9987319,0.11019062995910645
1756371615.99883,1756371616.1090221,0.11019206047058105
1756371616.1091194,1756371616.2193174,0.1101980209350586
1756371616.2194178,1756371616.3296196,0.11020183563232422
1756371616.3297536,1756371616.4399488,0.11019515991210938
1756371616.4400742,1756371616.5502768,0.11020255088806152
1756371616.5504012,1756371616.85633,0.30592870712280273
1756371616.8564863,1756371616.9666593,0.11017298698425293
1756371616.9667447,1756371617.0769396,0.11019492149353027
1756371617.0770447,1756371617.1872315,0.11018681526184082
1756371617.187325,1756371617.2975116,0.11018657684326172
1756371617.2976086,1756371617.4077885,0.11017990112304688
1756371617.407889,1756371617.5180717,0.1101827621459961
1756371617.5181625,1756371617.6283498,0.11018729209899902
1756371617.6284344,1756371617.7386239,0.11018943786621094
1756371617.7387505,1756371617.8489454,0.11019492149353027
1756371617.849053,1756371617.9592435,0.11019062995910645
1756371617.959337,1756371618.0695274,0.11019039154052734
1756371618.069621,1756371618.1798098,0.11018872261047363
1756371618.1799006,1756371618.290089,0.11018824577331543
1756371618.2901824,1756371618.4003685,0.11018610000610352
1756371618.4004524,1756371618.51064,0.11018753051757812
1756371618.5107343,1756371618.6208286,0.11009430885314941
1756371618.6209137,1756371618.7311082,0.11019444465637207
1756371618.7312274,1756371618.8414226,0.11019515991210938
1756371618.8415124,1756371618.9517024,0.11018991470336914
1756371618.9518037,1756371619.0620089,0.11020517349243164
1756371619.0621095,1756371619.1723144,0.11020493507385254
1756371619.172433,1756371619.2826374,0.11020445823669434
1756371619.2827635,1756371619.6133125,0.3305490016937256
1756371619.6134627,1756371619.7236562,0.11019349098205566
1756371619.7237854,1756371619.833987,0.11020159721374512
1756371619.8341012,1756371619.9442964,0.11019515991210938
1756371619.944392,1756371620.0545855,0.11019349098205566
1756371620.0546882,1756371620.1648831,0.11019492149353027
1756371620.1649802,1756371620.2751675,0.11018729209899902
1756371620.2752614,1756371620.3854482,0.11018681526184082
1756371620.3855495,1756371620.4957392,0.11018967628479004
1756371620.495843,1756371620.606033,0.11019015312194824
1756371620.6061563,1756371620.716355,0.1101987361907959
1756371620.7164829,1756371620.826684,0.11020112037658691
1756371620.8267853,1756371620.936945,0.11015963554382324
1756371620.9370513,1756371621.0472512,0.1101999282836914
1756371621.0473495,1756371621.1575434,0.11019396781921387
1756371621.1576374,1756371621.2678325,0.11019515991210938
1756371621.2679417,1756371621.3781312,0.11018943786621094
1756371621.3782246,1756371621.4884126,0.11018800735473633
1756371621.4885056,1756371621.5986962,0.11019062995910645
1756371621.5987904,1756371621.7089458,0.11015534400939941
1756371621.709071,1756371621.8192818,0.11021089553833008
1756371621.819413,1756371621.9296105,0.11019754409790039
1756371621.9297085,1756371622.0398304,0.1101219654083252
1756371622.0399292,1756371622.1501238,0.11019468307495117
1756371622.1502318,1756371622.2604246,0.11019277572631836
1756371622.2605212,1756371622.370712,0.11019086837768555
1756371622.370803,1756371622.4810023,0.1101992130279541
1756371622.4810948,1756371622.591288,0.11019325256347656
1756371622.59138,1756371622.7015748,0.11019492149353027
1756371622.7016976,1756371622.8118315,0.11013388633728027
1756371622.8119392,1756371622.9221349,0.11019563674926758
1756371622.9222329,1756371623.032425,0.11019206047058105
1756371623.0325186,1756371623.142689,0.11017036437988281
1756371623.142787,1756371623.25295,0.11016297340393066
1756371623.2530618,1756371623.363259,0.11019730567932129
1756371623.3633735,1756371623.4735718,0.1101982593536377
1756371623.4736795,1756371623.5838704,0.11019086837768555
1756371623.5839632,1756371623.6941602,0.11019706726074219
1756371623.694282,1756371623.8044903,0.11020827293395996
1756371623.804608,1756371623.914823,0.1102149486541748
1756371623.914968,1756371624.0251803,0.11021232604980469
1756371624.0253155,1756371624.3722076,0.3468921184539795
1756371624.3723586,1756371624.4825456,0.11018705368041992
1756371624.48265,1756371624.5928442,0.11019420623779297
1756371624.59295,1756371624.7031472,0.11019706726074219
1756371624.7032802,1756371624.8134773,0.11019706726074219
1756371624.8135781,1756371624.9237804,0.11020231246948242
1756371624.9238992,1756371625.0341022,0.11020302772521973
1756371625.0341916,1756371625.1443815,0.11018991470336914
1756371625.1444778,1756371625.2546654,0.11018753051757812
1756371625.2547672,1756371625.3649406,0.11017346382141113
1756371625.3650286,1756371625.4752138,0.11018514633178711
1756371625.475299,1756371625.585499,0.11020016670227051
1756371625.5856392,1756371625.6958442,0.11020493507385254
1756371625.6959586,1756371625.806169,0.11021041870117188
1756371625.8063052,1756371625.9165154,0.11021018028259277
1756371625.9166486,1756371626.2321906,0.31554198265075684
1756371626.2323372,1756371626.3425264,0.11018919944763184
1756371626.3426497,1756371626.4528317,0.11018204689025879
1756371626.4529493,1756371626.5631413,0.11019206047058105
1756371626.56324,1756371626.67345,0.11020994186401367
1756371626.673572,1756371626.7837687,0.11019659042358398
1756371626.7838812,1756371626.8940752,0.11019396781921387
1756371626.8941686,1756371627.0043578,0.11018919944763184
1756371627.0044463,1756371627.1146338,0.11018753051757812
1756371627.114718,1756371627.2249062,0.11018824577331543
1756371627.224991,1756371627.3351781,0.11018705368041992
1756371627.3352635,1756371627.4454505,0.11018705368041992
1756371627.4455345,1756371627.555733,0.1101984977722168
1756371627.5558615,1756371627.6660647,0.11020326614379883
1756371627.6662037,1756371627.7764096,0.11020588874816895
1756371627.7765353,1756371628.0996652,0.32312989234924316
1756371628.0998104,1756371628.2099981,0.11018776893615723
1756371628.2100859,1756371628.320281,0.11019515991210938
1756371628.3203924,1756371628.4305832,0.11019086837768555
1756371628.4306703,1756371628.5408263,0.11015605926513672
1756371628.5409153,1756371628.6511023,0.11018705368041992
1756371628.651189,1756371628.761384,0.11019492149353027
1756371628.7615044,1756371628.8717022,0.11019778251647949
1756371628.8718114,1756371628.9820101,0.1101987361907959
1756371628.9821076,1756371629.0922995,0.11019182205200195
1756371629.0923924,1756371629.2025793,0.11018681526184082
1756371629.202668,1756371629.3128257,0.11015772819519043
1756371629.31291,1756371629.4231021,0.11019206047058105
1756371629.4232066,1756371629.5334063,0.1101996898651123
1756371629.5335188,1756371629.6437237,0.11020493507385254
1756371629.643856,1756371629.7540627,0.11020660400390625
1756371629.7541893,1756371630.0962071,0.34201788902282715
1756371630.0963593,1756371630.2065322,0.11017298698425293
1756371630.2066512,1756371630.316837,0.11018586158752441
1756371630.31694,1756371630.4271362,0.11019611358642578
1756371630.427234,1756371630.537424,0.11019015312194824
1756371630.5375218,1756371630.6477096,0.11018776893615723
1756371630.647812,1756371630.7580183,0.11020636558532715
1756371630.758147,1756371630.8683488,0.11020183563232422
1756371630.8684957,1756371630.9786909,0.11019515991210938
1756371630.9787967,1756371631.0889952,0.1101984977722168
1756371631.0890934,1756371631.1992846,0.11019110679626465
1756371631.1993825,1756371631.309576,0.11019349098205566
1756371631.3096743,1756371631.419839,0.11016464233398438
1756371631.4200363,1756371631.530264,0.11022758483886719
1756371631.5303938,1756371631.6405997,0.11020588874816895
1756371631.6407394,1756371631.958216,0.3174765110015869
1756371631.9583867,1756371632.068582,0.11019539833068848
1756371632.0687068,1756371632.178906,0.1101992130279541
1756371632.1790175,1756371632.2892644,0.11024689674377441
1756371632.2893689,1756371632.399561,0.11019206047058105
1756371632.3996563,1756371632.5098405,0.1101841926574707
1756371632.5099263,1756371632.6201413,0.1102149486541748
1756371632.6202967,1756371632.7304876,0.11019086837768555
1756371632.7306159,1756371632.8408217,0.11020588874816895
1756371632.8409226,1756371632.951116,0.11019349098205566
1756371632.9512162,1756371633.0614083,0.11019206047058105
1756371633.0614996,1756371633.1716895,0.11018991470336914
1756371633.1717803,1756371633.2819796,0.1101992130279541
1756371633.2821004,1756371633.3923059,0.11020541191101074
1756371633.3924239,1756371633.5026283,0.11020445823669434
1756371633.5027633,1756371633.6129491,0.11018586158752441
1756371633.6130805,1756371633.9294987,0.3164181709289551
1756371633.9296532,1756371634.039826,0.11017274856567383
1756371634.0399117,1756371634.150102,0.11019015312194824
1756371634.150212,1756371634.2604063,0.11019420623779297
1756371634.2604983,1756371634.370686,0.11018776893615723
1756371634.3707733,1756371634.4809582,0.11018490791320801
1756371634.4810512,1756371634.59124,0.11018872261047363
1756371634.591331,1756371634.7015247,0.11019372940063477
1756371634.7016463,1756371634.8118439,0.11019754409790039
1756371634.8119512,1756371634.9221423,0.11019110679626465
1756371634.9222362,1756371635.0324273,0.11019110679626465
1756371635.0325243,1756371635.1427188,0.11019444465637207
1756371635.1428401,1756371635.253044,0.11020374298095703
1756371635.2531738,1756371635.3633814,0.11020755767822266
1756371635.3635013,1756371635.4737084,0.11020708084106445
1756371635.4738474,1756371635.7873292,0.31348180770874023
1756371635.7874846,1756371635.897653,0.11016845703125
1756371635.8977387,1756371636.007913,0.11017441749572754
1756371636.008029,1756371636.118216,0.11018705368041992
1756371636.118313,1756371636.2285013,0.11018824577331543
1756371636.2285867,1756371636.3387864,0.1101996898651123
1756371636.3388836,1756371636.4490693,0.11018562316894531
1756371636.4491591,1756371636.559346,0.11018681526184082
1756371636.5594366,1756371636.6696265,0.11018991470336914
1756371636.6697285,1756371636.7799222,0.11019372940063477
1756371636.7800272,1756371636.8902175,0.11019039154052734
1756371636.8903062,1756371637.0004985,0.11019229888916016
1756371637.000608,1756371637.1108105,0.11020255088806152
1756371637.11093,1756371637.2211378,0.11020779609680176
1756371637.2213397,1756371637.3315556,0.11021590232849121
1756371637.3316858,1756371637.653753,0.3220672607421875
1756371637.6539183,1756371637.7640958,0.11017751693725586
1756371637.7642207,1756371637.8744147,0.11019396781921387
1756371637.8745224,1756371637.9847136,0.11019110679626465
1756371637.9848053,1756371638.094999,0.11019372940063477
1756371638.0950856,1756371638.2052703,0.1101846694946289
1756371638.2053578,1756371638.315544,0.11018610000610352
1756371638.3156288,1756371638.4258204,0.11019158363342285
1756371638.425909,1756371638.5360935,0.1101844310760498
1756371638.5361753,1756371638.6463575,0.11018228530883789
1756371638.6464357,1756371638.756626,0.11019015312194824
1756371638.7567632,1756371638.866962,0.1101987361907959
1756371638.8670654,1756371638.9772646,0.1101992130279541
1756371638.9773793,1756371639.0875845,0.11020517349243164
1756371639.0877233,1756371639.1978302,0.1101069450378418
1756371639.1979547,1756371639.523161,0.32520627975463867
1756371639.5233178,1756371639.6335,0.11018228530883789
1756371639.6335962,1756371639.7437851,0.11018896102905273
1756371639.7439191,1756371639.8541203,0.11020112037658691
1756371639.854224,1756371639.964416,0.11019206047058105
1756371639.9645169,1756371640.0747056,0.11018872261047363
1756371640.0747998,1756371640.1850102,0.11021041870117188
1756371640.185132,1756371640.2953265,0.11019444465637207
1756371640.2954164,1756371640.4056053,0.11018896102905273
1756371640.4056947,1756371640.5158274,0.11013269424438477
1756371640.5159218,1756371640.626112,0.11019015312194824
1756371640.6262078,1756371640.7364042,0.11019635200500488
1756371640.736525,1756371640.8467312,0.11020612716674805
1756371640.8468597,1756371640.957066,0.11020636558532715
1756371640.9571848,1756371641.0673952,0.11021041870117188
1756371641.0675223,1756371641.3956382,0.32811594009399414
1756371641.3957891,1756371641.5059564,0.11016726493835449
1756371641.5060415,1756371641.616219,0.11017751693725586
1756371641.6163208,1756371641.7265086,0.11018776893615723
1756371641.7266319,1756371641.8368287,0.11019682884216309
1756371641.8369267,1756371641.9471166,0.11018991470336914
1756371641.9472141,1756371642.0574062,0.11019206047058105
1756371642.0574982,1756371642.1676872,0.11018896102905273
1756371642.1677709,1756371642.277959,0.11018824577331543
1756371642.2780423,1756371642.3882306,0.11018824577331543
1756371642.3883164,1756371642.4985025,0.11018610000610352
1756371642.498588,1756371642.6087756,0.11018753051757812
1756371642.608874,1756371642.7190795,0.11020541191101074
1756371642.7192342,1756371642.8294559,0.11022162437438965
1756371642.8295925,1756371642.9397995,0.11020708084106445
1756371642.9399352,1756371643.2832851,0.3433499336242676
1756371643.2834344,1756371643.3936133,0.11017894744873047
1756371643.3937044,1756371643.5038354,0.11013102531433105
1756371643.5039475,1756371643.6141357,0.11018824577331543
1756371643.6142242,1756371643.7244184,0.11019420623779297
1756371643.7245436,1756371643.8347466,0.11020302772521973
1756371643.8348558,1756371643.945047,0.11019110679626465
1756371643.9451373,1756371644.0553272,0.11018991470336914
1756371644.0554175,1756371644.1656077,0.11019015312194824
1756371644.1656966,1756371644.275829,0.11013245582580566
1756371644.2759235,1756371644.3861177,0.11019420623779297
1756371644.3862195,1756371644.4964144,0.11019492149353027
1756371644.4965134,1756371644.6067152,0.11020183563232422
1756371644.6068466,1756371644.7170482,0.11020159721374512
1756371644.7171721,1756371644.8273752,0.11020302772521973
1756371644.8275135,1756371645.1363504,0.3088369369506836
1756371645.1365082,1756371645.2466958,0.11018753051757812
1756371645.2467935,1756371645.3569434,0.11014986038208008
1756371645.357045,1756371645.4672325,0.11018753051757812
1756371645.4673178,1756371645.5775025,0.1101846694946289
1756371645.5775902,1756371645.6877856,0.11019539833068848
1756371645.687925,1756371645.7981262,0.11020112037658691
1756371645.7982233,1756371645.9084134,0.11019015312194824
1756371645.9084966,1756371646.018685,0.11018848419189453
1756371646.0187893,1756371646.128944,0.11015462875366211
1756371646.129029,1756371646.2392187,0.11018967628479004
1756371646.2393088,1756371646.3494992,0.11019039154052734
1756371646.3495977,1756371646.4597979,0.11020016670227051
1756371646.4599168,1756371646.5701213,0.11020445823669434
1756371646.570246,1756371646.6804492,0.11020326614379883
1756371646.6805842,1756371646.9946752,0.3140909671783447
1756371646.9948466,1756371647.105023,0.11017632484436035
1756371647.1051118,1756371647.215301,0.11018919944763184
1756371647.2154071,1756371647.3256032,0.11019611358642578
1756371647.3256962,1756371647.4358878,0.11019158363342285
1756371647.4359856,1756371647.5461752,0.11018967628479004
1756371647.546265,1756371647.6564536,0.11018872261047363
1756371647.6565456,1756371647.7667418,0.11019611358642578
1756371647.7668748,1756371647.8770685,0.11019372940063477
1756371647.877164,1756371647.9873595,0.11019563674926758
1756371647.9874578,1756371648.0976489,0.11019110679626465
1756371648.0977411,1756371648.2079418,0.11020064353942871
1756371648.2080922,1756371648.3183086,0.11021637916564941
1756371648.3184295,1756371648.4286406,0.11021113395690918
1756371648.4287574,1756371648.538949,0.11019158363342285
1756371648.539073,1756371648.8582945,0.31922149658203125
1756371648.8584561,1756371648.9686441,0.11018800735473633
1756371648.9687564,1756371649.0789428,0.11018633842468262
1756371649.0790458,1756371649.1892397,0.11019396781921387
1756371649.1893353,1756371649.2995276,0.11019229888916016
1756371649.2996213,1756371649.4098217,0.11020040512084961
1756371649.4099133,1756371649.5201023,0.11018896102905273
1756371649.520187,1756371649.6303744,0.11018753051757812
1756371649.630464,1756371649.7406583,0.11019420623779297
1756371649.7407804,1756371649.850987,0.11020660400390625
1756371649.851131,1756371649.961346,0.1102149486541748
1756371649.9614446,1756371650.0716417,0.11019706726074219
1756371650.0717664,1756371650.1819487,0.11018228530883789
1756371650.1820662,1756371650.2922766,0.11021041870117188
1756371650.292396,1756371650.402599,0.11020302772521973
1756371650.4027364,1756371650.7223654,0.3196289539337158
1756371650.722547,1756371650.8327277,0.11018061637878418
1756371650.832841,1756371650.9430268,0.11018586158752441
1756371650.9431293,1756371651.0533414,0.11021208763122559
1756371651.0534425,1756371651.163631,0.11018848419189453
1756371651.1637177,1756371651.2738302,0.11011242866516113
1756371651.27394,1756371651.384131,0.11019086837768555
1756371651.3842232,1756371651.4944203,0.11019706726074219
1756371651.4945114,1756371651.604702,0.11019062995910645
1756371651.6047988,1756371651.7149477,0.11014890670776367
1756371651.7150686,1756371651.825268,0.1101994514465332
1756371651.8253675,1756371651.9355626,0.11019515991210938
1756371651.9356635,1756371652.0458322,0.1101686954498291
1756371652.0459504,1756371652.1561592,0.11020874977111816
1756371652.1562772,1756371652.2671757,0.11089849472045898
1756371652.2673876,1756371652.5896835,0.3222959041595459
1756371652.5898447,1756371652.7000327,0.11018800735473633
1756371652.700163,1756371652.810361,0.1101980209350586
1756371652.810473,1756371652.9206681,0.11019515991210938
1756371652.920759,1756371653.0309422,0.1101832389831543
1756371653.0310392,1756371653.1412268,0.11018753051757812
1756371653.141309,1756371653.2514966,0.11018753051757812
1756371653.2515821,1756371653.3617702,0.11018800735473633
1756371653.3618798,1756371653.4720674,0.11018753051757812
1756371653.4721537,1756371653.5823402,0.11018657684326172
1756371653.5824242,1756371653.6926172,0.11019301414489746
1756371653.6927447,1756371653.8029468,0.11020207405090332
1756371653.8030584,1756371653.913257,0.1101984977722168
1756371653.9133713,1756371654.0235803,0.11020898818969727
1756371654.0237083,1756371654.1339087,0.11020040512084961
1756371654.1340382,1756371654.5237908,0.3897526264190674
1756371654.523961,1756371654.6341462,0.11018514633178711
1756371654.6342533,1756371654.7444513,0.1101980209350586
1756371654.744576,1756371654.8547661,0.11019015312194824
1756371654.8548808,1756371654.9650621,0.11018133163452148
1756371654.9651496,1756371655.0753274,0.11017775535583496
1756371655.0754158,1756371655.1855962,0.11018037796020508
1756371655.1856906,1756371655.2958696,0.11017894744873047
1756371655.2959554,1756371655.4061344,0.11017894744873047
1756371655.4062204,1756371655.5163972,0.11017680168151855
1756371655.5164862,1756371655.6266732,0.11018705368041992
1756371655.6267583,1756371655.7369506,0.11019229888916016
1756371655.7370687,1756371655.84728,0.11021137237548828
1756371655.8474078,1756371655.9576163,0.11020851135253906
1756371655.9577386,1756371656.3130944,0.35535573959350586
1756371656.313243,1756371656.4234173,0.11017441749572754
1756371656.4235053,1756371656.5336738,0.11016845703125
1756371656.5337684,1756371656.643938,0.11016964912414551
1756371656.644027,1756371656.7542193,0.11019229888916016
1756371656.7543447,1756371656.864536,0.11019134521484375
1756371656.8646283,1756371656.974822,0.11019372940063477
1756371656.9749153,1756371657.0851097,0.11019444465637207
1756371657.085234,1756371657.1954231,0.11018919944763184
1756371657.1955073,1756371657.3056931,0.11018586158752441
1756371657.3057833,1756371657.4159706,0.11018729209899902
1756371657.4160597,1756371657.5262525,0.11019277572631836
1756371657.5263665,1756371657.6365683,0.11020183563232422
1756371657.6366808,1756371657.7468338,0.1101529598236084
1756371657.7469404,1756371657.8571439,0.11020350456237793
1756371657.857281,1756371658.1949985,0.33771753311157227
1756371658.1951504,1756371658.30533,0.11017966270446777
1756371658.3054218,1756371658.4156084,0.11018657684326172
1756371658.415706,1756371658.5258868,0.11018085479736328
1756371658.5259767,1756371658.6361606,0.1101839542388916
1756371658.6362484,1756371658.7464366,0.11018824577331543
1756371658.746558,1756371658.856752,0.11019396781921387
1756371658.856872,1756371658.9670599,0.11018776893615723
1756371658.9671428,1756371659.0773284,0.11018562316894531
1756371659.077418,1756371659.1876032,0.11018514633178711
1756371659.1877074,1756371659.2978916,0.1101841926574707
1756371659.297977,1756371659.4081638,0.11018681526184082
1756371659.4082558,1756371659.5184484,0.11019253730773926
1756371659.5185513,1756371659.6287525,0.11020112037658691
1756371659.6288757,1756371659.7390764,0.11020064353942871
1756371659.7391949,1756371659.8493972,0.11020231246948242
1756371659.8495321,1756371660.1719773,0.3224451541900635
1756371660.1721268,1756371660.2823038,0.11017704010009766
1756371660.282395,1756371660.3925796,0.1101846694946289
1756371660.3926847,1756371660.5028546,0.11016988754272461
1756371660.5029416,1756371660.613119,0.11017727851867676
1756371660.6132112,1756371660.7234018,0.11019062995910645
1756371660.7235236,1756371660.8337207,0.11019706726074219
1756371660.8338335,1756371660.9440286,0.11019515991210938
1756371660.9441462,1756371661.054329,0.1101827621459961
1756371661.054435,1756371661.1646247,0.11018967628479004
1756371661.1647255,1756371661.2748272,0.11010169982910156
1756371661.2749221,1756371661.3851123,0.11019015312194824
1756371661.3852088,1756371661.4954,0.11019110679626465
1756371661.4955177,1756371661.6057246,0.11020684242248535
1756371661.6058514,1756371661.7160547,0.11020326614379883
1756371661.716181,1756371661.8263812,0.11020016670227051
1756371661.826535,1756371662.1574047,0.3308696746826172
1756371662.1575592,1756371662.2677553,0.11019611358642578
1756371662.2678695,1756371662.3780572,0.11018776893615723
1756371662.378165,1756371662.488353,0.11018800735473633
1756371662.488446,1756371662.5986292,0.1101832389831543
1756371662.598716,1756371662.7088327,0.11011672019958496
1756371662.708955,1756371662.8191662,0.11021113395690918
1756371662.8192866,1756371662.929479,0.11019229888916016
1756371662.9295728,1756371663.0397635,0.11019062995910645
1756371663.0398679,1756371663.1500576,0.11018967628479004
1756371663.1501496,1756371663.2603385,0.11018896102905273
1756371663.2604263,1756371663.370616,0.11018967628479004
1756371663.370705,1756371663.480898,0.11019301414489746
1756371663.4810169,1756371663.591221,0.11020421981811523
1756371663.5913396,1756371663.7015433,0.11020374298095703
1756371663.7016683,1756371663.811833,0.11016464233398438
1756371663.811966,1756371664.150529,0.3385629653930664
1756371664.1506763,1756371664.2608595,0.1101832389831543
1756371664.2609653,1756371664.3711567,0.11019134521484375
1756371664.3712628,1756371664.4814525,0.11018967628479004
1756371664.4815454,1756371664.591733,0.11018753051757812
1756371664.5918307,1756371664.7020226,0.11019182205200195
1756371664.7021432,1756371664.8123412,0.1101980209350586
1756371664.8124497,1756371664.922642,0.11019229888916016
1756371664.9227383,1756371665.0329344,0.11019611358642578
1756371665.0330255,1756371665.1432135,0.11018800735473633
1756371665.1433446,1756371665.2535386,0.11019396781921387
1756371665.2536414,1756371665.3638284,0.11018705368041992
1756371665.3639278,1756371665.4741275,0.1101996898651123
1756371665.4742439,1756371665.5844421,0.1101982593536377
1756371665.5845542,1756371665.6947508,0.11019659042358398
1756371665.6948683,1756371665.8050666,0.1101982593536377
1756371665.8051982,1756371666.1287541,0.32355594635009766
1756371666.1289222,1756371666.2391043,0.11018204689025879
1756371666.2392128,1756371666.3494062,0.11019349098205566
1756371666.3495095,1756371666.4596999,0.11019039154052734
1756371666.459796,1756371666.569982,0.11018610000610352
1756371666.5700762,1756371666.6802683,0.11019206047058105
1756371666.6803737,1756371666.7905724,0.1101987361907959
1756371666.7906818,1756371666.900829,0.11014723777770996
1756371666.9009213,1756371667.0111063,0.11018490791320801
1756371667.0111957,1756371667.1213837,0.11018800735473633
1756371667.121468,1756371667.2316546,0.11018657684326172
1756371667.2317405,1756371667.3419373,0.11019682884216309
1756371667.3420303,1756371667.4522269,0.11019659042358398
1756371667.4523437,1756371667.5624607,0.11011695861816406
1756371667.562576,1756371667.6727772,0.11020112037658691
1756371667.672904,1756371667.7831059,0.11020183563232422
1756371667.7832294,1756371668.1304471,0.3472177982330322
1756371668.130604,1756371668.2407737,0.11016964912414551
1756371668.2408779,1756371668.351058,0.11018013954162598
1756371668.351156,1756371668.4613402,0.1101841926574707
1756371668.4614422,1756371668.5716302,0.11018800735473633
1756371668.5717196,1756371668.681912,0.11019229888916016
1756371668.6820235,1756371668.7922266,0.11020302772521973
1756371668.7923386,1756371668.902533,0.11019444465637207
1756371668.9026294,1756371669.0128284,0.110198974609375
1756371669.0129244,1756371669.1231153,0.11019086837768555
1756371669.123206,1756371669.2333906,0.1101846694946289
1756371669.2334797,1756371669.3436706,0.11019086837768555
1756371669.3437681,1756371669.453955,0.11018681526184082
1756371669.4540794,1756371669.5642846,0.11020517349243164
1756371669.564405,1756371669.6745687,0.11016368865966797
1756371669.6747186,1756371669.9933176,0.31859898567199707
1756371669.9934764,1756371670.1036637,0.11018729209899902
1756371670.103769,1756371670.2139504,0.11018133163452148
1756371670.2140613,1756371670.3242438,0.11018252372741699
1756371670.3243399,1756371670.4345272,0.11018729209899902
1756371670.4346225,1756371670.5448048,0.11018228530883789
1756371670.5448985,1756371670.655086,0.11018753051757812
1756371670.6551752,1756371670.765365,0.11018967628479004
1756371670.7654817,1756371670.8756764,0.11019468307495117
1756371670.8757827,1756371670.9859776,0.11019492149353027
1756371670.9860852,1756371671.0962799,0.11019468307495117
1756371671.0963814,1756371671.2065723,0.11019086837768555
1756371671.2066646,1756371671.3168583,0.11019372940063477
1756371671.3169677,1756371671.4271638,0.11019611358642578
1756371671.4272788,1756371671.5374777,0.110198974609375
1756371671.5375934,1756371671.6477962,0.11020278930664062
1756371671.6479328,1756371671.9793813,0.3314485549926758
1756371671.9795346,1756371672.0897243,0.11018967628479004
1756371672.0898454,1756371672.20004,0.11019468307495117
1756371672.2001421,1756371672.310333,0.11019086837768555
1756371672.310426,1756371672.4206161,0.11019015312194824
1756371672.420704,1756371672.5308282,0.11012434959411621
1756371672.5309148,1756371672.641102,0.11018729209899902
1756371672.6411903,1756371672.7513855,0.11019515991210938
1756371672.7515047,1756371672.8616996,0.11019492149353027
1756371672.8617969,1756371672.9719367,0.11013984680175781
1756371672.9720285,1756371673.0821757,0.11014723777770996
1756371673.0822618,1756371673.1924577,0.11019587516784668
1756371673.192587,1756371673.3027914,0.11020445823669434
1756371673.302921,1756371673.4131255,0.11020445823669434
1756371673.4132538,1756371673.5234706,0.11021685600280762
1756371673.5236363,1756371673.8811479,0.3575115203857422
1756371673.8812943,1756371673.9914827,0.11018848419189453
1756371673.9915934,1756371674.1017842,0.11019086837768555
1756371674.1018934,1756371674.2120824,0.11018896102905273
1756371674.2121713,1756371674.3223596,0.11018824577331543
1756371674.322446,1756371674.4326339,0.11018776893615723
1756371674.4327354,1756371674.5429301,0.11019468307495117
1756371674.5430715,1756371674.65329,0.11021852493286133
1756371674.6534371,1756371674.7636304,0.11019325256347656
1756371674.7637537,1756371674.873942,0.11018824577331543
1756371674.8740432,1756371674.984235,0.11019182205200195
1756371674.9843333,1756371675.0945342,0.11020088195800781
1756371675.0946605,1756371675.2048674,0.11020684242248535
1756371675.2050097,1756371675.3152092,0.1101994514465332
1756371675.3153243,1756371675.716847,0.4015226364135742
1756371675.717142,1756371676.0789077,0.36176562309265137
1756371676.0790753,1756371676.1896698,0.11059451103210449
1756371676.1897955,1756371676.5966032,0.40680766105651855
1756371676.596756,1756371676.7069511,0.11019515991210938
1756371676.7071004,1756371677.0790658,0.3719654083251953
1756371677.0793545,1756371677.447547,0.3681924343109131
1756371677.4477177,1756371677.5578337,0.11011600494384766
1756371677.557955,1756371677.9363596,0.3784046173095703
1756371677.9366062,1756371678.3195405,0.3829343318939209
1756371678.319839,1756371678.6643608,0.34452176094055176
1756371678.6645143,1756371678.7747061,0.11019182205200195
1756371678.774823,1756371679.1527982,0.3779752254486084
1756371679.1530862,1756371679.4955177,0.34243154525756836
1756371679.4956722,1756371679.6058302,0.11015796661376953
1756371679.6059415,1756371680.0154111,0.4094696044921875
1756371680.0155642,1756371680.125762,0.11019778251647949
1756371680.1258903,1756371680.50331,0.37741971015930176
1756371680.5035865,1756371680.8473408,0.34375429153442383
1756371680.847523,1756371680.9577212,0.1101982593536377
1756371680.9578624,1756371681.336989,0.37912654876708984
1756371681.3371968,1756371681.699401,0.36220407485961914
1756371681.6996114,1756371681.8098156,0.11020421981811523
1756371681.8099515,1756371682.2258556,0.41590404510498047
1756371682.2261097,1756371682.5926077,0.3664979934692383
1756371682.5927646,1756371682.7029595,0.11019492149353027
1756371682.7030754,1756371683.0752718,0.3721964359283447
1756371683.0754929,1756371683.4786856,0.40319275856018066
1756371683.478944,1756371683.8308973,0.35195326805114746
1756371683.8310707,1756371683.9412665,0.11019587516784668
1756371683.9413905,1756371684.0516417,0.11025118827819824
1756371684.051785,1756371684.4507234,0.3989384174346924
1756371684.4509907,1756371684.8070247,0.3560340404510498
1756371684.8071892,1756371684.917379,0.11018967628479004
1756371684.9174883,1756371685.3089187,0.3914303779602051
1756371685.3091652,1756371685.66536,0.35619473457336426
1756371685.665514,1756371685.7770731,0.11155915260314941
1756371685.7771826,1756371686.175484,0.398301362991333
1756371686.1757414,1756371686.5398824,0.36414098739624023
1756371686.5400305,1756371686.6502204,0.11018991470336914
1756371686.65033,1756371687.004654,0.3543238639831543
1756371687.0048034,1756371687.1150086,0.11020517349243164
1756371687.1151314,1756371687.491441,0.3763096332550049
1756371687.4916604,1756371687.8594403,0.3677799701690674
1756371687.8595986,1756371687.969792,0.11019325256347656
1756371687.9699202,1756371688.3486814,0.37876129150390625
1756371688.3489242,1756371688.7333293,0.38440513610839844
1756371688.73348,1756371688.8436234,0.11014342308044434
1756371688.8437474,1756371689.2768402,0.4330928325653076
1756371689.2770894,1756371689.664301,0.38721156120300293
1756371689.6644542,1756371689.7746317,0.11017751693725586
1756371689.7747824,1756371689.8849957,0.1102132797241211
1756371689.8851335,1756371690.288185,0.40305137634277344
1756371690.288439,1756371690.6601264,0.3716874122619629
1756371690.660347,1756371690.7705398,0.11019277572631836
1756371690.770666,1756371691.1607764,0.39011049270629883
1756371691.1609375,1756371691.2711318,0.11019420623779297
1756371691.2712538,1756371691.676662,0.4054081439971924
1756371691.6768904,1756371692.0659003,0.389009952545166
1756371692.0660508,1756371692.1762447,0.11019396781921387
1756371692.176374,1756371692.6028726,0.4264986515045166
1756371692.6030967,1756371692.9758067,0.3727099895477295
1756371692.9760225,1756371693.0862265,0.11020398139953613
1756371693.0865605,1756371693.5035734,0.41701292991638184
1756371693.503833,1756371693.8759818,0.3721487522125244
1756371693.876195,1756371693.9864128,0.11021780967712402
1756371693.9866335,1756371694.0968392,0.11020565032958984
1756371694.0969641,1756371694.5058606,0.40889644622802734
1756371694.506094,1756371694.8731873,0.3670933246612549
1756371694.873335,1756371694.983458,0.1101231575012207
1756371694.9835727,1756371695.093783,0.11021018028259277
1756371695.093914,1756371695.5116842,0.4177701473236084
1756371695.511939,1756371695.880682,0.3687429428100586
1756371695.8808494,1756371695.9910464,0.11019706726074219
1756371695.9911687,1756371696.101377,0.11020827293395996
1756371696.1015048,1756371696.4994764,0.39797163009643555
1756371696.499702,1756371696.92231,0.4226081371307373
1756371696.9225657,1756371697.3022466,0.379680871963501
1756371697.302425,1756371697.412617,0.11019206047058105
1756371697.4127355,1756371697.8335252,0.4207897186279297
1756371697.8337917,1756371698.2214262,0.3876345157623291
1756371698.221605,1756371698.3317957,0.11019062995910645
1756371698.3319137,1756371698.7401142,0.4082005023956299
1756371698.7403426,1756371699.2189322,0.4785895347595215
1756371699.2192066,1756371699.6116867,0.39248013496398926
1756371699.611844,1756371699.7220383,0.11019420623779297
1756371699.7221704,1756371699.8323267,0.11015629768371582
1756371699.8324506,1756371700.2534401,0.4209895133972168
1756371700.253757,1756371700.6307323,0.37697529792785645
1756371700.63091,1756371700.7411022,0.11019229888916016
1756371700.7412155,1756371700.85142,0.11020445823669434
1756371700.851538,1756371701.2526686,0.40113067626953125
1756371701.2530053,1756371701.6405594,0.3875541687011719
1756371701.6407106,1756371701.7508378,0.11012721061706543
1756371701.7509646,1756371702.155213,0.4042484760284424
1756371702.1554437,1756371702.538129,0.38268542289733887
1756371702.5382998,1756371702.6484969,0.11019706726074219
1756371702.648624,1756371703.07197,0.42334604263305664
1756371703.0722167,1756371703.4776363,0.40541958808898926
1756371703.477791,1756371703.5879557,0.11016464233398438
1756371703.5880778,1756371704.0148525,0.4267747402191162
1756371704.0150878,1756371704.4513638,0.4362759590148926
1756371704.4516447,1756371704.869279,0.4176342487335205
1756371704.869438,1756371704.979632,0.11019396781921387
1756371704.979758,1756371705.3762453,0.3964872360229492
1756371705.3764007,1756371705.4866145,0.1102137565612793
1756371705.486821,1756371705.9171011,0.4302802085876465
1756371705.9173455,1756371706.3164432,0.3990976810455322
1756371706.3166094,1756371706.4268084,0.110198974609375
1756371706.426937,1756371706.8443723,0.4174351692199707
1756371706.8446128,1756371707.2920969,0.44748401641845703
1756371707.2923377,1756371707.692557,0.4002194404602051
1756371707.6927588,1756371707.8029423,0.1101834774017334
1756371707.8030617,1756371708.224944,0.42188239097595215
1756371708.225184,1756371708.6431136,0.41792964935302734
1756371708.643293,1756371708.7534847,0.11019182205200195
1756371708.7536252,1756371709.2463858,0.49276065826416016
1756371709.2466373,1756371709.671729,0.4250917434692383
1756371709.6718943,1756371709.78209,0.11019563674926758
1756371709.7822087,1756371709.8924165,0.11020779609680176
1756371709.8925395,1756371710.3626173,0.4700777530670166
1756371710.3629503,1756371710.7923803,0.4294300079345703
1756371710.7925334,1756371710.9027278,0.11019444465637207
1756371710.9028513,1756371711.3814561,0.478604793548584
1756371711.3816898,1756371711.8252752,0.4435853958129883
1756371711.825428,1756371711.935622,0.11019396781921387
1756371711.9357343,1756371712.348015,0.412280797958374
1756371712.3481653,1756371712.4583626,0.11019730567932129
1756371712.4584975,1756371712.9259195,0.4674220085144043
1756371712.9261773,1756371713.3847625,0.458585262298584
1756371713.3850818,1756371713.8154974,0.43041563034057617
1756371713.8156643,1756371713.925833,0.1101686954498291
1756371713.9259558,1756371714.376387,0.45043110847473145
1756371714.3766868,1756371714.8021817,0.425494909286499
1756371714.802334,1756371714.9125254,0.11019134521484375
1756371714.912654,1756371715.372209,0.45955514907836914
1756371715.3724287,1756371715.809222,0.43679332733154297
1756371715.8093703,1756371715.9195702,0.1101999282836914
1756371715.9197056,1756371716.3465729,0.4268672466278076
1756371716.34672,1756371716.4568417,0.1101217269897461
1756371716.4569693,1756371716.90146,0.4444906711578369
1756371716.9017253,1756371717.3241918,0.422466516494751
1756371717.3243482,1756371717.4345448,0.11019659042358398
1756371717.4346638,1756371717.895408,0.46074414253234863
1756371717.8956354,1756371718.333539,0.43790364265441895
1756371718.3336916,1756371718.4438329,0.11014127731323242
1756371718.4439538,1756371718.8974159,0.4534621238708496
1756371718.8976655,1756371719.3286426,0.43097710609436035
1756371719.3287976,1756371719.4389498,0.1101522445678711
1756371719.4390736,1756371719.9685574,0.5294837951660156
1756371719.968793,1756371720.3895786,0.42078566551208496
1756371720.389738,1756371720.4999378,0.1101996898651123
1756371720.5000632,1756371720.6102722,0.11020898818969727
1756371720.6103985,1756371721.081465,0.4710664749145508
1756371721.0817125,1756371721.5001478,0.41843533515930176
1756371721.5003028,1756371721.610498,0.11019515991210938
1756371721.610692,1756371722.0301154,0.41942334175109863
1756371722.0302656,1756371722.1404595,0.11019396781921387
1756371722.1405814,1756371722.6085978,0.4680163860321045
1756371722.6088908,1756371723.0390854,0.430194616317749
1756371723.039235,1756371723.1494274,0.11019229888916016
1756371723.1495478,1756371723.633028,0.48348021507263184
1756371723.6332896,1756371724.0938177,0.4605281352996826
1756371724.0939775,1756371724.2041678,0.11019039154052734
1756371724.2042882,1756371724.687271,0.482982873916626
1756371724.6875277,1756371725.1668258,0.47929811477661133
1756371725.1669817,1756371725.2771742,0.11019253730773926
1756371725.2772932,1756371725.7650268,0.4877336025238037
1756371725.7653286,1756371726.217237,0.4519083499908447
1756371726.2173913,1756371726.327588,0.11019682884216309
1756371726.3277087,1756371726.7927146,0.46500587463378906
1756371726.7929518,1756371727.2302237,0.4372718334197998
1756371727.2303843,1756371727.340577,0.11019253730773926
1756371727.3406963,1756371727.8220851,0.48138880729675293
1756371727.8223307,1756371728.2794578,0.45712709426879883
1756371728.2796295,1756371728.3898287,0.1101992130279541
1756371728.3899493,1756371728.872924,0.4829747676849365
1756371728.8731656,1756371729.3269398,0.45377421379089355
1756371729.3271062,1756371729.4372945,0.11018824577331543
1756371729.4374125,1756371729.9289243,0.49151182174682617
1756371729.929195,1756371730.3853061,0.45611119270324707
1756371730.385465,1756371730.4956598,0.11019492149353027
1756371730.4957938,1756371731.0284712,0.532677412033081
1756371731.0287333,1756371731.484183,0.45544981956481934
1756371731.4843292,1756371731.5945199,0.11019062995910645
1756371731.5946338,1756371732.1082115,0.5135776996612549
1756371732.1084912,1756371732.5535588,0.4450676441192627
1756371732.5537665,1756371732.6639483,0.11018180847167969
1756371732.664071,1756371733.1512847,0.4872136116027832
1756371733.1515617,1756371733.613765,0.4622032642364502
1756371733.613927,1756371733.724128,0.11020112037658691
1756371733.7242866,1756371734.205351,0.4810645580291748
1756371734.2056327,1756371734.667233,0.46160030364990234
1756371734.6673958,1756371734.7775843,0.11018848419189453
1756371734.7777002,1756371735.2678435,0.4901432991027832
1756371735.2681203,1756371735.7336159,0.46549558639526367
1756371735.733779,1756371735.8439424,0.11016345024108887
1756371735.8440506,1756371736.3404853,0.49643468856811523
1756371736.340722,1756371736.8099356,0.46921348571777344
1756371736.810111,1756371736.9203024,0.11019134521484375
1756371736.9204118,1756371737.436487,0.5160751342773438
1756371737.4367495,1756371737.922877,0.4861276149749756
1756371737.92304,1756371738.0332365,0.11019659042358398
1756371738.0333688,1756371738.5166135,0.4832446575164795
1756371738.5169058,1756371738.9877622,0.4708564281463623
1756371738.9879413,1756371739.098135,0.11019372940063477
1756371739.0982578,1756371739.5954416,0.49718379974365234
1756371739.5956993,1756371740.0621881,0.4664888381958008
1756371740.0623453,1756371740.172537,0.11019182205200195
1756371740.1726565,1756371740.6892006,0.5165441036224365
1756371740.6894486,1756371741.1710234,0.48157477378845215
1756371741.1711793,1756371741.281369,0.11018967628479004
1756371741.2814865,1756371741.7778277,0.4963412284851074
1756371741.7781312,1756371742.338662,0.5605306625366211
1756371742.3389318,1756371742.8254352,0.48650336265563965
1756371742.8256078,1756371742.9357967,0.11018896102905273
1756371742.9359045,1756371743.0461144,0.11020994186401367
1756371743.0462482,1756371743.5409775,0.49472928047180176
1756371743.5412445,1756371743.9934838,0.4522392749786377
1756371743.9936385,1756371744.1038337,0.11019515991210938
1756371744.1039627,1756371744.634208,0.530245304107666
1756371744.634453,1756371745.1171584,0.48270535469055176
1756371745.1173048,1756371745.2274966,0.11019182205200195
1756371745.2276142,1756371745.7418256,0.5142114162445068
1756371745.74206,1756371746.2293596,0.48729968070983887
1756371746.2295604,1756371746.3397536,0.11019325256347656
1756371746.3398793,1756371746.8523614,0.5124821662902832
1756371746.8526213,1756371747.3465867,0.49396538734436035
1756371747.3467655,1756371747.456957,0.11019158363342285
1756371747.4570765,1756371747.950286,0.4932093620300293
1756371747.950507,1756371748.437696,0.48718905448913574
1756371748.4378579,1756371748.5480547,0.11019682884216309
1756371748.548193,1756371749.0753503,0.5271573066711426
1756371749.0756068,1756371749.6357324,0.5601255893707275
1756371749.6359973,1756371750.124665,0.48866772651672363
1756371750.1248531,1756371750.2350419,0.11018872261047363
1756371750.2351558,1756371750.7359884,0.5008325576782227
1756371750.7362535,1756371751.2428515,0.5065979957580566
1756371751.2430093,1756371751.353201,0.11019158363342285
1756371751.3533146,1756371751.8845263,0.5312116146087646
1756371751.8848038,1756371752.3874342,0.5026304721832275
1756371752.387623,1756371752.4978228,0.1101996898651123
1756371752.497955,1756371753.0414772,0.5435221195220947
1756371753.041747,1756371753.5389345,0.49718737602233887
1756371753.5391102,1756371753.649301,0.11019086837768555
1756371753.649422,1756371754.2143703,0.564948320388794
1756371754.2146206,1756371754.7422767,0.527656078338623
1756371754.7424402,1756371754.8526292,0.11018896102905273
1756371754.8527439,1756371755.3998601,0.5471162796020508
1756371755.4001198,1756371755.8983753,0.49825549125671387
1756371755.8985558,1756371756.008745,0.11018919944763184
1756371756.0088696,1756371756.560294,0.5514242649078369
1756371756.5605237,1756371757.073389,0.5128653049468994
1756371757.0735755,1756371757.1837666,0.11019110679626465
1756371757.1838918,1756371757.7180061,0.5341143608093262
1756371757.7182527,1756371758.284938,0.5666854381561279
1756371758.285218,1756371758.7871716,0.5019536018371582
1756371758.787337,1756371758.8975422,0.11020517349243164
1756371758.897745,1756371759.4701154,0.5723705291748047
1756371759.4703555,1756371759.9815314,0.5111758708953857
1756371759.9816902,1756371760.091883,0.11019277572631836
1756371760.0920043,1756371760.63093,0.5389256477355957
1756371760.631165,1756371761.1327305,0.5015654563903809
1756371761.1329155,1756371761.2431004,0.11018490791320801
1756371761.2432106,1756371761.8029296,0.5597190856933594
1756371761.8032176,1756371762.3248072,0.5215895175933838
1756371762.3249793,1756371762.4351695,0.11019015312194824
1756371762.435285,1756371762.9911065,0.555821418762207
1756371762.9913692,1756371763.4980516,0.5066823959350586
1756371763.4982188,1756371763.6084092,0.11019039154052734
1756371763.6085355,1756371764.1618402,0.5533046722412109
1756371764.1620784,1756371764.6722133,0.5101349353790283
1756371764.6723657,1756371764.7825534,0.11018776893615723
1756371764.7826657,1756371765.362942,0.5802762508392334
1756371765.3631794,1756371765.8823173,0.5191378593444824
1756371765.8824668,1756371765.9926627,0.11019587516784668
1756371765.9928038,1756371766.6077795,0.6149756908416748
1756371766.6080112,1756371767.1097124,0.5017011165618896
1756371767.1098723,1756371767.2200782,0.11020588874816895
1756371767.220267,1756371767.3304896,0.11022257804870605
1756371767.3306077,1756371767.8661358,0.5355281829833984
1756371767.8664193,1756371768.3787723,0.5123529434204102
1756371768.3789597,1756371768.4891515,0.11019182205200195
1756371768.4892626,1756371769.009333,0.5200703144073486
1756371769.0094883,1756371769.119684,0.11019563674926758
1756371769.1198688,1756371769.655689,0.5358202457427979
1756371769.6559591,1756371770.2146416,0.5586824417114258
1756371770.214796,1756371770.3249454,0.11014938354492188
1756371770.3250637,1756371770.8758984,0.5508346557617188
1756371770.876149,1756371771.3979053,0.5217564105987549
1756371771.3980641,1756371771.5082557,0.11019158363342285
1756371771.5083756,1756371772.0733693,0.5649936199188232
1756371772.0736637,1756371772.5978844,0.5242207050323486
1756371772.598044,1756371772.708235,0.11019110679626465
1756371772.7083538,1756371773.2554057,0.5470519065856934
1756371773.2556627,1756371773.7927139,0.5370512008666992
1756371773.7928867,1756371773.903083,0.11019635200500488
1756371773.9032156,1756371774.4894683,0.5862526893615723
1756371774.489708,1756371775.0054917,0.5157837867736816
1756371775.0056427,1756371775.115835,0.11019229888916016
1756371775.1159678,1756371775.2261791,0.11021137237548828
1756371775.226304,1756371775.7688873,0.5425832271575928
1756371775.769142,1756371776.2932456,0.5241036415100098
1756371776.2934158,1756371776.4036062,0.11019039154052734
1756371776.4037282,1756371776.9586952,0.554966926574707
1756371776.9589715,1756371777.504641,0.5456695556640625
1756371777.5047963,1756371777.614985,0.11018872261047363
1756371777.615106,1756371778.1817234,0.5666172504425049
1756371778.1819637,1756371778.727456,0.54549241065979
1756371778.7276382,1756371778.8378322,0.11019396781921387
1756371778.8379521,1756371779.464919,0.6269669532775879
1756371779.46518,1756371780.0183978,0.553217887878418
1756371780.0185628,1756371780.1287565,0.11019372940063477
1756371780.1288884,1756371780.239069,0.11018061637878418
1756371780.2391903,1756371780.8040676,0.5648772716522217
1756371780.8043044,1756371781.3637087,0.5594043731689453
1756371781.3639338,1756371781.4741256,0.11019182205200195
1756371781.474237,1756371782.0547838,0.5805468559265137
1756371782.055053,1756371782.5801904,0.5251374244689941
1756371782.5803473,1756371782.6905363,0.11018896102905273
1756371782.6906643,1756371783.275704,0.5850396156311035
1756371783.2759705,1756371783.7944558,0.5184853076934814
1756371783.794613,1756371783.904804,0.11019110679626465
1756371783.9049401,1756371784.0151541,0.1102139949798584
1756371784.0152729,1756371784.5773923,0.5621194839477539
1756371784.577621,1756371785.1657772,0.5881562232971191
1756371785.1661663,1756371785.697424,0.5312576293945312
1756371785.6976013,1756371785.807791,0.11018967628479004
1756371785.807984,1756371786.4013753,0.5933911800384521
1756371786.4016197,1756371786.9688606,0.5672409534454346
1756371786.9690173,1756371787.0792098,0.11019253730773926
1756371787.0793293,1756371787.6391554,0.559826135635376
1756371787.6393905,1756371788.1892107,0.5498201847076416
1756371788.1893706,1756371788.2995598,0.11018919944763184
1756371788.2996833,1756371788.8729522,0.5732688903808594
1756371788.8732295,1756371789.4204948,0.5472652912139893
1756371789.4206645,1756371789.5308313,0.11016678810119629
1756371789.5309515,1756371790.0869553,0.5560038089752197
1756371790.0872707,1756371790.6462214,0.558950662612915
1756371790.6463754,1756371790.75657,0.11019468307495117
1756371790.7566962,1756371791.3424969,0.5858006477355957
1756371791.3427482,1756371791.9057953,0.5630471706390381
1756371791.9059758,1756371792.0161717,0.11019587516784668
1756371792.0162945,1756371792.684082,0.6677875518798828
1756371792.6843266,1756371793.2330782,0.5487515926361084
1756371793.2332828,1756371793.3434787,0.11019587516784668
1756371793.3435855,1756371793.4537914,0.11020588874816895
1756371793.4539225,1756371794.0669875,0.6130650043487549
1756371794.0672605,1756371794.6312,0.5639395713806152
1756371794.6313777,1756371794.7415721,0.11019444465637207
1756371794.741701,1756371795.3435028,0.601801872253418
1756371795.3437507,1756371795.9619164,0.6181657314300537
1756371795.9622853,1756371796.5368488,0.5745635032653809
1756371796.5370014,1756371796.6471925,0.11019110679626465
1756371796.647312,1756371797.2670295,0.6197175979614258
1756371797.2672634,1756371797.840666,0.5734026432037354
1756371797.840811,1756371797.951008,0.11019706726074219
1756371797.9511356,1756371798.5419936,0.590857982635498
1756371798.5422523,1756371799.1175883,0.5753359794616699
1756371799.117756,1756371799.2279582,0.11020231246948242
1756371799.2281725,1756371799.832693,0.6045205593109131
1756371799.8329468,1756371800.3827991,0.5498523712158203
1756371800.38296,1756371800.4931483,0.11018824577331543
1756371800.4932575,1756371801.1192958,0.6260383129119873
1756371801.1195707,1756371801.6861694,0.566598653793335
1756371801.686335,1756371801.7965264,0.11019134521484375
1756371801.7966514,1756371802.4215784,0.6249270439147949
1756371802.4219286,1756371803.0031898,0.581261157989502
1756371803.0033455,1756371803.113537,0.11019158363342285
1756371803.1136706,1756371803.741293,0.6276223659515381
1756371803.741546,1756371804.3192012,0.5776553153991699
1756371804.3194268,1756371804.429625,0.1101982593536377
1756371804.4297497,1756371805.0489817,0.6192319393157959
1756371805.0492184,1756371805.6264095,0.5771911144256592
1756371805.6265764,1756371805.7367744,0.1101980209350586
1756371805.7369342,1756371806.4231796,0.6862454414367676
1756371806.4233978,1756371807.0112512,0.5878534317016602
1756371807.0114326,1756371807.1216288,0.11019611358642578
1756371807.1217556,1756371807.7002633,0.578507661819458
1756371807.700447,1756371807.8106382,0.11019110679626465
1756371807.8107598,1756371808.4087296,0.5979697704315186
1756371808.4089568,1756371808.9846654,0.5757086277008057
1756371808.9848511,1756371809.0950463,0.11019515991210938
1756371809.0951736,1756371809.6975918,0.6024181842803955
1756371809.6978621,1756371810.2764747,0.5786125659942627
1756371810.2766283,1756371810.3868337,0.11020541191101074
1756371810.3870168,1756371811.009542,0.6225252151489258
1756371811.0097516,1756371811.6383402,0.6285886764526367
1756372123.1210597,1756372123.2548578,0.13379812240600586
1756372123.255045,1756372123.4164553,0.16141033172607422
1756372123.4165998,1756372123.5267837,0.1101839542388916
1756372123.5269294,1756372123.6371348,0.11020541191101074
1756372123.6372695,1756372123.7474732,0.11020374298095703
1756372123.7476087,1756372123.8578248,0.11021614074707031
1756372123.8579562,1756372123.9681594,0.11020326614379883
1756372123.9682903,1756372124.0784922,0.11020183563232422
1756372124.0786207,1756372124.188835,0.1102142333984375
1756372124.1889763,1756372124.29919,0.1102137565612793
1756372124.2993376,1756372124.4095554,0.11021780967712402
1756372124.40971,1756372124.5199265,0.11021661758422852
1756372124.5200694,1756372124.630288,0.11021852493286133
1756372124.6304464,1756372124.7406538,0.11020731925964355
1756372124.7407959,1756372124.8510213,0.11022543907165527
1756372124.8511624,1756372124.96138,0.11021757125854492
1756372124.9615405,1756372125.07176,0.11021947860717773
1756372125.0718992,1756372125.1821127,0.1102135181427002
1756372193.0853271,1756372193.2228885,0.13756132125854492
1756372193.2230856,1756372193.3594394,0.1363537311553955
1756372193.359636,1756372193.4940507,0.1344146728515625
1756372193.4942582,1756372193.6662533,0.1719951629638672
1756372193.6664722,1756372193.8125148,0.1460425853729248
1756372193.8126945,1756372193.955429,0.14273452758789062
1756372193.9555998,1756372194.1040392,0.1484394073486328
1756372194.1042023,1756372194.2519007,0.14769840240478516
1756372194.2521157,1756372194.4075134,0.15539765357971191
1756372194.4076781,1756372194.609452,0.20177388191223145
1756372194.609604,1756372194.7687304,0.15912652015686035
1756372194.7688863,1756372194.8790734,0.11018705368041992
1756372194.8791976,1756372194.9893973,0.1101996898651123
1756372194.9895232,1756372195.0997221,0.110198974609375
1756372195.0998383,1756372195.210036,0.11019778251647949
1756372195.2101653,1756372195.3203661,0.11020088195800781
1756372195.3204985,1756372195.4306972,0.1101987361907959
1756372195.430829,1756372195.5410316,0.11020255088806152
1756372195.5411494,1756372195.6513598,0.11021041870117188
1756372195.651516,1756372195.7617252,0.11020922660827637
1756372195.7618515,1756372195.872049,0.11019754409790039
1756372195.872178,1756372195.9823852,0.11020708084106445
1756372195.9825149,1756372196.0927184,0.11020350456237793
1756372196.0928493,1756372196.2030506,0.11020135879516602
1756372196.2031806,1756372196.3133826,0.11020207405090332
1756372196.3134959,1756372196.4237013,0.11020541191101074
1756372196.4238317,1756372196.6009026,0.17707085609436035
1756372196.6011577,1756372196.7479095,0.14675188064575195
1756372196.7480807,1756372196.8582828,0.11020207405090332
1756372196.8584583,1756372197.0313127,0.17285442352294922
1756372197.03152,1756372197.1912243,0.15970444679260254
1756372197.1913922,1756372197.3015873,0.11019515991210938
1756372197.3017273,1756372197.4737518,0.17202448844909668
1756372197.4739647,1756372197.6346207,0.16065597534179688
1756372197.634785,1756372197.7449796,0.11019468307495117
1756372197.745101,1756372197.930415,0.18531394004821777
1756372197.930608,1756372198.1260972,0.19548916816711426
1756372198.1263094,1756372198.2920208,0.1657114028930664
1756372198.2922084,1756372198.402422,0.1102135181427002
1756372198.4025424,1756372198.512759,0.11021661758422852
1756372198.5129066,1756372198.7409053,0.2279987335205078
1756372198.7411828,1756372198.952634,0.21145129203796387
1756372198.952911,1756372199.1285987,0.1756877899169922
1756372199.1287632,1756372199.238946,0.1101827621459961
1756372199.2390804,1756372199.432328,0.19324755668640137
1756372199.4325557,1756372199.6039329,0.17137718200683594
1756372199.6041079,1756372199.714303,0.11019515991210938
1756372199.7144241,1756372199.910906,0.19648194313049316
1756372199.9111078,1756372200.0811841,0.1700763702392578
1756372200.0813375,1756372200.191539,0.11020159721374512
1756372200.1916676,1756372200.3876204,0.1959528923034668
1756372200.3878407,1756372200.5920732,0.20423245429992676
1756372200.5923262,1756372200.765845,0.17351889610290527
1756372200.766003,1756372200.8762019,0.110198974609375
1756372200.8763597,1756372201.0830393,0.2066795825958252
1756372201.0832822,1756372201.359516,0.2762336730957031
1756372201.359752,1756372201.5323744,0.1726224422454834
1756372201.532561,1756372201.642757,0.11019587516784668
1756372201.6428897,1756372201.832044,0.18915414810180664
1756372201.8322704,1756372202.0029886,0.17071819305419922
1756372202.003138,1756372202.1133304,0.11019229888916016
1756372202.1134498,1756372202.3111646,0.19771480560302734
1756372202.311425,1756372202.4963307,0.1849057674407959
1756372202.4964907,1756372202.6066873,0.11019659042358398
1756372202.6068058,1756372202.7945442,0.18773841857910156
1756372202.7947385,1756372202.9839644,0.1892259120941162
1756372202.984119,1756372203.094316,0.11019706726074219
1756372203.094444,1756372203.3130476,0.21860361099243164
1756372203.3132606,1756372203.4981804,0.1849198341369629
1756372203.4983294,1756372203.6085165,0.11018705368041992
1756372203.6086304,1756372203.7976482,0.18901777267456055
1756372203.7978077,1756372203.908006,0.1101982593536377
1756372203.9081388,1756372204.1130528,0.20491409301757812
1756372204.1132689,1756372204.3138459,0.2005770206451416
1756372204.3140023,1756372204.4245677,0.1105654239654541
1756372204.4247077,1756372204.6875312,0.26282358169555664
1756372204.6877735,1756372204.8857474,0.19797396659851074
1756372204.885954,1756372204.9961536,0.1101996898651123
1756372204.9963105,1756372205.230645,0.23433446884155273
1756372205.2308614,1756372205.427179,0.1963176727294922
1756372205.4273355,1756372205.5375264,0.11019086837768555
1756372205.5376465,1756372205.7478375,0.210191011428833
1756372205.7480369,1756372206.0033529,0.25531601905822754
1756372206.0036035,1756372206.2202668,0.21666336059570312
1756372206.2204628,1756372206.3306592,0.11019635200500488
1756372206.3307843,1756372206.5569472,0.22616291046142578
1756372206.5572023,1756372206.845467,0.28826475143432617
1756372206.845691,1756372207.0419326,0.1962416172027588
1756372207.0420988,1756372207.1523073,0.11020851135253906
1756372207.1525192,1756372207.3774517,0.22493243217468262
1756372207.3776953,1756372207.5774808,0.19978547096252441
1756372207.5776298,1756372207.6878293,0.1101994514465332
1756372207.6879392,1756372207.9204204,0.2324812412261963
1756372207.9206932,1756372208.1805696,0.2598764896392822
1756372208.1808054,1756372208.3931847,0.21237921714782715
1756372208.3934367,1756372208.5036588,0.11022210121154785
1756372208.5037968,1756372208.7296464,0.22584962844848633
1756372208.7298937,1756372208.934891,0.20499730110168457
1756372208.9351325,1756372209.04534,0.11020755767822266
1756372209.0454712,1756372209.3058727,0.26040148735046387
1756372209.306087,1756372209.5064626,0.20037555694580078
1756372209.5066624,1756372209.6168396,0.11017727851867676
1756372209.6169949,1756372209.8875966,0.270601749420166
1756372209.8877916,1756372210.0902185,0.20242691040039062
1756372210.0903878,1756372210.2005808,0.11019301414489746
1756372210.2007046,1756372210.4477508,0.24704623222351074
1756372210.4479516,1756372210.6700628,0.22211122512817383
1756372210.6702647,1756372210.78046,0.11019515991210938
1756372210.7805781,1756372211.0123692,0.23179101943969727
1756372211.0125694,1756372211.2576852,0.2451157569885254
1756372211.257893,1756372211.4696126,0.21171951293945312
1756372211.4697614,1756372211.5799541,0.11019277572631836
1756372211.5800884,1756372211.815445,0.23535656929016113
1756372211.8156621,1756372212.0360994,0.22043728828430176
1756372212.0362742,1756372212.1464646,0.11019039154052734
1756372212.146597,1756372212.4562502,0.30965328216552734
1756372212.4564376,1756372212.6804526,0.2240149974822998
1756372212.6806006,1756372212.7908092,0.11020851135253906
1756372212.7910297,1756372213.0515165,0.2604868412017822
1756372213.051752,1756372213.3449557,0.29320359230041504
1756372213.3451703,1756372213.5837145,0.23854422569274902
1756372213.583923,1756372213.6942341,0.11031103134155273
1756372213.6943946,1756372213.9663668,0.2719721794128418
1756372213.9666054,1756372214.193281,0.22667551040649414
1756372214.1935425,1756372214.3037589,0.11021637916564941
1756372214.303901,1756372214.565421,0.2615201473236084
1756372214.565665,1756372214.793299,0.22763395309448242
1756372214.7935984,1756372214.9038053,0.11020684242248535
1756372214.9039702,1756372215.1462786,0.2423083782196045
1756372215.1464972,1756372215.5008261,0.35432887077331543
1756372215.5010679,1756372215.612125,0.11105704307556152
1756372215.612239,1756372215.880405,0.26816606521606445
1756372215.8806365,1756372215.9908378,0.11020135879516602
1756372215.9909813,1756372216.3560655,0.365084171295166
1756372216.3562965,1756372216.6326792,0.2763826847076416
1756372216.6329064,1756372216.7431176,0.11021113395690918
1756372216.7433782,1756372217.0154078,0.2720296382904053
1756372217.0155818,1756372217.1257863,0.11020445823669434
1756372217.1259308,1756372217.4604151,0.334484338760376
1756372217.4607303,1756372217.7403474,0.2796170711517334
1756372217.740559,1756372217.8507664,0.11020731925964355
1756372217.850907,1756372218.133911,0.2830038070678711
1756372218.1341696,1756372218.3843908,0.25022125244140625
1756372218.3845785,1756372218.4947886,0.11021018028259277
1756372218.4949417,1756372218.8014114,0.3064696788787842
1756372218.8017225,1756372219.090749,0.28902649879455566
1756372219.0909648,1756372219.201277,0.11031222343444824
1756372219.201472,1756372219.3117115,0.11023950576782227
1756372219.311847,1756372219.6555817,0.3437347412109375
1756372219.6558022,1756372219.8984082,0.24260592460632324
1756372219.8986268,1756372220.0088348,0.11020803451538086
1756372220.0090046,1756372220.3262072,0.3172025680541992
1756372220.3264105,1756372220.5681758,0.24176526069641113
1756372220.5683298,1756372220.6785245,0.11019468307495117
1756372220.678643,1756372220.9585412,0.27989816665649414
1756372220.9587758,1756372221.2180922,0.25931644439697266
1756372221.2182496,1756372221.3284543,0.11020469665527344
1756372221.3286014,1756372221.6245608,0.29595947265625
1756372221.6248076,1756372221.9846423,0.3598346710205078
1756372221.9848673,1756372222.2576435,0.27277612686157227
1756372222.2578282,1756372222.3680298,0.11020159721374512
1756372222.3681483,1756372222.6485987,0.28045034408569336
1756372222.6488032,1756372222.902391,0.2535877227783203
1756372222.9025834,1756372223.012789,0.11020565032958984
1756372223.0129383,1756372223.123155,0.11021685600280762
1756372223.1232824,1756372223.4269986,0.30371618270874023
1756372223.4272397,1756372223.671328,0.24408841133117676
1756372223.6715012,1756372223.7816985,0.11019730567932129
1756372223.7818553,1756372224.0747702,0.29291486740112305
1756372224.0749621,1756372224.3404362,0.2654740810394287
1756372224.340598,1756372224.450788,0.11018991470336914
1756372224.4509192,1756372224.7310388,0.2801196575164795
1756372224.7312531,1756372224.991735,0.2604818344116211
1756372224.9918964,1756372225.1020913,0.11019492149353027
1756372225.1022263,1756372225.3973546,0.29512834548950195
1756372225.3975787,1756372225.652731,0.25515222549438477
1756372225.6529005,1756372225.7630987,0.1101982593536377
1756372225.7632535,1756372225.8734658,0.11021232604980469
1756372225.8735886,1756372226.1534853,0.27989673614501953
1756372226.1537201,1756372226.4102218,0.2565016746520996
1756372226.4104016,1756372226.5205975,0.11019587516784668
1756372226.5207536,1756372226.6309679,0.1102142333984375
1756372226.6311157,1756372226.968146,0.33703041076660156
1756372226.9683545,1756372227.2307048,0.26235032081604004
1756372227.2308705,1756372227.3410685,0.1101980209350586
1756372227.3412101,1756372227.6414938,0.30028367042541504
1756372227.6417265,1756372227.9719841,0.3302576541900635
1756372227.9722323,1756372228.2292914,0.25705909729003906
1756372228.229459,1756372228.3396575,0.1101984977722168
1756372228.3397958,1756372228.6445916,0.3047957420349121
1756372228.6448524,1756372228.9039135,0.2590610980987549
1756372228.9040658,1756372229.0142567,0.11019086837768555
1756372229.0143785,1756372229.3224277,0.30804920196533203
1756372229.322623,1756372229.5908728,0.2682497501373291
1756372229.5910475,1756372229.7012408,0.11019325256347656
1756372229.701387,1756372229.9838328,0.28244590759277344
1756372229.9840128,1756372230.2573864,0.2733736038208008
1756372230.257591,1756372230.3677876,0.11019659042358398
1756372230.3679507,1756372230.478122,0.11017131805419922
1756372230.4783094,1756372230.8124664,0.33415699005126953
1756372230.8126976,1756372231.1343582,0.32166051864624023
1756372231.1345656,1756372231.4592192,0.32465362548828125
1756372231.4593744,1756372231.5695658,0.11019134521484375
1756372231.569688,1756372231.8599527,0.2902646064758301
1756372231.8601573,1756372232.16377,0.30361270904541016
1756372232.1639798,1756372232.2741838,0.11020398139953613
1756372232.2743607,1756372232.5831897,0.30882906913757324
1756372232.5834215,1756372232.8650331,0.28161168098449707
1756372232.8651912,1756372232.9753838,0.11019253730773926
1756372232.9755127,1756372233.2735255,0.29801273345947266
1756372233.2737408,1756372233.5893207,0.315579891204834
1756372233.5895348,1756372233.976693,0.3871581554412842
1756372233.976907,1756372234.2690182,0.2921111583709717
1756372234.2692502,1756372234.3794768,0.11022663116455078
1756372234.3796492,1756372234.7137008,0.33405160903930664
1756372234.7139277,1756372235.0126739,0.29874610900878906
1756372235.0128613,1756372235.1230628,0.11020159721374512
1756372235.1231859,1756372235.4307194,0.30753350257873535
1756372235.430954,1756372235.7391016,0.308147668838501
1756372235.7393005,1756372235.8494914,0.11019086837768555
1756372235.849613,1756372236.1616924,0.31207942962646484
1756372236.1619132,1756372236.4656353,0.3037221431732178
1756372236.4658384,1756372236.5760505,0.11021208763122559
1756372236.5761716,1756372236.9058816,0.3297100067138672
1756372236.9060814,1756372237.2085435,0.302462100982666
1756372237.2087193,1756372237.3188388,0.11011958122253418
1756372237.3189726,1756372237.623208,0.30423545837402344
1756372237.6234274,1756372237.9141076,0.2906801700592041
1756372237.914263,1756372238.024468,0.11020493507385254
1756372238.0246072,1756372238.3607826,0.33617544174194336
1756372238.3610215,1756372238.6624973,0.30147576332092285
1756372238.6627011,1756372238.7728353,0.11013412475585938
1756372238.7729394,1756372239.125204,0.3522646427154541
1756372239.1254008,1756372239.4449925,0.319591760635376
1756372239.4451602,1756372239.555355,0.11019492149353027
1756372239.5554726,1756372239.8877552,0.33228254318237305
1756372239.8879828,1756372240.2017398,0.31375694274902344
1756372240.2019382,1756372240.3121402,0.11020207405090332
1756372240.3122685,1756372240.6419551,0.32968664169311523
1756372240.6421604,1756372240.9992967,0.35713624954223633
1756372240.9995108,1756372241.2974231,0.2979123592376709
1756372241.2975836,1756372241.4077756,0.11019206047058105
1756372241.4079075,1756372241.8130436,0.4051361083984375
1756372241.8132317,1756372242.1115189,0.29828715324401855
1756372242.1116843,1756372242.2218375,0.1101531982421875
1756372242.221968,1756372242.533193,0.31122517585754395
1756372242.5334392,1756372242.6436405,0.11020135879516602
1756372242.6437662,1756372242.991625,0.34785890579223633
1756372242.991861,1756372243.338771,0.3469099998474121
1756372243.339012,1756372243.6638803,0.32486844062805176
1756372243.664071,1756372243.7742667,0.11019563674926758
1756372243.7743952,1756372244.0994022,0.32500696182250977
1756372244.0995812,1756372244.2097816,0.11020040512084961
1756372244.2099159,1756372244.57201,0.3620941638946533
1756372244.5722082,1756372244.9059632,0.3337550163269043
1756372244.906138,1756372245.0163295,0.11019158363342285
1756372245.0164618,1756372245.3440263,0.3275644779205322
1756372245.3441923,1756372245.4543977,0.11020541191101074
1756372245.4545586,1756372245.829037,0.3744783401489258
1756372245.829223,1756372246.1446428,0.31541991233825684
1756372246.1448388,1756372246.2550492,0.11021041870117188
1756372246.2552388,1756372246.6411476,0.385908842086792
1756372246.6413748,1756372246.978733,0.3373582363128662
1756372246.9789393,1756372247.0891442,0.11020493507385254
1756372247.0892684,1756372247.4494486,0.360180139541626
1756372247.4496915,1756372247.768485,0.31879353523254395
1756372247.7686954,1756372247.8788354,0.11014008522033691
1756372247.8789499,1756372248.240332,0.36138200759887695
1756372248.2405477,1756372248.5737133,0.33316564559936523
1756372248.5738716,1756372248.6840692,0.11019754409790039
1756372248.684218,1756372249.0604365,0.3762185573577881
1756372249.0606365,1756372249.4258027,0.36516618728637695
1756372249.4260426,1756372249.7726657,0.34662318229675293
1756372249.7728739,1756372249.8830671,0.11019325256347656
1756372249.8831968,1756372250.3263183,0.44312143325805664
1756372250.3265393,1756372250.698181,0.3716416358947754
1756372250.6983497,1756372250.8085487,0.110198974609375
1756372250.8086867,1756372251.234469,0.4257822036743164
1756372251.234694,1756372251.6291184,0.3944244384765625
1756372251.6293054,1756372251.9625568,0.3332514762878418
1756372251.9627216,1756372252.0728734,0.11015176773071289
1756372252.0730371,1756372252.4474688,0.3744316101074219
1756372252.4477444,1756372252.782096,0.3343515396118164
1756372252.782267,1756372252.892465,0.1101980209350586
1756372252.8926306,1756372253.259491,0.36686038970947266
1756372253.259725,1756372253.6391096,0.37938451766967773
1756372253.6393104,1756372253.9696465,0.3303360939025879
1756372253.9698327,1756372254.080029,0.11019635200500488
1756372254.080146,1756372254.430851,0.3507049083709717
1756372254.4310625,1756372254.5412693,0.11020684242248535
1756372254.54142,1756372254.916992,0.37557196617126465
1756372254.9172134,1756372255.263517,0.34630346298217773
1756372255.263674,1756372255.373836,0.11016201972961426
1756372255.3739898,1756372255.748434,0.37444424629211426
1756372255.74867,1756372256.1419163,0.3932461738586426
1756372256.142154,1756372256.5107892,0.3686351776123047
1756372256.5109472,1756372256.6211405,0.11019325256347656
1756372256.621258,1756372256.9837518,0.36249375343322754
1756372256.9840057,1756372257.3293424,0.3453366756439209
1756372257.329504,1756372257.4397008,0.11019682884216309
1756372257.4398236,1756372257.8007286,0.3609049320220947
1756372257.8009858,1756372258.1372597,0.3362739086151123
1756372258.1374984,1756372258.2476969,0.1101984977722168
1756372258.247824,1756372258.6291945,0.38137054443359375
1756372258.6293855,1756372259.0933056,0.46392011642456055
1756372259.0935273,1756372259.4385953,0.34506797790527344
1756372259.4387686,1756372259.5489435,0.11017489433288574
1756372259.549064,1756372259.9355118,0.3864479064941406
1756372259.935747,1756372260.289366,0.3536190986633301
1756372260.2895236,1756372260.399717,0.11019349098205566
1756372260.3998556,1756372260.8090596,0.40920400619506836
1756372260.8092587,1756372261.1774766,0.36821794509887695
1756372261.1776392,1756372261.2878346,0.11019539833068848
1756372261.2879543,1756372261.682907,0.39495277404785156
1756372261.6831589,1756372262.0573237,0.3741648197174072
1756372262.0575268,1756372262.1677227,0.11019587516784668
1756372262.1678813,1756372262.71087,0.5429887771606445
1756372262.7111387,1756372263.2275748,0.5164361000061035
1756372263.2277968,1756372263.8559484,0.6281516551971436
1756372263.856194,1756372264.4064999,0.5503058433532715
1756372264.406684,1756372264.516839,0.11015510559082031
1756372264.516977,1756372264.9240844,0.4071073532104492
1756372264.924283,1756372265.311938,0.38765501976013184
1756372265.3121097,1756372265.4223177,0.11020803451538086
1756372265.4224563,1756372265.8300188,0.4075624942779541
1756372265.8302336,1756372266.2005365,0.3703029155731201
1756372266.200758,1756372266.3109653,0.11020731925964355
1756372266.3110836,1756372266.7176373,0.4065537452697754
1756372266.7178721,1756372267.101806,0.38393378257751465
1756372267.1020238,1756372267.2122264,0.11020255088806152
1756372267.2123625,1756372267.6517699,0.4394073486328125
1756372267.6520386,1756372268.0225415,0.37050294876098633
1756372268.022733,1756372268.1340487,0.11131572723388672
1756372268.134191,1756372268.5653727,0.4311816692352295
1756372268.565614,1756372269.0397847,0.4741706848144531
1756372269.0399969,1756372269.4137685,0.37377166748046875
1756372269.4139493,1756372269.5241432,0.11019396781921387
1756372269.5242698,1756372269.9571621,0.4328923225402832
1756372269.9573512,1756372270.3172193,0.35986804962158203
1756372270.3173788,1756372270.4275706,0.11019182205200195
1756372270.427692,1756372270.8158584,0.3881664276123047
1756372270.8161104,1756372271.2047243,0.3886139392852783
1756372271.204891,1756372271.3150818,0.11019086837768555
1756372271.315199,1756372271.7106447,0.3954458236694336
1756372271.7108762,1756372272.0830753,0.37219905853271484
1756372272.0832253,1756372272.1934245,0.1101992130279541
1756372272.193563,1756372272.5769281,0.3833651542663574
1756372272.5771453,1756372272.9463403,0.36919498443603516
1756372272.9464889,1756372273.0566826,0.11019372940063477
1756372273.0568,1756372273.4063044,0.3495044708251953
1756372273.4064798,1756372273.5166752,0.11019539833068848
1756372273.5167997,1756372273.9154892,0.39868950843811035
1756372273.9157379,1756372274.2999232,0.3841853141784668
1756372274.300075,1756372274.410265,0.11018991470336914
1756372274.4103873,1756372274.7883337,0.3779463768005371
1756372274.7885141,1756372274.8987036,0.11018943786621094
1756372274.8988323,1756372275.3603828,0.4615504741668701
1756372275.3606057,1756372275.7208097,0.36020398139953613
1756372275.720976,1756372275.8310695,0.11009335517883301
1756372275.8311918,1756372275.941397,0.11020517349243164
1756372275.9415174,1756372276.3233318,0.38181447982788086
1756372276.323538,1756372276.6915753,0.36803722381591797
1756372276.6917267,1756372276.8018334,0.1101067066192627
1756372276.8019528,1756372277.217769,0.415816068649292
1756372277.2180004,1756372277.6126084,0.3946080207824707
1756372277.6127777,1756372277.7229478,0.11017012596130371
1756372277.723066,1756372278.124131,0.4010648727416992
1756372278.1243334,1756372278.5993955,0.47506213188171387
1756372278.599605,1756372278.9852474,0.38564229011535645
1756372278.98543,1756372279.0956523,0.11022233963012695
1756372279.0958683,1756372279.517819,0.4219505786895752
1756372279.5180566,1756372279.913921,0.39586448669433594
1756372279.9141035,1756372280.0243034,0.1101999282836914
1756372280.0244234,1756372280.4442675,0.4198441505432129
1756372280.4444463,1756372280.8494499,0.40500354766845703
1756372280.8496017,1756372280.9597983,0.11019659042358398
1756372280.959956,1756372281.4025135,0.44255757331848145
1756372281.402742,1756372281.772249,0.3695070743560791
1756372281.7724006,1756372281.882591,0.11019039154052734
1756372281.8827126,1756372282.3183873,0.43567466735839844
1756372282.3186374,1756372282.7126415,0.39400410652160645
1756372282.712786,1756372282.8229818,0.11019587516784668
1756372282.8231015,1756372283.2342682,0.4111666679382324
1756372283.2344701,1756372283.6310823,0.39661216735839844
1756372283.6312332,1756372283.7422795,0.11104631423950195
1756372283.7424028,1756372284.1745517,0.43214893341064453
1756372284.1747925,1756372284.5738637,0.39907121658325195
1756372284.574017,1756372284.6842427,0.11022567749023438
1756372284.6844027,1756372285.1100965,0.4256937503814697
1756372285.1103106,1756372285.5144446,0.40413403511047363
1756372285.5146153,1756372285.6248264,0.11021113395690918
1756372285.6250525,1756372286.077184,0.4521315097808838
1756372286.0774121,1756372286.495859,0.41844677925109863
1756372286.4960437,1756372286.60624,0.11019635200500488
1756372286.606376,1756372287.0363019,0.42992591857910156
1756372287.0365098,1756372287.437216,0.40070629119873047
1756372287.437373,1756372287.5475628,0.11018991470336914
1756372287.5476787,1756372287.9729676,0.4252889156341553
1756372287.9732196,1756372288.5191052,0.5458855628967285
1756372288.5193298,1756372288.9339628,0.41463303565979004
1756372288.9341362,1756372289.044329,0.11019277572631836
1756372289.0444624,1756372289.4983137,0.45385122299194336
1756372289.4985287,1756372289.8971527,0.3986239433288574
1756372289.8973582,1756372290.0075297,0.11017155647277832
1756372290.0076857,1756372290.409187,0.4015014171600342
1756372290.4094083,1756372290.797465,0.38805675506591797
1756372290.797628,1756372290.9078236,0.11019563674926758
1756372290.9079454,1756372291.3992183,0.4912729263305664
1756372291.3994286,1756372291.8073022,0.40787363052368164
1756372291.807453,1756372291.9176419,0.11018896102905273
1756372350.6247485,1756372350.7672784,0.14252996444702148
1756372350.7674582,1756372350.9091911,0.14173293113708496
1756372350.9093769,1756372351.080686,0.171309232711792
1756372351.0809374,1756372351.21937,0.13843250274658203
1756372351.2195609,1756372351.3647852,0.14522433280944824
1756372351.364972,1756372351.5099063,0.14493417739868164
1756372351.5101218,1756372351.6498811,0.13975930213928223
1756372351.650084,1756372351.7602696,0.11018562316894531
1756372351.760362,1756372351.8705494,0.11018753051757812
1756372351.8706582,1756372351.9808474,0.11018919944763184
1756372351.980947,1756372352.0911431,0.11019611358642578
1756372352.091274,1756372352.2014766,0.11020255088806152
1756372352.2016015,1756372352.3118088,0.11020731925964355
1756372352.3119454,1756372352.4221475,0.11020207405090332
1756372352.422257,1756372352.5324528,0.11019587516784668
1756372352.5325642,1756372352.6427708,0.11020660400390625
1756372352.6429095,1756372352.7531197,0.11021018028259277
1756372352.7532651,1756372352.8634698,0.11020469665527344
1756372352.8635945,1756372352.9737954,0.11020088195800781
1756372352.973926,1756372353.084126,0.1101999282836914
1756372353.084246,1756372353.1944492,0.11020326614379883
1756372353.1945934,1756372353.304798,0.11020445823669434
1756372353.304939,1756372353.4151525,0.1102135181427002
1756372353.415281,1756372353.5254936,0.11021256446838379
1756372353.5256238,1756372353.6358318,0.11020803451538086
1756372353.635962,1756372353.7461736,0.11021161079406738
1756372353.746302,1756372353.8565106,0.11020874977111816
1756372353.8566315,1756372353.9668336,0.11020207405090332
1756372353.9669547,1756372354.077159,0.11020421981811523
1756372354.0772834,1756372354.1874986,0.1102151870727539
1756372354.1876185,1756372354.297831,0.11021256446838379
1756372354.297957,1756372354.40817,0.11021304130554199
1756372354.4082954,1756372354.5794125,0.17111706733703613
1756372354.5796113,1756372354.7345357,0.1549243927001953
1756372354.7346842,1756372354.8448765,0.11019229888916016
1756372354.8449895,1756372355.0763783,0.23138880729675293
1756372355.076613,1756372355.2561848,0.17957186698913574
1756372355.2564116,1756372355.3666115,0.1101999282836914
1756372355.3667426,1756372355.537234,0.17049145698547363
1756372355.5374727,1756372355.69427,0.15679717063903809
1756372355.6944249,1756372355.804613,0.11018824577331543
1756372355.8047404,1756372355.9878273,0.18308687210083008
1756372355.9880078,1756372356.1400037,0.15199589729309082
1756372356.1401541,1756372356.2503493,0.11019515991210938
1756372356.2505167,1756372356.4139585,0.16344189643859863
1756372356.4141269,1756372356.5243256,0.1101987361907959
1756372356.5244594,1756372356.7121193,0.18765997886657715
1756372356.7123218,1756372356.875264,0.16294217109680176
1756372356.8754103,1756372356.9856153,0.11020493507385254
1756372356.9857898,1756372357.1679351,0.182145357131958
1756372357.1681304,1756372357.3571975,0.18906712532043457
1756372357.3573873,1756372357.5475423,0.190155029296875
1756372357.547748,1756372357.714271,0.16652297973632812
1756372357.7144923,1756372357.8257244,0.11123204231262207
1756372357.8258748,1756372358.0286503,0.2027754783630371
1756372358.0288565,1756372358.190361,0.16150450706481934
1756372358.190529,1756372358.3007243,0.11019515991210938
1756372358.300879,1756372358.4914308,0.1905517578125
1756372358.4916344,1756372358.6557739,0.1641395092010498
1756372358.655945,1756372358.7661471,0.11020207405090332
1756372358.7663467,1756372358.968954,0.2026073932647705
1756372358.9691994,1756372359.1576452,0.1884458065032959
1756372359.1578095,1756372359.2680092,0.1101996898651123
1756372359.268136,1756372359.4749687,0.2068326473236084
1756372359.4751754,1756372359.6447387,0.16956329345703125
1756372359.6449172,1756372359.7551174,0.11020016670227051
1756372359.7552702,1756372360.0081375,0.2528672218322754
1756372360.008336,1756372360.17228,0.16394400596618652
1756372360.1724293,1756372360.282617,0.11018776893615723
1756372360.2827435,1756372360.4943452,0.21160173416137695
1756372360.4945486,1756372360.6679068,0.17335820198059082
1756372360.6680853,1756372360.778274,0.11018872261047363
1756372360.7783828,1756372360.9816506,0.20326781272888184
1756372360.9818525,1756372361.1563973,0.1745448112487793
1756372361.1565554,1756372361.2667425,0.11018705368041992
1756372361.2668586,1756372361.474025,0.20716643333435059
1756372361.4742217,1756372361.6506696,0.17644786834716797
1756372361.6508296,1756372361.7610202,0.11019062995910645
1756372361.761141,1756372361.8713498,0.11020874977111816
1756372361.8714743,1756372362.0731764,0.20170211791992188
1756372362.0734015,1756372362.2588537,0.18545222282409668
1756372362.2590098,1756372362.3692045,0.11019468307495117
1756372362.3693185,1756372362.5736737,0.20435523986816406
1756372362.5739255,1756372362.7879553,0.21402978897094727
1756372362.788164,1756372362.9839914,0.19582748413085938
1756372362.9841383,1756372363.0943286,0.11019039154052734
1756372363.094444,1756372363.2755077,0.18106365203857422
1756372363.275659,1756372363.3858373,0.11017823219299316
1756372363.3859763,1756372363.6008885,0.21491217613220215
1756372363.6010883,1756372363.8449125,0.24382424354553223
1756372363.845108,1756372364.0515165,0.20640850067138672
1756372364.0516846,1756372364.1618311,0.11014652252197266
1756372364.1619527,1756372364.3932245,0.23127174377441406
1756372364.3934417,1756372364.6146388,0.22119712829589844
1756372364.6148658,1756372364.8355367,0.2206709384918213
1756372364.8357546,1756372365.0222023,0.1864476203918457
1756372365.0223584,1756372365.1325443,0.11018586158752441
1756372365.1326551,1756372365.4256248,0.2929697036743164
1756372365.4258296,1756372365.6187124,0.19288277626037598
1756372365.6190028,1756372365.7292612,0.11025834083557129
1756372365.7294064,1756372365.9650044,0.23559808731079102
1756372365.9652026,1756372366.149898,0.18469548225402832
1756372366.150042,1756372366.2602463,0.11020421981811523
1756372366.260363,1756372366.495918,0.23555493354797363
1756372366.4961271,1756372366.6892607,0.19313359260559082
1756372366.6895235,1756372366.7997196,0.11019611358642578
1756372366.7998538,1756372367.0193055,0.2194516658782959
1756372367.019501,1756372367.2225409,0.20303988456726074
1756372367.2226906,1756372367.332833,0.11014246940612793
1756372367.3329628,1756372367.548689,0.21572613716125488
1756372367.5488417,1756372367.6590388,0.11019706726074219
1756372367.659181,1756372367.8952365,0.2360553741455078
1756372367.8954337,1756372368.0929654,0.19753170013427734
1756372368.0931191,1756372368.2033103,0.11019110679626465
1756372368.2034433,1756372368.4279785,0.22453522682189941
1756372368.428188,1756372368.6364777,0.20828962326049805
1756372368.636628,1756372368.7468255,0.11019754409790039
1756372368.746964,1756372368.9903314,0.24336743354797363
1756372368.9905329,1756372369.1894553,0.19892239570617676
1756372369.1896136,1756372369.2998087,0.11019515991210938
1756372369.2999492,1756372369.5282936,0.22834444046020508
1756372369.528491,1756372369.732671,0.20418000221252441
1756372369.732857,1756372369.843047,0.11018991470336914
1756372369.843234,1756372370.0803216,0.23708748817443848
1756372370.080515,1756372370.296343,0.21582818031311035
1756372370.2965004,1756372370.406695,0.11019444465637207
1756372370.406834,1756372370.6440687,0.23723483085632324
1756372370.6442692,1756372370.8945045,0.25023531913757324
1756372370.8947287,1756372371.1413748,0.24664616584777832
1756372371.14157,1756372371.4289222,0.2873520851135254
1756372371.4290755,1756372371.5392678,0.11019229888916016
1756372371.5393858,1756372371.7716932,0.23230743408203125
1756372371.7719052,1756372372.0511987,0.2792935371398926
1756372372.051393,1756372372.2616131,0.2102200984954834
1756372372.2618408,1756372372.3720386,0.11019778251647949
1756372372.3721702,1756372372.6142619,0.24209165573120117
1756372372.6144645,1756372372.8400455,0.22558093070983887
1756372372.8402095,1756372372.950495,0.11028552055358887
1756372372.9506302,1756372373.205419,0.254788875579834
1756372373.2056396,1756372373.4460719,0.2404322624206543
1756372373.446251,1756372373.5564463,0.11019539833068848
1756372373.5565867,1756372373.7970045,0.2404177188873291
1756372373.7971985,1756372374.0230718,0.22587323188781738
1756372374.0232296,1756372374.13342,0.11019039154052734
1756372374.1335442,1756372374.3861842,0.2526400089263916
1756372374.386406,1756372374.608208,0.2218019962310791
1756372374.6083577,1756372374.7186153,0.11025762557983398
1756372374.7187266,1756372374.9645808,0.24585413932800293
1756372374.9648087,1756372375.1962538,0.2314450740814209
1756372375.1964073,1756372375.3077264,0.11131906509399414
1756372375.3078473,1756372375.5657218,0.2578744888305664
1756372375.5659277,1756372375.7963707,0.23044300079345703
1756372375.7965634,1756372375.906757,0.11019372940063477
1756372375.9068832,1756372376.1648467,0.2579634189605713
1756372376.1650324,1756372376.3851073,0.22007489204406738
1756372376.3852825,1756372376.4954772,0.11019468307495117
1756372376.4955988,1756372376.7486103,0.25301146507263184
1756372376.748845,1756372376.9749558,0.22611069679260254
1756372376.975107,1756372377.086219,0.11111211776733398
1756372377.0863318,1756372377.3751369,0.2888050079345703
1756372377.3753328,1756372377.694584,0.31925106048583984
1756372377.6948292,1756372377.9537234,0.2588942050933838
1756372377.9540145,1756372378.0642054,0.11019086837768555
1756372378.0643184,1756372378.3033152,0.2389967441558838
1756372378.3034837,1756372378.4136798,0.11019611358642578
1756372378.413802,1756372378.6702044,0.25640249252319336
1756372378.6703978,1756372378.9112236,0.24082589149475098
1756372378.9113832,1756372379.0215886,0.11020541191101074
1756372379.0217445,1756372379.2935927,0.271848201751709
1756372379.2937987,1756372379.5436943,0.24989557266235352
1756372379.543868,1756372379.6540658,0.11019778251647949
1756372379.6542482,1756372379.919353,0.2651047706604004
1756372379.9195902,1756372380.1658454,0.24625515937805176
1756372380.1660187,1756372380.2762074,0.11018872261047363
1756372380.276335,1756372380.544147,0.26781201362609863
1756372380.5443766,1756372380.7933545,0.2489778995513916
1756372380.79351,1756372380.903703,0.11019301414489746
1756372380.9038439,1756372381.1821988,0.2783548831939697
1756372381.1823826,1756372381.4570568,0.2746741771697998
1756372381.457234,1756372381.7301135,0.27287960052490234
1756372381.7302935,1756372382.0113678,0.28107428550720215
1756372382.0115614,1756372382.2667418,0.25518035888671875
1756372382.2669156,1756372382.3771243,0.11020874977111816
1756372382.3773293,1756372382.669518,0.2921886444091797
1756372382.6697176,1756372382.920696,0.2509784698486328
1756372382.920941,1756372383.0311358,0.11019468307495117
1756372383.0312645,1756372383.3288069,0.2975423336029053
1756372383.329022,1756372383.5717251,0.24270319938659668
1756372383.5718882,1756372383.682045,0.11015677452087402
1756372383.6821826,1756372384.03066,0.3484773635864258
1756372384.0308738,1756372384.3123748,0.28150105476379395
1756372384.3125336,1756372384.4227555,0.11022186279296875
1756372384.422884,1756372384.7012057,0.2783217430114746
1756372384.7014017,1756372384.9572747,0.2558729648590088
1756372384.957492,1756372385.0676851,0.11019301414489746
1756372385.06781,1756372385.375125,0.3073148727416992
1756372385.3753219,1756372385.665984,0.2906620502471924
1756372385.6662016,1756372385.9322839,0.2660822868347168
1756372385.9324267,1756372386.042622,0.11019539833068848
1756372386.0427573,1756372386.1529722,0.1102149486541748
1756372386.153132,1756372386.4349089,0.28177690505981445
1756372386.4350948,1756372386.693865,0.258770227432251
1756372386.6940503,1756372386.8042274,0.11017704010009766
1756372386.8043523,1756372387.0821157,0.27776336669921875
1756372387.0822632,1756372387.1924565,0.11019325256347656
1756372387.1925824,1756372387.489079,0.2964966297149658
1756372387.4892793,1756372387.7474155,0.2581362724304199
1756372387.7475598,1756372387.8577538,0.11019396781921387
1756372387.8579001,1756372388.1382105,0.28031039237976074
1756372388.1384072,1756372388.439741,0.3013336658477783
1756372388.4399445,1756372388.7031577,0.2632131576538086
1756372388.7033403,1756372388.8135355,0.11019515991210938
1756372388.8136606,1756372389.1337485,0.32008790969848633
1756372389.1339476,1756372389.4054956,0.2715480327606201
1756372389.4056432,1756372389.5158346,0.11019134521484375
1756372389.515987,1756372389.8111746,0.29518771171569824
1756372389.8113759,1756372390.0867846,0.2754087448120117
1756372390.0869725,1756372390.1971622,0.11018967628479004
1756372390.19729,1756372390.5061045,0.30881452560424805
1756372390.5062966,1756372390.7787855,0.2724888324737549
1756372390.7789385,1756372390.8891299,0.11019134521484375
1756372390.8892488,1756372391.2329125,0.34366369247436523
1756372391.2331011,1756372391.5934381,0.3603370189666748
1756372391.5936573,1756372391.8607342,0.2670769691467285
1756372391.8608968,1756372391.9710896,0.11019277572631836
1756372391.97121,1756372392.27234,0.3011300563812256
1756372392.272535,1756372392.5609665,0.28843140602111816
1756372392.5611439,1756372392.671335,0.11019110679626465
1756372392.6714609,1756372392.9951212,0.32366037368774414
1756372392.9953153,1756372393.3067658,0.3114504814147949
1756372393.306963,1756372393.593195,0.28623199462890625
1756372393.5933459,1756372393.7035396,0.11019372940063477
1756372393.7036576,1756372394.0027456,0.2990880012512207
1756372394.0029662,1756372394.2958574,0.292891263961792
1756372394.296015,1756372394.406206,0.11019086837768555
1756372394.406331,1756372394.719785,0.31345391273498535
1756372394.720045,1756372395.0136433,0.2935981750488281
1756372395.0138054,1756372395.1240013,0.11019587516784668
1756372395.1241295,1756372395.4537303,0.32960081100463867
1756372395.4539354,1756372395.78007,0.32613468170166016
1756372395.7802768,1756372396.1092772,0.32900047302246094
1756372396.109422,1756372396.2196302,0.11020827293395996
1756372396.2197852,1756372396.5422766,0.3224914073944092
1756372396.54247,1756372396.8198626,0.2773926258087158
1756372396.820048,1756372396.9302428,0.11019468307495117
1756372396.9303613,1756372397.2334223,0.30306100845336914
1756372397.2336235,1756372397.514247,0.2806234359741211
1756372397.514392,1756372397.624625,0.11023306846618652
1756372397.624764,1756372397.9472036,0.32243967056274414
1756372397.9473846,1756372398.2406206,0.29323601722717285
1756372398.24077,1756372398.3509479,0.11017775535583496
1756372398.351071,1756372398.7229574,0.3718864917755127
1756372398.7231467,1756372399.0355868,0.3124401569366455
1756372399.0357373,1756372399.1458304,0.1100931167602539
1756372399.1459382,1756372399.475313,0.3293747901916504
1756372399.4755087,1756372399.790322,0.31481337547302246
1756372399.7904775,1756372399.9007237,0.11024618148803711
1756372399.9008563,1756372400.2154837,0.31462740898132324
1756372400.2156928,1756372400.5428903,0.3271975517272949
1756372400.5430362,1756372400.653244,0.11020779609680176
1756372400.653433,1756372401.00922,0.3557868003845215
1756372401.0094125,1756372401.2962234,0.28681087493896484
1756372401.2963858,1756372401.406581,0.11019515991210938
1756372401.4067252,1756372401.7376602,0.330935001373291
1756372401.7378676,1756372402.0388956,0.3010280132293701
1756372402.0390508,1756372402.1492417,0.11019086837768555
1756372402.149361,1756372402.4936826,0.34432172775268555
1756372402.4938924,1756372402.8107116,0.3168191909790039
1756372402.8108919,1756372402.9210875,0.11019563674926758
1756372402.9212265,1756372403.2650394,0.3438129425048828
1756372403.265235,1756372403.6051013,0.33986639976501465
1756372403.605299,1756372403.9048104,0.2995114326477051
1756372403.904974,1756372404.0151653,0.11019134521484375
1756372404.0152926,1756372404.368934,0.3536412715911865
1756372404.3691564,1756372404.6673138,0.2981574535369873
1756372404.6674595,1756372404.777652,0.11019253730773926
1756372404.7777739,1756372405.163093,0.38531923294067383
1756372405.163316,1756372405.485029,0.3217129707336426
1756372405.4852061,1756372405.5954041,0.1101980209350586
1756372405.59557,1756372405.9383783,0.34280824661254883
1756372405.9385693,1756372406.2547338,0.316164493560791
1756372406.254911,1756372406.3651009,0.11018991470336914
1756372406.3652186,1756372406.7644994,0.3992807865142822
1756372406.7646887,1756372407.0661454,0.3014566898345947
1756372407.0662928,1756372407.176485,0.11019229888916016
1756372407.1766174,1756372407.2868352,0.11021780967712402
1756372407.2869656,1756372407.3971686,0.11020302772521973
1756372407.397298,1756372407.5074897,0.11019158363342285
1756372407.5075855,1756372407.6177723,0.11018681526184082
1756372407.617867,1756372407.7280545,0.11018753051757812
1756372407.7281616,1756372407.8383539,0.11019229888916016
1756372407.8384535,1756372407.9486449,0.11019134521484375
1756372407.948741,1756372408.058943,0.11020207405090332
1756372408.0590327,1756372408.1692204,0.11018776893615723
1756372408.1693125,1756372408.2795053,0.11019277572631836
1756372408.279638,1756372408.3898468,0.11020874977111816
1756372408.3899748,1756372408.5001757,0.11020088195800781
1756372408.5002706,1756372408.610459,0.11018848419189453
1756372408.6105509,1756372408.7207532,0.11020231246948242
1756372408.720912,1756372408.8311138,0.11020183563232422
1756372408.8312304,1756372408.941428,0.11019754409790039
1756372408.941538,1756372409.0517387,0.11020064353942871
1756372409.0518534,1756372409.1620529,0.1101994514465332
1756372409.1621625,1756372409.272367,0.11020445823669434
1756372409.272515,1756372409.3827279,0.11021280288696289
1756372409.3828995,1756372409.4931192,0.11021971702575684
1756372409.4932802,1756372409.6034913,0.11021113395690918
1756372409.603612,1756372409.9724705,0.36885857582092285
1756372409.9726534,1756372410.082832,0.11017870903015137
1756372410.0829418,1756372410.1931329,0.11019110679626465
1756372410.1932282,1756372410.303419,0.11019086837768555
1756372410.303529,1756372410.4137285,0.1101994514465332
1756372410.413855,1756372410.5240517,0.11019659042358398
1756372410.5241482,1756372410.634338,0.11018967628479004
1756372410.6344287,1756372410.744619,0.11019015312194824
1756372410.7447176,1756372410.8548393,0.1101217269897461
1756372410.8549945,1756372410.9651847,0.11019015312194824
1756372410.9652798,1756372411.07547,0.11019015312194824
1756372411.0755734,1756372411.185761,0.11018753051757812
1756372411.1858618,1756372411.2960496,0.11018776893615723
1756372411.29614,1756372411.4063334,0.11019349098205566
1756372411.4064589,1756372411.5166612,0.11020231246948242
1756372411.5167997,1756372411.6270154,0.11021566390991211
1756372411.6271424,1756372411.73734,0.11019754409790039
1756372411.7374525,1756372411.8476481,0.11019563674926758
1756372411.8477585,1756372411.9579444,0.11018586158752441
1756372411.9580543,1756372412.0682464,0.11019206047058105
1756372412.0683446,1756372412.1785328,0.11018824577331543
1756372412.1786227,1756372412.2888258,0.11020302772521973
1756372412.2889423,1756372412.3991425,0.11020016670227051
1756372412.3992884,1756372412.7609935,0.36170506477355957
1756372412.7611916,1756372412.8713803,0.11018872261047363
1756372412.871483,1756372412.9816735,0.11019039154052734
1756372412.9817584,1756372413.0919476,0.11018919944763184
1756372413.0920322,1756372413.20222,0.11018776893615723
1756372413.2023027,1756372413.3124888,0.11018610000610352
1756372413.3125708,1756372413.4227653,0.11019444465637207
1756372413.4228997,1756372413.533098,0.1101982593536377
1756372413.5331917,1756372413.6433847,0.11019301414489746
1756372413.6434896,1756372413.7536807,0.11019110679626465
1756372413.7537804,1756372413.863953,0.11017274856567383
1756372413.864101,1756372413.9743106,0.11020970344543457
1756372413.9744415,1756372414.084641,0.1101994514465332
1756372414.084783,1756372414.1949399,0.11015677452087402
1756372414.1950326,1756372414.3052227,0.11019015312194824
1756372414.305317,1756372414.4155545,0.11023759841918945
1756372414.4156823,1756372414.5258281,0.11014580726623535
1756372414.5259235,1756372414.6361134,0.11018991470336914
1756372414.636209,1756372414.7463987,0.11018967628479004
1756372414.7464893,1756372414.8566809,0.11019158363342285
1756372414.8567905,1756372414.9669423,0.11015176773071289
1756372414.9670413,1756372415.077234,0.11019277572631836
1756372415.0773423,1756372415.4289188,0.351576566696167
1756372415.429121,1756372415.539313,0.11019206047058105
1756372415.5394237,1756372415.6496153,0.11019158363342285
1756372415.6496973,1756372415.759885,0.11018776893615723
1756372415.7599642,1756372415.8701515,0.11018729209899902
1756372415.8702495,1756372415.9804397,0.11019015312194824
1756372415.9805498,1756372416.0907423,0.11019253730773926
1756372416.0908344,1756372416.201021,0.11018657684326172
1756372416.2011135,1756372416.3112998,0.11018633842468262
1756372416.311386,1756372416.4215794,0.11019325256347656
1756372416.4217017,1756372416.5318272,0.11012554168701172
1756372416.5319235,1756372416.6421134,0.11018991470336914
1756372416.6421988,1756372416.7523937,0.11019492149353027
1756372416.7525003,1756372416.8626997,0.1101994514465332
1756372416.8628027,1756372416.9730024,0.1101996898651123
1756372416.973093,1756372417.083284,0.11019086837768555
1756372417.0833774,1756372417.1935692,0.11019182205200195
1756372417.1936586,1756372417.3038292,0.11017060279846191
1756372417.3039322,1756372417.414131,0.1101987361907959
1756372417.414255,1756372417.5244544,0.1101994514465332
1756372417.5245528,1756372417.634746,0.11019325256347656
1756372417.6348433,1756372417.7450337,0.11019039154052734
1756372417.7451284,1756372417.85533,0.11020159721374512
1756372417.8554616,1756372418.199825,0.3443634510040283
1756372418.200034,1756372418.31023,0.11019611358642578
1756372418.3103673,1756372418.4205854,0.11021804809570312
1756372418.420736,1756372418.530956,0.11021995544433594
1756372418.531085,1756372418.6412833,0.1101982593536377
1756372418.6413774,1756372418.7515707,0.11019325256347656
1756372418.7516758,1756372418.8618293,0.1101534366607666
1756372418.8619254,1756372418.9721167,0.11019134521484375
1756372418.9722176,1756372419.0824091,0.11019158363342285
1756372419.0825047,1756372419.1926959,0.11019110679626465
1756372419.1927874,1756372419.3029392,0.11015176773071289
1756372419.3030257,1756372419.4132206,0.11019492149353027
1756372419.4133496,1756372419.523552,0.11020231246948242
1756372419.5236557,1756372419.6338499,0.11019420623779297
1756372419.6339452,1756372419.7441442,0.110198974609375
1756372419.7442791,1756372420.087648,0.3433687686920166
1756372420.0878713,1756372420.1980646,0.11019325256347656
1756372420.1981921,1756372420.3083925,0.11020040512084961
1756372420.308504,1756372420.41872,0.11021590232849121
1756372420.4189398,1756372420.5291588,0.11021900177001953
1756372420.529265,1756372420.6394606,0.11019563674926758
1756372420.6396124,1756372420.7498066,0.11019420623779297
1756372420.7498996,1756372420.86009,0.11019039154052734
1756372420.8601904,1756372420.9703836,0.11019325256347656
1756372420.9704857,1756372421.0806766,0.11019086837768555
1756372421.0807662,1756372421.1909423,0.11017608642578125
1756372874.1649907,1756372874.2930443,0.1280536651611328
1756372874.2931993,1756372874.4213898,0.1281905174255371
1756372874.4215543,1756372874.552197,0.13064265251159668
1756372874.552581,1756372874.6777005,0.12511944770812988
1756372874.6778684,1756372874.8049984,0.12713003158569336
1756372874.8051422,1756372874.9661546,0.1610124111175537
1756372874.9663007,1756372875.0951335,0.12883281707763672
1756372875.0952926,1756372875.2249267,0.12963414192199707
1756372875.2251048,1756372875.3670206,0.14191579818725586
1756372875.3672235,1756372875.579608,0.21238446235656738
1756372875.579751,1756372875.7212403,0.14148926734924316
1756372875.721412,1756372875.8775008,0.15608882904052734
1756372875.8776581,1756372876.0279648,0.15030670166015625
1756372876.0281398,1756372876.1740294,0.1458895206451416
1756372876.1741834,1756372876.3267405,0.1525571346282959
1756372876.326934,1756372876.5010455,0.17411136627197266
1756372876.5011878,1756372876.646778,0.14559030532836914
1756372876.6469302,1756372876.8012059,0.15427565574645996
1756372876.801351,1756372876.9115343,0.1101832389831543
1756372876.911633,1756372877.0218227,0.11018967628479004
1756372877.0219169,1756372877.1321025,0.11018562316894531
1756372877.1322079,1756372877.2424092,0.11020135879516602
1756372877.2425632,1756372877.352778,0.1102147102355957
1756372877.3529289,1756372877.46313,0.11020112037658691
1756372877.4632556,1756372877.5734491,0.11019349098205566
1756372877.5735476,1756372877.683736,0.11018848419189453
1756372877.6838498,1756372877.7940454,0.11019563674926758
1756372877.7941682,1756372877.9043646,0.11019635200500488
1756372877.904472,1756372878.0146666,0.11019444465637207
1756372878.0147762,1756372878.1249778,0.11020159721374512
1756372878.1251056,1756372878.235305,0.1101994514465332
1756372878.2354198,1756372878.4215474,0.1861276626586914
1756372878.4217565,1756372878.6091814,0.187424898147583
1756372878.6093676,1756372878.8041968,0.19482922554016113
1756372878.8044684,1756372878.9655108,0.1610424518585205
1756372878.9656534,1756372879.0758367,0.1101832389831543
1756372879.075972,1756372879.2577784,0.18180632591247559
1756372879.2579794,1756372879.4212177,0.1632382869720459
1756372879.4213796,1756372879.5315695,0.11018991470336914
1756372879.5316818,1756372879.7138681,0.18218636512756348
1756372879.7141361,1756372879.870378,0.15624189376831055
1756372879.8705277,1756372879.980718,0.11019015312194824
1756372879.9808679,1756372880.1741104,0.19324254989624023
1756372880.17435,1756372880.3448617,0.17051172256469727
1756372880.345035,1756372880.4552305,0.11019539833068848
1756372880.45535,1756372880.64223,0.18688011169433594
1756372880.6425204,1756372880.8409936,0.19847321510314941
1756372880.8412325,1756372881.0064063,0.16517376899719238
1756372881.0065513,1756372881.1167457,0.11019444465637207
1756372881.1169407,1756372881.3693295,0.25238871574401855
1756372881.369563,1756372881.5333228,0.16375970840454102
1756372881.5334797,1756372881.6436682,0.11018848419189453
1756372881.643776,1756372881.8544729,0.21069693565368652
1756372881.8547792,1756372882.0263073,0.17152810096740723
1756372882.0264711,1756372882.136663,0.11019182205200195
1756372882.1368039,1756372882.3220494,0.18524551391601562
1756372882.3223126,1756372882.500584,0.17827129364013672
1756372882.5007286,1756372882.6108325,0.11010384559631348
1756372882.6109648,1756372882.803854,0.19288921356201172
1756372882.8041089,1756372883.0106518,0.20654296875
1756372883.0108848,1756372883.1853538,0.174468994140625
1756372883.1855145,1756372883.295707,0.11019253730773926
1756372883.2958415,1756372883.4947393,0.1988978385925293
1756372883.4950118,1756372883.6719728,0.17696094512939453
1756372883.6721141,1756372883.7823055,0.11019134521484375
1756372883.7824187,1756372883.978706,0.1962871551513672
1756372883.9790077,1756372884.1910822,0.21207451820373535
1756372884.1913006,1756372884.3662412,0.1749405860900879
1756372884.3663816,1756372884.4765692,0.11018753051757812
1756372884.4766924,1756372884.70144,0.2247476577758789
1756372884.701683,1756372884.8808885,0.17920541763305664
1756372884.8810513,1756372884.9912424,0.11019110679626465
1756372884.9913797,1756372885.1943607,0.20298099517822266
1756372885.1945963,1756372885.378218,0.18362164497375488
1756372885.3784347,1756372885.4886274,0.11019277572631836
1756372885.4887571,1756372885.7236946,0.23493742942810059
1756372885.724018,1756372885.9106433,0.18662524223327637
1756372885.9107885,1756372886.0209854,0.11019682884216309
1756372886.0211134,1756372886.2369473,0.2158339023590088
1756372886.2371893,1756372886.495233,0.2580437660217285
1756372886.495393,1756372886.605588,0.11019492149353027
1756372886.6057084,1756372886.8249414,0.21923303604125977
1756372886.825206,1756372887.0396736,0.21446752548217773
1756372887.039915,1756372887.2356894,0.19577431678771973
1756372887.2358441,1756372887.346036,0.11019182205200195
1756372887.3461752,1756372887.5777643,0.23158907890319824
1756372887.5780277,1756372887.7675133,0.1894855499267578
1756372887.7676709,1756372887.877837,0.11016607284545898
1756372887.8779697,1756372888.1051292,0.2271595001220703
1756372888.1054053,1756372888.3051786,0.19977331161499023
1756372888.3053458,1756372888.415539,0.11019325256347656
1756372888.4156735,1756372888.6366923,0.22101879119873047
1756372888.6369138,1756372888.8390026,0.2020888328552246
1756372888.839151,1756372888.9493437,0.11019277572631836
1756372888.949472,1756372889.1668534,0.21738147735595703
1756372889.167072,1756372889.3965526,0.22948050498962402
1756372889.3968039,1756372889.6017296,0.2049257755279541
1756372889.6018825,1756372889.7120726,0.11019015312194824
1756372889.712207,1756372889.932493,0.22028589248657227
1756372889.932743,1756372890.138406,0.20566296577453613
1756372890.138617,1756372890.2488177,0.11020064353942871
1756372890.2489467,1756372890.4778388,0.22889208793640137
1756372890.4781063,1756372890.6753805,0.19727420806884766
1756372890.6755264,1756372890.7857285,0.11020207405090332
1756372890.785874,1756372891.0727892,0.28691530227661133
1756372891.0730617,1756372891.274221,0.20115923881530762
1756372891.274399,1756372891.3845959,0.11019682884216309
1756372891.384732,1756372891.6314845,0.24675250053405762
1756372891.6317484,1756372891.9425862,0.3108377456665039
1756372891.9428406,1756372892.1780522,0.23521161079406738
1756372892.1782966,1756372892.2885048,0.11020827293395996
1756372892.2886295,1756372892.5341375,0.24550795555114746
1756372892.5343552,1756372892.7659552,0.23160004615783691
1756372892.76611,1756372892.8765335,0.11042356491088867
1756372892.8766444,1756372893.119194,0.24254965782165527
1756372893.1194792,1756372893.3347483,0.2152690887451172
1756372893.334919,1756372893.4451108,0.11019182205200195
1756372893.4452333,1756372893.6932302,0.24799680709838867
1756372893.6934807,1756372893.9177842,0.2243034839630127
1756372893.9179518,1756372894.0281446,0.11019277572631836
1756372894.0282676,1756372894.2652814,0.2370138168334961
1756372894.2655566,1756372894.5025694,0.2370128631591797
1756372894.502773,1756372894.7233114,0.22053837776184082
1756372894.7234743,1756372894.833675,0.11020064353942871
1756372894.8337948,1756372895.088565,0.25477027893066406
1756372895.0888412,1756372895.308245,0.21940374374389648
1756372895.3084378,1756372895.41865,0.11021208763122559
1756372895.418837,1756372895.529048,0.11021089553833008
1756372895.5291712,1756372895.773061,0.24388980865478516
1756372895.773296,1756372895.9985652,0.22526907920837402
1756372895.9987128,1756372896.1088357,0.1101229190826416
1756372896.1089566,1756372896.3480039,0.23904728889465332
1756372896.3482468,1756372896.568411,0.22016429901123047
1756372896.5685613,1756372896.6787536,0.11019229888916016
1756372896.6788769,1756372896.939508,0.26063108444213867
1756372896.9397345,1756372897.150582,0.2108476161956787
1756372897.1507885,1756372897.2609468,0.11015820503234863
1756372897.2610579,1756372897.5136824,0.25262451171875
1756372897.5139515,1756372897.7389748,0.2250232696533203
1756372897.7391229,1756372897.8493123,0.11018943786621094
1756372897.849427,1756372898.196195,0.3467679023742676
1756372898.1964524,1756372898.4168053,0.2203528881072998
1756372898.416951,1756372898.527145,0.11019396781921387
1756372898.527261,1756372898.8323233,0.30506229400634766
1756372898.832593,1756372899.0590963,0.2265033721923828
1756372899.0592651,1756372899.1694555,0.11019039154052734
1756372899.1695669,1756372899.4430287,0.27346181869506836
1756372899.4433048,1756372899.678697,0.23539233207702637
1756372899.6788623,1756372899.7890584,0.11019611358642578
1756372899.7892087,1756372900.0833151,0.29410648345947266
1756372900.0835578,1756372900.3127472,0.22918939590454102
1756372900.312901,1756372900.423095,0.11019396781921387
1756372900.4232178,1756372900.6881511,0.26493334770202637
1756372900.6884046,1756372900.92637,0.23796534538269043
1756372900.9265285,1756372901.0367224,0.11019396781921387
1756372901.0368505,1756372901.2927818,0.25593137741088867
1756372901.293025,1756372901.5788069,0.2857818603515625
1756372901.5790386,1756372901.8130202,0.23398160934448242
1756372901.8131678,1756372901.9233618,0.11019396781921387
1756372901.9234774,1756372902.208717,0.28523969650268555
1756372902.208991,1756372902.4501092,0.2411181926727295
1756372902.450283,1756372902.5604756,0.11019253730773926
1756372902.5606117,1756372902.8381484,0.27753663063049316
1756372902.8383982,1756372903.0774477,0.23904943466186523
1756372903.0775921,1756372903.1877882,0.11019611358642578
1756372903.1879094,1756372903.4661374,0.2782280445098877
1756372903.466354,1756372903.7098665,0.24351263046264648
1756372903.7100222,1756372903.8202307,0.11020851135253906
1756372903.8203802,1756372904.1050198,0.2846395969390869
1756372904.1052787,1756372904.3857012,0.2804224491119385
1756372904.3859117,1756372904.4961114,0.1101996898651123
1756372904.4962375,1756372904.837083,0.34084558486938477
1756372904.83732,1756372905.0963242,0.2590041160583496
1756372905.096481,1756372905.2066724,0.11019134521484375
1756372905.206794,1756372905.491359,0.2845649719238281
1756372905.4915962,1756372905.798316,0.3067197799682617
1756372905.798611,1756372906.052768,0.25415706634521484
1756372906.0529478,1756372906.1631408,0.11019301414489746
1756372906.163281,1756372906.4378002,0.2745192050933838
1756372906.438104,1756372906.6986163,0.2605123519897461
1756372906.6987777,1756372906.80897,0.11019229888916016
1756372906.8090951,1756372907.097252,0.28815674781799316
1756372907.0974736,1756372907.3615272,0.2640535831451416
1756372907.3616958,1756372907.4718857,0.11018991470336914
1756372907.472008,1756372907.7901428,0.31813478469848633
1756372907.7903914,1756372908.0526059,0.26221442222595215
1756372908.0527673,1756372908.162948,0.11018061637878418
1756372908.1630936,1756372908.446523,0.2834293842315674
1756372908.4468253,1756372908.7151546,0.268329381942749
1756372908.7153015,1756372908.8255029,0.11020135879516602
1756372908.8256278,1756372909.1624475,0.3368196487426758
1756372909.1626997,1756372909.5024934,0.33979368209838867
1756372909.502728,1756372909.7700806,0.2673525810241699
1756372909.7702267,1756372909.8804176,0.11019086837768555
1756372909.8805442,1756372910.1391177,0.2585735321044922
1756372910.1392622,1756372910.2494516,0.11018943786621094
1756372910.2495713,1756372910.5461433,0.2965719699859619
1756372910.5464113,1756372910.888225,0.3418138027191162
1756372910.888471,1756372911.159056,0.2705850601196289
1756372911.1592171,1756372911.269411,0.11019396781921387
1756372911.2695444,1756372911.626578,0.35703372955322266
1756372911.626845,1756372911.8974142,0.2705693244934082
1756372911.897575,1756372912.007767,0.11019206047058105
1756372912.0078924,1756372912.3153446,0.3074522018432617
1756372912.315577,1756372912.6380825,0.32250547409057617
1756372912.6383824,1756372912.909914,0.2715315818786621
1756372912.910109,1756372913.020304,0.11019492149353027
1756372913.0204504,1756372913.348944,0.328493595123291
1756372913.3491845,1756372913.7131088,0.3639242649078369
1756372913.7133963,1756372913.9924147,0.2790184020996094
1756372913.9926095,1756372914.1027997,0.11019015312194824
1756372914.102923,1756372914.4521375,0.3492145538330078
1756372914.4524014,1756372914.7571726,0.30477118492126465
1756372914.7574522,1756372915.0585473,0.30109500885009766
1756372915.058728,1756372915.1688328,0.11010479927062988
1756372915.1689415,1756372915.5180209,0.3490793704986572
1756372915.5183256,1756372915.8291526,0.31082701683044434
1756372915.8293808,1756372916.1004188,0.2710380554199219
1756372916.100588,1756372916.210781,0.11019301414489746
1756372916.2109432,1756372916.6154995,0.4045562744140625
1756372916.6157384,1756372916.8882213,0.27248287200927734
1756372916.8883953,1756372916.998589,0.11019372940063477
1756372916.9987073,1756372917.4022121,0.4035048484802246
1756372917.4024212,1756372917.6875718,0.28515052795410156
1756372917.687744,1756372917.7979474,0.11020350456237793
1756372917.7980783,1756372918.103218,0.30513978004455566
1756372918.103369,1756372918.2135634,0.11019444465637207
1756372918.2136872,1756372918.5144625,0.30077528953552246
1756372918.5147543,1756372918.91374,0.3989856243133545
1756372918.913943,1756372919.255243,0.34130001068115234
1756372919.2554104,1756372919.3656018,0.11019134521484375
1756372919.365723,1756372919.7122648,0.3465418815612793
1756372919.7125025,1756372920.1033661,0.39086365699768066
1756372920.103604,1756372920.3821862,0.2785820960998535
1756372920.382348,1756372920.4925408,0.11019277572631836
1756372920.4926639,1756372920.6028311,0.11016726493835449
1756372920.6029503,1756372920.9145122,0.31156182289123535
1756372920.9147809,1756372921.2018495,0.28706860542297363
1756372921.2019966,1756372921.3121872,0.11019062995910645
1756372921.3123047,1756372921.4225144,0.11020970344543457
1756372921.4226317,1756372921.7426977,0.320065975189209
1756372921.7429633,1756372922.0283866,0.28542327880859375
1756372922.028579,1756372922.138769,0.11018991470336914
1756372922.1388857,1756372922.5414226,0.40253686904907227
1756372922.5416229,1756372922.9488928,0.4072699546813965
1756372922.9491518,1756372923.2787642,0.32961249351501465
1756372923.2789688,1756372923.389181,0.11021208763122559
1756372923.3893595,1756372923.7736456,0.38428616523742676
1756372923.773989,1756372924.179621,0.40563201904296875
1756372924.1798463,1756372924.4642084,0.2843620777130127
1756372924.4643564,1756372924.5745444,0.11018800735473633
1756372924.574667,1756372925.0105305,0.4358634948730469
1756372925.010791,1756372925.3172362,0.3064451217651367
1756372925.3173845,1756372925.4275854,0.11020088195800781
1756372925.4277163,1756372925.9066126,0.4788963794708252
1756372925.9068866,1756372926.1998656,0.29297900199890137
1756372926.2000155,1756372926.3102062,0.11019062995910645
1756372926.3103373,1756372926.7242506,0.4139132499694824
1756372926.7244914,1756372927.03775,0.31325864791870117
1756372927.0379028,1756372927.1480942,0.11019134521484375
1756372927.1482105,1756372927.258418,0.11020755767822266
1756372927.2585528,1756372927.5885553,0.3300025463104248
1756372927.5887852,1756372927.9450877,0.35630249977111816
1756372927.9452324,1756372928.0554361,0.11020374298095703
1756372928.0556002,1756372928.4388852,0.3832850456237793
1756372928.4391372,1756372928.8724754,0.4333381652832031
1756372928.8726883,1756372929.1949868,0.322298526763916
1756372929.195147,1756372929.3053303,0.1101832389831543
1756372929.305444,1756372929.7081463,0.40270233154296875
1756372929.708362,1756372930.0184064,0.3100442886352539
1756372930.0185595,1756372930.1287608,0.11020135879516602
1756372930.1289175,1756372930.4696045,0.3406870365142822
1756372930.4698086,1756372930.7801275,0.3103189468383789
1756372930.780288,1756372930.8904848,0.11019682884216309
1756372930.8906345,1756372931.223798,0.3331634998321533
1756372931.2239504,1756372931.3341453,0.11019492149353027
1756372931.3342984,1756372931.4445107,0.11021232604980469
1756372931.4446635,1756372931.554829,0.11016535758972168
1756372931.5549579,1756372931.6651545,0.11019659042358398
1756372931.6652703,1756372931.7754655,0.11019515991210938
1756372931.7755873,1756372931.885783,0.11019563674926758
1756372931.885895,1756372931.9960828,0.11018776893615723
1756372931.9961793,1756372932.1063747,0.11019539833068848
1756372932.1065097,1756372932.2167099,0.11020016670227051
1756372932.2168448,1756372932.3270452,0.11020040512084961
1756372932.3271568,1756372932.4373496,0.11019277572631836
1756372932.4374433,1756372932.5476315,0.11018824577331543
1756372932.547726,1756372932.6578324,0.1101064682006836
1756372932.6579556,1756372932.7681582,0.11020255088806152
1756372932.7682827,1756372932.8784823,0.1101996898651123
1756372932.8785946,1756372932.9887948,0.11020016670227051
1756372932.9889126,1756372933.0991094,0.11019682884216309
1756372933.0992253,1756372933.2094216,0.11019635200500488
1756372933.2095325,1756372933.3197312,0.1101987361907959
1756372933.319865,1756372933.4300683,0.11020326614379883
1756372933.4301863,1756372933.540382,0.11019563674926758
1756372933.5404773,1756372933.6506684,0.11019110679626465
1756372933.6507607,1756372933.7609537,0.11019301414489746
1756372933.761073,1756372933.8712718,0.1101987361907959
1756372933.871385,1756372933.9815805,0.11019539833068848
1756372933.9816875,1756372934.0918324,0.11014485359191895
1756372934.0919511,1756372934.2021437,0.11019253730773926
1756372934.2022424,1756372934.3124375,0.11019515991210938
1756372934.312545,1756372934.4227402,0.11019515991210938
1756372934.4228482,1756372934.533036,0.11018776893615723
1756372934.5331259,1756372934.6433132,0.11018729209899902
1756372934.6434083,1756372934.7536018,0.11019349098205566
1756372934.7537208,1756372934.863918,0.11019730567932129
1756372934.8640277,1756372934.974226,0.1101982593536377
1756372934.974346,1756372935.084547,0.11020112037658691
1756372935.0846717,1756372935.194834,0.11016225814819336
1756372935.1949563,1756372935.52532,0.33036375045776367
1756372935.5254788,1756372935.635652,0.11017322540283203
1756372935.635744,1756372935.745937,0.11019301414489746
1756372935.7460608,1756372935.8562667,0.11020588874816895
1756372935.8564112,1756372935.966625,0.1102137565612793
1756372935.9667604,1756372936.0769446,0.1101841926574707
1756372936.0770733,1756372936.1872764,0.11020302772521973
1756372936.1873872,1756372936.2975776,0.11019039154052734
1756372936.2976737,1756372936.4078624,0.11018872261047363
1756372936.4079514,1756372936.5181434,0.11019206047058105
1756372936.518261,1756372936.6284516,0.11019062995910645
1756372936.628542,1756372936.7387319,0.11018991470336914
1756372936.73883,1756372936.8490314,0.11020135879516602
1756372936.8491569,1756372936.9593546,0.11019778251647949
1756372936.9594595,1756372937.0696533,0.11019372940063477
1756372937.0697594,1756372937.179941,0.11018157005310059
1756372937.180036,1756372937.2902274,0.11019134521484375
1756372937.290338,1756372937.400534,0.11019587516784668
1756372937.4006393,1756372937.5108328,0.11019349098205566
1756372937.5109277,1756372937.6211245,0.11019682884216309
1756372937.6212444,1756372937.731409,0.11016464233398438
1756372937.7315075,1756372937.8417022,0.11019468307495117
1756372937.8418303,1756372937.952027,0.11019682884216309
1756372937.9521317,1756372938.0623255,0.11019372940063477
1756372938.0624225,1756372938.1726124,0.11018991470336914
1756372938.1727102,1756372938.282827,0.11011672019958496
1756372938.282917,1756372938.3931081,0.11019110679626465
1756372938.393221,1756372938.503417,0.11019611358642578
1756372938.5035229,1756372938.613715,0.11019206047058105
1756372938.6138096,1756372938.724008,0.1101984977722168
1756372938.7240965,1756372938.8342888,0.11019229888916016
1756372938.83441,1756372938.9446068,0.11019682884216309
1756372938.9447188,1756372939.0548315,0.11011266708374023
1756372939.0549262,1756372939.1651175,0.11019134521484375
1756372939.1652236,1756372939.2754252,0.11020159721374512
1756372939.2755377,1756372939.3857496,0.11021184921264648
1756372939.385891,1756372939.4960976,0.11020660400390625
1756372939.4962418,1756372939.8424041,0.3461623191833496
1756372939.8425627,1756372939.9527495,0.11018681526184082
1756372939.952855,1756372940.0630462,0.11019110679626465
1756372940.0631542,1756372940.1733449,0.11019062995910645
1756372940.1734428,1756372940.2836337,0.11019086837768555
1756372940.2837222,1756372940.3938363,0.11011409759521484
1756372940.3939826,1756372940.504193,0.11021041870117188
1756372940.5043392,1756372940.6145482,0.11020898818969727
1756372940.614676,1756372940.7248285,0.1101524829864502
1756372940.7249396,1756372940.835093,0.1101534366607666
1756372940.8352203,1756372940.94542,0.1101996898651123
1756372940.945534,1756372941.0557349,0.11020088195800781
1756372941.0558584,1756372941.1660514,0.11019301414489746
1756372941.1661668,1756372941.2763588,0.11019206047058105
1756372941.2764518,1756372941.3866596,0.11020779609680176
1756372941.3868096,1756372941.4970105,0.11020088195800781
1756372941.4971085,1756372941.6073117,0.11020326614379883
1756372941.6074486,1756372941.7176583,0.11020970344543457
1756372941.71778,1756372941.8279395,0.11015939712524414
1756372941.8280654,1756372941.9382694,0.11020398139953613
1756372941.9384005,1756372942.0486138,0.1102132797241211
1756372942.0487442,1756372942.1589549,0.11021065711975098
1756372942.1590803,1756372942.2692797,0.1101994514465332
1756372942.2693882,1756372942.3795865,0.1101982593536377
1756372942.3797166,1756372942.489923,0.11020636558532715
1756372942.4900534,1756372942.6002562,0.11020278930664062
1756372942.6003792,1756372942.7105796,0.11020040512084961
1756372942.710701,1756372942.8208377,0.11013674736022949
1756372942.8209631,1756372942.9311619,0.1101987361907959
1756372942.9312713,1756372943.0414715,0.11020016670227051
1756372943.041593,1756372943.1517937,0.11020064353942871
1756372943.151917,1756372943.262113,0.11019611358642578
1756372943.2622156,1756372943.3724084,0.11019277572631836
1756372943.3725154,1756372943.4827068,0.11019134521484375
1756372943.4827983,1756372943.5929966,0.1101982593536377
1756372943.5931191,1756372943.7033234,0.11020421981811523
1756372943.7034352,1756372943.813638,0.11020278930664062
1756372943.8137507,1756372943.9239547,0.11020398139953613
1756372943.9240842,1756372944.278959,0.354874849319458
1756372944.279105,1756372944.3892918,0.11018681526184082
1756372944.3893929,1756372944.4995863,0.11019349098205566
1756372944.499703,1756372944.609901,0.1101980209350586
1756372944.6100276,1756372944.720253,0.11022543907165527
1756372944.7204375,1756372944.8306348,0.11019730567932129
1756372944.8307679,1756372944.9409442,0.11017632484436035
1756372944.9410932,1756372945.0513034,0.11021018028259277
1756372945.0514455,1756372945.1616447,0.1101992130279541
1756372945.1617746,1756372945.2719727,0.1101980209350586
1756372945.2720935,1756372945.382292,0.1101984977722168
1756372945.3824213,1756372945.4926245,0.11020326614379883
1756372945.4927464,1756372945.6029484,0.11020207405090332
1756372945.6030731,1756372945.7132826,0.11020946502685547
1756372945.7134109,1756372945.82362,0.11020922660827637
1756372945.8237524,1756372946.1480587,0.3243062496185303
1756372946.1482034,1756372946.2583892,0.11018586158752441
1756372946.2584825,1756372946.3686728,0.11019039154052734
1756372946.3687742,1756372946.4789655,0.11019134521484375
1756372946.4790604,1756372946.5892549,0.11019444465637207
1756372946.5893867,1756372946.6995847,0.1101980209350586
1756372946.6996882,1756372946.809882,0.11019372940063477
1756372946.8100069,1756372946.9202168,0.11020994186401367
1756372946.9203467,1756372947.030553,0.11020636558532715
1756372947.030685,1756372947.14089,0.11020493507385254
1756372947.1410224,1756372947.2511814,0.11015892028808594
1756372947.2512844,1756372947.3614771,0.11019277572631836
1756372947.3615687,1756372947.471763,0.11019420623779297
1756372947.4718757,1756372947.582077,0.11020135879516602
1756372947.5821927,1756372947.6924007,0.11020803451538086
1756372947.6925244,1756372947.8027294,0.11020493507385254
1756372947.8028643,1756372948.1152236,0.3123593330383301
1756372948.115375,1756372948.2255647,0.11018967628479004
1756372948.225664,1756372948.3358269,0.11016297340393066
1756372948.335926,1756372948.4461172,0.11019110679626465
1756372948.446218,1756372948.5564084,0.11019039154052734
1756372948.5565026,1756372948.6666934,0.11019086837768555
1756372948.6667972,1756372948.7769902,0.11019301414489746
1756372948.7771146,1756372948.8873122,0.11019754409790039
1756372948.8874266,1756372948.997621,0.11019444465637207
1756372948.9977293,1756372949.107829,0.11009979248046875
1756372949.107923,1756372949.2181208,0.11019778251647949
1756372949.2182636,1756372949.3284729,0.11020922660827637
1756372949.328611,1756372949.438823,0.11021208763122559
1756372949.4389563,1756372949.5491664,0.11021018028259277
1756372949.5493047,1756372949.6595206,0.11021590232849121
1756372949.6596406,1756372949.7698467,0.11020612716674805
1756372949.7699833,1756372950.0900795,0.3200962543487549
1756372950.0903075,1756372950.2005012,0.11019372940063477
1756372950.20063,1756372950.3108308,0.11020088195800781
1756372950.310952,1756372950.421147,0.11019515991210938
1756372950.4212627,1756372950.5314517,0.11018896102905273
1756372950.5315487,1756372950.6417348,0.11018610000610352
1756372950.6418357,1756372950.7520328,0.11019706726074219
1756372950.7521596,1756372950.8623617,0.11020207405090332
1756372950.8624775,1756372950.972671,0.11019349098205566
1756372950.972778,1756372951.082945,0.11016702651977539
1756372951.0830753,1756372951.1932807,0.11020541191101074
1756372951.193402,1756372951.3036036,0.11020159721374512
1756372951.3037245,1756372951.4138346,0.11011004447937012
1756372951.4139564,1756372951.5241683,0.11021184921264648
1756372951.5243244,1756372951.634534,0.11020946502685547
1756372951.6346593,1756372951.9732025,0.338543176651001
1756372951.973348,1756372952.0835342,0.11018633842468262
1756372952.0836604,1756372952.1938314,0.11017107963562012
1756372952.1939604,1756372952.304162,0.11020159721374512
1756372952.3042936,1756372952.4144979,0.11020421981811523
1756372952.414628,1756372952.5248322,0.11020421981811523
1756372952.5249586,1756372952.6351542,0.11019563674926758
1756372952.6352758,1756372952.7454739,0.1101980209350586
1756372952.7456079,1756372952.855828,0.11022019386291504
1756372952.855958,1756372952.9661598,0.11020183563232422
1756372952.96629,1756372953.0764952,0.11020517349243164
1756372953.0766056,1756372953.1868286,0.11022305488586426
1756372953.1870065,1756372953.2972085,0.11020207405090332
1756372953.2973237,1756372953.4075255,0.11020183563232422
1756372953.4076352,1756372953.5178306,0.11019539833068848
1756372953.517939,1756372953.6281416,0.11020255088806152
1756372953.6282732,1756372953.948482,0.3202087879180908
1756372953.9486732,1756372954.0588381,0.11016488075256348
1756372954.0589747,1756372954.1691797,0.11020493507385254
1756372954.1693096,1756372954.2795095,0.1101999282836914
1756372954.2796185,1756372954.3898091,0.11019062995910645
1756372954.389905,1756372954.5000966,0.11019158363342285
1756372954.5002005,1756372954.6104045,0.11020398139953613
1756372954.6105323,1756372954.7208054,0.11027312278747559
1756372954.720966,1756372954.8311703,0.11020421981811523
1756372954.8312976,1756372954.9414992,0.11020159721374512
1756372954.941631,1756372955.0518367,0.11020565032958984
1756372955.0519614,1756372955.16216,0.1101984977722168
1756372955.162268,1756372955.2724135,0.11014556884765625
1756372955.2725253,1756372955.3827262,0.11020088195800781
1756372955.3828454,1756372955.4930477,0.11020231246948242
1756372955.4931831,1756372955.603401,0.11021780967712402
1756372955.6035533,1756372955.9115746,0.30802130699157715
1756372955.9117317,1756372956.02192,0.11018824577331543
1756372956.0220225,1756372956.132212,0.11018943786621094
1756372956.1323214,1756372956.2425141,0.11019277572631836
1756372956.2426102,1756372956.3528059,0.11019563674926758
1756372956.3529544,1756372956.4631548,0.11020040512084961
1756372956.4632604,1756372956.5734553,0.11019492149353027
1756372956.5735738,1756372956.6837668,0.11019301414489746
1756372956.683869,1756372956.7940626,0.11019372940063477
1756372956.7941885,1756372956.9043803,0.11019182205200195
1756372956.9044712,1756372957.0146568,0.11018562316894531
1756372957.0147417,1756372957.1249375,0.11019587516784668
1756372957.1250396,1756372957.2352343,0.11019468307495117
1756372957.2353644,1756372957.3455675,0.11020302772521973
1756372957.3456886,1756372957.4558358,0.11014723777770996
1756372957.455954,1756372957.5661626,0.11020851135253906
1756372957.5662863,1756372957.8914027,0.3251163959503174
1756372957.8915513,1756372958.0017421,0.11019086837768555
1756372958.0018666,1756372958.1120627,0.11019611358642578
1756372958.1121728,1756372958.2223744,0.11020159721374512
1756372958.2225099,1756372958.3327227,0.11021280288696289
1756372958.3328686,1756372958.443066,0.11019730567932129
1756372958.4431674,1756372958.5533764,0.11020898818969727
1756372958.553517,1756372958.6637197,0.11020255088806152
1756372958.6638503,1756372958.774048,0.11019778251647949
1756372958.774174,1756372958.8843675,0.11019349098205566
1756372958.884473,1756372958.9946647,0.11019158363342285
1756372958.9947765,1756372959.104941,0.11016440391540527
1756372959.1050506,1756372959.215243,0.11019253730773926
1756372959.215348,1756372959.3255477,0.1101996898651123
1756372959.3256578,1756372959.4358315,0.11017370223999023
1756372959.4359505,1756372959.5461566,0.11020612716674805
1756372959.5462863,1756372959.8845425,0.3382561206817627
1756372959.8847115,1756372959.9948277,0.11011624336242676
1756372959.994945,1756372960.1051395,0.11019444465637207
1756372960.1052692,1756372960.215467,0.11019778251647949
1756372960.2155695,1756372960.3257647,0.11019515991210938
1756372960.3258889,1756372960.436081,0.11019206047058105
1756372960.4361825,1756372960.5463767,0.11019420623779297
1756372960.5464962,1756372960.6566937,0.11019754409790039
1756372960.6568189,1756372960.767014,0.11019515991210938
1756372960.7671378,1756372960.8773336,0.11019587516784668
1756372960.87745,1756372960.9876418,0.11019182205200195
1756372960.98773,1756372961.097832,0.11010193824768066
1756372961.0979304,1756372961.2081301,0.1101996898651123
1756372961.2082503,1756372961.3184617,0.11021137237548828
1756372961.3185987,1756372961.428819,0.11022019386291504
1756372961.4289737,1756372961.8359199,0.40694618225097656
1756372961.8361018,1756372961.946306,0.11020421981811523
1756372961.9464467,1756372962.0566518,0.11020517349243164
1756372962.0567808,1756372962.1669567,0.11017584800720215
1756372962.1670876,1756372962.2773,0.11021232604980469
1756372962.2774682,1756372962.387706,0.11023783683776855
1756372962.3878543,1756372962.4980476,0.11019325256347656
1756372962.498189,1756372962.6083963,0.11020731925964355
1756372962.6085527,1756372962.7187765,0.11022377014160156
1756372962.7189956,1756372962.8292131,0.11021757125854492
1756372962.8293507,1756372962.9395642,0.1102135181427002
1756372962.9397063,1756372963.0498574,0.11015105247497559
1756372963.0500064,1756372963.1602368,0.1102304458618164
1756372963.1603653,1756372963.270582,0.11021661758422852
1756372963.2707627,1756372963.38096,0.11019730567932129
1756372963.3811297,1756372963.4913626,0.11023283004760742
1756372963.4915404,1756372964.0095046,0.5179641246795654
1756372964.0096545,1756372964.1198466,0.11019206047058105
1756372964.1200774,1756372964.2303066,0.1102292537689209
1756372964.2304323,1756372964.340632,0.1101996898651123
1756372964.3407578,1756372964.4509475,0.11018967628479004
1756372964.4511323,1756372964.561339,0.11020660400390625
1756372964.5614707,1756372964.6716747,0.11020398139953613
1756372964.6718035,1756372964.7820127,0.11020922660827637
1756372964.7821305,1756372964.8923366,0.11020612716674805
1756372964.8924673,1756372965.0026731,0.11020588874816895
1756372965.0028052,1756372965.1130128,0.11020755767822266
1756372965.113135,1756372965.223338,0.11020278930664062
1756372965.2234526,1756372965.3337107,0.11025810241699219
1756372965.333848,1756372965.4440536,0.11020565032958984
1756372965.444175,1756372965.5543807,0.11020565032958984
1756372965.5545208,1756372965.9102154,0.3556945323944092
1756372965.9104686,1756372966.0206702,0.11020159721374512
1756372966.020806,1756372966.1310172,0.11021113395690918
1756372966.1311448,1756372966.2413414,0.11019659042358398
1756372966.241443,1756372966.3516345,0.11019158363342285
1756372966.35181,1756372966.4620135,0.11020350456237793
1756372966.4621286,1756372966.572329,0.11020040512084961
1756372966.5724885,1756372966.6826901,0.11020159721374512
1756372966.6828213,1756372966.7930276,0.11020636558532715
1756372966.7931674,1756372966.9033651,0.11019778251647949
1756372966.9034762,1756372967.013665,0.11018872261047363
1756372967.0137658,1756372967.123953,0.11018729209899902
1756372967.1240995,1756372967.2343094,0.11020994186401367
1756372967.2344277,1756372967.344643,0.11021542549133301
1756372967.3447747,1756372967.4549513,0.11017656326293945
1756372967.4550822,1756372967.8103125,0.35523033142089844
1756372967.8104703,1756372967.9206617,0.11019134521484375
1756372967.9207919,1756372968.03099,0.1101980209350586
1756372968.031117,1756372968.1413171,0.11020016670227051
1756372968.1414359,1756372968.2516303,0.11019444465637207
1756372968.2518013,1756372968.36201,0.11020874977111816
1756372968.3621361,1756372968.4723346,0.1101984977722168
1756372968.4724398,1756372968.582634,0.11019420623779297
1756372968.5827534,1756372968.6929471,0.11019372940063477
1756372968.6930788,1756372968.803284,0.11020517349243164
1756372968.8034153,1756372968.913622,0.11020660400390625
1756372968.9137561,1756372969.0239127,0.11015653610229492
1756372969.0240343,1756372969.1342375,0.11020326614379883
1756372969.1343658,1756372969.2445886,0.11022281646728516
1756372969.2447174,1756372969.3549414,0.11022400856018066
1756372969.3550746,1756372969.6965783,0.3415036201477051
1756372969.6967309,1756372969.806831,0.11010003089904785
1756372969.80696,1756372969.9171617,0.11020159721374512
1756372969.9172895,1756372970.0274854,0.11019587516784668
1756372970.0275905,1756372970.1377833,0.11019277572631836
1756372970.137892,1756372970.2480898,0.11019778251647949
1756372970.2482142,1756372970.3584151,0.11020088195800781
1756372970.3585222,1756372970.4687188,0.11019659042358398
1756372970.4688454,1756372970.5790403,0.11019492149353027
1756372970.5791473,1756372970.6893432,0.11019587516784668
1756372970.6894577,1756372970.799656,0.1101982593536377
1756372970.7997863,1756372970.909945,0.11015868186950684
1756372970.9100566,1756372971.0202696,0.11021304130554199
1756372971.020422,1756372971.1306343,0.11021232604980469
1756372971.1307569,1756372971.240951,0.11019420623779297
1756372971.2410731,1756372971.5730004,0.3319272994995117
1756372971.573166,1756372971.6833816,0.11021566390991211
1756372971.683581,1756372971.7938282,0.11024713516235352
1756372971.79396,1756372971.9041703,0.11021018028259277
1756372971.9043245,1756372972.01454,0.11021542549133301
1756372972.0146837,1756372972.1248314,0.11014771461486816
1756372972.124965,1756372972.235167,0.11020207405090332
1756372972.2352984,1756372972.3455055,0.11020708084106445
1756372972.3456404,1756372972.4558299,0.11018943786621094
1756372972.455956,1756372972.5660675,0.11011147499084473
1756372972.5661833,1756372972.6763802,0.11019682884216309
1756372972.6765125,1756372972.7867374,0.11022496223449707
1756372972.78687,1756372972.8970788,0.11020874977111816
1756372972.8971999,1756372973.0074055,0.11020565032958984
1756372973.0075512,1756372973.1177633,0.11021208763122559
1756372973.1179144,1756372973.4581537,0.3402392864227295
1756372973.4583433,1756372973.568539,0.11019563674926758
1756372973.5686722,1756372973.678831,0.11015892028808594
1756372973.678961,1756372973.789169,0.11020803451538086
1756372973.7893057,1756372973.8995073,0.11020159721374512
1756372973.8996258,1756372974.0098295,0.11020374298095703
1756372974.009947,1756372974.1201587,0.11021161079406738
1756372974.1202803,1756372974.2304761,0.11019587516784668
1756372974.2305794,1756372974.3407705,0.11019110679626465
1756372974.340873,1756372974.4510634,0.11019039154052734
1756372974.45119,1756372974.561387,0.11019706726074219
1756372974.5615032,1756372974.671701,0.11019778251647949
1756372974.6718397,1756372974.7820413,0.11020159721374512
1756372974.7821841,1756372974.8923988,0.1102147102355957
1756372974.8925335,1756372975.0027378,0.11020421981811523
1756372975.0028691,1756372975.1130762,0.11020708084106445
1756372975.1131983,1756372975.4626448,0.34944653511047363
1756372975.4628036,1756372975.5730007,0.11019706726074219
1756372975.573121,1756372975.6833167,0.11019563674926758
1756372975.6834316,1756372975.7936335,0.11020183563232422
1756372975.7937667,1756372975.9039605,0.11019372940063477
1756372975.9041133,1756372976.0143256,0.11021232604980469
1756372976.0144606,1756372976.124662,0.11020135879516602
1756372976.1247754,1756372976.234948,0.11017251014709473
1756372976.235059,1756372976.3452516,0.11019253730773926
1756372976.3453603,1756372976.4555547,0.11019444465637207
1756372976.455659,1756372976.5658286,0.11016964912414551
1756372976.5659251,1756372976.6761134,0.11018824577331543
1756372976.6762085,1756372976.7864146,0.11020612716674805
1756372976.7865376,1756372976.896751,0.1102132797241211
1756372976.896888,1756372977.0070677,0.11017966270446777
1756372977.0071924,1756372977.3484564,0.341264009475708
1756372977.3486097,1756372977.4588282,0.11021852493286133
1756372977.4589925,1756372977.5692081,0.11021566390991211
1756372977.5693336,1756372977.6795337,0.11020016670227051
1756372977.679657,1756372977.7898395,0.11018252372741699
1756372977.7899687,1756372977.9001737,0.11020493507385254
1756372977.9003026,1756372978.0104983,0.11019563674926758
1756372978.0106015,1756372978.1207936,0.11019206047058105
1756372978.1209128,1756372978.2311106,0.11019778251647949
1756372978.2312527,1756372978.341453,0.11020040512084961
1756372978.3415775,1756372978.4517748,0.11019730567932129
1756372978.4518852,1756372978.5620778,0.11019253730773926
1756372978.562178,1756372978.6723785,0.11020064353942871
1756372978.6725223,1756372978.7827349,0.11021256446838379
1756372978.7828698,1756372978.8930848,0.1102149486541748
1756372978.8932004,1756372979.0034022,0.11020183563232422
1756372979.0035238,1756372979.3543572,0.3508334159851074
1756372979.3545454,1756372979.4647477,0.11020231246948242
1756372979.4648855,1756372979.575083,0.11019754409790039
1756372979.575202,1756372979.6853979,0.11019587516784668
1756372979.6855056,1756372979.795704,0.1101982593536377
1756372979.7958443,1756372979.9060395,0.11019515991210938
1756372979.9061496,1756372980.0163429,0.11019325256347656
1756372980.0164478,1756372980.1266448,0.11019706726074219
1756372980.1267776,1756372980.2369447,0.11016702651977539
1756372980.237077,1756372980.3472757,0.1101987361907959
1756372980.3473785,1756372980.457573,0.11019444465637207
1756372980.4576955,1756372980.5678349,0.11013936996459961
1756372980.5679734,1756372980.678188,0.1102147102355957
1756372980.6783147,1756372980.788525,0.11021041870117188
1756372980.788662,1756372980.898872,0.11020994186401367
1756372980.8989978,1756372981.2300885,0.33109068870544434
1756372981.2302392,1756372981.3404255,0.11018633842468262
1756372981.340524,1756372981.4507155,0.11019158363342285
1756372981.4508336,1756372981.5610294,0.11019587516784668
1756372981.5611298,1756372981.6713223,0.11019253730773926
1756372981.671422,1756372981.7816153,0.11019325256347656
1756372981.7817256,1756372981.8919642,0.11023855209350586
1756372981.8922014,1756372982.0024185,0.11021709442138672
1756372982.0025332,1756372982.1127298,0.11019659042358398
1756372982.1128573,1756372982.2230604,0.11020302772521973
1756372982.2231762,1756372982.333372,0.11019587516784668
1756372982.3334942,1756372982.4436908,0.11019659042358398
1756372982.4438007,1756372982.5540144,0.1102137565612793
1756372982.5541353,1756372982.6643403,0.11020493507385254
1756372982.6644578,1756372982.7746694,0.11021161079406738
1756372982.7747948,1756372983.1379538,0.3631589412689209
1756372983.138114,1756372983.2483084,0.11019444465637207
1756372983.2484381,1756372983.3586388,0.11020064353942871
1756372983.358765,1756372983.4689424,0.11017751693725586
1756372983.4690466,1756372983.5792408,0.11019420623779297
1756372983.5793679,1756372983.689563,0.11019515991210938
1756372983.6896586,1756372983.799864,0.11020541191101074
1756372983.7999885,1756372983.9101825,0.11019396781921387
1756372983.910281,1756372984.0204782,0.11019730567932129
1756372984.0205839,1756372984.130771,0.11018705368041992
1756372984.1308813,1756372984.2410731,0.11019182205200195
1756372984.2411976,1756372984.3513992,0.11020159721374512
1756372984.351542,1756372984.4617536,0.11021161079406738
1756372984.4619138,1756372984.5721226,0.11020874977111816
1756372984.5722435,1756372984.682453,0.11020946502685547
1756372984.682575,1756372984.7927868,0.11021184921264648
1756372984.792944,1756372985.1520329,0.3590888977050781
1756372985.1521883,1756372985.2623596,0.11017131805419922
1756372985.262461,1756372985.3726344,0.11017346382141113
1756372985.3727286,1756372985.4829178,0.11018919944763184
1756372985.4830317,1756372985.5932302,0.1101984977722168
1756372985.593341,1756372985.7035341,0.11019301414489746
1756372985.7036436,1756372985.8138397,0.11019611358642578
1756372985.813961,1756372985.9240644,0.11010336875915527
1756372985.9241786,1756372986.034367,0.11018848419189453
1756372986.0344632,1756372986.1446493,0.11018610000610352
1756372986.1447475,1756372986.2549467,0.1101992130279541
1756372986.2550757,1756372986.365279,0.11020326614379883
1756372986.365403,1756372986.4756002,0.11019730567932129
1756372986.475703,1756372986.5858335,0.11013054847717285
1756372986.585954,1756372986.6961553,0.11020135879516602
1756372986.6962721,1756372986.8064802,0.11020803451538086
1756372986.806607,1756372987.165177,0.3585700988769531
1756372987.1653285,1756372987.2755172,0.11018872261047363
1756372987.2756274,1756372987.3858206,0.11019325256347656
1756372987.3859217,1756372987.4961123,0.11019062995910645
1756372987.4962063,1756372987.6063912,0.11018490791320801
1756372987.6064808,1756372987.7166665,0.11018562316894531
1756372987.7167585,1756372987.826943,0.1101844310760498
1756372987.8270667,1756372987.9372604,0.11019372940063477
1756372987.9373488,1756372988.0475402,0.11019134521484375
1756372988.0476255,1756372988.1578183,0.11019277572631836
1756372988.1579127,1756372988.2680979,0.11018514633178711
1756372988.2681818,1756372988.3783693,0.11018753051757812
1756372988.37846,1756372988.4886484,0.11018848419189453
1756372988.488746,1756372988.5989428,0.11019682884216309
1756372988.5990574,1756372988.7092595,0.11020207405090332
1756372988.709378,1756372988.819586,0.11020803451538086
1756372988.819739,1756372989.196608,0.37686896324157715
1756372989.1967638,1756372989.3069398,0.11017608642578125
1756372989.3070405,1756372989.4172277,0.11018729209899902
1756372989.4173348,1756372989.5275269,0.11019206047058105
1756372989.5276291,1756372989.6378212,0.11019206047058105
1756372989.6379101,1756372989.748097,0.11018681526184082
1756372989.7482023,1756372989.858396,0.11019372940063477
1756372989.8585227,1756372989.9687223,0.1101996898651123
1756372989.9688244,1756372990.0790122,0.11018776893615723
1756372990.0791023,1756372990.1892886,0.11018633842468262
1756372990.1893847,1756372990.2995734,0.11018872261047363
1756372990.2996728,1756372990.4098258,0.1101529598236084
1756372990.4099212,1756372990.5201187,0.11019754409790039
1756372990.5202441,1756372990.6304512,0.11020708084106445
1756372990.6305668,1756372990.740771,0.11020421981811523
1756372990.740907,1756372990.8511128,0.11020588874816895
1756372990.851242,1756372991.227642,0.3763999938964844
1756372991.2278106,1756372991.3380167,0.11020612716674805
1756372991.3381534,1756372991.44836,0.11020660400390625
1756372991.4484916,1756372991.5586925,0.11020088195800781
1756372991.5588002,1756372991.6690073,0.11020708084106445
1756372991.669144,1756372991.7793481,0.11020421981811523
1756372991.7794774,1756372991.8896806,0.11020326614379883
1756372991.889808,1756372992.0000114,0.11020350456237793
1756372992.000114,1756372992.1103017,0.11018776893615723
1756372992.110393,1756372992.2205827,0.11018967628479004
1756372992.2206821,1756372992.330827,0.11014485359191895
1756372992.3309276,1756372992.4411185,0.11019086837768555
1756372992.4412158,1756372992.5514152,0.1101994514465332
1756372992.551522,1756372992.6617305,0.11020851135253906
1756372992.661855,1756372992.7720625,0.11020755767822266
1756372992.772195,1756372993.1919055,0.4197103977203369
1756372993.1920865,1756372993.302279,0.11019253730773926
1756372993.302402,1756372993.4126034,0.11020135879516602
1756372993.4127324,1756372993.52295,0.11021757125854492
1756372993.5230787,1756372993.63328,0.11020135879516602
1756372993.6334,1756372993.7436028,0.11020278930664062
1756372993.7437541,1756372993.8539612,0.11020708084106445
1756372993.8541095,1756372993.9643135,0.11020398139953613
1756372993.9644437,1756372994.0746374,0.11019372940063477
1756372994.074754,1756372994.18495,0.11019611358642578
1756372994.18506,1756372994.2952597,0.1101996898651123
1756372994.2953887,1756372994.4055932,0.11020445823669434
1756372994.4057178,1756372994.5158288,0.11011099815368652
1756372994.5159445,1756372994.626146,0.11020159721374512
1756372994.6262672,1756372994.7364657,0.1101984977722168
1756372994.7365854,1756372994.8467855,0.11020016670227051
1756372994.846907,1756372995.245051,0.398144006729126
1756372995.2452054,1756372995.355411,0.11020565032958984
1756372995.355593,1756372995.4658196,0.11022663116455078
1756372995.4659467,1756372995.5761435,0.11019682884216309
1756372995.5762382,1756372995.6864412,0.11020302772521973
1756372995.6866152,1756372995.7968295,0.1102142333984375
1756372995.7969568,1756372995.9071307,0.11017394065856934
1756372995.9072616,1756372996.017458,0.11019635200500488
1756372996.0175686,1756372996.127757,0.11018848419189453
1756372996.1278625,1756372996.2379906,0.11012816429138184
1756372996.238084,1756372996.3482754,0.11019134521484375
1756372996.3484054,1756372996.4586048,0.1101994514465332
1756372996.458712,1756372996.5688334,0.11012125015258789
1756372996.5689533,1756372996.679158,0.11020469665527344
1756372996.679276,1756372996.7894852,0.11020922660827637
1756372996.7896268,1756372997.192066,0.4024391174316406
1756372997.192324,1756372997.5578454,0.3655214309692383
1756372997.5580313,1756372997.6682253,0.11019396781921387
1756372997.668335,1756372998.0361695,0.36783456802368164
1756372998.0363371,1756372998.1465406,0.11020350456237793
1756373708.2810133,1756373708.5846841,0.30367088317871094
1756373708.5849612,1756373708.799526,0.21456480026245117
1756373708.7997127,1756373708.909873,0.11016035079956055
1756373708.9099934,1756373709.020183,0.11018967628479004
1756373709.020278,1756373709.1304612,0.1101832389831543
1756373709.1305463,1756373709.2407386,0.11019229888916016
1756373709.2408895,1756373709.3510914,0.11020183563232422
1756373709.351223,1756373709.4614244,0.11020135879516602
1756373709.461557,1756373709.5717628,0.11020588874816895
1756373709.5719025,1756373709.6821096,0.11020708084106445
1756373709.6822562,1756373709.7924764,0.11022019386291504
1756373709.792612,1756373709.902835,0.11022281646728516
1756373709.9029677,1756373710.0131557,0.11018800735473633
1756373710.0132866,1756373710.123494,0.11020731925964355
1756373710.1236215,1756373710.2338264,0.11020493507385254
1756373710.2339444,1756373710.3440652,0.11012077331542969
1756373710.3441908,1756373710.454404,0.1102132797241211
1756373710.4545188,1756373710.564722,0.11020326614379883
1756373710.5648663,1756373710.6750698,0.11020350456237793
1756373710.675185,1756373710.9874723,0.3122873306274414
1756373710.9876976,1756373711.2074478,0.21975016593933105
1756373711.2076404,1756373711.3178384,0.1101980209350586
1756373711.3179827,1756373711.4282002,0.11021757125854492
1756373711.428349,1756373711.6662457,0.23789668083190918
1756373711.6664298,1756373711.8819938,0.21556401252746582
1756373711.8822467,1756373711.9924412,0.11019444465637207
1756373711.9925659,1756373712.238355,0.2457890510559082
1756373712.238539,1756373712.4616764,0.22313737869262695
1756373712.461856,1756373712.5720465,0.11019062995910645
1756373712.572173,1756373712.8151739,0.24300074577331543
1756373712.8154247,1756373713.1348915,0.31946682929992676
1756373713.1351511,1756373713.3569148,0.22176361083984375
1756373713.35712,1756373713.467313,0.11019301414489746
1756373713.4674675,1756373713.690261,0.2227933406829834
1756373713.6904385,1756373713.8006299,0.11019134521484375
1756373713.8007617,1756373714.069296,0.26853418350219727
1756373714.0694776,1756373714.293622,0.22414445877075195
1756373714.2937899,1756373714.4039884,0.1101984977722168
1756373714.4041464,1756373714.6554663,0.25131988525390625
1756373714.655644,1756373714.8905618,0.23491787910461426
1756373714.8907378,1756373715.0009313,0.11019349098205566
1756373715.0010643,1756373715.3117344,0.3106701374053955
1756373715.3119497,1756373715.5458574,0.23390769958496094
1756373715.546048,1756373715.6562462,0.1101982593536377
1756373715.6563668,1756373715.8989992,0.24263238906860352
1756373715.899169,1756373716.009363,0.11019396781921387
1756373716.0095356,1756373716.2709455,0.2614099979400635
1756373716.2711525,1756373716.3813553,0.11020278930664062
1756373716.3814757,1756373716.6953588,0.31388306617736816
1756373716.6955957,1756373717.055765,0.3601691722869873
1756373717.0560682,1756373717.1662655,0.11019730567932129
1756373717.1664054,1756373717.4634573,0.29705190658569336
1756373717.463641,1756373717.8126638,0.34902286529541016
1756373717.8128788,1756373718.065187,0.2523081302642822
1756373718.0653694,1756373718.1755648,0.11019539833068848
1756373718.1756887,1756373718.4427512,0.2670624256134033
1756373718.4430122,1756373718.6803184,0.2373061180114746
1756373718.6804848,1756373718.790676,0.11019134521484375
1756373718.7908003,1756373718.9010193,0.11021900177001953
1756373718.901152,1756373719.1582363,0.25708436965942383
1756373719.158415,1756373719.4090798,0.25066471099853516
1756373719.4092574,1756373719.519469,0.11021161079406738
1756373719.5196166,1756373719.7837179,0.2641012668609619
1756373719.7839394,1756373720.120858,0.33691859245300293
1756373720.121082,1756373720.3595798,0.23849773406982422
1756373720.359798,1756373720.4699903,0.11019229888916016
1756373720.4701273,1756373720.5803316,0.11020421981811523
1756373720.5804493,1756373720.8516624,0.2712130546569824
1756373720.8518853,1756373721.1582475,0.3063621520996094
1756373721.1584272,1756373721.4102838,0.25185656547546387
1756373721.4104636,1756373721.5206702,0.11020660400390625
1756373721.5208268,1756373721.6310353,0.11020851135253906
1756373721.6311634,1756373721.9052203,0.27405691146850586
1756373721.9054215,1756373722.1589277,0.2535061836242676
1756373722.159105,1756373722.2692993,0.11019420623779297
1756373722.269423,1756373722.6206331,0.3512101173400879
1756373722.6208289,1756373722.8811607,0.2603318691253662
1756373722.8813465,1756373722.991567,0.11022043228149414
1756373722.9917393,1756373723.2867105,0.294971227645874
1756373723.2869234,1756373723.5468655,0.25994205474853516
1756373723.547044,1756373723.6572583,0.1102142333984375
1756373723.6574974,1756373723.9318812,0.2743837833404541
1756373723.9320724,1756373724.042261,0.11018848419189453
1756373724.042377,1756373724.3340027,0.2916257381439209
1756373724.3342185,1756373724.6074464,0.2732279300689697
1756373724.6076362,1756373724.7178326,0.11019635200500488
1756373724.7179475,1756373725.0612,0.34325242042541504
1756373725.061404,1756373725.3243792,0.26297521591186523
1756373725.3245606,1756373725.434751,0.11019039154052734
1756373725.4348872,1756373725.7283814,0.29349422454833984
1756373725.7285762,1756373726.0125012,0.28392505645751953
1756373726.0126724,1756373726.1228306,0.11015820503234863
1756373726.1229591,1756373726.411053,0.28809380531311035
1756373726.4112833,1756373726.6795945,0.2683112621307373
1756373726.6797671,1756373726.7899506,0.1101834774017334
1756373726.7900808,1756373726.900293,0.11021232604980469
1756373726.9004292,1756373727.2002594,0.29983019828796387
1756373727.2004585,1756373727.591477,0.3910183906555176
1756373727.591698,1756373727.8583014,0.2666034698486328
1756373727.8584828,1756373727.968674,0.11019110679626465
1756373727.9688005,1756373728.2642982,0.2954976558685303
1756373728.2644894,1756373728.5346873,0.27019786834716797
1756373728.5348659,1756373728.6450567,0.11019086837768555
1756373728.6451747,1756373728.9470341,0.30185937881469727
1756373728.9472578,1756373729.2220814,0.2748236656188965
1756373729.2222779,1756373729.3324788,0.11020088195800781
1756373729.3326786,1756373729.6232584,0.29057979583740234
1756373729.6234381,1756373729.73363,0.11019182205200195
1756373729.7337503,1756373730.0875115,0.3537611961364746
1756373730.0877738,1756373730.3635652,0.2757914066314697
1756373730.363741,1756373730.473934,0.11019301414489746
1756373730.4740524,1756373730.8131692,0.33911681175231934
1756373730.8133795,1756373731.0997522,0.28637266159057617
1756373731.0999386,1756373731.2101293,0.11019062995910645
1756373731.2102535,1756373731.522961,0.31270742416381836
1756373731.5232308,1756373731.8336098,0.3103790283203125
1756373731.833795,1756373731.9439588,0.11016368865966797
1756373731.9440997,1756373732.2418215,0.29772186279296875
1756373732.2420063,1756373732.3522115,0.11020517349243164
1756373732.352377,1756373732.671418,0.31904101371765137
1756373732.6716194,1756373733.0562234,0.38460397720336914
1756373733.0564122,1756373733.337781,0.2813687324523926
1756373733.3379607,1756373733.4481535,0.11019277572631836
1756373733.4482741,1756373733.7795274,0.3312532901763916
1756373733.7797575,1756373734.1203613,0.3406038284301758
1756373734.120567,1756373734.2307777,0.11021065711975098
1756373734.2309105,1756373734.5664399,0.3355293273925781
1756373734.5666597,1756373734.8558009,0.2891411781311035
1756373734.8560233,1756373734.9662178,0.11019444465637207
1756373734.9663332,1756373735.2660537,0.29972052574157715
1756373735.2662454,1756373735.376444,0.1101987361907959
1756373735.3765795,1756373735.7695303,0.39295077323913574
1756373735.7697718,1756373736.091149,0.3213772773742676
1756373736.0913262,1756373736.2015247,0.1101984977722168
1756373736.2016673,1756373736.525594,0.3239266872406006
1756373736.5257757,1756373736.8545485,0.32877278327941895
1756373736.854776,1756373737.155652,0.3008761405944824
1756373737.155861,1756373737.2660537,0.11019277572631836
1756373737.2661939,1756373737.592009,0.32581520080566406
1756373737.5923088,1756373737.9144788,0.3221700191497803
1756373737.9147222,1756373738.0249445,0.11022233963012695
1756373738.0251093,1756373738.3953676,0.3702583312988281
1756373738.395642,1756373738.8103113,0.4146692752838135
1756373738.8105392,1756373739.1570644,0.3465251922607422
1756373739.1572695,1756373739.267494,0.11022448539733887
1756373739.2676532,1756373739.634213,0.3665597438812256
1756373739.6344445,1756373739.9505806,0.31613612174987793
1756373739.9507565,1756373740.060983,0.11022639274597168
1756373740.061236,1756373740.4546032,0.39336729049682617
1756373740.4548461,1756373740.7979577,0.343111515045166
1756373740.7981484,1756373740.9083407,0.11019229888916016
1756373740.9084752,1756373741.25673,0.348254919052124
1756373741.2569203,1756373741.664337,0.40741658210754395
1756373741.6645348,1756373741.9621952,0.29766035079956055
1756373741.9623706,1756373742.0725586,0.11018800735473633
1756373742.072671,1756373742.4099474,0.3372764587402344
1756373742.410128,1756373742.729763,0.31963491439819336
1756373742.7299507,1756373742.8401442,0.11019349098205566
1756373742.8402605,1756373743.1922884,0.35202789306640625
1756373743.1925025,1756373743.4927006,0.3001980781555176
1756373743.4928756,1756373743.603067,0.11019134521484375
1756373743.603196,1756373743.9661114,0.3629155158996582
1756373743.966347,1756373744.2985497,0.332202672958374
1756373744.298722,1756373744.4089136,0.11019158363342285
1756373744.4090412,1756373744.5192533,0.11021208763122559
1756373744.5194361,1756373744.9726071,0.4531710147857666
1756373744.9727943,1756373745.332676,0.3598816394805908
1756373745.3329158,1756373745.4431117,0.11019587516784668
1756373745.4432273,1756373745.8155172,0.37228989601135254
1756373745.8157253,1756373745.9258413,0.11011600494384766
1756373745.926007,1756373746.3272586,0.40125155448913574
1756373746.3275428,1756373746.7371764,0.4096336364746094
1756373746.7374403,1756373747.1877332,0.45029282569885254
1756373747.1880474,1756373747.2982647,0.11021733283996582
1756373747.2984264,1756373747.6617508,0.3633244037628174
1756373747.661949,1756373747.7721503,0.11020135879516602
1756373747.7722783,1756373748.1416564,0.36937808990478516
1756373748.1418939,1756373748.5867908,0.444896936416626
1756373748.5870318,1756373748.951547,0.3645150661468506
1756373748.9518287,1756373749.0626512,0.11082243919372559
1756373749.0627956,1756373749.4363105,0.37351489067077637
1756373749.4365685,1756373749.7868319,0.3502633571624756
1756373749.7871172,1756373749.8973181,0.11020088195800781
1756373749.897481,1756373750.2486782,0.3511972427368164
1756373750.2489054,1756373750.3591197,0.1102142333984375
1756373750.359268,1756373750.7347167,0.37544870376586914
1756373750.7349377,1756373751.0858338,0.35089612007141113
1756373751.0860453,1756373751.196252,0.11020684242248535
1756373751.1964147,1756373751.5684247,0.3720099925994873
1756373751.5686827,1756373751.9608827,0.3921999931335449
1756373751.961065,1756373752.0712607,0.11019563674926758
1756373752.071384,1756373752.4548433,0.38345932960510254
1756373752.4550269,1756373752.8180902,0.36306333541870117
1756373752.8183417,1756373752.9285524,0.11021065711975098
1756373752.928746,1756373753.2936208,0.36487483978271484
1756373753.2938766,1756373753.6468394,0.3529627323150635
1756373753.6471055,1756373753.7573068,0.11020135879516602
1756373753.7574286,1756373754.1217015,0.3642728328704834
1756373754.1218874,1756373754.4825704,0.36068296432495117
1756373754.4827695,1756373754.5929656,0.11019611358642578
1756373754.5930998,1756373755.0463116,0.45321178436279297
1756373755.0464993,1756373755.456768,0.41026878356933594
1756373755.45699,1756373755.8212721,0.36428213119506836
1756373755.8215468,1756373755.9317963,0.11024951934814453
1756373755.9320097,1756373756.3645904,0.43258070945739746
1756373756.3648295,1756373756.7183013,0.3534717559814453
1756373756.7185264,1756373756.8287315,0.11020517349243164
1756373756.8288808,1756373757.2976642,0.4687833786010742
1756373757.2979069,1756373757.6487749,0.35086798667907715
1756373757.648997,1756373757.759208,0.11021089553833008
1756373757.759345,1756373757.8695638,0.11021876335144043
1756373757.8696926,1756373758.2160149,0.34632229804992676
1756373758.216197,1756373758.3264062,0.11020922660827637
1756373758.3265555,1756373758.7935178,0.4669623374938965
1756373758.793751,1756373759.1779895,0.38423848152160645
1756373759.1781747,1756373759.2883718,0.11019706726074219
1756373759.288509,1756373759.6989212,0.4104123115539551
1756373759.6991165,1756373760.0732758,0.3741593360900879
1756373760.073455,1756373760.18365,0.11019492149353027
1756373760.1837718,1756373760.5735497,0.38977789878845215
1756373760.5737603,1756373760.921975,0.34821462631225586
1756373760.9224453,1756373761.0326428,0.11019754409790039
1756373761.032771,1756373761.412144,0.37937283515930176
1756373761.412318,1756373761.5225198,0.11020183563232422
1756373761.5226824,1756373761.9876373,0.46495485305786133
1756373761.9878402,1756373762.359691,0.37185072898864746
1756373762.3598971,1756373762.4700913,0.11019420623779297
1756373762.470227,1756373762.580435,0.11020803451538086
1756373762.580573,1756373762.958186,0.377612829208374
1756373762.9584,1756373763.3183565,0.3599565029144287
1756373763.318559,1756373763.428767,0.11020803451538086
1756373763.4288964,1756373763.8186288,0.38973236083984375
1756373763.8188376,1756373764.1882148,0.36937713623046875
1756373764.188404,1756373764.298598,0.11019396781921387
1756373764.2987432,1756373764.6829164,0.3841731548309326
1756373764.6831164,1756373765.0644855,0.38136911392211914
1756373765.0646584,1756373765.174832,0.11017370223999023
1756373765.1749616,1756373765.2851737,0.11021208763122559
1756373765.2853055,1756373765.7638886,0.47858309745788574
1756373765.764136,1756373766.1592953,0.3951592445373535
1756373766.1594694,1756373766.269661,0.11019158363342285
1756373766.2697747,1756373766.6705558,0.40078115463256836
1756373766.6707633,1756373767.0422773,0.37151408195495605
1756373767.0424545,1756373767.1526515,0.11019706726074219
1756373767.152784,1756373767.5544903,0.4017062187194824
1756373767.5547147,1756373767.9278812,0.373166561126709
1756373767.9280913,1756373768.0382805,0.11018919944763184
1756373768.0383966,1756373768.4393528,0.4009561538696289
1756373768.4395764,1756373768.8233073,0.3837308883666992
1756373768.823503,1756373768.9336958,0.11019277572631836
1756373768.9338481,1756373769.0440593,0.11021113395690918
1756373769.0441725,1756373769.544344,0.500171422958374
1756373769.5445657,1756373769.9310138,0.3864481449127197
1756373769.9312027,1756373770.0414045,0.11020183563232422
1756373770.041538,1756373770.4806008,0.43906283378601074
1756373770.4809399,1756373770.8788884,0.3979485034942627
1756373770.8790662,1756373770.989269,0.11020278930664062
1756373770.989391,1756373771.4003384,0.410947322845459
1756373771.4005349,1756373771.8313124,0.43077754974365234
1756373771.831552,1756373772.2164712,0.3849191665649414
1756373772.216639,1756373772.326832,0.11019301414489746
1756373772.3269608,1756373772.4371645,0.11020374298095703
1756373772.4372895,1756373772.9352627,0.4979732036590576
1756373772.935488,1756373773.342057,0.4065690040588379
1756373773.3422506,1756373773.4524748,0.11022424697875977
1756373773.4526749,1756373773.8644297,0.411754846572876
1756373773.8647182,1756373774.2688036,0.4040853977203369
1756373774.2690332,1756373774.3792424,0.11020922660827637
1756373774.37937,1756373774.8131225,0.43375253677368164
1756373774.8133066,1756373775.2137582,0.40045166015625
1756373775.2139702,1756373775.3241692,0.110198974609375
1756373775.3242965,1756373775.7249498,0.4006533622741699
1756373775.7251601,1756373776.1247785,0.39961838722229004
1756373776.124965,1756373776.2351577,0.11019277572631836
1756373776.2352877,1756373776.3454914,0.11020374298095703
1756373776.345619,1756373776.8082862,0.46266722679138184
1756373776.8085208,1756373777.1940675,0.3855466842651367
1756373777.194272,1756373777.3044677,0.11019563674926758
1756373777.3046002,1756373777.7163925,0.4117922782897949
1756373777.7166204,1756373777.8288503,0.11222982406616211
1756373777.8289769,1756373778.2762613,0.447284460067749
1756373778.2765253,1756373778.734363,0.4578378200531006
1756373778.734547,1756373779.1539927,0.4194457530975342
1756373779.154184,1756373779.2643797,0.11019563674926758
1756373779.2645128,1756373779.736327,0.4718141555786133
1756373779.7365134,1756373780.1602821,0.4237687587738037
1756373780.1605105,1756373780.2707036,0.11019301414489746
1756373780.270848,1756373780.3810577,0.11020970344543457
1756373780.381186,1756373780.8931115,0.511925458908081
1756373780.8933117,1756373781.3127959,0.41948413848876953
1756373781.3130105,1756373781.4232147,0.11020421981811523
1756373781.423356,1756373781.8611426,0.4377865791320801
1756373781.8613734,1756373782.2817922,0.42041873931884766
1756373782.281981,1756373782.3921819,0.11020088195800781
1756373782.3923285,1756373782.502531,0.11020255088806152
1756373782.5026546,1756373782.6128333,0.11017870903015137
1756373782.612969,1756373782.7231817,0.11021280288696289
1756373782.7233117,1756373782.83352,0.11020827293395996
1756373782.833659,1756373782.9438355,0.11017656326293945
1756373782.9439774,1756373783.0541892,0.11021184921264648
1756373783.0543149,1756373783.1645172,0.11020231246948242
1756373783.1646512,1756373783.2748342,0.1101830005645752
1756373783.2749782,1756373783.3851957,0.11021757125854492
1756373783.3853953,1756373783.4956143,0.11021900177001953
1756373783.4957483,1756373783.605959,0.11021065711975098
1756373783.6061046,1756373783.7163174,0.11021280288696289
1756373783.7164514,1756373783.826661,0.11020970344543457
1756373783.826797,1756373783.937009,0.11021208763122559
1756373783.9371502,1756373784.047367,0.11021685600280762
1756373784.0475092,1756373784.1577308,0.11022162437438965
1756373784.157872,1756373784.2680852,0.1102132797241211
1756373784.268207,1756373784.3784087,0.11020159721374512
1756373784.378578,1756373784.488805,0.11022710800170898
1756373784.489038,1756373784.5992603,0.11022233963012695
1756373784.5993805,1756373784.7095828,0.11020231246948242
1756373784.709713,1756373784.8199508,0.11023783683776855
1756373784.820139,1756373784.9303439,0.11020493507385254
1756373784.9304688,1756373785.4026425,0.47217369079589844
1756373785.4028525,1756373785.51305,0.11019754409790039
1756373785.513173,1756373785.6233897,0.11021661758422852
1756373785.623529,1756373785.7337444,0.11021542549133301
1756373785.7339208,1756373785.844136,0.1102151870727539
1756373785.8442829,1756373785.9545083,0.11022543907165527
1756373785.954676,1756373786.0648901,0.1102142333984375
1756373786.0650458,1756373786.175256,0.11021018028259277
1756373786.1753998,1756373786.285621,0.11022114753723145
1756373786.2858496,1756373786.3960648,0.1102151870727539
1756373786.3962145,1756373786.5064282,0.1102137565612793
1756373786.5065594,1756373786.6167786,0.11021924018859863
1756373786.6169314,1756373786.7271345,0.11020302772521973
1756373786.7272801,1756373786.8374813,0.11020112037658691
1756373786.8376012,1756373786.9478009,0.1101996898651123
1756373786.9479294,1756373787.0581396,0.11021018028259277
1756373787.0582664,1756373787.1684682,0.11020183563232422
1756373787.1685886,1756373787.2787914,0.11020278930664062
1756373787.2789276,1756373787.3891335,0.11020588874816895
1756373787.3892553,1756373787.4994552,0.1101999282836914
1756373787.4995685,1756373787.6097665,0.1101980209350586
1756373787.6098912,1756373787.7201195,0.11022830009460449
1756373787.7203102,1756373788.1212828,0.4009726047515869
1756373788.1214986,1756373788.231712,0.1102135181427002
1756373788.2318776,1756373788.342082,0.11020445823669434
1756373788.3422296,1756373788.4524553,0.11022567749023438
1756373788.4526486,1756373788.5628324,0.1101837158203125
1756373788.5629811,1756373788.6731873,0.11020612716674805
1756373788.6733515,1756373788.7835634,0.11021184921264648
1756373788.7837017,1756373788.8938336,0.11013197898864746
1756373788.8939705,1756373789.0041728,0.11020231246948242
1756373789.004305,1756373789.1145065,0.11020159721374512
1756373789.114629,1756373789.224833,0.11020398139953613
1756373789.2249694,1756373789.3351696,0.11020016670227051
1756373789.3353045,1756373789.4455068,0.11020231246948242
1756373789.4456353,1756373789.555839,0.11020374298095703
1756373789.5559957,1756373789.666205,0.11020922660827637
1756373789.6663356,1756373789.7765372,0.11020159721374512
1756373789.776688,1756373790.229787,0.45309901237487793
1756373790.23,1756373790.3401964,0.11019635200500488
1756373790.3403351,1756373790.4505358,0.11020064353942871
1756373790.450674,1756373790.5608392,0.11016511917114258
1756373790.5609803,1756373790.6711905,0.11021018028259277
1756373790.6713192,1756373790.781519,0.1101996898651123
1756373790.7816453,1756373790.8918347,0.11018943786621094
1756373790.8919785,1756373791.002181,0.11020255088806152
1756373791.0023057,1756373791.1125073,0.11020159721374512
1756373791.1126325,1756373791.2228293,0.11019682884216309
1756373791.2229576,1756373791.333156,0.1101984977722168
1756373791.33329,1756373791.4434958,0.11020565032958984
1756373791.4436274,1756373791.5538309,0.11020350456237793
1756373791.5539696,1756373791.6641746,0.11020493507385254
1756373791.6643019,1756373791.7745013,0.1101994514465332
1756373791.7746189,1756373792.229398,0.45477914810180664
1756373792.2296314,1756373792.3398328,0.11020135879516602
1756373792.339968,1756373792.4501772,0.11020922660827637
1756373792.4503076,1756373792.5605106,0.11020302772521973
1756373792.560648,1756373792.6708312,0.1101832389831543
1756373792.670962,1756373792.7811797,0.11021757125854492
1756373792.781313,1756373792.8915284,0.11021542549133301
1756373792.8916638,1756373793.0018365,0.11017274856567383
1756373793.0019941,1756373793.112211,0.11021685600280762
1756373793.1123672,1756373793.2225778,0.11021065711975098
1756373793.2227473,1756373793.332952,0.11020469665527344
1756373793.3330915,1756373793.4432957,0.11020421981811523
1756373793.4434369,1756373793.553659,0.11022210121154785
1756373793.5539,1756373793.664122,0.11022210121154785
1756373793.6642387,1756373794.1981058,0.5338671207427979
1756373794.1983209,1756373794.308531,0.11021018028259277
1756373794.3086596,1756373794.418838,0.11017847061157227
1756373794.4189935,1756373794.529205,0.11021161079406738
1756373794.5293412,1756373794.6395457,0.11020445823669434
1756373794.6396928,1756373794.7499042,0.11021137237548828
1756373794.7500753,1756373794.8602972,0.11022186279296875
1756373794.8604312,1756373794.9706361,0.11020493507385254
1756373794.9707706,1756373795.0809603,0.11018967628479004
1756373795.0811348,1756373795.1913586,0.11022377014160156
1756373795.1915329,1756373795.301747,0.1102142333984375
1756373795.3018997,1756373795.4121165,0.11021685600280762
1756373795.4122481,1756373795.5224674,0.11021924018859863
1756373795.522617,1756373795.632836,0.11021900177001953
1756373795.63297,1756373795.743175,0.11020493507385254
1756373795.743307,1756373796.2324815,0.48917436599731445
1756373796.2326717,1756373796.3428347,0.11016297340393066
1756373796.3429785,1756373796.4532027,0.11022424697875977
1756373796.453405,1756373796.5636137,0.11020874977111816
1756373796.563739,1756373796.673951,0.11021184921264648
1756373796.674083,1756373796.784287,0.11020398139953613
1756373796.7844214,1756373796.894635,0.1102135181427002
1756373796.894763,1756373797.0049548,0.11019182205200195
1756373797.0050893,1756373797.1152947,0.11020541191101074
1756373797.1154232,1756373797.2256281,0.11020493507385254
1756373797.225753,1756373797.3359497,0.11019659042358398
1756373797.3360832,1756373797.446291,0.11020779609680176
1756373797.446426,1756373797.5566406,0.1102147102355957
1756373797.556822,1756373797.6670337,0.11021161079406738
1756373797.6671765,1756373797.7773795,0.11020302772521973
1756373797.7774973,1756373798.2614639,0.483966588973999
1756373798.2616498,1756373798.3718321,0.11018228530883789
1756373798.3719645,1756373798.4821703,0.11020588874816895
1756373798.4823182,1756373798.5925345,0.11021637916564941
1756373798.5926664,1756373798.7028902,0.11022377014160156
1756373798.7030308,1756373798.8132503,0.11021947860717773
1756373798.813418,1756373798.923633,0.1102151870727539
1756373798.9237728,1756373799.0339534,0.11018061637878418
1756373799.034095,1756373799.1443062,0.11021113395690918
1756373799.1444376,1756373799.2546506,0.11021304130554199
1756373799.2548018,1756373799.365023,0.11022114753723145
1756373799.365156,1756373799.4753642,0.11020827293395996
1756373799.4755096,1756373799.5857263,0.11021661758422852
1756373799.5858932,1756373799.6961088,0.11021566390991211
1756373799.696257,1756373799.8064747,0.11021757125854492
1756373799.8066046,1756373800.2983916,0.4917869567871094
1756373800.2985826,1756373800.4087787,0.11019611358642578
1756373800.4089131,1756373800.5191205,0.11020731925964355
1756373800.5192978,1756373800.62951,0.11021208763122559
1756373800.629643,1756373800.7398374,0.11019444465637207
1756373800.7400036,1756373800.850211,0.11020731925964355
1756373800.850344,1756373800.9605515,0.11020755767822266
1756373800.9606833,1756373801.0708349,0.11015152931213379
1756373801.0709636,1756373801.1811695,0.11020588874816895
1756373801.1813023,1756373801.291507,0.11020469665527344
1756373801.2916377,1756373801.4018304,0.11019277572631836
1756373801.4019613,1756373801.5121617,0.11020040512084961
1756373801.5122967,1756373801.622506,0.11020922660827637
1756373801.6226377,1756373801.732833,0.11019515991210938
1756373801.7329652,1756373801.8431656,0.11020040512084961
1756373801.8432963,1756373802.3208587,0.47756242752075195
1756373802.3210442,1756373802.4312377,0.11019349098205566
1756373802.4313793,1756373802.5415921,0.11021280288696289
1756373802.541741,1756373802.651982,0.11024117469787598
1756373802.6521525,1756373802.7623818,0.1102292537689209
1756373802.7625234,1756373802.872733,0.11020970344543457
1756373802.8728702,1756373802.9830763,0.11020612716674805
1756373802.9832084,1756373803.0934117,0.11020326614379883
1756373803.0935464,1756373803.2037516,0.11020517349243164
1756373803.2038932,1756373803.3141005,0.11020731925964355
1756373803.3142323,1756373803.4244368,0.11020445823669434
1756373803.4245667,1756373803.5347698,0.11020302772521973
1756373803.5349061,1756373803.6451159,0.11020970344543457
1756373803.6452599,1756373803.7554777,0.11021780967712402
1756373803.7555964,1756373804.2409425,0.48534607887268066
1756373804.2411356,1756373804.3513322,0.11019659042358398
1756373804.3514657,1756373804.4616737,0.11020803451538086
1756373804.4618053,1756373804.5720327,0.11022734642028809
1756373804.5721684,1756373804.6823804,0.11021208763122559
1756373804.6825244,1756373804.792739,0.1102144718170166
1756373804.7928753,1756373804.9030836,0.11020827293395996
1756373804.9032192,1756373805.0134225,0.11020326614379883
1756373805.0135527,1756373805.1237593,0.11020660400390625
1756373805.1239014,1756373805.2341032,0.11020183563232422
1756373805.2342384,1756373805.3444457,0.11020731925964355
1756373805.344571,1756373805.4547837,0.11021256446838379
1756373805.454937,1756373805.56514,0.11020302772521973
1756373805.5652964,1756373805.6754982,0.11020183563232422
1756373805.6756318,1756373806.1006732,0.42504143714904785
1756373806.100876,1756373806.2110703,0.11019420623779297
1756373806.211199,1756373806.321405,0.11020588874816895
1756373806.3215294,1756373806.4317274,0.1101980209350586
1756373806.4318552,1756373806.5420568,0.11020159721374512
1756373806.5422041,1756373806.6524224,0.11021828651428223
1756373806.652638,1756373806.7628348,0.11019682884216309
1756373806.7629757,1756373806.873187,0.11021137237548828
1756373806.8733304,1756373806.9835434,0.11021304130554199
1756373806.983686,1756373807.0938406,0.11015462875366211
1756373807.093997,1756373807.2042172,0.11022019386291504
1756373807.204354,1756373807.314562,0.11020803451538086
1756373807.3147073,1756373807.4248326,0.11012530326843262
1756373807.4249647,1756373807.5351741,0.11020946502685547
1756373807.5353088,1756373807.6455107,0.11020183563232422
1756373807.6456218,1756373808.169535,0.5239131450653076
1756373808.169751,1756373808.279941,0.11019015312194824
1756373808.2800632,1756373808.3902628,0.1101996898651123
1756373808.3903913,1756373808.5005949,0.11020350456237793
1756373808.500731,1756373808.610949,0.11021804809570312
1756373808.6110897,1756373808.7212925,0.11020278930664062
1756373808.7214272,1756373808.8316288,0.11020159721374512
1756373808.8317635,1756373808.9419494,0.11018586158752441
1756373808.9420857,1756373809.0522988,0.11021304130554199
1756373809.0524557,1756373809.1626668,0.11021113395690918
1756373809.1628032,1756373809.273015,0.11021184921264648
1756373809.2731712,1756373809.3833766,0.11020541191101074
1756373809.3835156,1756373809.4937284,0.11021280288696289
1756373809.4938765,1756373809.6040826,0.11020612716674805
1756373809.6042087,1756373810.0964775,0.49226880073547363
1756373810.0966709,1756373810.2068293,0.11015844345092773
1756373810.206952,1756373810.317155,0.11020278930664062
1756373810.317296,1756373810.4274986,0.11020255088806152
1756373810.4276242,1756373810.5378282,0.11020398139953613
1756373810.5379624,1756373810.6481612,0.1101987361907959
1756373810.6482866,1756373810.7584236,0.1101369857788086
1756373810.7585685,1756373810.8687768,0.11020827293395996
1756373810.868922,1756373810.9791312,0.11020922660827637
1756373810.979269,1756373811.0894814,0.11021232604980469
1756373811.08962,1756373811.1998293,0.11020922660827637
1756373811.1999562,1756373811.3101604,0.11020421981811523
1756373811.3102832,1756373811.420491,0.11020779609680176
1756373811.4206336,1756373811.530835,0.11020135879516602
1756373811.5309684,1756373811.6411803,0.11021184921264648
1756373811.641327,1756373812.2349937,0.5936667919158936
1756373812.235192,1756373812.345387,0.11019492149353027
1756373812.3455129,1756373812.4557197,0.11020684242248535
1756373812.45587,1756373812.5660818,0.11021184921264648
1756373812.5662282,1756373812.6764357,0.11020755767822266
1756373812.6765711,1756373812.7867947,0.11022353172302246
1756373812.786938,1756373812.8971436,0.11020565032958984
1756373812.8972774,1756373813.0074854,0.11020803451538086
1756373813.0076182,1756373813.1178346,0.11021637916564941
1756373813.117982,1756373813.228191,0.11020898818969727
1756373813.2283187,1756373813.3385212,0.11020255088806152
1756373813.338654,1756373813.4488337,0.11017966270446777
1756373813.4489682,1756373813.5591764,0.11020827293395996
1756373813.559311,1756373814.0305777,0.4712667465209961
1756373814.0307922,1756373814.1409497,0.11015748977661133
1756373814.1410975,1756373814.2513113,0.1102137565612793
1756373814.2514515,1756373814.3616621,0.11021065711975098
1756373814.3617868,1756373814.4719496,0.11016273498535156
1756373814.4720867,1756373814.5822895,0.11020278930664062
1756373814.5824246,1756373814.692632,0.11020731925964355
1756373814.6927588,1756373814.802943,0.1101841926574707
1756373814.8030627,1756373814.913264,0.11020135879516602
1756373814.9133985,1756373815.023608,0.11020946502685547
1756373815.0237389,1756373815.1339474,0.11020851135253906
1756373815.1340828,1756373815.2442894,0.11020660400390625
1756373815.2444222,1756373815.3546371,0.1102149486541748
1756373815.354773,1756373815.4649448,0.11017179489135742
1756373815.4650636,1756373815.9641635,0.4990999698638916
1756373815.9643724,1756373816.0745704,0.1101980209350586
1756373816.0747323,1756373816.1849568,0.11022448539733887
1756373816.1851182,1756373816.2953255,0.11020731925964355
1756373816.2954571,1756373816.4056642,0.11020708084106445
1756373816.4058068,1756373816.5160277,0.11022090911865234
1756373816.5161705,1756373816.6263785,0.11020803451538086
1756373816.626508,1756373816.736713,0.11020493507385254
1756373816.7368572,1756373816.8470585,0.11020135879516602
1756373816.8472018,1756373816.9574108,0.11020898818969727
1756373816.9575415,1756373817.0677464,0.11020493507385254
1756373817.0679038,1756373817.1781173,0.1102135181427002
1756373817.1782587,1756373817.2884786,0.11021995544433594
1756373817.2886262,1756373817.3988445,0.11021828651428223
1756373817.399028,1756373817.8773673,0.47833919525146484
1756373817.8775556,1756373817.9877512,0.11019563674926758
1756373817.9878876,1756373818.0980918,0.11020421981811523
1756373818.0982294,1756373818.208452,0.11022257804870605
1756373818.2085829,1756373818.3187945,0.11021161079406738
1756373818.319014,1756373818.4292321,0.11021804809570312
1756373818.4293613,1756373818.5395687,0.11020731925964355
1756373818.5397005,1756373818.6498427,0.11014223098754883
1756373818.64998,1756373818.7601888,0.11020874977111816
1756373818.7603197,1756373818.870527,0.11020731925964355
1756373818.8706632,1756373818.9808364,0.11017322540283203
1756373818.9809701,1756373819.0911763,0.11020612716674805
1756373819.0913064,1756373819.2015157,0.11020922660827637
1756373819.2016432,1756373819.311834,0.11019086837768555
1756373819.311962,1756373819.4221976,0.11023569107055664
1756373819.4224179,1756373819.5326374,0.11021947860717773
1756373819.532775,1756373819.988646,0.4558711051940918
1756373819.9888408,1756373820.0990312,0.11019039154052734
1756373820.0991724,1756373820.2093868,0.1102144718170166
1756373820.2095275,1756373820.319746,0.11021852493286133
1756373820.3199975,1756373820.4302182,0.11022067070007324
1756373820.430354,1756373820.5405579,0.11020374298095703
1756373820.5406919,1756373820.6508296,0.1101377010345459
1756373820.6509483,1756373820.761155,0.11020660400390625
1756373820.7613187,1756373820.8715274,0.11020874977111816
1756373820.8716629,1756373820.9818373,0.11017441749572754
1756373820.98198,1756373821.092189,0.11020898818969727
1756373821.0923274,1756373821.2025392,0.11021184921264648
1756373821.202675,1756373821.3128853,0.11021018028259277
1756373821.3130276,1756373821.4232397,0.11021208763122559
1756373821.4233804,1756373821.9136827,0.49030232429504395
1756373821.913907,1756373822.024109,0.11020183563232422
1756373822.0242395,1756373822.1344426,0.11020302772521973
1756373822.1345654,1756373822.244769,0.11020374298095703
1756373822.244916,1756373822.3551264,0.11021041870117188
1756373822.3552809,1756373822.4654858,0.11020493507385254
1756373822.4656148,1756373822.575823,0.11020827293395996
1756373822.5759487,1756373822.686149,0.11020016670227051
1756373822.6862726,1756373822.7964709,0.1101982593536377
1756373822.7965958,1756373822.9068048,0.11020898818969727
1756373822.9069402,1756373823.0171432,0.11020302772521973
1756373823.0172696,1756373823.1274734,0.11020374298095703
1756373823.1276076,1756373823.2378204,0.11021280288696289
1756373823.2379577,1756373823.3481617,0.11020398139953613
1756373823.3482816,1756373823.883924,0.5356423854827881
1756373823.8841202,1756373823.9943178,0.11019754409790039
1756373823.9944522,1756373824.1046576,0.11020541191101074
1756373824.1047914,1756373824.2149537,0.11016225814819336
1756373824.215079,1756373824.3252792,0.11020016670227051
1756373824.3254051,1756373824.435613,0.11020779609680176
1756373824.4357655,1756373824.5459607,0.11019515991210938
1756373824.546115,1756373824.6563268,0.11021184921264648
1756373824.656463,1756373824.7666714,0.11020851135253906
1756373824.7668097,1756373824.8770201,0.11021041870117188
1756373824.8771565,1756373824.9873662,0.11020970344543457
1756373824.9875262,1756373825.0977397,0.1102135181427002
1756373825.0978808,1756373825.2080903,0.11020946502685547
1756373825.208215,1756373825.7130306,0.5048155784606934
1756373825.7132149,1756373825.823409,0.11019420623779297
1756373825.8235402,1756373825.9337418,0.11020159721374512
1756373825.9338834,1756373826.0440881,0.11020469665527344
1756373826.0442247,1756373826.1544423,0.11021757125854492
1756373826.1545742,1756373826.2647762,0.11020207405090332
1756373826.2649136,1756373826.3751152,0.11020159721374512
1756373826.3752375,1756373826.4854267,0.11018919944763184
1756373826.4856102,1756373826.5958323,0.11022210121154785
1756373826.5959642,1756373826.706172,0.11020779609680176
1756373826.7063265,1756373826.8165267,0.11020016670227051
1756373826.816661,1756373826.9268303,0.1101694107055664
1756373826.9269555,1756373827.0371568,0.11020135879516602
1756373827.0372846,1756373827.1474905,0.11020588874816895
1756373827.1476183,1756373827.2578332,0.1102149486541748
1756373827.2579472,1756373827.7065797,0.44863247871398926
1756373827.70677,1756373827.8169599,0.11018991470336914
1756373827.8170865,1756373827.9272895,0.11020302772521973
1756373827.927445,1756373828.0376568,0.11021184921264648
1756373828.0377915,1756373828.1479466,0.11015510559082031
1756373828.1480803,1756373828.2582905,0.11021018028259277
1756373828.2584271,1756373828.3686368,0.11020970344543457
1756373828.3687716,1756373828.4789746,0.11020302772521973
1756373828.4791114,1756373828.589319,0.11020755767822266
1756373828.5894494,1756373828.6996534,0.11020398139953613
1756373828.6997957,1756373828.810015,0.11021924018859863
1756373828.8101704,1756373828.9203873,0.11021685600280762
1756373828.9205244,1756373829.030729,0.11020469665527344
1756373829.030895,1756373829.141104,0.11020898818969727
1756373829.1412296,1756373829.2514384,0.11020874977111816
1756373829.2515638,1756373829.8289146,0.5773508548736572
1756373829.8291173,1756373829.939309,0.11019158363342285
1756373829.9394312,1756373830.049633,0.11020183563232422
1756373830.0497525,1756373830.1599503,0.11019778251647949
1756373830.1600595,1756373830.2702599,0.11020040512084961
1756373830.270395,1756373830.3805957,0.11020064353942871
1756373830.3807192,1756373830.4908311,0.11011195182800293
1756373830.490953,1756373830.601158,0.11020493507385254
1756373830.6012876,1756373830.7114916,0.11020398139953613
1756373830.711621,1756373830.8218307,0.11020970344543457
1756373830.8219554,1756373830.9321544,0.110198974609375
1756373830.9322774,1756373831.0424755,0.1101980209350586
1756373831.0425966,1756373831.1527984,0.11020183563232422
1756373831.1529403,1756373831.2631452,0.11020493507385254
1756373831.263257,1756373831.3734622,0.11020517349243164
1756373831.373577,1756373831.845447,0.47186994552612305
1756373831.8456454,1756373831.955831,0.11018562316894531
1756373831.9559567,1756373832.0661573,0.11020064353942871
1756373832.066287,1756373832.1764839,0.11019682884216309
1756373832.1765947,1756373832.2867908,0.11019611358642578
1756373832.2869148,1756373832.3971128,0.1101980209350586
1756373832.397233,1756373832.5074358,0.11020278930664062
1756373832.5075676,1756373832.6177716,0.11020398139953613
1756373832.6179008,1756373832.7280998,0.110198974609375
1756373832.7282174,1756373832.8384182,0.11020088195800781
1756373832.8385394,1756373832.948743,0.11020374298095703
1756373832.9488614,1756373833.059064,0.11020255088806152
1756373833.0592062,1756373833.1694207,0.1102144718170166
1756373833.1695652,1756373833.2797763,0.11021113395690918
1756373833.279933,1756373833.3901434,0.11021041870117188
1756373833.3902667,1756373833.8800404,0.4897737503051758
1756373833.880254,1756373833.9905725,0.11031842231750488
1756373833.9906967,1756373834.1008291,0.11013245582580566
1756373834.100958,1756373834.2111585,0.11020040512084961
1756373834.2112832,1756373834.321491,0.11020779609680176
1756373834.3216267,1756373834.431838,0.11021137237548828
1756373834.4319723,1756373834.5421808,0.11020851135253906
1756373834.5423136,1756373834.6525204,0.11020684242248535
1756373834.6526506,1756373834.7628295,0.11017894744873047
1756373834.7629566,1756373834.8731537,0.11019706726074219
1756373834.8732777,1756373834.9834733,0.11019563674926758
1756373834.9836001,1756373835.093801,0.11020088195800781
1756373835.093935,1756373835.204135,0.1101999282836914
1756373835.2042542,1756373835.3144603,0.11020612716674805
1756373835.3146107,1756373835.4248197,0.11020898818969727
1756373835.424941,1756373835.8893127,0.4643716812133789
1756373835.8895242,1756373835.9997146,0.11019039154052734
1756373835.999841,1756373836.110036,0.11019492149353027
1756373836.110153,1756373836.2203596,0.11020660400390625
1756373836.2205157,1756373836.3307183,0.11020255088806152
1756373836.3308465,1756373836.4410481,0.11020159721374512
1756373836.4411771,1756373836.5513783,0.11020112037658691
1756373836.551507,1756373836.6617138,0.11020684242248535
1756373836.6618564,1756373836.7720575,0.11020112037658691
1756373836.772181,1756373836.8823788,0.11019778251647949
1756373836.882499,1756373836.9926996,0.11020064353942871
1756373836.9928262,1756373837.1030278,0.11020159721374512
1756373837.1031547,1756373837.2133543,0.1101996898651123
1756373837.2134788,1756373837.3236852,0.11020636558532715
1756373837.323835,1756373837.4340487,0.1102137565612793
1756373837.4342504,1756373837.9231184,0.48886799812316895
1756373837.9233127,1756373838.0335011,0.11018848419189453
1756373838.0336325,1756373838.1438303,0.11019778251647949
1756373838.1439567,1756373838.2541583,0.11020159721374512
1756373838.2542882,1756373838.3644845,0.11019635200500488
1756373838.3646002,1756373838.4748003,0.11020016670227051
1756373838.474941,1756373838.5851464,0.11020541191101074
1756373838.5852938,1756373838.6954973,0.11020350456237793
1756373838.6956303,1756373838.8058307,0.11020040512084961
1756373838.8059578,1756373838.9161587,0.11020088195800781
1756373838.9162862,1756373839.0264509,0.11016464233398438
1756373839.0265787,1756373839.1367788,0.11020016670227051
1756373839.136918,1756373839.2471166,0.1101984977722168
1756373839.2472565,1756373839.35746,0.11020350456237793
1756373839.3576362,1756373839.8741474,0.5165112018585205
1756373839.8743563,1756373839.984518,0.11016178131103516
1756373839.984645,1756373840.0948303,0.11018538475036621
1756373840.0949552,1756373840.2051523,0.11019706726074219
1756373840.205268,1756373840.315463,0.11019515991210938
1756373840.315599,1756373840.4258018,0.11020278930664062
1756373840.4259446,1756373840.5361514,0.11020684242248535
1756373840.536294,1756373840.646496,0.11020207405090332
1756373840.646623,1756373840.7568254,0.11020255088806152
1756373840.756958,1756373840.8671622,0.11020421981811523
1756373840.8672879,1756373840.9774911,0.11020326614379883
1756373840.9776492,1756373841.0877693,0.11012005805969238
1756373841.0879364,1756373841.198138,0.11020159721374512
1756373841.1982758,1756373841.3084767,0.11020088195800781
1756373841.308608,1756373841.7893927,0.48078465461730957
1756373841.7896285,1756373842.2660255,0.4763970375061035
1756373842.2662475,1756373842.7136648,0.4474172592163086
1756373842.7138717,1756373842.8240664,0.11019468307495117
1756373842.8241956,1756373842.934402,0.11020636558532715
1756373842.9345381,1756373843.3934653,0.4589271545410156
1756373843.3936977,1756373843.8238277,0.4301300048828125
1756373843.824051,1756373843.9342482,0.11019730567932129
1756373843.9343874,1756373844.4123337,0.47794628143310547
1756373844.4125593,1756373844.9581046,0.5455453395843506
1756373844.9583027,1756373845.3982892,0.4399864673614502
1756373845.3984637,1756373845.5086577,0.11019396781921387
1756373845.5087874,1756373845.9793394,0.4705519676208496
1756373845.9796054,1756373846.4583495,0.4787440299987793
1756373846.4585707,1756373846.5687652,0.11019444465637207
1756373846.5688922,1756373847.0038302,0.4349379539489746
1756373847.0040047,1756373847.1141984,0.11019372940063477
1756373847.1143253,1756373847.5808752,0.4665498733520508
1756373847.5810833,1756373848.0566366,0.4755532741546631
1756373848.0568748,1756373848.4989448,0.44207000732421875
1756373848.4991112,1756373848.6093051,0.11019396781921387
1756373848.6094308,1756373849.1622965,0.552865743637085
1756373849.162525,1756373849.6391783,0.4766533374786377
1756373849.6393764,1756373850.1153615,0.475985050201416
1756373850.115568,1756373850.225812,0.1102440357208252
1756373850.2259839,1756373850.7823021,0.5563182830810547
1756373850.7825713,1756373851.2421808,0.4596095085144043
1756373851.2423751,1756373851.3525827,0.11020755767822266
1756373851.3527,1756373851.8285835,0.47588348388671875
1756373851.8288028,1756373852.278331,0.44952821731567383
1756373852.2785082,1756373852.3887055,0.11019730567932129
1756373852.3888466,1756373852.869965,0.48111844062805176
1756373852.8702178,1756373853.3963518,0.5261340141296387
1756373853.3965857,1756373853.8418527,0.4452669620513916
1756373853.8420632,1756373853.9522595,0.11019635200500488
1756373853.952443,1756373854.0626657,0.11022281646728516
1756373854.062789,1756373854.5231643,0.4603753089904785
1756373854.5233881,1756373855.0344298,0.5110416412353516
1756373855.0346217,1756373855.1448333,0.11021161079406738
1756373855.1449652,1756373855.255172,0.11020684242248535
1756373855.2552972,1756373855.7337372,0.4784400463104248
1756373855.733975,1756373856.1853464,0.451371431350708
1756373856.185552,1756373856.2957478,0.11019587516784668
1756373856.2958841,1756373856.780414,0.484529972076416
1756373856.780661,1756373857.3263314,0.5456702709197998
1756373857.3265824,1756373857.7697265,0.4431440830230713
1756373857.7699082,1756373857.8801036,0.11019539833068848
1756373857.8802338,1756373858.3834062,0.5031723976135254
1756373858.383665,1756373858.866739,0.4830739498138428
1756373858.8669224,1756373858.9771106,0.11018824577331543
1756373858.977231,1756373859.4643595,0.48712849617004395
1756373859.4645512,1756373859.5747483,0.11019706726074219
1756373859.5748763,1756373860.0626814,0.4878051280975342
1756373860.0629241,1756373860.5774055,0.5144813060760498
1756373860.5776412,1756373861.0676968,0.49005556106567383
1756373861.0678878,1756373861.1780772,0.11018943786621094
1756373861.1781983,1756373861.748988,0.5707895755767822
1756373861.7491786,1756373862.20672,0.45754146575927734
1756373862.2069113,1756373862.317104,0.11019277572631836
1756373862.3172336,1756373862.8078558,0.49062228202819824
1756373862.808073,1756373863.2567554,0.4486823081970215
1756373863.2569594,1756373863.3671596,0.11020016670227051
1756373863.3673,1756373863.477516,0.11021590232849121
1756373863.4776342,1756373863.974891,0.4972567558288574
1756373863.9751391,1756373864.458124,0.4829847812652588
1756373864.4583118,1756373864.5685034,0.11019158363342285
1756373864.5686262,1756373865.0482194,0.47959327697753906
1756373865.0484324,1756373865.5706394,0.5222070217132568
1756373865.570866,1756373866.1412158,0.5703496932983398
1756373866.1414278,1756373866.646088,0.5046601295471191
1756373866.6462882,1756373867.1777577,0.5314695835113525
1756373867.177998,1756373867.668963,0.4909648895263672
1756373867.66917,1756373867.7793682,0.1101982593536377
1756373867.7795026,1756373867.8897164,0.1102137565612793
1756373867.889849,1756373868.3986301,0.5087811946868896
1756373868.398866,1756373868.8673935,0.46852755546569824
1756373868.8675678,1756373868.9777646,0.11019682884216309
1756373868.9778974,1756373869.4806657,0.5027682781219482
1756373869.4808745,1756373870.0065405,0.5256659984588623
1756373870.0067143,1756373870.1168334,0.11011910438537598
1756373870.1169531,1756373870.5962515,0.47929835319519043
1756373870.5964735,1756373871.1314142,0.5349407196044922
1756373871.1316621,1756373871.5982316,0.4665694236755371
1756373871.5983996,1756373871.7085912,0.11019158363342285
1756373871.7087078,1756373872.197402,0.4886941909790039
1756373872.1975784,1756373872.3077736,0.11019515991210938
1756373872.3078983,1756373872.817037,0.509138822555542
1756373872.817277,1756373873.334797,0.5175199508666992
1756373873.335025,1756373873.4452207,0.11019563674926758
1756373873.4453452,1756373873.9754574,0.5301122665405273
1756373873.975676,1756373874.5692236,0.5935475826263428
1756373874.569463,1756373875.1158807,0.5464177131652832
1756373875.1160936,1756373875.64066,0.5245664119720459
1756373875.6408439,1756373875.751035,0.11019110679626465
1756373875.7511466,1756373876.2894242,0.5382776260375977
1756373876.2896712,1756373876.8311772,0.5415060520172119
1756373876.83139,1756373876.941582,0.11019206047058105
1756373876.9417083,1756373877.4390776,0.49736928939819336
1756373877.4392765,1756373877.9241934,0.48491692543029785
1756373877.9244144,1756373878.0346127,0.1101982593536377
1756373878.0347457,1756373878.5410085,0.5062627792358398
1756373878.5412447,1756373879.1442854,0.6030406951904297
1756373879.14453,1756373879.637507,0.4929769039154053
1756373879.6376863,1756373879.7478325,0.11014628410339355
1756373879.7479599,1756373880.2832916,0.5353317260742188
1756373880.283494,1756373880.8154204,0.5319263935089111
1756373880.8156571,1756373881.3444157,0.5287585258483887
1756373881.3445942,1756373881.454792,0.11019778251647949
1756373881.4549513,1756373881.5651672,0.11021590232849121
1756373881.56529,1756373882.0927546,0.5274646282196045
1756373882.0930102,1756373882.60206,0.5090498924255371
1756373882.6022382,1756373882.7124825,0.1102442741394043
1756373882.7126367,1756373883.288439,0.5758023262023926
1756373883.2886918,1756373883.7914486,0.5027568340301514
1756373883.7916198,1756373883.9018564,0.11023664474487305
1756373883.902121,1756373884.4371805,0.5350594520568848
1756373884.4374056,1756373884.936549,0.4991433620452881
1756373884.9367578,1756373885.0469475,0.11018967628479004
1756373885.0470736,1756373885.6350093,0.5879356861114502
1756373885.63525,1756373886.123913,0.4886629581451416
1756373886.1240842,1756373886.2342799,0.11019563674926758
1756373886.2344358,1756373886.3446426,0.11020684242248535
1756373886.3447723,1756373886.8562465,0.5114741325378418
1756373886.8564677,1756373887.3887694,0.532301664352417
1756373887.3889942,1756373887.9828067,0.5938124656677246
1756373887.9830375,1756373888.4851935,0.5021560192108154
1756373888.4854474,1756373888.5956464,0.110198974609375
1756373888.5957687,1756373889.1170478,0.5212790966033936
1756373889.1172628,1756373889.6093457,0.4920828342437744
1756373889.609528,1756373889.7197356,0.11020755767822266
1756373889.7199273,1756373890.2745304,0.554603099822998
1756373890.2747264,1756373890.7853713,0.5106449127197266
1756373890.785568,1756373890.8957703,0.11020231246948242
1756373890.8959584,1756373891.4393432,0.5433847904205322
1756373891.4395716,1756373891.9963431,0.5567715167999268
1756373891.9965622,1756373892.6125488,0.6159865856170654
1756373892.6128175,1756373893.1241858,0.5113682746887207
1756373893.124462,1756373893.2346656,0.11020374298095703
1756373893.234793,1756373893.7821054,0.5473124980926514
1756373893.7823048,1756373894.3293548,0.5470499992370605
1756373894.3295395,1756373894.439741,0.11020135879516602
1756373894.439875,1756373894.9586656,0.5187907218933105
1756373894.9588575,1756373895.069067,0.11020946502685547
1756373895.0691965,1756373895.6028578,0.5336613655090332
1756373895.6031046,1756373896.1463335,0.5432288646697998
1756373896.14651,1756373896.256701,0.11019110679626465
1756373896.256836,1756373896.8871121,0.6302762031555176
1756373896.8873472,1756373897.4225297,0.5351824760437012
1756373897.422736,1756373897.5329251,0.11018919944763184
1756373897.5330453,1756373898.0931628,0.5601174831390381
1756373898.0933785,1756373898.646977,0.5535984039306641
1756373898.6472132,1756373898.7574213,0.11020803451538086
1756373898.757549,1756373899.335593,0.5780439376831055
1756373899.335883,1756373899.8793898,0.5435068607330322
1756373899.8795638,1756373899.9897587,0.11019492149353027
1756373899.9898953,1756373900.5918996,0.6020042896270752
1756373900.5921242,1756373901.1289766,0.5368523597717285
1756373901.1291618,1756373901.2393713,0.11020946502685547
1756373901.2396123,1756373901.849638,0.6100256443023682
1756373901.849886,1756373902.3806982,0.5308122634887695
1756373902.380894,1756373902.4910893,0.11019539833068848
1756373902.4912145,1756373903.0929728,0.6017582416534424
1756373903.093195,1756373903.6434135,0.5502185821533203
1756373903.6436002,1756373903.7538073,0.11020708084106445
1756373903.7539651,1756373904.3321428,0.5781776905059814
1756373904.3323913,1756373904.8706481,0.5382568836212158
1756373904.8708491,1756373904.9810426,0.11019349098205566
1756373904.981199,1756373905.5419402,0.5607411861419678
1756373905.5421603,1756373905.652378,0.11021780967712402
1756373905.6525118,1756373906.2315607,0.5790488719940186
1756373906.2318046,1756373906.8638515,0.6320469379425049
1756373906.8640444,1756373907.4379466,0.5739021301269531
1756373907.438125,1756373907.548327,0.11020207405090332
1756373907.548552,1756373908.1444232,0.5958712100982666
1756373908.1447043,1756373908.6972053,0.5525009632110596
1756373908.6974072,1756373908.8076065,0.1101992130279541
1756373908.8077295,1756373909.390337,0.5826075077056885
1756373909.3905747,1756373909.99237,0.6017951965332031
1756373909.9926324,1756373910.5708637,0.5782313346862793
1756373910.571028,1756373910.6812267,0.1101987361907959
1756373910.6814022,1756373911.3236725,0.6422703266143799
1756373911.3238866,1756373911.8977876,0.5739009380340576
1756373911.8979702,1756373912.0081673,0.11019706726074219
1756373912.0083063,1756373912.5997083,0.5914020538330078
1756373912.5999346,1756373913.1527839,0.552849292755127
1756373913.1529722,1756373913.2631624,0.11019015312194824
1756373913.2656302,1756373913.845678,0.5800478458404541
1756373913.8458946,1756373914.419317,0.5734224319458008
1756373914.4195082,1756373914.5296993,0.11019110679626465
1756373914.529827,1756373915.08825,0.5584228038787842
1756373915.0884612,1756373915.198661,0.1101999282836914
1756373915.1987858,1756373915.782023,0.5832371711730957
1756373915.7822535,1756373916.5502732,0.7680196762084961
1756373916.5505226,1756373917.1572719,0.6067492961883545
1756373917.1574779,1756373917.267672,0.11019420623779297
1756373917.2678025,1756373917.3780181,0.11021566390991211
1756373917.3781407,1756373917.9551816,0.5770409107208252
1756373917.9554071,1756373918.54877,0.5933628082275391
1756373918.54902,1756373918.6592352,0.1102151870727539
1756373918.659363,1756373918.7695663,0.11020326614379883
1756373918.769698,1756373919.4023628,0.6326649188995361
1756373919.4026186,1756373919.964702,0.5620832443237305
1756373919.9648912,1756373920.0750766,0.11018538475036621
1756373920.0751975,1756373920.6386502,0.5634527206420898
1756373920.6388345,1756373920.7490304,0.11019587516784668
1756373920.7491622,1756373921.3935988,0.6444365978240967
1756373921.3938346,1756373922.0794015,0.6855669021606445
1756373922.0796025,1756373922.6905515,0.6109490394592285
1756373922.6907313,1756373922.8008347,0.11010336875915527
1756373922.8009934,1756373923.3960507,0.5950572490692139
1756373923.3962843,1756373923.9756331,0.5793488025665283
1756373923.975822,1756373924.086013,0.11019110679626465
1756373924.086132,1756373924.6742969,0.5881648063659668
1756373924.6745589,1756373925.2660139,0.5914549827575684
1756373925.2662067,1756373925.3764157,0.11020898818969727
1756373925.376544,1756373925.999173,0.622628927230835
1756373925.999362,1756373926.109563,0.11020112037658691
1756373926.1097043,1756373926.8040607,0.6943564414978027
1756373926.8042684,1756373927.4405777,0.6363093852996826
1756373927.440777,1756373928.0180264,0.57724928855896
1756373928.0182328,1756373928.1284332,0.11020040512084961
1756373928.1285772,1756373928.238786,0.11020874977111816
1756373928.2389202,1756373928.8509593,0.6120390892028809
1756373928.8512266,1756373929.474951,0.6237244606018066
1756373929.4751601,1756373930.0520275,0.5768673419952393
1756373930.0522718,1756373930.1624734,0.11020159721374512
1756373930.1626105,1756373930.8535194,0.6909089088439941
1756373930.853778,1756373931.4438818,0.5901038646697998
1756373931.4440556,1756373931.5542698,0.1102142333984375
1756373931.5544214,1756373931.6646369,0.11021542549133301
1756373931.6647594,1756373932.3897638,0.7250044345855713
1756373932.3899724,1756373932.9760845,0.5861120223999023
1756373932.976261,1756373933.0864787,0.11021780967712402
1756373933.0867028,1756373933.6964598,0.6097569465637207
1756373933.6966553,1756373934.4053516,0.7086963653564453
1756373934.4055634,1756373934.5157583,0.11019492149353027
1756373934.5159118,1756373935.1925306,0.6766188144683838
1756373935.1927533,1756373935.7884765,0.5957231521606445
1756373935.7886999,1756373935.898895,0.11019515991210938
