1756892965.9814143,1756892965.9886634,0.007249116897583008
1756892966.1283116,1756892966.1474466,0.019134998321533203
1756892967.7800944,1756892967.788009,0.007914543151855469
1756892967.8817866,1756892967.8883095,0.0065228939056396484
1756892968.0775306,1756892968.084573,0.007042407989501953
1756892968.1841342,1756892968.190632,0.006497859954833984
1756892968.373355,1756892968.379991,0.006636142730712891
1756892968.4752033,1756892968.4819021,0.0066988468170166016
1756892968.6675587,1756892968.6740072,0.006448507308959961
1756892968.7682686,1756892968.7798154,0.011546850204467773
1756892968.9773664,1756892968.9839327,0.006566286087036133
1756892969.0766177,1756892969.083536,0.006918191909790039
1756892969.292618,1756892969.2990837,0.0064656734466552734
1756892969.408694,1756892969.4156578,0.0069637298583984375
1756892969.6320765,1756892969.6389961,0.0069196224212646484
1756892969.7332106,1756892969.7409964,0.007785797119140625
1756892969.9393268,1756892969.946858,0.007531166076660156
1756892970.123406,1756892970.1298404,0.006434440612792969
1756892970.2512105,1756892970.2592087,0.007998228073120117
1756892970.432724,1756892970.4392707,0.006546735763549805
1756892970.5333972,1756892970.5431385,0.00974130630493164
1756892970.7242439,1756892970.7341285,0.00988459587097168
1756892970.83082,1756892970.837445,0.006624937057495117
1756892971.0166728,1756892971.0232315,0.006558656692504883
1756892971.1229389,1756892971.1297522,0.0068132877349853516
1756892971.341898,1756892971.34837,0.006472110748291016
1756892971.4986641,1756892971.505215,0.006550788879394531
1756892971.6899083,1756892971.6962094,0.006301164627075195
1756892971.815962,1756892971.8273475,0.011385440826416016
1756892971.9221914,1756892971.933286,0.01109457015991211
1756892972.1434717,1756892972.1500077,0.006536006927490234
1756892972.242464,1756892972.2500317,0.007567644119262695
1756892972.4493372,1756892972.4587355,0.009398221969604492
1756892972.6334145,1756892972.6394396,0.006025075912475586
1756892972.7364736,1756892972.7430253,0.0065517425537109375
1756892972.9253435,1756892972.9320579,0.006714344024658203
1756892973.0266516,1756892973.0339248,0.007273197174072266
1756892973.2163997,1756892973.2240753,0.007675647735595703
1756892973.3284047,1756892973.3350544,0.00664973258972168
1756892973.5341606,1756892973.540232,0.006071329116821289
1756892973.717612,1756892973.7259266,0.00831460952758789
1756892973.8286865,1756892973.836038,0.00735163688659668
1756892974.0794709,1756892974.0870829,0.007611989974975586
1756892974.1811526,1756892974.1894171,0.008264541625976562
1756892974.4754581,1756892974.483006,0.007547855377197266
1756892974.584048,1756892974.5928583,0.008810281753540039
1756892974.779478,1756892974.7861862,0.0067081451416015625
1756892974.8839283,1756892974.8961475,0.01221919059753418
1756892975.0830927,1756892975.0910747,0.007982015609741211
1756892975.1998568,1756892975.2117422,0.011885404586791992
1756892975.3932843,1756892975.4028099,0.009525537490844727
1756892975.501044,1756892975.5134134,0.012369394302368164
1756892975.70172,1756892975.7082705,0.00655055046081543
1756892975.8065748,1756892975.8150375,0.008462667465209961
1756892976.0006626,1756892976.0072756,0.006613016128540039
1756892976.1080878,1756892976.114651,0.0065631866455078125
1756892976.2929137,1756892976.299417,0.00650334358215332
1756892976.3948762,1756892976.403575,0.008698701858520508
1756892976.593543,1756892976.6013198,0.007776737213134766
1756892976.696925,1756892976.7033114,0.006386518478393555
1756892976.9070528,1756892976.91343,0.006377220153808594
1756892977.047312,1756892977.0538719,0.006559848785400391
1756892977.149339,1756892977.155913,0.006574153900146484
1756892977.3731625,1756892977.3808687,0.007706165313720703
1756892977.5042977,1756892977.510895,0.006597280502319336
1756892977.6960523,1756892977.7025557,0.00650334358215332
1756892977.8042996,1756892977.812459,0.008159399032592773
1756892977.9958653,1756892978.002557,0.006691694259643555
1756892978.0998213,1756892978.1064746,0.006653308868408203
1756892978.3031964,1756892978.3097646,0.006568193435668945
1756892978.403317,1756892978.4097898,0.00647282600402832
1756892978.6186464,1756892978.6251926,0.0065462589263916016
1756892978.7182171,1756892978.7246945,0.00647735595703125
1756892978.9404047,1756892978.9471867,0.006782054901123047
1756892979.0799775,1756892979.0909808,0.011003255844116211
1756892979.2257266,1756892979.2370758,0.011349201202392578
1756892979.3695621,1756892979.3762655,0.006703376770019531
1756892979.5506635,1756892979.5570602,0.006396770477294922
1756892979.6862648,1756892979.69272,0.006455183029174805
1756892979.9250028,1756892979.931675,0.0066721439361572266
1756892980.0276973,1756892980.035824,0.00812673568725586
1756892980.3205779,1756892980.328731,0.008153200149536133
1756892980.4614005,1756892980.4697447,0.008344173431396484
1756892980.6447077,1756892980.651766,0.007058382034301758
1756892980.7888067,1756892980.7973354,0.008528709411621094
1756892980.9287102,1756892980.9352124,0.0065021514892578125
1756892981.0348792,1756892981.041596,0.006716728210449219
1756892981.2435827,1756892981.250129,0.0065462589263916016
1756892981.3596172,1756892981.366792,0.00717473030090332
1756892981.5776021,1756892981.58415,0.0065479278564453125
1756892981.6914978,1756892981.7013338,0.009835958480834961
1756892981.9008749,1756892981.9086657,0.007790803909301758
1756892982.0127585,1756892982.0211415,0.008383035659790039
1756892982.2042673,1756892982.2109113,0.006644010543823242
1756892982.305136,1756892982.3134549,0.008318901062011719
1756892982.5209262,1756892982.5274208,0.0064945220947265625
1756892982.6518416,1756892982.6599321,0.008090496063232422
1756892982.8372931,1756892982.8435595,0.006266355514526367
1756892982.949465,1756892982.9579268,0.008461713790893555
1756892983.146828,1756892983.1531928,0.0063648223876953125
1756892983.2562912,1756892983.2664938,0.010202646255493164
1756892983.4719205,1756892983.47859,0.006669521331787109
1756892983.5773175,1756892983.5839074,0.0065898895263671875
1756892983.7672243,1756892983.7750556,0.007831335067749023
1756892983.8783534,1756892983.8848667,0.006513357162475586
1756892984.0704813,1756892984.0797963,0.009315013885498047
1756892984.2774897,1756892984.2852974,0.007807731628417969
1756892984.4221146,1756892984.4290917,0.006977081298828125
1756892984.60816,1756892984.6146429,0.006482839584350586
1756892984.7529352,1756892984.7594407,0.006505489349365234
1756892984.8566618,1756892984.8646946,0.008032798767089844
1756892985.0605974,1756892985.072136,0.011538505554199219
1756892985.1677904,1756892985.1755662,0.007775783538818359
1756892985.4622264,1756892985.4699285,0.0077021121978759766
1756892985.5666783,1756892985.5730796,0.0064013004302978516
1756892985.8609128,1756892985.8673384,0.006425619125366211
1756892985.9665954,1756892985.973142,0.006546497344970703
1756892986.2599869,1756892986.2670898,0.00710296630859375
1756892986.363168,1756892986.3698208,0.00665283203125
1756892986.6559446,1756892986.6623275,0.006382942199707031
1756892986.8320363,1756892986.8400252,0.007988929748535156
1756892986.945263,1756892986.9530635,0.007800579071044922
1756892987.1515832,1756892987.1614058,0.009822607040405273
1756892987.3364758,1756892987.3446229,0.008147001266479492
1756892987.4629683,1756892987.4742134,0.011245012283325195
1756892987.6466882,1756892987.6532907,0.00660252571105957
1756892987.7675536,1756892987.7740862,0.0065326690673828125
1756892987.9556563,1756892987.962251,0.006594657897949219
1756892988.056467,1756892988.0632987,0.006831645965576172
1756892988.2455266,1756892988.251859,0.0063323974609375
1756892988.3491905,1756892988.3612502,0.012059688568115234
1756892988.5480871,1756892988.5589461,0.010859012603759766
1756892988.6602814,1756892988.6668508,0.006569385528564453
1756892988.8490355,1756892988.855517,0.0064814090728759766
1756892988.9610348,1756892988.970461,0.009426116943359375
1756892989.1599827,1756892989.1676311,0.007648468017578125
1756892989.2673,1756892989.2748163,0.007516384124755859
1756892989.4914386,1756892989.5011296,0.009690999984741211
1756892989.6752927,1756892989.681716,0.006423234939575195
1756892989.8016024,1756892989.8129349,0.011332511901855469
1756892989.9912214,1756892989.9990165,0.007795095443725586
1756892990.1150157,1756892990.1272788,0.012263059616088867
1756892990.301679,1756892990.3080406,0.006361722946166992
1756892990.4225054,1756892990.429241,0.006735563278198242
1756892990.610398,1756892990.616941,0.00654292106628418
1756892990.7171597,1756892990.7238812,0.00672149658203125
1756892990.909849,1756892990.9168563,0.0070073604583740234
1756892991.011474,1756892991.0182722,0.006798267364501953
1756892991.2037485,1756892991.2104144,0.006665945053100586
1756892991.3147614,1756892991.325291,0.010529518127441406
1756892991.538962,1756892991.545452,0.006490230560302734
1756892991.6736577,1756892991.6855986,0.011940956115722656
1756892991.914105,1756892991.9211605,0.007055521011352539
1756892992.0130048,1756892992.0195482,0.006543397903442383
1756892992.3140972,1756892992.3228714,0.008774280548095703
1756892992.422475,1756892992.429098,0.006622791290283203
1756892992.6118224,1756892992.618177,0.006354570388793945
1756892992.7169635,1756892992.7236078,0.006644248962402344
1756892992.9035497,1756892992.9097476,0.006197929382324219
1756892993.003178,1756892993.009626,0.006448030471801758
1756892993.1974576,1756892993.2045922,0.007134675979614258
1756892993.2990477,1756892993.3058667,0.006819009780883789
1756892993.5019588,1756892993.5098877,0.007928848266601562
1756892993.602228,1756892993.613644,0.011415958404541016
1756892993.795835,1756892993.8022375,0.006402492523193359
1756892993.897017,1756892993.9037333,0.006716251373291016
1756892994.089028,1756892994.0953135,0.006285667419433594
1756892994.188176,1756892994.1945357,0.00635981559753418
1756892994.3851025,1756892994.3923948,0.007292270660400391
1756892994.4893603,1756892994.5003924,0.0110321044921875
1756892994.6912014,1756892994.7021713,0.010969877243041992
1756892994.7952929,1756892994.8060431,0.010750293731689453
1756892995.014695,1756892995.0222974,0.0076024532318115234
1756892995.1445465,1756892995.1515687,0.00702214241027832
1756892995.3322294,1756892995.3385437,0.006314277648925781
1756892995.435591,1756892995.4436522,0.00806117057800293
1756892995.6306722,1756892995.6387117,0.008039474487304688
1756892995.7356002,1756892995.747467,0.01186680793762207
1756892995.9380212,1756892995.9443984,0.006377220153808594
1756892996.0518188,1756892996.0586565,0.006837606430053711
1756892997.904006,1756892997.9106646,0.0066585540771484375
1756892999.661573,1756892999.668408,0.006834983825683594
1756893001.2141876,1756893001.2221591,0.007971525192260742
1756893002.7657118,1756893002.7721722,0.006460428237915039
1756893004.3134818,1756893004.3213751,0.00789332389831543
1756893005.8730788,1756893005.8801315,0.00705265998840332
1756893007.4563544,1756893007.462704,0.0063495635986328125
1756893009.0281696,1756893009.0343277,0.006158113479614258
1756893010.6636505,1756893010.67047,0.006819486618041992
1756893012.2102292,1756893012.2211506,0.010921478271484375
1756893013.835996,1756893013.8422616,0.0062656402587890625
1756893015.3735332,1756893015.3802145,0.006681203842163086
1756893017.022773,1756893017.0290766,0.006303548812866211
1756893018.5617597,1756893018.5682628,0.006503105163574219
1756893020.104613,1756893020.1110492,0.00643610954284668
1756893021.6467078,1756893021.6545203,0.0078125
1756893023.2020695,1756893023.2084928,0.006423234939575195
1756893024.763438,1756893024.7696285,0.00619053840637207
1756893026.4344234,1756893026.4406316,0.006208181381225586
1756893028.09672,1756893028.1051967,0.008476734161376953
1756893029.7728212,1756893029.7825732,0.009752035140991211
1756893031.529325,1756893031.5364542,0.007129192352294922
1756893033.1960416,1756893033.2036157,0.0075740814208984375
1756893034.846548,1756893034.8532703,0.006722211837768555
1756893036.393176,1756893036.3995085,0.0063323974609375
1756893037.9517314,1756893037.9581392,0.006407737731933594
1756893039.5820203,1756893039.5889995,0.006979227066040039
1756893041.1248147,1756893041.1312041,0.0063893795013427734
1756893042.6562762,1756893042.6626625,0.006386280059814453
1756893042.7744234,1756893042.7822402,0.007816791534423828
1756893042.964784,1756893042.9710188,0.006234884262084961
1756893043.0804691,1756893043.0870898,0.006620645523071289
1756893043.2798872,1756893043.2867808,0.006893634796142578
1756893043.3959932,1756893043.404577,0.008583784103393555
1756893043.5812943,1756893043.588949,0.007654666900634766
1756893043.7126698,1756893043.722317,0.009647130966186523
1756893043.8138673,1756893043.8249748,0.011107444763183594
1756893044.028004,1756893044.0344303,0.006426334381103516
1756893044.124859,1756893044.133098,0.008238792419433594
1756893044.3229527,1756893044.3292422,0.006289482116699219
1756893044.4223747,1756893044.4304707,0.008095979690551758
1756893044.6190486,1756893044.6254895,0.006440877914428711
1756893044.7203474,1756893044.728598,0.008250713348388672
1756893044.918366,1756893044.9262114,0.007845401763916016
1756893045.0242355,1756893045.0329032,0.008667707443237305
1756893045.2183352,1756893045.2247105,0.006375312805175781
1756893045.3219533,1756893045.3282993,0.006345987319946289
1756893045.5116751,1756893045.5180058,0.006330728530883789
1756893045.6173527,1756893045.6239977,0.0066449642181396484
1756893045.8769107,1756893045.883404,0.006493330001831055
1756893045.9858456,1756893045.9924977,0.006652116775512695
1756893046.1936884,1756893046.2000897,0.0064013004302978516
1756893046.3176434,1756893046.329333,0.01168966293334961
1756893046.512966,1756893046.5193672,0.0064013004302978516
1756893046.6334715,1756893046.6413996,0.007928133010864258
1756893046.8209825,1756893046.8280592,0.007076740264892578
1756893046.935185,1756893046.9421813,0.0069963932037353516
1756893047.119887,1756893047.1262984,0.006411314010620117
1756893047.2463074,1756893047.2564278,0.010120391845703125
1756893047.430349,1756893047.437235,0.006886005401611328
1756893047.5677376,1756893047.5743413,0.006603717803955078
1756893047.674487,1756893047.680867,0.006379842758178711
1756893047.8891032,1756893047.8954022,0.006299018859863281
1756893047.9915755,1756893047.999564,0.007988452911376953
1756893048.1973124,1756893048.203866,0.00655364990234375
1756893048.2958536,1756893048.3028207,0.006967067718505859
1756893048.504823,1756893048.5124326,0.00760960578918457
1756893048.6093457,1756893048.6158817,0.006536006927490234
1756893048.8039556,1756893048.8100524,0.006096839904785156
1756893048.9067614,1756893048.9132276,0.0064661502838134766
1756893049.096171,1756893049.1024187,0.006247758865356445
1756893049.1993456,1756893049.2058847,0.006539106369018555
1756893049.4004045,1756893049.4066782,0.006273746490478516
1756893049.503501,1756893049.5145922,0.011091232299804688
1756893049.6912339,1756893049.7021017,0.010867834091186523
1756893049.82401,1756893049.8330095,0.00899958610534668
1756893050.010087,1756893050.0206585,0.010571479797363281
1756893050.1227205,1756893050.1307044,0.007983922958374023
1756893050.3359652,1756893050.342415,0.00644993782043457
1756893050.434445,1756893050.4428802,0.008435249328613281
1756893050.6213589,1756893050.632685,0.011326074600219727
1756893050.7920697,1756893050.802819,0.010749340057373047
1756893050.8976974,1756893050.904173,0.0064754486083984375
1756893051.1933725,1756893051.2041311,0.010758638381958008
1756893051.2997677,1756893051.306516,0.006748199462890625
1756893051.4970202,1756893051.5047638,0.0077435970306396484
1756893051.5976794,1756893051.6083837,0.010704278945922852
1756893051.8071833,1756893051.8134854,0.0063021183013916016
1756893051.9080198,1756893051.9146245,0.006604671478271484
1756893052.1096923,1756893052.1158738,0.006181478500366211
1756893052.2206335,1756893052.2273636,0.006730079650878906
1756893052.4065096,1756893052.4129639,0.0064542293548583984
1756893052.5148766,1756893052.5214202,0.006543636322021484
1756893052.721457,1756893052.7279696,0.006512641906738281
1756893052.906666,1756893052.9146073,0.007941246032714844
1756893053.0308435,1756893053.0421255,0.011281967163085938
1756893053.1361496,1756893053.1473575,0.011207818984985352
1756893053.3344312,1756893053.3425763,0.00814509391784668
1756893053.4389536,1756893053.4473593,0.008405685424804688
1756893053.634124,1756893053.640547,0.006422996520996094
1756893053.7365286,1756893053.7474833,0.010954618453979492
1756893053.931315,1756893053.9376395,0.0063245296478271484
1756893054.0314448,1756893054.042486,0.01104116439819336
1756893054.2245886,1756893054.2307146,0.006125926971435547
1756893054.3263412,1756893054.3327286,0.006387472152709961
1756893054.5190852,1756893054.5250049,0.005919694900512695
1756893054.620545,1756893054.6270368,0.006491899490356445
1756893054.814058,1756893054.820022,0.005964040756225586
1756893054.9119635,1756893054.9180534,0.006089925765991211
1756893055.107186,1756893055.1135519,0.006365776062011719
1756893055.2052178,1756893055.2117743,0.006556510925292969
1756893055.3962917,1756893055.402454,0.006162166595458984
1756893055.49246,1756893055.4987442,0.006284236907958984
1756893055.6895173,1756893055.695651,0.0061337947845458984
1756893055.7847698,1756893055.7910566,0.0062868595123291016
1756893056.0740595,1756893056.0801475,0.0060880184173583984
1756893056.208852,1756893056.21508,0.006227970123291016
1756893056.3335948,1756893056.340314,0.006719112396240234
1756893056.5210664,1756893056.533409,0.012342691421508789
1756893056.6506734,1756893056.6570888,0.006415367126464844
1756893056.748747,1756893056.7551596,0.006412506103515625
1756893056.9502337,1756893056.9565632,0.006329536437988281
1756893057.1054463,1756893057.1115832,0.006136894226074219
1756893057.258826,1756893057.266735,0.007909059524536133
1756893057.4488137,1756893057.454912,0.006098270416259766
1756893057.5453362,1756893057.5530972,0.0077610015869140625
1756893057.736318,1756893057.7439845,0.007666349411010742
1756893057.84013,1756893057.8516462,0.011516094207763672
1756893058.0394592,1756893058.0457413,0.00628209114074707
1756893058.1400306,1756893058.1481423,0.008111715316772461
1756893058.356716,1756893058.3633077,0.006591796875
1756893058.4883182,1756893058.4978886,0.00957036018371582
1756893058.6722429,1756893058.6785765,0.006333589553833008
1756893058.787877,1756893058.7981935,0.01031637191772461
1756893058.9756672,1756893058.981984,0.006316661834716797
1756893059.0766573,1756893059.0836759,0.007018566131591797
1756893059.2672622,1756893059.274997,0.007734775543212891
1756893059.3720653,1756893059.3787165,0.006651163101196289
1756893059.560189,1756893059.5666528,0.006463766098022461
1756893059.6625776,1756893059.6705306,0.00795292854309082
1756893059.8519394,1756893059.8595512,0.007611751556396484
1756893059.956959,1756893059.968972,0.012012958526611328
1756893060.157565,1756893060.1651971,0.007632017135620117
1756893060.2676475,1756893060.274156,0.006508588790893555
1756893060.4562387,1756893060.462566,0.006327152252197266
1756893060.555439,1756893060.5618858,0.00644683837890625
1756893060.7434273,1756893060.7495959,0.0061686038970947266
1756893060.8475797,1756893060.8556304,0.008050680160522461
1756893061.034581,1756893061.0414808,0.006899833679199219
1756893061.1380856,1756893061.1447227,0.006637096405029297
1756893061.3245397,1756893061.3308096,0.006269931793212891
1756893061.4324052,1756893061.444087,0.011681795120239258
1756893061.6253695,1756893061.6318161,0.0064465999603271484
1756893061.7336018,1756893061.739962,0.006360292434692383
1756893061.9231024,1756893061.9294164,0.00631403923034668
1756893062.0686805,1756893062.077983,0.009302377700805664
1756893062.2575269,1756893062.2645872,0.00706028938293457
1756893062.3679478,1756893062.3798485,0.011900663375854492
1756893062.5592227,1756893062.5656064,0.006383657455444336
1756893062.7114193,1756893062.7179842,0.0065648555755615234
1756893062.810937,1756893062.8178592,0.006922245025634766
1756893063.106281,1756893063.1128488,0.006567716598510742
1756893063.2129257,1756893063.224705,0.011779308319091797
1756893063.4024835,1756893063.4088752,0.006391763687133789
1756893063.5100687,1756893063.5166073,0.0065386295318603516
1756893063.6983645,1756893063.704582,0.006217479705810547
1756893063.7997584,1756893063.8103225,0.010564088821411133
1756893064.0045414,1756893064.0109088,0.00636744499206543
1756893064.1056228,1756893064.1125064,0.0068836212158203125
1756893064.3040786,1756893064.3106833,0.006604671478271484
1756893064.414846,1756893064.4212644,0.006418466567993164
1756893064.6082242,1756893064.614552,0.00632786750793457
1756893064.71119,1756893064.719403,0.008213043212890625
1756893064.9019067,1756893064.90917,0.00726318359375
1756893065.0099776,1756893065.0213304,0.011352777481079102
1756893065.2027042,1756893065.2104323,0.007728099822998047
1756893065.3096614,1756893065.3161936,0.006532192230224609
1756893065.495808,1756893065.5037873,0.007979393005371094
1756893065.6027627,1756893065.6093724,0.006609678268432617
1756893065.7916064,1756893065.7985406,0.006934165954589844
1756893065.8979905,1756893065.904445,0.0064544677734375
1756893066.085798,1756893066.0936108,0.007812738418579102
1756893066.1968665,1756893066.2035637,0.006697177886962891
1756893066.392055,1756893066.3988638,0.006808757781982422
1756893066.4977329,1756893066.5043097,0.0065767765045166016
1756893066.6952298,1756893066.7015283,0.006298542022705078
1756893066.8050108,1756893066.812573,0.007562160491943359
1756893067.0111735,1756893067.0175624,0.00638890266418457
1756893067.1179676,1756893067.1290917,0.011124134063720703
1756893067.3196826,1756893067.3268845,0.0072019100189208984
1756893067.4228969,1756893067.4294171,0.006520271301269531
1756893067.6561332,1756893067.6643977,0.008264541625976562
1756893067.783446,1756893067.7902124,0.006766319274902344
1756893067.969182,1756893067.975681,0.006499052047729492
1756893068.085008,1756893068.0914605,0.0064525604248046875
1756893068.2713563,1756893068.2781453,0.006788969039916992
1756893068.411866,1756893068.4183924,0.006526470184326172
1756893068.5099494,1756893068.5166576,0.0067081451416015625
1756893068.7282515,1756893068.7347202,0.006468772888183594
1756893068.8269703,1756893068.833571,0.006600618362426758
1756893069.0688992,1756893069.0752265,0.006327390670776367
1756893069.1680613,1756893069.176855,0.008793830871582031
1756893069.4621043,1756893069.4698246,0.007720232009887695
1756893069.5654273,1756893069.5719233,0.006495952606201172
1756893069.7583299,1756893069.7660189,0.007688999176025391
1756893069.863591,1756893069.8699722,0.00638127326965332
1756893070.064311,1756893070.0705109,0.006199836730957031
1756893070.1670067,1756893070.1736355,0.006628751754760742
1756893070.3736913,1756893070.3799992,0.006307840347290039
1756893070.569424,1756893070.5758557,0.0064318180084228516
1756893070.6737173,1756893070.6818666,0.008149385452270508
1756893070.866989,1756893070.8746724,0.007683515548706055
1756893070.9797359,1756893070.9889932,0.009257316589355469
1756893071.1653132,1756893071.1738915,0.008578300476074219
1756893071.2708426,1756893071.2771888,0.006346225738525391
1756893071.482035,1756893071.488322,0.006287097930908203
1756893071.5927007,1756893071.6002903,0.007589578628540039
1756893071.7841263,1756893071.790313,0.006186723709106445
1756893071.885963,1756893071.8924341,0.006471157073974609
1756893072.0760772,1756893072.0834534,0.007376194000244141
1756893072.1838825,1756893072.19164,0.007757425308227539
1756893072.376517,1756893072.3848166,0.008299589157104492
1756893072.4921205,1756893072.4985878,0.006467342376708984
1756893072.700233,1756893072.706393,0.00616002082824707
1756893072.7991762,1756893072.8051965,0.006020307540893555
1756893073.00602,1756893073.0125208,0.006500720977783203
1756893073.1436377,1756893073.1499786,0.006340980529785156
1756893073.323116,1756893073.333947,0.010830879211425781
1756893073.4621592,1756893073.472126,0.009966850280761719
1756893073.568019,1756893073.5750663,0.007047414779663086
1756893073.786119,1756893073.792748,0.006628990173339844
1756893073.888795,1756893073.8952384,0.006443500518798828
1756893074.1428254,1756893074.1510155,0.008190155029296875
1756893074.261754,1756893074.2717636,0.010009527206420898
1756893074.4723465,1756893074.4783971,0.006050586700439453
1756893074.571505,1756893074.5776255,0.006120443344116211
1756893074.763812,1756893074.7699325,0.006120443344116211
1756893074.8886957,1756893074.8997355,0.01103973388671875
1756893075.0989308,1756893075.105461,0.006530046463012695
1756893075.2225308,1756893075.2299643,0.007433414459228516
1756893075.4366186,1756893075.442809,0.00619053840637207
1756893075.5573304,1756893075.5636423,0.006311893463134766
1756893075.7519786,1756893075.758304,0.006325483322143555
1756893075.8542085,1756893075.8612332,0.0070247650146484375
1756893076.0486863,1756893076.0550392,0.006352901458740234
1756893076.2366173,1756893076.2425992,0.005981922149658203
1756893076.3560007,1756893076.3663418,0.010341167449951172
1756893076.5401182,1756893076.5463965,0.006278276443481445
1756893076.6470687,1756893076.657492,0.01042318344116211
1756893076.83586,1756893076.843803,0.007942914962768555
1756893076.9436889,1756893076.9526198,0.00893092155456543
1756893077.1345325,1756893077.1419885,0.007456064224243164
1756893077.240206,1756893077.2511034,0.010897397994995117
1756893077.4397995,1756893077.4458783,0.0060787200927734375
1756893077.5628047,1756893077.5733435,0.010538816452026367
1756893077.7538524,1756893077.7611628,0.007310390472412109
1756893077.8608735,1756893077.8692055,0.008332014083862305
1756893078.047681,1756893078.0546787,0.006997585296630859
1756893078.1674292,1756893078.1733565,0.005927324295043945
1756893078.3460693,1756893078.3535452,0.007475852966308594
1756893078.4520276,1756893078.4590192,0.00699162483215332
1756893078.6340203,1756893078.6400852,0.006064891815185547
1756893078.738078,1756893078.7452102,0.007132053375244141
1756893078.9300234,1756893078.9372306,0.007207155227661133
1756893079.0951936,1756893079.1013107,0.006117105484008789
1756893079.196991,1756893079.2032735,0.0062825679779052734
1756893079.3917334,1756893079.3975432,0.005809783935546875
1756893079.4906263,1756893079.496681,0.00605463981628418
1756893079.7229025,1756893079.7303042,0.007401704788208008
1756893079.8300095,1756893079.839423,0.009413480758666992
1756893080.1226597,1756893080.1301112,0.007451534271240234
1756893080.247548,1756893080.255757,0.008208990097045898
1756893080.429354,1756893080.4355185,0.00616455078125
1756893080.529325,1756893080.535272,0.0059468746185302734
1756893080.7222967,1756893080.728167,0.005870342254638672
1756893080.8320715,1756893080.8385794,0.00650787353515625
1756893081.021873,1756893081.0286484,0.006775379180908203
1756893081.1203408,1756893081.1267004,0.006359577178955078
1756893081.3245077,1756893081.3304098,0.00590205192565918
1756893081.4208896,1756893081.4267719,0.00588226318359375
1757001467.9732985,1757001467.9833941,0.010095596313476562
1757001468.2260494,1757001468.232349,0.006299495697021484
1757001468.4853017,1757001468.491407,0.006105184555053711
1757001468.6804364,1757001468.687005,0.0065686702728271484
1757001468.8773522,1757001468.883907,0.006554841995239258
1757001469.0778098,1757001469.0843816,0.006571769714355469
1757001469.277905,1757001469.283463,0.005558013916015625
1757001469.4807675,1757001469.4862943,0.00552678108215332
1757001469.6876547,1757001469.6941378,0.0064830780029296875
1757001469.9452782,1757001469.950679,0.005400896072387695
1757001470.1381385,1757001470.1473916,0.00925302505493164
1757001470.3382063,1757001470.3448527,0.006646394729614258
1757001470.5382836,1757001470.5448213,0.006537675857543945
1757001470.732799,1757001470.7386923,0.005893230438232422
1757001470.9375868,1757001470.944188,0.0066013336181640625
1757001471.1435993,1757001471.150231,0.006631612777709961
1757001471.3442845,1757001471.3508718,0.00658726692199707
1757001471.6016555,1757001471.608059,0.006403446197509766
1757001471.8044305,1757001471.8106816,0.006251096725463867
1757001472.0028374,1757001472.009414,0.0065765380859375
1757001472.2056596,1757001472.2121458,0.006486177444458008
1757001472.4027123,1757001472.4092216,0.006509304046630859
1757001472.5994246,1757001472.6057267,0.0063021183013916016
1757001472.7934222,1757001472.7998242,0.006402015686035156
1757001473.0423307,1757001473.0488868,0.006556034088134766
1757001473.233033,1757001473.239478,0.006445169448852539
1757001473.4413052,1757001473.4477742,0.006469011306762695
1757001473.6358392,1757001473.6423342,0.006494998931884766
1757001473.8308253,1757001473.8372967,0.006471395492553711
1757001474.0350773,1757001474.0416367,0.0065593719482421875
1757001474.2373767,1757001474.2439613,0.006584644317626953
1757001474.48233,1757001474.4889183,0.0065882205963134766
1757001474.677137,1757001474.683741,0.006604194641113281
1757001561.1951067,1757001561.2008276,0.005720853805541992
1757001561.4438488,1757001561.4507334,0.006884574890136719
1757001561.7083952,1757001561.7140777,0.005682468414306641
1757001561.9073894,1757001561.9143631,0.006973743438720703
1757001562.108535,1757001562.1154015,0.006866455078125
1757001562.3111842,1757001562.3168752,0.005691051483154297
1757001562.5164375,1757001562.5229568,0.006519317626953125
1757001562.7168496,1757001562.723724,0.0068743228912353516
1757001562.919197,1757001562.9259727,0.006775617599487305
1757001563.1256971,1757001563.1326103,0.006913185119628906
1757001563.3941514,1757001563.4000669,0.005915403366088867
1757001563.5933213,1757001563.5990071,0.0056858062744140625
1757001563.7899504,1757001563.7955453,0.005594968795776367
1757001563.9986277,1757001564.0055478,0.0069200992584228516
1757001564.1981719,1757001564.2051306,0.006958723068237305
1757001564.4099002,1757001564.4168346,0.006934404373168945
1757001564.6116066,1757001564.6172767,0.005670070648193359
1757001564.865639,1757001564.8725767,0.006937742233276367
1757001565.0686622,1757001565.0755374,0.006875276565551758
1757001565.2670588,1757001565.2738216,0.00676274299621582
1757001565.4751673,1757001565.481861,0.006693840026855469
1757001565.678931,1757001565.685793,0.00686192512512207
1757001565.8825765,1757001565.889547,0.006970643997192383
1757001566.0816672,1757001566.088573,0.006905794143676758
1757001566.2953484,1757001566.3021486,0.006800174713134766
1757001566.5515535,1757001566.5578363,0.006282806396484375
1757001566.7468367,1757001566.7536063,0.006769657135009766
1757001566.950867,1757001566.9575763,0.00670933723449707
1757001567.1439033,1757001567.150703,0.0067996978759765625
1757001567.3455486,1757001567.3550406,0.009491920471191406
1757001567.5488632,1757001567.5557888,0.0069255828857421875
1757001567.751666,1757001567.7612987,0.009632587432861328
1757001568.0044327,1757001568.0113935,0.006960868835449219
1757001568.2016904,1757001568.211058,0.00936746597290039
1757001568.4014008,1757001568.4084206,0.007019758224487305
1757001798.3735554,1757001798.3794494,0.0058939456939697266
1757001798.6217434,1757001798.628254,0.006510496139526367
1757001798.8815658,1757001798.8884132,0.006847381591796875
1757001799.0814884,1757001799.0883203,0.0068318843841552734
1757001799.280275,1757001799.285945,0.005669832229614258
1757001799.4811382,1757001799.4880376,0.006899356842041016
1757001799.6817095,1757001799.6886368,0.0069272518157958984
1757001799.890176,1757001799.896919,0.006742954254150391
1757001800.0898504,1757001800.0967326,0.006882190704345703
1757001800.2888842,1757001800.2956629,0.006778717041015625
1757001800.5528316,1757001800.558723,0.005891323089599609
1757001800.7683654,1757001800.7744029,0.006037473678588867
1757001800.9723508,1757001800.978563,0.0062122344970703125
1757001801.1733902,1757001801.1803446,0.0069544315338134766
1757001801.3700254,1757001801.3768344,0.0068089962005615234
1757001801.5719771,1757001801.5778139,0.0058367252349853516
1757001801.7793856,1757001801.78627,0.006884336471557617
1757001802.0297225,1757001802.036668,0.006945610046386719
1757001802.2301767,1757001802.2370095,0.00683283805847168
1757001802.4269986,1757001802.433935,0.006936311721801758
1757001802.6259081,1757001802.6316094,0.005701303482055664
1757001802.821686,1757001802.8281054,0.00641942024230957
1757001803.0190525,1757001803.0254526,0.006400108337402344
1757001803.2399101,1757001803.2457037,0.005793571472167969
1757001803.4921546,1757001803.4985373,0.00638270378112793
1757001803.688803,1757001803.6957996,0.006996631622314453
1757001803.8850033,1757001803.8919148,0.006911516189575195
1757001804.0831244,1757001804.089251,0.0061266422271728516
1757001804.2817106,1757001804.2874076,0.005697011947631836
1757001804.4801486,1757001804.4869967,0.00684809684753418
1757001804.688703,1757001804.6956968,0.006993770599365234
1757001804.8844013,1757001804.8901649,0.005763530731201172
1757002049.8411698,1757002049.848086,0.0069162845611572266
1757002050.3901124,1757002050.3980274,0.007915019989013672
1757002050.8241813,1757002050.8320882,0.007906913757324219
1757002051.2605264,1757002051.2673361,0.006809711456298828
1757002051.6799178,1757002051.687849,0.007931232452392578
1757002052.1068137,1757002052.11482,0.00800633430480957
1757002052.5991247,1757002052.6072943,0.00816965103149414
1757002053.0357249,1757002053.0477712,0.012046337127685547
1757002053.4785428,1757002053.4865978,0.008054971694946289
1757002053.908341,1757002053.9163592,0.008018255233764648
1757002054.3809993,1757002054.3881664,0.00716710090637207
1757002054.8028464,1757002054.8094308,0.0065844058990478516
1757002055.2203548,1757002055.2278678,0.0075130462646484375
1757002055.6471176,1757002055.6537392,0.006621599197387695
1757002056.0771978,1757002056.0852141,0.008016347885131836
1757002056.5022254,1757002056.5105994,0.00837397575378418
1757002056.9752338,1757002056.9831965,0.007962703704833984
1757002057.4170215,1757002057.4248922,0.007870674133300781
1757002057.8347638,1757002057.8417172,0.00695347785949707
1757002058.257599,1757002058.2647524,0.00715327262878418
1757002058.8937798,1757002058.9003882,0.006608486175537109
1757002059.5910573,1757002059.5979445,0.006887197494506836
1757002060.2205179,1757002060.2278037,0.0072858333587646484
1757002060.8596234,1757002060.8671756,0.007552146911621094
1757002061.2926362,1757002061.3039677,0.011331558227539062
1757002061.780117,1757002061.7915711,0.011454105377197266
1757002062.2328103,1757002062.2395537,0.006743431091308594
1757002063.0948858,1757002063.1030037,0.008117914199829102
1757002063.7221413,1757002063.7300894,0.007948160171508789
1757002064.1442504,1757002064.1524692,0.008218765258789062
1757002064.827894,1757002064.8358285,0.0079345703125
1757002065.2479236,1757002065.2547364,0.0068128108978271484
1757002065.672519,1757002065.6804519,0.007932901382446289
1757002066.3008728,1757002066.3087163,0.007843494415283203
1757002066.7296116,1757002066.740744,0.011132478713989258
1757002067.423194,1757002067.4347937,0.01159977912902832
1757002068.0761404,1757002068.084293,0.008152484893798828
1757002068.5094624,1757002068.520948,0.011485576629638672
1757002069.1384938,1757002069.1450665,0.006572723388671875
1757002069.833557,1757002069.8410683,0.0075113773345947266
1757002070.2652998,1757002070.273261,0.007961273193359375
1757002070.9077306,1757002070.914495,0.006764411926269531
1757002071.3500876,1757002071.356762,0.006674289703369141
1757002071.76823,1757002071.7753303,0.007100343704223633
1757002072.2483428,1757002072.2560313,0.0076885223388671875
1757002072.6789827,1757002072.6856441,0.006661415100097656
1757002073.1351044,1757002073.142273,0.00716853141784668
1757002073.573144,1757002073.5812993,0.008155345916748047
1757002073.9988406,1757002074.0068889,0.008048295974731445
1757002074.4494674,1757002074.4574258,0.007958412170410156
1757002074.9392686,1757002074.946916,0.007647514343261719
1757002075.3784196,1757002075.3895292,0.011109590530395508
1757002076.0588636,1757002076.0671144,0.008250713348388672
1757002076.7138073,1757002076.7219963,0.008188962936401367
1757002077.1977088,1757002077.2057495,0.008040666580200195
1757002115.8440938,1757002115.85227,0.008176088333129883
1757002116.3782828,1757002116.3860025,0.007719755172729492
1757002116.7974625,1757002116.8053918,0.007929325103759766
1757002126.0538704,1757002126.0608833,0.007012844085693359
1757002126.5932164,1757002126.6003833,0.007166862487792969
1757002127.0247703,1757002127.0314405,0.006670236587524414
1757002127.442501,1757002127.4490695,0.006568431854248047
1757002127.872547,1757002127.8790922,0.006545305252075195
1757002128.3145072,1757002128.3210416,0.0065343379974365234
1757002128.783943,1757002128.7911847,0.007241725921630859
1757002129.2094207,1757002129.2207818,0.011361122131347656
1757002129.636156,1757002129.6474488,0.011292695999145508
1757002130.0615065,1757002130.0727632,0.011256694793701172
1757002130.4998014,1757002130.5110848,0.011283397674560547
1757002130.9437592,1757002130.9560685,0.01230931282043457
1757002131.389226,1757002131.4005775,0.011351585388183594
1757002131.8662262,1757002131.8775363,0.011310100555419922
1757002132.2983072,1757002132.3095894,0.011282205581665039
1757002132.7206838,1757002132.732009,0.01132512092590332
1757002133.1567113,1757002133.1680264,0.011315107345581055
1757002133.5811446,1757002133.5892093,0.008064746856689453
1757002134.0596457,1757002134.0674686,0.007822990417480469
1757002134.4866352,1757002134.4944115,0.0077762603759765625
1757002135.1137645,1757002135.1215873,0.007822751998901367
1757002135.7504163,1757002135.7587447,0.008328437805175781
1757002136.4309301,1757002136.43757,0.006639957427978516
1757002137.050714,1757002137.0587409,0.008026838302612305
1757002137.467346,1757002137.4753711,0.008025169372558594
1757002137.8825705,1757002137.89069,0.008119583129882812
1757002138.3008978,1757002138.3080812,0.0071833133697509766
1757002139.1312406,1757002139.138811,0.007570505142211914
1757002139.8084748,1757002139.8194997,0.011024951934814453
1757002140.2713828,1757002140.2794607,0.008077859878540039
1757002140.911667,1757002140.9229286,0.011261463165283203
1757002141.3395817,1757002141.3505824,0.011000633239746094
1757002141.76268,1757002141.773814,0.011133909225463867
1757002142.4301114,1757002142.437802,0.0076906681060791016
1757002142.840396,1757002142.8481998,0.007803916931152344
1757002143.4742799,1757002143.485723,0.011443138122558594
1757002144.1017013,1757002144.1129127,0.011211395263671875
1757002144.5253634,1757002144.5335057,0.008142232894897461
1757002145.2292426,1757002145.2374742,0.008231639862060547
1757002145.8640258,1757002145.8720186,0.007992744445800781
1757002146.2882226,1757002146.296241,0.00801849365234375
1757002146.9141195,1757002146.9221966,0.008077144622802734
1757002147.336747,1757002147.344617,0.007869958877563477
1757002147.8020263,1757002147.8100452,0.008018970489501953
1757002148.2178016,1757002148.2255874,0.007785797119140625
1757002148.642565,1757002148.6496158,0.007050752639770508
1757002149.0648632,1757002149.072396,0.007532835006713867
1757002149.4984002,1757002149.5057423,0.007342100143432617
1757002149.965871,1757002149.9727018,0.006830692291259766
1757002150.3799407,1757002150.3880942,0.008153438568115234
1757002150.8007374,1757002150.8077822,0.007044792175292969
1757002151.228173,1757002151.2350101,0.006837129592895508
1757002151.860748,1757002151.8680139,0.007265806198120117
1757002660.036018,1757002660.0428457,0.006827831268310547
1757002660.5842488,1757002660.5921967,0.007947921752929688
1757002661.0241268,1757002661.032037,0.00791025161743164
1757002661.452714,1757002661.459399,0.006685018539428711
1757002661.8747516,1757002661.8814354,0.006683826446533203
1757002662.294831,1757002662.3014815,0.006650447845458984
1757002662.8247514,1757002662.8329487,0.008197307586669922
1757002663.2923875,1757002663.300551,0.0081634521484375
1757002663.718438,1757002663.7265477,0.008109807968139648
1757002664.16992,1757002664.1779056,0.007985591888427734
1757002664.6223354,1757002664.6339736,0.011638164520263672
1757002667.2884712,1757002667.2969608,0.008489608764648438
1757002667.838929,1757002667.84715,0.008221149444580078
1757002668.4084055,1757002668.4165483,0.008142709732055664
1757002668.8949249,1757002668.9074163,0.012491464614868164
1757002669.480425,1757002669.4884417,0.008016824722290039
1757002669.9505343,1757002669.9590461,0.008511781692504883
1757002670.682154,1757002670.6899486,0.007794618606567383
1757002671.3859758,1757002671.3939188,0.007942914962768555
1757002672.0824633,1757002672.0904052,0.007941961288452148
1757002672.7689743,1757002672.7769847,0.008010387420654297
1757002673.5293286,1757002673.5376835,0.008354902267456055
1757002674.027854,1757002674.036218,0.008363962173461914
1757002674.5959172,1757002674.604422,0.008504867553710938
1757002675.0785255,1757002675.086721,0.00819540023803711
1757002823.3907697,1757002823.397576,0.006806373596191406
1757002823.6570232,1757002823.6682172,0.011193990707397461
1757002823.9164152,1757002823.927595,0.011179685592651367
1757002824.11759,1757002824.1271405,0.00955057144165039
1757002824.3160808,1757002824.3239894,0.00790858268737793
1757002824.517809,1757002824.5254781,0.007669210433959961
1757002824.720193,1757002824.7265728,0.006379842758178711
1757002824.9205916,1757002824.9283214,0.007729768753051758
1757002825.1704228,1757002825.178102,0.0076792240142822266
1757002825.3652296,1757002825.3729415,0.007711887359619141
1757002825.6054435,1757002825.6138258,0.008382320404052734
1757002825.8098502,1757002825.816315,0.006464719772338867
1757002826.0290987,1757002826.0416915,0.012592792510986328
1757002826.2457182,1757002826.2568357,0.01111745834350586
1757002826.4519818,1757002826.4586072,0.00662541389465332
1757002826.7289493,1757002826.7369134,0.007964134216308594
1757002826.936996,1757002826.9446871,0.007691144943237305
1757002827.1499288,1757002827.1563454,0.0064165592193603516
1757002829.5025768,1757002829.508965,0.006388187408447266
1757002829.7446544,1757002829.7562704,0.011615991592407227
1757002830.088576,1757002830.0970428,0.008466720581054688
1757002830.3478906,1757002830.3558145,0.00792384147644043
1757002830.725298,1757002830.7332027,0.007904767990112305
1757002830.9644666,1757002830.9740498,0.009583234786987305
1757002831.2966557,1757002831.3045986,0.007942914962768555
1757002831.5608633,1757002831.5685325,0.007669210433959961
1757002831.801935,1757002831.8126612,0.010726213455200195
1757002832.2329936,1757002832.240733,0.00773930549621582
1757002832.5680008,1757002832.5742216,0.006220817565917969
1757002832.8023527,1757002832.808636,0.006283283233642578
1757002833.139838,1757002833.1477504,0.007912397384643555
1757002833.3779137,1757002833.384038,0.006124258041381836
1757002833.7317693,1757002833.7384663,0.006696939468383789
1757002833.9768581,1757002833.9847274,0.007869243621826172
1757002834.417393,1757002834.4240274,0.00663447380065918
1757002834.7593517,1757002834.7657251,0.006373405456542969
1757002835.0180736,1757002835.0260272,0.007953643798828125
1757002835.353697,1757002835.361497,0.007799863815307617
1757002835.600828,1757002835.6130586,0.012230634689331055
1757002835.9316268,1757002835.9393797,0.007752895355224609
1757002836.239806,1757002836.24744,0.007634162902832031
1757002836.5520947,1757002836.5588923,0.0067975521087646484
1757002836.81127,1757002836.8183088,0.00703883171081543
1757002837.1478403,1757002837.1557584,0.007918119430541992
1757002837.4047167,1757002837.4124675,0.007750749588012695
1757002837.7358925,1757002837.74356,0.00766754150390625
1757002837.9792407,1757002837.987115,0.007874250411987305
1757002838.4132504,1757002838.4196928,0.00644230842590332
1757002838.716781,1757002838.7249544,0.008173465728759766
1757002838.9764318,1757002838.9839065,0.007474660873413086
1757002839.3165054,1757002839.3230624,0.006556987762451172
1757002839.564957,1757002839.5717466,0.006789684295654297
1757002839.8757637,1757002839.8834107,0.007647037506103516
1757002840.2184417,1757002840.2294643,0.011022567749023438
1757002840.5243578,1757002840.53266,0.00830221176147461
1757002840.8434138,1757002840.854484,0.01107025146484375
1757002841.0990713,1757002841.1102397,0.011168479919433594
1757002841.4165936,1757002841.4275048,0.010911226272583008
1757002841.691664,1757002841.6993804,0.00771641731262207
1757002842.0179114,1757002842.025747,0.007835626602172852
1757002842.3422587,1757002842.350928,0.008669376373291016
1757002842.6411908,1757002842.6519294,0.010738611221313477
1757002842.9200895,1757002842.9264803,0.006390810012817383
1757002843.2403164,1757002843.2467272,0.006410837173461914
1757002843.482724,1757002843.4900303,0.007306337356567383
1757002843.8362336,1757002843.8441725,0.007938861846923828
1757002844.1771667,1757002844.1844673,0.007300615310668945
1757002844.4834433,1757002844.4919589,0.008515596389770508
1757002844.801383,1757002844.8076782,0.006295204162597656
1757002845.0479376,1757002845.056297,0.008359432220458984
1757002845.3831854,1757002845.3909698,0.007784366607666016
1757002845.6632345,1757002845.6711752,0.00794076919555664
1757002845.9038527,1757002845.9103663,0.0065135955810546875
1757002846.2375972,1757002846.2454824,0.007885217666625977
1757002846.6163783,1757002846.6242461,0.007867813110351562
1757002846.849868,1757002846.8563983,0.006530284881591797
1757002847.2727563,1757002847.2805114,0.0077550411224365234
1757002847.51782,1757002847.5266473,0.008827447891235352
1757002847.83358,1757002847.8415017,0.007921695709228516
1757002848.095182,1757002848.1032917,0.008109807968139648
1757002848.4676218,1757002848.4744534,0.006831645965576172
1757002848.7272213,1757002848.734745,0.007523775100708008
1757002848.9547946,1757002848.9623861,0.0075914859771728516
1757002849.3743377,1757002849.3812199,0.006882190704345703
1757002849.6467052,1757002849.6545482,0.007843017578125
1757002849.8866823,1757002849.8931825,0.006500244140625
1757002850.2261796,1757002850.2340887,0.007909059524536133
1757002850.6064975,1757002850.614399,0.007901430130004883
1757002850.8376958,1757002850.8451693,0.007473468780517578
1757002851.2811406,1757002851.2888672,0.0077266693115234375
1757002851.5440652,1757002851.5518365,0.00777125358581543
1757002851.865347,1757002851.8731804,0.007833480834960938
1757002852.1202066,1757002852.1281378,0.007931232452392578
1757002852.4552615,1757002852.4627836,0.007522106170654297
1757002852.7588122,1757002852.7706897,0.01187753677368164
1757002853.0792787,1757002853.0868757,0.0075969696044921875
1757002853.3234146,1757002853.33521,0.011795520782470703
1757002853.6647773,1757002853.6721165,0.0073392391204833984
1757002853.9012642,1757002853.9089253,0.007661104202270508
1757002854.2174315,1757002854.2256086,0.008177042007446289
1757002854.6085823,1757002854.616261,0.0076787471771240234
1757002854.859757,1757002854.8680036,0.008246660232543945
1757002855.2122107,1757002855.219903,0.0076923370361328125
1757002855.5284333,1757002855.5365484,0.008115053176879883
1757002855.8522635,1757002855.8599079,0.0076444149017333984
1757002856.1029377,1757002856.1156888,0.012751102447509766
1757002856.426464,1757002856.4338927,0.007428646087646484
1757002856.7909024,1757002856.7987034,0.007801055908203125
1757002857.0511713,1757002857.0619028,0.01073145866394043
1757002857.408672,1757002857.4165888,0.007916688919067383
1757002857.6688004,1757002857.6752255,0.006425142288208008
1757002858.001516,1757002858.0079272,0.006411075592041016
1757002858.2647698,1757002858.272703,0.00793313980102539
1757002858.6528866,1757002858.660609,0.007722377777099609
1757002858.8996155,1757002858.9061077,0.006492137908935547
1757002859.217755,1757002859.22586,0.008105039596557617
1757002859.4601388,1757002859.4669328,0.006793975830078125
1757002859.8002157,1757002859.8078792,0.0076634883880615234
1757002860.0391614,1757002860.0457413,0.006579875946044922
1757002860.3506296,1757002860.3581705,0.00754094123840332
1757002860.727163,1757002860.7350948,0.007931709289550781
1757002860.9918299,1757002861.0029426,0.011112689971923828
1757002861.3200495,1757002861.331032,0.010982513427734375
1757002861.5692613,1757002861.5806906,0.011429309844970703
1757002861.9172242,1757002861.9245589,0.007334709167480469
1757002862.1724086,1757002862.1830678,0.010659217834472656
1757002862.6347587,1757002862.6424904,0.00773167610168457
1757002862.938817,1757002862.944975,0.006157875061035156
1757002863.1737454,1757002863.1833415,0.009596109390258789
1757002969.245489,1757002969.2523987,0.006909847259521484
1757002969.8050568,1757002969.8115737,0.006516933441162109
1757002970.2285013,1757002970.236398,0.007896661758422852
1757002970.6478148,1757002970.65574,0.007925271987915039
1757002971.0998888,1757002971.106488,0.0065991878509521484
1757002971.550784,1757002971.5574684,0.006684303283691406
1757002972.0442352,1757002972.0525074,0.008272171020507812
1757002972.4780254,1757002972.4860578,0.00803232192993164
1757002972.9506874,1757002972.9586198,0.007932424545288086
1757002975.5057602,1757002975.513994,0.008233785629272461
1757002976.0554338,1757002976.0634708,0.008037090301513672
1757002976.547709,1757002976.5559022,0.008193254470825195
1757002977.1641436,1757002977.1720552,0.00791168212890625
1757002977.6538153,1757002977.6619291,0.008113861083984375
1757002978.2197342,1757002978.22777,0.008035898208618164
1757002978.8110304,1757002978.817682,0.006651639938354492
1757002979.283469,1757002979.29474,0.011270999908447266
1757002979.908871,1757002979.9171045,0.00823354721069336
1757002980.629062,1757002980.6371408,0.008078813552856445
1757002981.353383,1757002981.3617318,0.008348703384399414
1757002982.0507505,1757002982.0588024,0.008051872253417969
1757002982.820783,1757002982.829078,0.008295059204101562
1757002983.327927,1757002983.3362446,0.00831747055053711
1757002983.921782,1757002983.929948,0.008166074752807617
1757002984.4356413,1757002984.4437964,0.008155107498168945
1757002985.3902245,1757002985.401663,0.011438608169555664
1757002986.0946376,1757002986.102403,0.007765293121337891
1757002986.5801272,1757002986.5885384,0.008411169052124023
1757002987.4769642,1757002987.4849916,0.008027315139770508
1757002987.9693472,1757002987.97749,0.008142709732055664
1757002988.7708094,1757002988.7789383,0.008128881454467773
1757002989.5227473,1757002989.530607,0.00785970687866211
1757002990.0018508,1757002990.0098379,0.007987022399902344
1757002990.7574024,1757002990.765308,0.00790548324584961
1757002991.4589894,1757002991.4671829,0.008193492889404297
1757002991.9840174,1757002991.9922302,0.008212804794311523
1757002992.748632,1757002992.7568195,0.008187532424926758
1757002993.4476316,1757002993.4559202,0.00828862190246582
1757002994.0283344,1757002994.0365517,0.008217334747314453
1757002994.7411427,1757002994.7526746,0.011531829833984375
1757002995.2647731,1757002995.2728932,0.008120059967041016
1757002995.8386238,1757002995.846804,0.00818014144897461
1757002996.3568122,1757002996.368065,0.011252880096435547
1757002997.3715053,1757002997.3796923,0.008187055587768555
1757002997.8346875,1757002997.8462768,0.011589288711547852
1757002998.507021,1757002998.5182974,0.011276483535766602
1757002999.0620925,1757002999.0704439,0.008351325988769531
1757002999.5424767,1757002999.5510519,0.008575201034545898
1757003000.3281748,1757003000.3396728,0.011497974395751953
1757003000.8887722,1757003000.9000115,0.011239290237426758
1757003001.7870457,1757003001.7984178,0.011372089385986328
1757003002.5657582,1757003002.5742886,0.008530378341674805
1757003003.0407321,1757003003.049068,0.00833582878112793
1757003004.1469536,1757003004.1550395,0.008085966110229492
1757003004.6279685,1757003004.636433,0.008464336395263672
1757003005.2291648,1757003005.2371478,0.007982969284057617
1757003005.8968387,1757003005.904701,0.007862329483032227
1757003006.5998166,1757003006.6076834,0.007866859436035156
1757003007.2922835,1757003007.2999675,0.007683992385864258
1757003008.4606242,1757003008.468618,0.007993698120117188
1757003009.1637092,1757003009.1715584,0.00784921646118164
1757003009.6485012,1757003009.659967,0.011465787887573242
1757003010.644509,1757003010.655666,0.011157035827636719
1757003011.3918686,1757003011.39958,0.0077114105224609375
1757003012.0740871,1757003012.0820293,0.00794219970703125
1757003012.9675152,1757003012.9753628,0.00784754753112793
1757003013.685137,1757003013.6930914,0.00795435905456543
1757003014.2561333,1757003014.2644343,0.008301019668579102
1757003014.7330422,1757003014.7403605,0.007318258285522461
1757003015.607075,1757003015.6150095,0.0079345703125
1757003016.0805523,1757003016.0886886,0.008136272430419922
1757003016.657078,1757003016.6638124,0.006734371185302734
1757003017.3102753,1757003017.3182175,0.00794219970703125
1757003017.9465852,1757003017.9546375,0.008052349090576172
1757003018.431005,1757003018.4392476,0.008242607116699219
1757003019.0170188,1757003019.0251036,0.008084774017333984
1757003019.5105686,1757003019.518922,0.008353471755981445
1757003020.0992239,1757003020.107365,0.008141040802001953
1757003020.8198345,1757003020.8279529,0.008118391036987305
1757003021.329709,1757003021.336451,0.006742000579833984
1757003021.8838642,1757003021.891863,0.007998943328857422
1757003022.5717182,1757003022.5798879,0.00816965103149414
1757003023.415651,1757003023.4271097,0.011458635330200195
1757003024.1204786,1757003024.1317763,0.01129770278930664
1757003024.8321424,1757003024.8438458,0.0117034912109375
1757003025.3383684,1757003025.346464,0.008095502853393555
1757003025.917717,1757003025.9258485,0.00813150405883789
1757003026.3990495,1757003026.4057422,0.006692647933959961
1757003027.3234859,1757003027.3315492,0.008063316345214844
1757003028.0153494,1757003028.0232859,0.007936477661132812
1757003028.716484,1757003028.7243595,0.007875442504882812
1757003029.6722755,1757003029.6802294,0.007953882217407227
1757003030.139641,1757003030.1474452,0.007804155349731445
1757003030.8184972,1757003030.8248954,0.006398200988769531
1757003031.6898022,1757003031.6976094,0.007807254791259766
1757003032.2304096,1757003032.240801,0.010391473770141602
1757003032.7914953,1757003032.8030562,0.011560916900634766
1757003033.6004426,1757003033.6080384,0.00759577751159668
1757003034.1015315,1757003034.108198,0.006666421890258789
1757003034.7733579,1757003034.780202,0.006844043731689453
1757003035.7151244,1757003035.7230186,0.007894277572631836
1757003036.2189496,1757003036.2270465,0.008096933364868164
1757003036.783,1757003036.789881,0.006880998611450195
1757003037.2559617,1757003037.2642548,0.00829315185546875
1757003037.8108695,1757003037.8174233,0.0065538883209228516
1757003038.3348496,1757003038.3431199,0.008270263671875
1757003039.2680166,1757003039.276084,0.00806736946105957
1757003039.7532086,1757003039.76141,0.008201360702514648
1757003040.321902,1757003040.3300042,0.008102178573608398
1757003041.0999417,1757003041.111759,0.011817216873168945
1757003041.7835977,1757003041.7920468,0.008449077606201172
1757003042.3943536,1757003042.402413,0.008059263229370117
1757003042.85717,1757003042.8635545,0.006384372711181641
1757003043.8357239,1757003043.843448,0.00772404670715332
1757003044.3223357,1757003044.330538,0.008202314376831055
1757003045.0949714,1757003045.102909,0.00793766975402832
1757003045.8369083,1757003045.8446841,0.007775783538818359
1757003046.3026757,1757003046.3090553,0.006379604339599609
1757003046.8862274,1757003046.8942902,0.00806283950805664
1757003047.3498132,1757003047.3563392,0.006525993347167969
1757003048.387829,1757003048.3958542,0.008025169372558594
1757003049.1043768,1757003049.1121972,0.007820367813110352
1757003049.789581,1757003049.7960951,0.006514072418212891
1757003050.4902756,1757003050.501256,0.010980367660522461
1757003051.03016,1757003051.0365238,0.006363868713378906
1757003051.640809,1757003051.648791,0.007982015609741211
1757003052.319517,1757003052.327379,0.007862091064453125
1757003052.8101592,1757003052.8181217,0.007962465286254883
1757003053.4147654,1757003053.426367,0.011601686477661133
1757003054.3105903,1757003054.3184447,0.007854461669921875
1757003054.8514237,1757003054.8579495,0.006525754928588867
1757003055.412407,1757003055.420556,0.008149147033691406
1757003056.2979305,1757003056.309014,0.011083602905273438
1757003056.7681243,1757003056.7761297,0.008005380630493164
1757003057.7790034,1757003057.7852743,0.006270885467529297
1757003058.286958,1757003058.2951286,0.008170604705810547
1757003058.9546807,1757003058.9625552,0.007874488830566406
1757003059.4313588,1757003059.4436183,0.012259483337402344
1757003060.4928508,1757003060.4994667,0.006615877151489258
1757003061.2681363,1757003061.2761054,0.007969141006469727
1757003061.8322017,1757003061.8402944,0.008092641830444336
1757003062.3226633,1757003062.3310902,0.008426904678344727
1757003062.8215306,1757003062.8332388,0.011708259582519531
1757003063.471234,1757003063.4794507,0.008216619491577148
1757003064.271295,1757003064.279143,0.007848024368286133
1757003064.964458,1757003064.9723494,0.007891416549682617
1757003065.6778247,1757003065.685999,0.00817418098449707
1757003066.442113,1757003066.4500651,0.007952213287353516
1757003066.9036756,1757003066.911945,0.008269548416137695
1757003067.4762263,1757003067.4827907,0.00656437873840332
1757003067.935652,1757003067.9436514,0.007999420166015625
1757003068.590926,1757003068.5988574,0.00793147087097168
1757003069.5559444,1757003069.5639381,0.007993698120117188
1757003070.2831166,1757003070.2909644,0.007847785949707031
1757003070.7624443,1757003070.7703483,0.007904052734375
1757003071.8416722,1757003071.8494914,0.007819175720214844
1757003072.3274555,1757003072.3351092,0.007653713226318359
1757003072.964159,1757003072.972035,0.007875919342041016
1757003073.6656492,1757003073.6733978,0.007748603820800781
1757003074.1427286,1757003074.1490626,0.006334066390991211
1757003074.9035764,1757003074.911569,0.007992744445800781
1757003075.6134465,1757003075.6199684,0.006521940231323242
1757003076.1417751,1757003076.1482077,0.006432533264160156
1757003076.8353667,1757003076.8433046,0.007937908172607422
1757003077.7511466,1757003077.758664,0.007517337799072266
1757003078.23063,1757003078.2370424,0.006412506103515625
1757003079.0656962,1757003079.0733395,0.007643222808837891
1757003079.5445545,1757003079.552421,0.007866621017456055
1757003080.135058,1757003080.1416602,0.006602287292480469
1757003080.6110723,1757003080.6190722,0.007999897003173828
1757003081.6148076,1757003081.6230304,0.008222818374633789
1757003082.091482,1757003082.1003,0.00881814956665039
1757003082.7143335,1757003082.7212143,0.006880760192871094
1757003083.5929818,1757003083.6013029,0.008321046829223633
1757003084.06945,1757003084.0764308,0.00698089599609375
1757003084.9828699,1757003084.9896724,0.006802558898925781
1757003085.6595776,1757003085.6668947,0.007317066192626953
1757003086.6486695,1757003086.6559522,0.007282733917236328
1757003087.5310752,1757003087.53796,0.00688481330871582
1757003088.2344768,1757003088.2411704,0.006693601608276367
1757003090.8871992,1757003090.8944051,0.007205963134765625
1757003093.000972,1757003093.0092723,0.008300304412841797
1757003094.8919697,1757003094.9002757,0.008306026458740234
1757003096.9217007,1757003096.9337924,0.012091636657714844
1757003099.4919198,1757003099.5001733,0.00825357437133789
1757003101.5920694,1757003101.6027093,0.01063990592956543
1757003103.09984,1757003103.1100488,0.010208845138549805
1757003105.356393,1757003105.3681364,0.011743307113647461
1757003107.382841,1757003107.3895063,0.006665229797363281
1757003110.092094,1757003110.0989392,0.006845235824584961
1757003111.5795474,1757003111.5865474,0.006999969482421875
1757003113.377123,1757003113.3850913,0.00796818733215332
1757003115.9141414,1757003115.9209328,0.006791353225708008
1757003117.9642344,1757003117.9725292,0.008294820785522461
1757003120.0979614,1757003120.1095061,0.01154470443725586
1757003122.421833,1757003122.4301343,0.008301258087158203
1757003124.4121006,1757003124.4202716,0.00817108154296875
1757003125.6885638,1757003125.6968338,0.008270025253295898
1757003128.023156,1757003128.03116,0.008004188537597656
1757003130.4036305,1757003130.411927,0.008296489715576172
1757003134.9740362,1757003134.9822118,0.00817561149597168
1757003136.908637,1757003136.916796,0.00815892219543457
1757003139.0381472,1757003139.0458424,0.007695198059082031
1757003140.968492,1757003140.975063,0.006571054458618164
1757003143.0707192,1757003143.0788436,0.008124351501464844
1757003145.5100245,1757003145.5185463,0.008521795272827148
1757003148.0019138,1757003148.01002,0.008106231689453125
1757003149.4870298,1757003149.4953582,0.008328437805175781
1757003152.1075659,1757003152.1154017,0.007835865020751953
1757003154.1310678,1757003154.1423507,0.011282920837402344
1757003155.9389722,1757003155.9498355,0.010863304138183594
1757003157.0591753,1757003157.0670831,0.007907867431640625
1757003158.2218661,1757003158.2301521,0.008285999298095703
1757003158.9114053,1757003158.9195192,0.008113861083984375
1757003160.045626,1757003160.053319,0.007693052291870117
1757003160.8226423,1757003160.8307583,0.008116006851196289
1757003161.7058184,1757003161.7136931,0.007874727249145508
1757003162.3848758,1757003162.3929756,0.008099794387817383
1757003163.1450284,1757003163.1526089,0.00758051872253418
1757003163.927655,1757003163.935345,0.007689952850341797
1757003164.8246245,1757003164.8324924,0.007867813110351562
1757003165.525819,1757003165.5338326,0.008013486862182617
1757003166.245737,1757003166.2519875,0.0062503814697265625
1757003167.435107,1757003167.441746,0.006639003753662109
1757003168.1781685,1757003168.1899261,0.011757612228393555
1757003168.9813447,1757003168.9895833,0.008238554000854492
1757003169.4750023,1757003169.483606,0.008603811264038086
1757003170.0425606,1757003170.0508816,0.008321046829223633
1757003170.7785153,1757003170.7851684,0.0066530704498291016
1757003171.2740726,1757003171.2826715,0.008598804473876953
1757003171.8538644,1757003171.8609838,0.007119417190551758
1757003172.706709,1757003172.714464,0.0077550411224365234
1757003173.2012045,1757003173.2090483,0.007843732833862305
1757003174.0019104,1757003174.0103614,0.008450984954833984
1757003174.5076747,1757003174.5144417,0.0067670345306396484
1757003175.2138324,1757003175.2220752,0.00824284553527832
1757003175.7590623,1757003175.765864,0.006801605224609375
1757003176.34634,1757003176.354538,0.008198022842407227
1757003176.8207078,1757003176.8342865,0.013578653335571289
1757003177.3951738,1757003177.403273,0.00809931755065918
1757003178.2820296,1757003178.2898762,0.007846593856811523
1757003179.0657907,1757003179.0739698,0.008179187774658203
1757003179.5436406,1757003179.5516047,0.007964134216308594
1757003180.10263,1757003180.1107373,0.008107423782348633
1757003180.5689712,1757003180.5773592,0.008388042449951172
1757003181.1228127,1757003181.1309366,0.00812387466430664
1757003181.5919597,1757003181.6000755,0.008115768432617188
1757003182.0742285,1757003182.0824337,0.008205175399780273
1757003182.5519133,1757003182.55967,0.007756710052490234
1757003183.0271895,1757003183.0352395,0.008049964904785156
1757003183.5173633,1757003183.5251145,0.0077512264251708984
1757003184.0548084,1757003184.0626154,0.007807016372680664
1757003184.5293753,1757003184.53609,0.006714582443237305
1757003184.996373,1757003185.004088,0.007714986801147461
1757003185.4617121,1757003185.4757385,0.014026403427124023
1757003185.9552388,1757003185.9619896,0.006750822067260742
1757003186.5188456,1757003186.5253131,0.006467580795288086
1757003186.9990425,1757003187.0062764,0.007233858108520508
1757003187.4845319,1757003187.4918025,0.0072705745697021484
1757003188.172433,1757003188.1802533,0.007820367813110352
1757003188.649353,1757003188.6570241,0.0076711177825927734
1757003189.2147713,1757003189.2231002,0.008328914642333984
1757003189.9184437,1757003189.9255807,0.0071370601654052734
1757003190.6125329,1757003190.620387,0.007854223251342773
1757003191.2876456,1757003191.295595,0.007949352264404297
1757003192.0307822,1757003192.0386171,0.007834911346435547
1757003192.5005152,1757003192.5085108,0.00799560546875
1757003192.972402,1757003192.9786832,0.006281137466430664
1757003193.4629822,1757003193.470942,0.007959842681884766
1757003194.1562312,1757003194.1639094,0.00767827033996582
1757003194.6395447,1757003194.6458936,0.006348848342895508
1757003195.387931,1757003195.3958259,0.007894754409790039
1757003195.8631256,1757003195.8711858,0.008060216903686523
1757003196.3236766,1757003196.3315496,0.007873058319091797
1757003197.0176785,1757003197.0252402,0.007561683654785156
1757003197.7694004,1757003197.7774687,0.008068323135375977
1757003198.2378209,1757003198.2457798,0.00795888900756836
1757003198.7131443,1757003198.7207296,0.007585287094116211
1757003199.3800566,1757003199.3877509,0.007694244384765625
1757003200.2711208,1757003200.2776105,0.006489753723144531
1757003201.0059454,1757003201.0123007,0.00635528564453125
1757003201.4927902,1757003201.5006332,0.007843017578125
1757003202.1691456,1757003202.1769814,0.007835865020751953
1757003202.6514952,1757003202.658898,0.007402896881103516
1757003203.126156,1757003203.1337953,0.007639169692993164
1757003203.886571,1757003203.8944948,0.00792384147644043
1757003204.3577693,1757003204.3654664,0.007697105407714844
1757003205.0406697,1757003205.0471625,0.0064928531646728516
1757003205.7427268,1757003205.7507315,0.00800466537475586
1757003206.271748,1757003206.2796378,0.007889747619628906
1757003206.9393156,1757003206.9471407,0.007825136184692383
1757003207.8136082,1757003207.820811,0.007202863693237305
1757003208.2930603,1757003208.2994726,0.0064122676849365234
1757003208.978125,1757003208.9846725,0.006547451019287109
1757003209.5656483,1757003209.572216,0.006567716598510742
1757003210.056808,1757003210.0647492,0.007941246032714844
1757003210.7437735,1757003210.7548053,0.011031866073608398
1757003211.235555,1757003211.2434425,0.007887601852416992
1757003211.709564,1757003211.7179327,0.008368730545043945
1757003212.217831,1757003212.224061,0.00623011589050293
1757003212.7604883,1757003212.768836,0.008347749710083008
1757003213.2232575,1757003213.2310636,0.007806062698364258
1757003213.7110932,1757003213.7188976,0.007804393768310547
1757003214.1708393,1757003214.1770322,0.006192922592163086
1757003214.8553932,1757003214.863356,0.007962942123413086
1757003215.59596,1757003215.6041136,0.008153676986694336
1757003216.0658076,1757003216.0735798,0.007772207260131836
1757003216.5529134,1757003216.560755,0.00784158706665039
1757003217.025589,1757003217.0334702,0.00788116455078125
1757003217.5137973,1757003217.521674,0.00787663459777832
1757003218.0385122,1757003218.0466924,0.00818014144897461
1757003219.2215333,1757003219.2292702,0.007736921310424805
1757003219.9099505,1757003219.916451,0.0065004825592041016
1757003220.8219388,1757003220.8299034,0.007964611053466797
1757003221.576159,1757003221.5840876,0.007928609848022461
1757003222.155133,1757003222.1626747,0.007541656494140625
1757003222.8757527,1757003222.8835213,0.0077686309814453125
1757003223.5592747,1757003223.5670013,0.0077266693115234375
1757003224.3287296,1757003224.3362892,0.007559537887573242
1757003225.2286937,1757003225.2395406,0.010846853256225586
1757003225.9218514,1757003225.9294343,0.007582902908325195
1757003226.4187112,1757003226.4266114,0.007900238037109375
1757003226.9813402,1757003226.9879892,0.006649017333984375
1757003227.8107579,1757003227.8183987,0.007640838623046875
1757003228.293639,1757003228.3000412,0.006402254104614258
1757003229.0660243,1757003229.0737607,0.0077364444732666016
1757003229.539348,1757003229.5473473,0.007999420166015625
1757003230.0937347,1757003230.1015513,0.007816553115844727
1757003230.6990218,1757003230.705601,0.006579160690307617
1757003231.3730228,1757003231.3846245,0.011601686477661133
1757003232.0664496,1757003232.0744603,0.008010625839233398
1757003232.6157904,1757003232.623533,0.007742643356323242
1757003233.099564,1757003233.110652,0.011087894439697266
1757003234.1840706,1757003234.1917846,0.007714033126831055
1757003234.6694865,1757003234.6781151,0.008628606796264648
1757003235.4391472,1757003235.4457262,0.006578922271728516
1757003236.1343,1757003236.1407154,0.006415367126464844
1757003236.8806205,1757003236.8882291,0.007608652114868164
1757003237.3841531,1757003237.3921325,0.007979393005371094
1757003237.9433954,1757003237.9497645,0.006369113922119141
1757003238.6002755,1757003238.6081567,0.00788116455078125
1757003239.0659525,1757003239.0770996,0.011147022247314453
1757003240.2124856,1757003240.2202525,0.0077669620513916016
1757003241.1158733,1757003241.12362,0.007746696472167969
1757003241.9183517,1757003241.9259632,0.007611513137817383
1757003243.0207891,1757003243.0284238,0.007634639739990234
1757003243.5846713,1757003243.5926554,0.007984161376953125
1757003244.15397,1757003244.161656,0.00768589973449707
1757003244.8537269,1757003244.8615813,0.007854461669921875
1757003245.5369966,1757003245.544682,0.007685422897338867
1757003246.0188892,1757003246.02686,0.007970809936523438
1757003247.0893073,1757003247.0970118,0.007704496383666992
1757003247.5515246,1757003247.5584316,0.006906986236572266
1757003248.231108,1757003248.2424128,0.011304855346679688
1757003248.9441774,1757003248.9524283,0.008250951766967773
1757003249.7620516,1757003249.7730255,0.010973930358886719
1757003250.2288673,1757003250.2367518,0.007884502410888672
1757003250.9172227,1757003250.9239836,0.006760835647583008
1757003251.3811705,1757003251.3891575,0.007987022399902344
1757003251.929028,1757003251.9397898,0.010761737823486328
1757003252.7232935,1757003252.7311969,0.007903337478637695
1757003253.2770698,1757003253.288562,0.011492252349853516
1757003254.0724251,1757003254.0803423,0.007917165756225586
1757003254.5416658,1757003254.5496848,0.008018970489501953
1757003255.1210375,1757003255.1286829,0.007645368576049805
1757003255.586758,1757003255.5930753,0.0063173770904541016
1757003256.326446,1757003256.3335438,0.007097721099853516
1757003257.0289516,1757003257.035356,0.006404399871826172
1757003257.5117712,1757003257.5195978,0.007826566696166992
1757003257.9840238,1757003257.9956017,0.011577844619750977
1757003258.921518,1757003258.9300618,0.008543729782104492
1757003259.6548412,1757003259.6659293,0.011088132858276367
1757003260.6482666,1757003260.6592846,0.011018037796020508
1757003261.1262646,1757003261.1337676,0.007503032684326172
1757003262.1190267,1757003262.1273334,0.008306741714477539
1757003263.2015023,1757003263.2093809,0.007878541946411133
1757003263.925492,1757003263.9334152,0.007923126220703125
1757003264.6120625,1757003264.6199808,0.007918357849121094
1757003265.0773423,1757003265.085169,0.007826805114746094
1757003265.6287715,1757003265.6363845,0.007612943649291992
1757003266.3844383,1757003266.3919652,0.007526874542236328
1757003267.0681076,1757003267.075955,0.007847309112548828
1757003267.6320357,1757003267.639757,0.0077211856842041016
1757003268.362042,1757003268.3696258,0.0075838565826416016
1757003268.8410761,1757003268.8487027,0.007626533508300781
1757003269.4558182,1757003269.4640937,0.008275508880615234
1757003270.6576529,1757003270.6652691,0.007616281509399414
1757003271.1342845,1757003271.1420784,0.007793903350830078
1757003272.277311,1757003272.2849605,0.007649421691894531
1757003272.754268,1757003272.7623088,0.008040904998779297
1757003273.2975225,1757003273.3053885,0.00786590576171875
1757003273.8670514,1757003273.8745027,0.007451295852661133
1757003274.373178,1757003274.3811915,0.008013486862182617
1757003275.1494658,1757003275.157056,0.007590293884277344
1757003275.714952,1757003275.7228546,0.00790262222290039
1757003276.5029378,1757003276.5104277,0.007489919662475586
1757003276.9610453,1757003276.9725435,0.011498212814331055
1757003277.5157552,1757003277.5235977,0.007842540740966797
1757003278.0778272,1757003278.085463,0.007635831832885742
1757003278.828356,1757003278.83599,0.00763392448425293
1757003279.5986254,1757003279.6052616,0.006636142730712891
1757003280.4855502,1757003280.4971895,0.01163935661315918
1757003281.408668,1757003281.4161882,0.007520198822021484
1757003281.908965,1757003281.9211707,0.01220560073852539
1757003282.7648067,1757003282.7724118,0.007605075836181641
1757003283.2316358,1757003283.2424207,0.01078486442565918
1757003284.2365646,1757003284.2474113,0.010846614837646484
1757003284.92227,1757003284.9290314,0.006761312484741211
1757003285.3837879,1757003285.3906233,0.006835460662841797
1757003286.1339545,1757003286.1404264,0.006471872329711914
1757003286.6110795,1757003286.617515,0.0064356327056884766
1757003287.192596,1757003287.1998813,0.007285356521606445
1757003287.673504,1757003287.6808326,0.007328510284423828
1757003288.2476027,1757003288.2535691,0.0059664249420166016
1757003289.0671756,1757003289.0748076,0.007632017135620117
1757003289.6351714,1757003289.6427002,0.007528781890869141
1757003290.5446208,1757003290.5524411,0.007820367813110352
1757003291.1048129,1757003291.1124809,0.007668018341064453
1757003291.596677,1757003291.6045115,0.007834434509277344
1757003292.4236453,1757003292.43094,0.007294654846191406
1757003292.9324253,1757003292.9436328,0.01120758056640625
1757003293.6051295,1757003293.6131449,0.00801539421081543
1757003294.1748583,1757003294.181267,0.00640869140625
1757003294.948926,1757003294.956297,0.007370948791503906
1757003295.4911141,1757003295.4985087,0.007394552230834961
1757003296.191229,1757003296.1989276,0.007698535919189453
1757003296.75383,1757003296.7614112,0.007581233978271484
1757003297.5300121,1757003297.5377316,0.007719516754150391
1757003298.1578588,1757003298.1657076,0.007848739624023438
1757003298.722332,1757003298.729941,0.007608890533447266
1757003299.43502,1757003299.442769,0.007749080657958984
1757003299.9986436,1757003300.0066702,0.008026599884033203
1757003300.4834855,1757003300.4909592,0.00747370719909668
1757003301.2200432,1757003301.22763,0.00758671760559082
1757003301.798624,1757003301.8059113,0.007287263870239258
1757003302.2805502,1757003302.291068,0.01051783561706543
1757003302.8348248,1757003302.8422706,0.007445812225341797
1757003303.3116488,1757003303.317632,0.005983114242553711
1757003304.4126782,1757003304.4233866,0.010708332061767578
1757003305.15907,1757003305.1665761,0.007506132125854492
1757003305.616331,1757003305.6273053,0.01097416877746582
1757003306.2896426,1757003306.2969654,0.007322788238525391
1757003306.9792826,1757003306.986798,0.007515430450439453
1757003307.4905357,1757003307.4980392,0.007503509521484375
1757003308.068632,1757003308.0761719,0.007539987564086914
1757003308.6119893,1757003308.6180787,0.006089448928833008
1757003351.9630432,1757003351.9699326,0.00688934326171875
1757003352.583673,1757003352.5914009,0.007727861404418945
1757003353.096739,1757003353.10351,0.0067708492279052734
1757003353.666013,1757003353.674408,0.008394956588745117
1757003354.162281,1757003354.170906,0.008625030517578125
1757003354.6597006,1757003354.671409,0.011708259582519531
1757003355.3092191,1757003355.3172898,0.008070707321166992
1757003355.821106,1757003355.8294826,0.008376598358154297
1757003356.5869818,1757003356.5949445,0.007962703704833984
1757003357.096064,1757003357.104314,0.008249998092651367
1757003357.6410892,1757003357.6494389,0.00834965705871582
1757003358.2277431,1757003358.2359009,0.008157730102539062
1757003358.783311,1757003358.7914462,0.008135318756103516
1757003359.2732713,1757003359.2815242,0.008252859115600586
1757003359.8158762,1757003359.8241065,0.008230209350585938
1757003360.2987258,1757003360.3057992,0.007073402404785156
1757003360.869038,1757003360.8759537,0.006915569305419922
1757003361.4058554,1757003361.412986,0.007130622863769531
1757003362.1787906,1757003362.1868756,0.008085012435913086
1757003362.6682358,1757003362.6762974,0.008061647415161133
1757003363.449769,1757003363.4568477,0.007078647613525391
1757003364.2389061,1757003364.2470193,0.00811314582824707
1757003364.9312227,1757003364.9393194,0.008096694946289062
1757003365.6320486,1757003365.6441405,0.012091875076293945
1757003366.1844518,1757003366.192345,0.007893085479736328
1757003366.7274852,1757003366.735511,0.008025884628295898
1757003367.2814822,1757003367.2899907,0.008508443832397461
1757003368.1755893,1757003368.183132,0.007542610168457031
1757003368.8882096,1757003368.8959794,0.00776982307434082
1757003369.3705664,1757003369.381993,0.011426687240600586
1757003370.414047,1757003370.4219518,0.007904767990112305
1757003370.9024234,1757003370.9088297,0.006406307220458984
1757003371.6001248,1757003371.6080074,0.00788259506225586
1757003372.311446,1757003372.3192315,0.0077855587005615234
1757003372.8279428,1757003372.8388329,0.010890007019042969
1757003373.6149738,1757003373.6262996,0.011325836181640625
1757003374.2978837,1757003374.308871,0.010987281799316406
1757003374.8129494,1757003374.8244474,0.011497974395751953
1757003375.6908596,1757003375.6990614,0.008201837539672852
1757003376.4658594,1757003376.4737577,0.007898330688476562
1757003376.9509814,1757003376.957477,0.00649571418762207
1757003377.8167455,1757003377.8248954,0.008149862289428711
1757003378.3227723,1757003378.3311982,0.00842595100402832
1757003379.1465304,1757003379.1546242,0.008093833923339844
1757003379.6203887,1757003379.6283286,0.007939815521240234
1757003380.393559,1757003380.4039483,0.010389328002929688
1757003380.9560432,1757003380.9641187,0.008075475692749023
1757003381.4427435,1757003381.4507408,0.007997274398803711
1757003382.0628655,1757003382.0709283,0.00806283950805664
1757003382.5577712,1757003382.5661495,0.008378267288208008
1757003383.0388603,1757003383.04555,0.006689786911010742
1757003383.6933906,1757003383.7048857,0.011495113372802734
1757003384.5687773,1757003384.576899,0.008121728897094727
1757003385.325857,1757003385.3341043,0.00824737548828125
1757003385.8180163,1757003385.8248875,0.006871223449707031
1757003386.6898425,1757003386.6980112,0.008168697357177734
1757003387.3508222,1757003387.358952,0.00812983512878418
1757003387.8361008,1757003387.844174,0.008073091506958008
1757003388.5926414,1757003388.6009371,0.008295774459838867
1757003389.393927,1757003389.4018526,0.00792551040649414
1757003390.086875,1757003390.0947003,0.007825374603271484
1757003391.193767,1757003391.2018647,0.008097648620605469
1757003391.9584715,1757003391.966468,0.007996559143066406
1757003392.4307673,1757003392.438651,0.007883787155151367
1757003393.2182264,1757003393.2262986,0.008072137832641602
1757003393.8928187,1757003393.9003737,0.0075550079345703125
1757003394.6325016,1757003394.6404057,0.007904052734375
1757003395.625791,1757003395.6336322,0.007841110229492188
1757003396.3244567,1757003396.3323865,0.007929801940917969
1757003396.8131466,1757003396.8211405,0.007993936538696289
1757003397.4523587,1757003397.4601703,0.007811546325683594
1757003398.1464524,1757003398.1542294,0.007776975631713867
1757003398.6865203,1757003398.6945574,0.008037090301513672
1757003399.1600416,1757003399.1684704,0.008428812026977539
1757003399.7123754,1757003399.7239916,0.011616230010986328
1757003400.5386834,1757003400.5467134,0.008029937744140625
1757003401.02135,1757003401.0280664,0.006716489791870117
1757003401.5939858,1757003401.6021028,0.008116960525512695
1757003402.0764503,1757003402.0833023,0.006851911544799805
1757003402.8771863,1757003402.8859513,0.008764982223510742
1757003403.5051107,1757003403.5130951,0.007984399795532227
1757003403.9773781,1757003403.985724,0.008345842361450195
1757003404.5343332,1757003404.5423064,0.007973194122314453
1757003405.2334673,1757003405.2417283,0.008260965347290039
1757003406.2503085,1757003406.2572248,0.0069162845611572266
1757003407.2849069,1757003407.2930255,0.008118629455566406
1757003407.9750485,1757003407.983337,0.008288383483886719
1757003408.4691906,1757003408.4814277,0.012237071990966797
1757003409.0529115,1757003409.0595553,0.006643772125244141
1757003409.5818636,1757003409.5886743,0.006810665130615234
1757003410.5582988,1757003410.5664654,0.00816655158996582
1757003411.2558777,1757003411.2637498,0.00787210464477539
1757003411.9496472,1757003411.9581468,0.008499622344970703
1757003412.893393,1757003412.9013174,0.007924318313598633
1757003413.3746579,1757003413.382549,0.007891178131103516
1757003413.9225118,1757003413.9306033,0.008091449737548828
1757003414.6220598,1757003414.6300032,0.007943391799926758
1757003415.3293443,1757003415.3370717,0.007727384567260742
1757003415.8853312,1757003415.8934724,0.008141279220581055
1757003416.4596484,1757003416.467307,0.007658720016479492
1757003416.9357564,1757003416.943963,0.008206605911254883
1757003417.5038588,1757003417.512499,0.008640289306640625
1757003418.4895995,1757003418.497522,0.007922649383544922
1757003419.0300784,1757003419.0381339,0.008055448532104492
1757003419.51548,1757003419.523811,0.008331060409545898
1757003420.0801837,1757003420.0870333,0.006849527359008789
1757003420.5517955,1757003420.559673,0.007877588272094727
1757003421.2151637,1757003421.2231636,0.007999897003173828
1757003421.7525415,1757003421.7652905,0.012748956680297852
1757003422.3239193,1757003422.330599,0.0066797733306884766
1757003422.87807,1757003422.8849032,0.006833076477050781
1757003423.5520895,1757003423.5601559,0.008066415786743164
1757003424.0614042,1757003424.0736482,0.012243986129760742
1757003424.8588266,1757003424.867109,0.00828242301940918
1757003425.4273694,1757003425.4353085,0.00793910026550293
1757003426.1057653,1757003426.1137145,0.007949113845825195
1757003427.105637,1757003427.1137784,0.008141279220581055
1757003427.7846882,1757003427.7925577,0.007869482040405273
1757003428.6047034,1757003428.6131742,0.008470773696899414
1757003429.2827754,1757003429.290761,0.007985591888427734
1757003429.7568927,1757003429.7692146,0.012321949005126953
1757003430.5433054,1757003430.5500152,0.0067098140716552734
1757003431.7169037,1757003431.7249744,0.008070707321166992
1757003432.4283473,1757003432.4361925,0.007845163345336914
1757003433.1282294,1757003433.1348228,0.006593465805053711
1757003434.2333972,1757003434.2413878,0.007990598678588867
1757003434.795123,1757003434.8029165,0.007793426513671875
1757003435.28301,1757003435.2910397,0.008029699325561523
1757003436.070701,1757003436.0771694,0.006468534469604492
1757003436.548124,1757003436.556056,0.007931947708129883
1757003437.1081772,1757003437.1157968,0.007619619369506836
1757003437.7983925,1757003437.806155,0.007762432098388672
1757003438.3625286,1757003438.3745995,0.012070894241333008
1757003438.9344645,1757003438.94292,0.008455514907836914
1757003439.8489733,1757003439.85682,0.007846832275390625
1757003440.3162754,1757003440.328275,0.01199960708618164
1757003441.3991466,1757003441.4069574,0.007810831069946289
1757003441.889803,1757003441.8983138,0.008510828018188477
1757003442.6729126,1757003442.6807656,0.007853031158447266
1757003443.1503031,1757003443.1585548,0.008251667022705078
1757003443.7075615,1757003443.715683,0.008121490478515625
1757003444.329112,1757003444.3371055,0.007993459701538086
1757003444.8085427,1757003444.8203638,0.01182103157043457
1757003445.3744452,1757003445.3833416,0.008896350860595703
1757003445.8521116,1757003445.8603883,0.008276700973510742
1757003446.6471772,1757003446.655892,0.008714675903320312
1757003447.2411988,1757003447.2491868,0.00798797607421875
1757003447.9828632,1757003447.9910338,0.008170604705810547
1757003448.6952796,1757003448.7038465,0.008566856384277344
1757003449.3841758,1757003449.39232,0.008144140243530273
1757003449.8954828,1757003449.9025126,0.00702977180480957
1757003450.7322695,1757003450.7404156,0.008146047592163086
1757003451.4115367,1757003451.419575,0.00803828239440918
1757003451.8928514,1757003451.9011874,0.008336067199707031
1757003454.4212587,1757003454.4295716,0.00831294059753418
1757003456.515252,1757003456.5276423,0.01239013671875
1757003458.969357,1757003458.9774628,0.008105754852294922
1757003461.6056793,1757003461.6138387,0.008159399032592773
1757003462.9895473,1757003462.9976814,0.008134126663208008
1757003465.4825618,1757003465.4909112,0.008349418640136719
1757003467.3995867,1757003467.407787,0.008200407028198242
1757003469.4974487,1757003469.5055509,0.008102178573608398
1757003471.7083607,1757003471.7164216,0.008060932159423828
1757003473.5711808,1757003473.579495,0.008314132690429688
1757003475.7069528,1757003475.7154436,0.008490800857543945
1757003477.4938157,1757003477.5018814,0.00806570053100586
1757003479.897189,1757003479.9091098,0.011920928955078125
1757003481.390572,1757003481.397552,0.006979942321777344
1757003484.0415955,1757003484.0482173,0.006621837615966797
1757003486.1015751,1757003486.1084902,0.006915092468261719
1757003487.1348085,1757003487.147222,0.012413501739501953
1757003489.5776837,1757003489.5859792,0.008295536041259766
1757003491.5628345,1757003491.570744,0.007909536361694336
1757003493.2654538,1757003493.277571,0.012117147445678711
1757003495.3938372,1757003495.4020247,0.008187532424926758
1757003497.9526432,1757003497.9601536,0.00751042366027832
1757003500.1270535,1757003500.133818,0.006764411926269531
1757003505.2394507,1757003505.2477498,0.008299112319946289
1757003507.5622604,1757003507.5689752,0.006714820861816406
1757003510.090239,1757003510.0987191,0.008480072021484375
1757003514.9260108,1757003514.934512,0.008501052856445312
1757003518.8328211,1757003518.8410282,0.008207082748413086
1757003520.6005702,1757003520.6086824,0.008112192153930664
1757003646.1187775,1757003646.1257274,0.006949901580810547
1757003646.3871987,1757003646.3938072,0.006608486175537109
1757003646.6445656,1757003646.652741,0.008175373077392578
1757003646.8490312,1757003646.857043,0.008011817932128906
1757003647.0540876,1757003647.0616283,0.007540702819824219
1757003647.2599707,1757003647.268112,0.008141279220581055
1757003647.4680738,1757003647.474764,0.006690263748168945
1757003647.712558,1757003647.7207541,0.008196115493774414
1757003647.9769547,1757003647.9849234,0.007968664169311523
1757003648.2405274,1757003648.247142,0.00661468505859375
1757003648.4425871,1757003648.4507885,0.008201360702514648
1757003648.6476507,1757003648.6558087,0.008157968521118164
1757003648.8665295,1757003648.8746026,0.008073091506958008
1757003649.088751,1757003649.0969718,0.008220672607421875
1757003649.379562,1757003649.3874655,0.007903575897216797
1757003651.6165385,1757003651.6243358,0.0077972412109375
1757003651.887222,1757003651.8956585,0.008436441421508789
1757003652.3288755,1757003652.3370507,0.008175134658813477
1757003652.6042502,1757003652.6123705,0.008120298385620117
1757003652.9534824,1757003652.9615445,0.008062124252319336
1757003653.2255337,1757003653.2339864,0.008452653884887695
1757003653.5981145,1757003653.6059694,0.007854938507080078
1757003653.8510993,1757003653.8624132,0.011313915252685547
1757003654.2849548,1757003654.2928898,0.007935047149658203
1757003654.52966,1757003654.5420089,0.01234889030456543
1757003654.8677833,1757003654.8743658,0.006582498550415039
1757003655.1285493,1757003655.1364408,0.007891416549682617
1757003655.5036602,1757003655.5116854,0.008025169372558594
1757003655.7465203,1757003655.7545102,0.007989883422851562
1757003656.0770242,1757003656.0835977,0.00657343864440918
1757003656.3446057,1757003656.3562071,0.011601448059082031
1757003656.7770312,1757003656.7846503,0.007619142532348633
1757003657.0347064,1757003657.0424502,0.00774383544921875
1757003657.3299356,1757003657.3383348,0.008399248123168945
1757003657.648988,1757003657.655657,0.006669044494628906
1757003657.9096627,1757003657.9176946,0.008031845092773438
1757003658.2493656,1757003658.2615333,0.012167692184448242
1757003658.5690424,1757003658.5754368,0.006394386291503906
1757003658.81263,1757003658.820608,0.007977962493896484
1757003659.1325355,1757003659.1410894,0.00855398178100586
1757003659.4640164,1757003659.473136,0.009119510650634766
1757003659.7078083,1757003659.7174282,0.009619951248168945
1757003660.0544193,1757003660.0623767,0.00795745849609375
1757003660.3917007,1757003660.3996785,0.007977724075317383
1757003660.6462297,1757003660.6577635,0.011533737182617188
1757003660.9807189,1757003660.9874701,0.006751298904418945
1757003661.2806625,1757003661.289052,0.008389472961425781
1757003661.6033127,1757003661.6113799,0.008067131042480469
1757003661.8528605,1757003661.8595417,0.006681203842163086
1757003662.1748657,1757003662.1828272,0.007961511611938477
1757003662.4290829,1757003662.4358552,0.006772279739379883
1757003662.7661242,1757003662.7743614,0.008237123489379883
1757003663.0280685,1757003663.0354862,0.0074176788330078125
1757003663.4225352,1757003663.4304535,0.007918357849121094
1757003663.6881812,1757003663.6955478,0.007366657257080078
1757003663.9710567,1757003663.9791572,0.008100509643554688
1757003664.3001215,1757003664.3084624,0.008340835571289062
1757003664.6217337,1757003664.6296358,0.007902145385742188
1757003664.8694816,1757003664.8773637,0.007882118225097656
1757003665.189647,1757003665.1976802,0.008033275604248047
1757003665.5176628,1757003665.531911,0.014248132705688477
1757003665.773097,1757003665.781784,0.008687019348144531
1757003666.1011534,1757003666.1075304,0.006376981735229492
1757003666.3642,1757003666.372356,0.00815582275390625
1757003666.8058503,1757003666.8120947,0.0062444210052490234
1757003667.072851,1757003667.0807247,0.007873773574829102
1757003667.4497564,1757003667.4576888,0.007932424545288086
1757003667.684398,1757003667.6957912,0.011393308639526367
1757003668.0358963,1757003668.0469847,0.011088371276855469
1757003668.3247979,1757003668.3361323,0.011334419250488281
1757003668.644876,1757003668.6553082,0.010432243347167969
1757003668.983344,1757003668.991197,0.007853031158447266
1757003669.2470367,1757003669.2537987,0.006762027740478516
1757003669.6150331,1757003669.6228218,0.007788658142089844
1757003669.8606448,1757003669.8702512,0.009606361389160156
1757003670.191054,1757003670.1982713,0.0072171688079833984
1757003670.5176597,1757003670.5257533,0.008093595504760742
1757003670.7677038,1757003670.7773542,0.009650468826293945
1757003671.0914712,1757003671.0995042,0.008033037185668945
1757003671.4133337,1757003671.4213753,0.008041620254516602
1757003671.7187207,1757003671.7265315,0.007810831069946289
1757003671.979041,1757003671.9871864,0.008145332336425781
1757003672.332873,1757003672.3395448,0.0066716670989990234
1757003672.6591737,1757003672.6669474,0.007773637771606445
1757003672.9329674,1757003672.941296,0.008328676223754883
1757003673.2725253,1757003673.279033,0.0065076351165771484
1757003673.573285,1757003673.5812728,0.007987737655639648
1757003673.824189,1757003673.8318872,0.0076982975006103516
1757003674.1525266,1757003674.160495,0.007968425750732422
1757003674.3885279,1757003674.3965027,0.007974863052368164
1757003674.8298872,1757003674.8376567,0.007769584655761719
1757003675.0821764,1757003675.0905173,0.008340835571289062
1757003675.5164123,1757003675.5239258,0.007513523101806641
1757003675.8248208,1757003675.8325777,0.007756948471069336
1757003676.0968225,1757003676.104932,0.008109569549560547
1757003676.4464002,1757003676.454109,0.00770878791809082
1757003676.6909344,1757003676.6980045,0.007070064544677734
1757003677.0184765,1757003677.0249765,0.0065000057220458984
1757003677.3528476,1757003677.363861,0.011013507843017578
1757003677.6106415,1757003677.6220486,0.011407136917114258
1757003678.096732,1757003678.1076717,0.010939836502075195
1757003678.3495255,1757003678.3563442,0.0068187713623046875
1757003678.8051028,1757003678.8119483,0.0068454742431640625
1757003679.0493455,1757003679.0568318,0.0074863433837890625
1757003679.4883497,1757003679.4962225,0.007872819900512695
1757003679.7230582,1757003679.731064,0.008005857467651367
1757003680.2193916,1757003680.2271194,0.007727861404418945
1757003680.4679809,1757003680.474671,0.006690025329589844
1757003680.7938654,1757003680.8020923,0.008226871490478516
1757003681.1146986,1757003681.1214619,0.0067632198333740234
1757003681.3577886,1757003681.3656838,0.007895231246948242
1757003681.707855,1757003681.7158647,0.008009672164916992
1757003681.9684837,1757003681.9800742,0.01159048080444336
1757003682.3518817,1757003682.358207,0.006325244903564453
1757003682.609332,1757003682.617486,0.008153915405273438
1757003682.9444106,1757003682.9522786,0.007868051528930664
1757003683.2287102,1757003683.236977,0.008266925811767578
1757003683.55995,1757003683.5663865,0.006436347961425781
1757003683.8410823,1757003683.8484511,0.007368803024291992
1757003684.2061617,1757003684.2140822,0.007920503616333008
1757003684.4523919,1757003684.4642112,0.01181936264038086
1757003684.7958343,1757003684.8039405,0.008106231689453125
1757003685.1128685,1757003685.11928,0.006411552429199219
1757003685.3566008,1757003685.365384,0.008783340454101562
1757003685.688016,1757003685.6956997,0.007683753967285156
1757003685.9404962,1757003685.9471684,0.0066721439361572266
1757003686.317852,1757003686.3255196,0.00766754150390625
1757003686.5609114,1757003686.5687962,0.007884740829467773
1757003687.0002906,1757003687.0080457,0.0077550411224365234
1757003687.2619781,1757003687.2685602,0.006582021713256836
1757003687.6000059,1757003687.607873,0.007867097854614258
1757003687.8493035,1757003687.856122,0.006818532943725586
1757003688.2159305,1757003688.2224984,0.006567955017089844
1757003688.456585,1757003688.4646146,0.008029699325561523
1757003688.8815033,1757003688.8894892,0.007985830307006836
1757003689.14305,1757003689.1513784,0.008328437805175781
1757003689.4700813,1757003689.4787195,0.008638143539428711
1757003689.7341573,1757003689.7409048,0.00674748420715332
1757003690.0652266,1757003690.0732393,0.008012771606445312
1757003690.3927958,1757003690.4009068,0.008111000061035156
1757003690.719888,1757003690.7268457,0.0069577693939208984
1757003690.959486,1757003690.968788,0.009301900863647461
1757003691.3051198,1757003691.3129818,0.007862091064453125
1757003691.546557,1757003691.5546873,0.008130311965942383
1757003691.8932323,1757003691.9012027,0.007970333099365234
1757003692.2615092,1757003692.2682047,0.00669550895690918
1757003692.5198026,1757003692.5300217,0.010219097137451172
1757003692.85267,1757003692.8594232,0.006753206253051758
1757003693.1953743,1757003693.2032208,0.007846593856811523
1757003693.444955,1757003693.4532132,0.00825810432434082
1757003693.7697926,1757003693.783094,0.013301372528076172
1757003694.115696,1757003694.1236925,0.007996559143066406
1757003694.3892775,1757003694.3978553,0.008577823638916016
1757003694.709394,1757003694.7173636,0.00796961784362793
1757003694.955612,1757003694.963658,0.008046150207519531
1757003695.389693,1757003695.3961694,0.006476402282714844
1757003695.6375093,1757003695.6452787,0.007769346237182617
1757003695.954133,1757003695.9617057,0.007572650909423828
1757003696.276404,1757003696.2827103,0.00630640983581543
1757003696.533694,1757003696.5415275,0.007833480834960938
1757003696.8536847,1757003696.865945,0.01226043701171875
1757003697.1812415,1757003697.1889842,0.007742643356323242
1757003697.4332695,1757003697.4413803,0.008110761642456055
1757003697.7604318,1757003697.7684379,0.008006095886230469
1757003698.0569592,1757003698.065122,0.008162736892700195
1757003698.3092275,1757003698.3158767,0.0066492557525634766
1757003698.635409,1757003698.6432486,0.007839441299438477
1757003698.8686852,1757003698.8798738,0.011188507080078125
1757003699.3026586,1757003699.3104906,0.007832050323486328
1757003699.5539694,1757003699.5620875,0.008118152618408203
1757003699.899648,1757003699.9075027,0.007854700088500977
1757003700.2056212,1757003700.213726,0.008104801177978516
1757003700.4523826,1757003700.460681,0.008298397064208984
1757003700.7759936,1757003700.7842555,0.008261919021606445
1757003701.1239352,1757003701.132178,0.00824284553527832
1757003701.3757873,1757003701.384258,0.008470773696899414
1757003701.6987617,1757003701.7066617,0.007899999618530273
1757003702.026553,1757003702.0379462,0.011393308639526367
1757003702.2764347,1757003702.283533,0.00709843635559082
1757003702.6476967,1757003702.6592655,0.011568784713745117
1757003702.907847,1757003702.9163294,0.00848245620727539
1757003703.3358245,1757003703.3439462,0.008121728897094727
1757003703.6097825,1757003703.6180618,0.00827932357788086
1757003703.85694,1757003703.863945,0.007004976272583008
1757003705.7708495,1757003705.7783184,0.0074689388275146484
1757003707.3578184,1757003707.3654265,0.007608175277709961
1757003709.1285017,1757003709.1366537,0.008152008056640625
1757003711.0030296,1757003711.0111463,0.008116722106933594
1757003712.7049131,1757003712.7117908,0.0068776607513427734
1757003714.5644188,1757003714.5727298,0.008311033248901367
1757003716.2458973,1757003716.2544024,0.008505105972290039
1757003718.0862958,1757003718.0926619,0.00636601448059082
1757003719.7804637,1757003719.7887256,0.008261919021606445
1757003721.4588737,1757003721.4657378,0.006864070892333984
1757003723.164234,1757003723.1721244,0.007890462875366211
1757003724.848233,1757003724.8561325,0.00789952278137207
1757003726.5300107,1757003726.5371077,0.007097005844116211
1757003728.3975165,1757003728.405616,0.008099555969238281
1757003729.9961326,1757003730.0043423,0.008209705352783203
1757003731.6974678,1757003731.7053387,0.007870912551879883
1757003733.3974977,1757003733.4041784,0.006680727005004883
1757003735.2652671,1757003735.2767115,0.011444330215454102
1757003736.9461503,1757003736.952984,0.006833791732788086
1757003738.628828,1757003738.639754,0.010926008224487305
1757003740.3691769,1757003740.377221,0.008044242858886719
1757003742.166453,1757003742.1736047,0.00715184211730957
1757003743.9689856,1757003743.9773357,0.008350133895874023
1757003745.797629,1757003745.805653,0.008023977279663086
1757003749.2512336,1757003749.2597964,0.008562803268432617
1757003751.045729,1757003751.054115,0.00838613510131836
1757003756.0762029,1757003756.08435,0.008147239685058594
1757003756.9453614,1757003756.9534392,0.008077859878540039
1757003758.627935,1757003758.6347244,0.006789445877075195
1757003758.9556165,1757003758.9634225,0.007806062698364258
1757003759.2022264,1757003759.2105892,0.008362770080566406
1757003759.630616,1757003759.6386557,0.008039712905883789
1757003759.8846195,1757003759.8927646,0.00814509391784668
1757003760.184392,1757003760.1960318,0.011639833450317383
1757003760.5254078,1757003760.5333555,0.007947683334350586
1757003760.7754903,1757003760.7835865,0.00809621810913086
1757003761.101935,1757003761.1096542,0.007719278335571289
1757003761.3508253,1757003761.3585832,0.007757902145385742
1757003761.775161,1757003761.7813423,0.006181240081787109
1757003762.0780146,1757003762.0847218,0.006707191467285156
1757003762.3204746,1757003762.33002,0.009545326232910156
1757003762.65545,1757003762.6627898,0.0073397159576416016
1757003762.8960702,1757003762.905443,0.009372711181640625
1757003763.2752364,1757003763.2834768,0.008240461349487305
1757003763.606362,1757003763.6141384,0.0077762603759765625
1757003763.8782618,1757003763.8865654,0.008303642272949219
1757003764.1959686,1757003764.2028372,0.006868600845336914
1757003764.4418886,1757003764.4489465,0.007057905197143555
1757003764.7912343,1757003764.7986913,0.00745701789855957
1757003765.0389688,1757003765.0474713,0.008502483367919922
1757003765.361754,1757003765.3688664,0.0071125030517578125
1757003765.694833,1757003765.701985,0.00715184211730957
1757003765.9288428,1757003765.934988,0.0061452388763427734
1757003766.308469,1757003766.3145294,0.006060361862182617
1757003766.5475705,1757003766.5572898,0.009719371795654297
1757003766.865106,1757003766.8720963,0.006990194320678711
1757003767.118688,1757003767.125832,0.007143974304199219
1757003767.4693365,1757003767.4752793,0.005942821502685547
1757003767.7041922,1757003767.7100549,0.005862712860107422
1757003768.0687304,1757003768.0754056,0.006675243377685547
1757003768.3233159,1757003768.3290465,0.005730628967285156
1757003768.6294286,1757003768.6360524,0.006623744964599609
1757003768.8574638,1757003768.8629982,0.00553441047668457
1757003769.1612644,1757003769.1679673,0.006702899932861328
1757003769.482483,1757003769.4891703,0.0066874027252197266
1757003769.7358084,1757003769.7415268,0.0057184696197509766
1757003770.0977325,1757003770.1044214,0.006688833236694336
1757003770.329087,1757003770.3367448,0.007657766342163086
1757003770.6314855,1757003770.638151,0.006665468215942383
1757003770.8631396,1757003770.8699338,0.0067942142486572266
1757003771.2761948,1757003771.2815762,0.005381345748901367
1757003771.5021057,1757003771.5076027,0.005496978759765625
1757003771.866648,1757003771.8731155,0.006467580795288086
1757003772.0926745,1757003772.0997074,0.007032871246337891
1757003772.4261541,1757003772.4329717,0.00681757926940918
1757003772.73967,1757003772.7461352,0.00646519660949707
1757003772.9663734,1757003772.9741168,0.007743358612060547
1757003773.3970838,1757003773.4039109,0.006827116012573242
1757003773.6183293,1757003773.6253293,0.006999969482421875
1757003774.0870612,1757003774.0938325,0.0067713260650634766
1757003774.3191605,1757003774.3250318,0.005871295928955078
1757003774.62669,1757003774.6326146,0.005924701690673828
1757003774.8463035,1757003774.8550298,0.008726358413696289
1757003821.0595021,1757003821.0711532,0.011651039123535156
1757003821.2036316,1757003821.2101674,0.006535768508911133
1757003821.3356168,1757003821.3431497,0.007532835006713867
1757003821.4703395,1757003821.4768746,0.006535053253173828
1757003821.6063573,1757003821.6176414,0.011284112930297852
1757003821.743187,1757003821.7529488,0.009761810302734375
1757003821.928269,1757003821.9395485,0.011279582977294922
1757003822.0636377,1757003822.0720215,0.008383750915527344
1757003822.2513585,1757003822.2581093,0.006750822067260742
1757003822.3927052,1757003822.3994744,0.0067691802978515625
1757003822.5323691,1757003822.5388985,0.006529331207275391
1757003822.7170992,1757003822.7298245,0.012725353240966797
1757003822.8645606,1757003822.8710926,0.006531953811645508
1757003823.006587,1757003823.0133617,0.0067746639251708984
1757003823.1533794,1757003823.16001,0.006630659103393555
1757003823.3067834,1757003823.3133729,0.006589412689208984
1757003823.450229,1757003823.4616344,0.011405467987060547
1757003823.606858,1757003823.6181893,0.011331319808959961
1757003823.7597108,1757003823.7683814,0.008670568466186523
1757003825.570671,1757003825.577336,0.00666499137878418
1757003825.80497,1757003825.8116608,0.0066907405853271484
1757003826.0592077,1757003826.0676186,0.008410930633544922
1757003826.2359984,1757003826.2443874,0.008388996124267578
1757003826.497647,1757003826.5044465,0.006799459457397461
1757003826.6806674,1757003826.6962063,0.015538930892944336
1757003826.955316,1757003826.9667022,0.01138615608215332
1757003827.1285594,1757003827.139763,0.011203765869140625
1757003827.398714,1757003827.4053152,0.006601095199584961
1757003827.572308,1757003827.5824983,0.010190248489379883
1757003827.8320036,1757003827.839678,0.007674455642700195
1757003828.006573,1757003828.0185392,0.011966228485107422
1757003828.268061,1757003828.274439,0.006378173828125
1757003828.4393203,1757003828.4472184,0.007898092269897461
1757003828.7541957,1757003828.7608664,0.006670713424682617
1757003828.936574,1757003828.943617,0.007043123245239258
1757003829.1015582,1757003829.1095726,0.008014440536499023
1757003829.3693056,1757003829.3759596,0.006654024124145508
1757003829.5430894,1757003829.5496953,0.006605863571166992
1757003829.800728,1757003829.80744,0.0067119598388671875
1757003830.0552187,1757003830.063253,0.008034229278564453
1757003830.2400837,1757003830.2470775,0.006993770599365234
1757003830.4915388,1757003830.4981961,0.00665736198425293
1757003830.666532,1757003830.6771622,0.010630130767822266
1757003830.9323325,1757003830.9390209,0.006688356399536133
1757003831.103837,1757003831.1106741,0.006837129592895508
1757003831.3635664,1757003831.3701806,0.006614208221435547
1757003831.5411568,1757003831.5488703,0.0077135562896728516
1757003831.8439872,1757003831.8523047,0.00831747055053711
1757003832.0345213,1757003832.041016,0.006494760513305664
1757003832.194109,1757003832.2034717,0.00936269760131836
1757003832.4603188,1757003832.467242,0.006923198699951172
1757003832.6346834,1757003832.6471145,0.012431144714355469
1757003832.9155657,1757003832.922731,0.007165193557739258
1757003833.1624632,1757003833.168915,0.006451845169067383
1757003833.3294892,1757003833.336387,0.006897687911987305
1757003833.5791614,1757003833.5857174,0.006556034088134766
1757003833.7502754,1757003833.7602806,0.01000523567199707
1757003834.0153146,1757003834.021872,0.006557464599609375
1757003834.1896281,1757003834.1963484,0.006720304489135742
1757003834.450796,1757003834.457406,0.00661015510559082
1757003834.635602,1757003834.643901,0.008299112319946289
1757003834.8906353,1757003834.8971202,0.0064849853515625
1757003835.138595,1757003835.1453207,0.0067255496978759766
1757003835.309333,1757003835.3171792,0.00784611701965332
1757003835.5795004,1757003835.585985,0.006484508514404297
1757003835.7377684,1757003835.7445617,0.00679326057434082
1757003836.0974247,1757003836.1037834,0.006358623504638672
1757003836.2624645,1757003836.2690532,0.00658869743347168
1757003836.5359232,1757003836.542343,0.006419658660888672
1757003836.7172368,1757003836.7269065,0.009669780731201172
1757003836.9759555,1757003836.9826868,0.006731271743774414
1757003837.1485581,1757003837.1555908,0.007032632827758789
1757003837.399066,1757003837.4056108,0.006544828414916992
1757003837.5730295,1757003837.5799618,0.006932258605957031
1757003837.8194187,1757003837.8274891,0.00807046890258789
1757003838.1304712,1757003838.137137,0.006665706634521484
1757003838.304652,1757003838.3116217,0.0069696903228759766
1757003838.5793414,1757003838.5860522,0.00671076774597168
1757003838.7644262,1757003838.7719314,0.007505178451538086
1757003838.9412725,1757003838.9518702,0.010597705841064453
1757003839.2966924,1757003839.3045526,0.007860183715820312
1757003839.5013206,1757003839.5082858,0.006965160369873047
1757003839.7543974,1757003839.7608688,0.006471395492553711
1757003839.9317493,1757003839.939146,0.007396697998046875
1757003840.1855044,1757003840.1922612,0.006756782531738281
1757003840.3635638,1757003840.372389,0.008825302124023438
1757003840.6094697,1757003840.6158614,0.006391763687133789
1757003840.7958155,1757003840.807199,0.011383533477783203
1757003841.1033568,1757003841.11069,0.007333278656005859
1757003841.283129,1757003841.2914338,0.008304834365844727
1757003841.531018,1757003841.5376558,0.0066378116607666016
1757003841.7061207,1757003841.7135606,0.007439851760864258
1757003841.9503336,1757003841.956664,0.0063304901123046875
1757003842.1443806,1757003842.1512642,0.0068836212158203125
1757003842.398588,1757003842.4051428,0.006554841995239258
1757003842.5787454,1757003842.5865214,0.007776021957397461
1757003842.8499308,1757003842.8564408,0.006510019302368164
1757003843.0340376,1757003843.0406148,0.006577253341674805
1757003843.288103,1757003843.2945683,0.00646519660949707
1757003843.4570491,1757003843.465523,0.008473873138427734
1757003843.7127545,1757003843.7194276,0.006673097610473633
1757003843.8786583,1757003843.8852952,0.006636857986450195
1757003844.1257634,1757003844.1326153,0.006851911544799805
1757003844.4195611,1757003844.4261472,0.0065860748291015625
1757003844.5981052,1757003844.604518,0.0064127445220947266
1757003844.8728793,1757003844.88072,0.007840633392333984
1757003845.0559187,1757003845.0626645,0.006745815277099609
1757003845.4288354,1757003845.4354541,0.0066187381744384766
1757003845.605123,1757003845.6119523,0.006829261779785156
1757003845.9642,1757003845.9758787,0.011678695678710938
1757003846.1444144,1757003846.152575,0.008160591125488281
1757003846.4143455,1757003846.4222581,0.007912635803222656
1757003846.5874975,1757003846.5938997,0.006402254104614258
1757003846.9445899,1757003846.9509923,0.006402492523193359
1757003847.1206565,1757003847.1274307,0.006774187088012695
1757003847.3692098,1757003847.3757734,0.006563663482666016
1757003847.6198926,1757003847.6266425,0.006749868392944336
1757003847.8017714,1757003847.8106,0.00882863998413086
1757003848.0506537,1757003848.0585938,0.007940053939819336
1757003848.2408154,1757003848.2474413,0.0066258907318115234
1757003848.4881153,1757003848.494688,0.006572723388671875
1757003848.6538844,1757003848.6638162,0.009931802749633789
1757003848.9063754,1757003848.9159808,0.00960540771484375
1757003849.1603413,1757003849.1683402,0.007998943328857422
1757003849.342424,1757003849.3490074,0.006583452224731445
1757003849.6041586,1757003849.6106486,0.006489992141723633
1757003849.763616,1757003849.770241,0.006624937057495117
1757003850.0257568,1757003850.0321186,0.006361722946166992
1757003850.196766,1757003850.205038,0.008272171020507812
1757003850.4720592,1757003850.4784598,0.006400585174560547
1757003850.712575,1757003850.7194083,0.006833314895629883
1757003850.9586034,1757003850.9655128,0.006909370422363281
1757003851.1254635,1757003851.1349332,0.009469747543334961
1757003851.3905573,1757003851.397189,0.006631612777709961
1757003851.5696619,1757003851.5786986,0.009036779403686523
1757003851.8231776,1757003851.8314626,0.008285045623779297
1757003851.9906557,1757003851.9981048,0.007449150085449219
1757003852.2787333,1757003852.2853029,0.006569623947143555
1757003852.4535854,1757003852.4602377,0.006652355194091797
1757003852.7098753,1757003852.7163348,0.006459474563598633
1757003852.8932028,1757003852.8998072,0.006604433059692383
1757003853.1458652,1757003853.1524613,0.006596088409423828
1757003853.3108006,1757003853.3176415,0.006840944290161133
1757003853.6168141,1757003853.6235733,0.006759166717529297
1757003853.7891476,1757003853.7971919,0.008044242858886719
1757003854.056327,1757003854.0634227,0.0070955753326416016
1757003854.2388656,1757003854.246016,0.007150411605834961
1757003854.4924405,1757003854.49927,0.006829500198364258
1757003854.6598673,1757003854.6713314,0.011464118957519531
1757003854.9188063,1757003854.9271722,0.008365869522094727
1757003855.17108,1757003855.179327,0.008246898651123047
1757003855.353101,1757003855.3610632,0.007962226867675781
1757003855.6116006,1757003855.618195,0.006594419479370117
1757003855.784829,1757003855.7914362,0.0066072940826416016
1757003856.037674,1757003856.0457983,0.008124351501464844
1757003856.2274086,1757003856.2373586,0.009949922561645508
1757003856.5037467,1757003856.5110002,0.007253408432006836
1757003856.6829286,1757003856.694202,0.011273384094238281
1757003857.0048532,1757003857.0117083,0.006855010986328125
1757003857.1837878,1757003857.1923485,0.008560657501220703
1757003857.436186,1757003857.4429858,0.0067996978759765625
1757003857.6162107,1757003857.622889,0.006678342819213867
1757003857.8655117,1757003857.8719049,0.0063931941986083984
1757003858.0274956,1757003858.0343769,0.006881237030029297
1757003858.391358,1757003858.3977842,0.006426334381103516
1757003858.5719206,1757003858.5812972,0.00937652587890625
1757003858.8268182,1757003858.8331425,0.006324291229248047
1757003858.9932942,1757003859.0006843,0.007390022277832031
1757003859.244712,1757003859.2526958,0.007983684539794922
1757003859.4335752,1757003859.4444604,0.010885238647460938
1757003859.6943288,1757003859.7009466,0.00661778450012207
1757003859.8607626,1757003859.867911,0.0071485042572021484
1757003860.1599386,1757003860.1666527,0.0067141056060791016
1757003860.346701,1757003860.3535163,0.006815433502197266
1757003860.6080735,1757003860.614684,0.0066106319427490234
1757003860.7900434,1757003860.797207,0.0071637630462646484
1757003861.0453916,1757003861.0522232,0.006831645965576172
1757003861.3149521,1757003861.326552,0.01159977912902832
1757003861.5228415,1757003861.5301137,0.007272243499755859
1757003861.7027984,1757003861.7111037,0.00830531120300293
1757003861.9589546,1757003861.9656026,0.006648063659667969
1757003862.1360207,1757003862.147977,0.011956453323364258
1757003862.3976288,1757003862.404421,0.006792306900024414
1757003862.5730035,1757003862.584491,0.011487483978271484
1757003864.3915696,1757003864.403032,0.01146245002746582
1757003866.0143633,1757003866.0208828,0.0065195560455322266
1757003867.6946898,1757003867.7014353,0.006745576858520508
1757003869.3067293,1757003869.313364,0.006634712219238281
1757003870.943493,1757003870.950245,0.00675201416015625
1757003872.5646331,1757003872.571737,0.007103919982910156
1757003874.171515,1757003874.1784432,0.006928205490112305
1757003875.7925518,1757003875.7991738,0.0066220760345458984
1757003877.4330187,1757003877.439857,0.006838321685791016
1757003879.043624,1757003879.0503874,0.006763458251953125
1757003880.7611365,1757003880.7679439,0.0068073272705078125
1757003882.3850393,1757003882.393852,0.008812665939331055
1757003887.392257,1757003887.3989327,0.00667572021484375
1757003887.5919003,1757003887.5988002,0.006899833679199219
1757003892.3855696,1757003892.3931038,0.0075342655181884766
1757003894.0552237,1757003894.0616887,0.006464958190917969
1757003895.7801986,1757003895.7869596,0.006761074066162109
1757003897.3584807,1757003897.365082,0.0066013336181640625
1757003899.0549939,1757003899.0616472,0.006653308868408203
1757003900.8429058,1757003900.8499038,0.0069980621337890625
1757003902.4234047,1757003902.4301593,0.006754636764526367
1757003904.098499,1757003904.1055632,0.007064104080200195
1757003905.7713892,1757003905.7779055,0.006516218185424805
1757003907.475847,1757003907.4826338,0.006786823272705078
1757003909.1725495,1757003909.1789649,0.006415367126464844
1757003910.8612053,1757003910.8726778,0.011472463607788086
1757003912.7562764,1757003912.762821,0.006544589996337891
1757003914.4307027,1757003914.4373555,0.00665283203125
1757003916.1053975,1757003916.1132848,0.00788736343383789
1757003917.9564152,1757003917.9646623,0.008247137069702148
1757003919.5485647,1757003919.5556738,0.007109165191650391
1757003919.723809,1757003919.734547,0.010737895965576172
1757003919.994413,1757003920.0009625,0.0065495967864990234
1757003920.159005,1757003920.165507,0.0065021514892578125
1757003920.5397115,1757003920.546579,0.006867408752441406
1757003920.726858,1757003920.736321,0.009463071823120117
1757003920.995223,1757003921.0024755,0.00725245475769043
1757003921.154941,1757003921.1618178,0.006876707077026367
1757003921.4167333,1757003921.4231553,0.0064220428466796875
1757003921.5840652,1757003921.5948322,0.010766983032226562
1757003921.84958,1757003921.855907,0.006326913833618164
1757003922.0188205,1757003922.0296671,0.010846614837646484
1757003922.2807393,1757003922.2873764,0.006637096405029297
1757003922.5778162,1757003922.5844266,0.006610393524169922
1757003922.7531226,1757003922.759745,0.006622314453125
1757003923.0016255,1757003923.0083494,0.006723880767822266
1757003923.170485,1757003923.1831996,0.012714624404907227
1757003923.4375746,1757003923.444739,0.007164478302001953
1757003923.6062436,1757003923.613014,0.00677037239074707
1757003923.8761976,1757003923.8830569,0.006859302520751953
1757003924.1416605,1757003924.148398,0.006737470626831055
1757003924.3156598,1757003924.3238034,0.00814366340637207
1757003924.5916896,1757003924.598235,0.006545305252075195
1757003924.7654655,1757003924.7771683,0.011702775955200195
1757003925.0202155,1757003925.0269253,0.0067098140716552734
1757003925.191576,1757003925.1984098,0.006833791732788086
1757003925.4657252,1757003925.4722052,0.006479978561401367
1757003925.70854,1757003925.71644,0.007899999618530273
1757003925.8961833,1757003925.9029346,0.006751298904418945
1757003926.1466916,1757003926.1532843,0.006592750549316406
1757003926.3145437,1757003926.3212607,0.00671696662902832
1757003926.5658767,1757003926.5722752,0.006398439407348633
1757003926.7233415,1757003926.7301865,0.006844997406005859
1757003927.0944297,1757003927.1008327,0.0064029693603515625
1757003927.2620614,1757003927.273471,0.011409759521484375
1757003927.5217812,1757003927.5296035,0.007822275161743164
1757003927.7021592,1757003927.7086859,0.0065267086029052734
1757003927.959075,1757003927.9651914,0.006116390228271484
1757003928.1272483,1757003928.134819,0.007570743560791016
1757003928.376431,1757003928.3824604,0.006029367446899414
1757003928.5332,1757003928.5397656,0.006565570831298828
1757003928.8410513,1757003928.8473792,0.00632786750793457
1757003929.026319,1757003929.0326676,0.006348609924316406
1757003929.2817597,1757003929.2879193,0.006159543991088867
1757003929.458321,1757003929.464695,0.006373882293701172
1757003929.704281,1757003929.711854,0.00757288932800293
1757003929.8726687,1757003929.8803525,0.007683753967285156
1757003930.1274402,1757003930.1338394,0.0063991546630859375
1757003930.3952103,1757003930.4029477,0.007737398147583008
1757003930.5722282,1757003930.5807176,0.008489370346069336
1757003930.819586,1757003930.825989,0.0064029693603515625
1757003930.988071,1757003930.9960487,0.007977724075317383
1757003931.2506375,1757003931.2584589,0.007821321487426758
1757003931.4418476,1757003931.451411,0.009563446044921875
1757003931.7494268,1757003931.7560732,0.006646394729614258
1757003931.9105887,1757003931.9181454,0.0075566768646240234
1757003932.1639194,1757003932.1702466,0.006327152252197266
1757003932.3326974,1757003932.3403728,0.0076754093170166016
1757003932.583781,1757003932.5902338,0.006452798843383789
1757003932.7493875,1757003932.7597673,0.010379791259765625
1757003933.0029361,1757003933.0096517,0.006715536117553711
1757003933.2609138,1757003933.2674074,0.006493568420410156
1757003933.4276934,1757003933.4356189,0.00792551040649414
1757003933.687456,1757003933.6938498,0.006393909454345703
1757003933.8532336,1757003933.8609858,0.007752180099487305
1757003934.1251216,1757003934.131804,0.006682395935058594
1757003934.2940898,1757003934.3009033,0.006813526153564453
1757003934.560497,1757003934.566893,0.006396055221557617
1757003934.8007274,1757003934.8115609,0.010833501815795898
1757003934.9769654,1757003934.9882169,0.011251449584960938
1757003935.2335522,1757003935.2446935,0.011141300201416016
1757003935.4272034,1757003935.4338453,0.006641864776611328
1757003935.685627,1757003935.6919563,0.00632929801940918
1757003935.867636,1757003935.8744168,0.006780862808227539
1757003936.1140597,1757003936.121762,0.007702350616455078
1757003936.276163,1757003936.2827082,0.006545066833496094
1757003936.550195,1757003936.5613692,0.011174201965332031
1757003936.7190957,1757003936.7302008,0.011105060577392578
1757003936.9943054,1757003937.0049787,0.010673284530639648
1757003937.1754715,1757003937.1871352,0.011663675308227539
1757003937.4272914,1757003937.4351268,0.00783538818359375
1757003937.6716902,1757003937.6783476,0.00665736198425293
1757003937.9394562,1757003937.9458857,0.006429433822631836
1757003938.1145217,1757003938.120976,0.0064542293548583984
1757003938.3842711,1757003938.3908758,0.006604671478271484
1757003938.563167,1757003938.5694087,0.006241559982299805
1757003938.817238,1757003938.8249874,0.007749319076538086
1757003938.9929883,1757003939.0010338,0.008045434951782227
1757003939.244927,1757003939.251337,0.006410121917724609
1757003939.4268887,1757003939.4333,0.006411314010620117
1757003939.682878,1757003939.6895282,0.006650209426879883
1757003939.931863,1757003939.9384644,0.0066013336181640625
1757003940.102285,1757003940.1090832,0.006798267364501953
1757003940.3548164,1757003940.3628569,0.008040428161621094
1757003940.540844,1757003940.5488672,0.008023262023925781
1757003940.7695973,1757003940.7779233,0.008326053619384766
1757003941.0165267,1757003941.0228527,0.006325960159301758
1757003941.205304,1757003941.2118351,0.006531238555908203
1757003941.4505932,1757003941.4568613,0.006268024444580078
1757003941.6340866,1757003941.6408873,0.006800651550292969
1757003941.8819046,1757003941.8882983,0.0063936710357666016
1757003942.0586443,1757003942.065249,0.006604671478271484
1757003942.3178003,1757003942.3240285,0.006228208541870117
1757003942.4971538,1757003942.504466,0.007312297821044922
1757003942.7814567,1757003942.7880118,0.006555080413818359
1757003942.9418502,1757003942.9484644,0.006614208221435547
1757003943.2978933,1757003943.3043015,0.006408214569091797
1757003943.4769294,1757003943.4835033,0.006573915481567383
1757003943.6455288,1757003943.6565135,0.010984659194946289
1757003943.953069,1757003943.9595184,0.006449460983276367
1757003944.1289723,1757003944.1399915,0.011019229888916016
1757003944.2982464,1757003944.3047504,0.006504058837890625
1757003944.6504245,1757003944.6566904,0.006265878677368164
1757003944.8167186,1757003944.828884,0.012165307998657227
1757003945.1882064,1757003945.1960156,0.007809162139892578
1757003945.3477314,1757003945.3541112,0.006379842758178711
1757003945.7125547,1757003945.7189727,0.006417989730834961
1757003945.8704765,1757003945.8769858,0.006509304046630859
1757003946.2206335,1757003946.2269819,0.006348371505737305
1757003946.4020193,1757003946.4095826,0.007563352584838867
1757003946.6498668,1757003946.6562195,0.006352663040161133
1757003946.8291533,1757003946.8378274,0.008674144744873047
1757003947.094559,1757003947.1015377,0.006978750228881836
1757003947.3468354,1757003947.35328,0.006444692611694336
1757003947.5211399,1757003947.5292091,0.008069276809692383
1757003947.7675922,1757003947.77531,0.00771784782409668
1757003947.9352498,1757003947.9426947,0.007444858551025391
1757003948.1962159,1757003948.2025537,0.006337881088256836
1757003948.3704853,1757003948.3772857,0.006800413131713867
1757003948.626332,1757003948.6326315,0.006299495697021484
1757003948.7922082,1757003948.7985203,0.006312131881713867
1757003949.0408149,1757003949.0480778,0.0072629451751708984
1757003949.2898858,1757003949.2968416,0.006955862045288086
1757003949.463417,1757003949.4700334,0.006616353988647461
1757003949.7107031,1757003949.7182672,0.007564067840576172
1757003949.8763149,1757003949.8827574,0.006442546844482422
1757003950.1431718,1757003950.149945,0.006773233413696289
1757003950.3348143,1757003950.341453,0.006638765335083008
1757003950.6351476,1757003950.6416502,0.006502628326416016
1757003950.8053102,1757003950.8119843,0.006674051284790039
1757003951.0831623,1757003951.090231,0.007068634033203125
1757003951.243702,1757003951.252422,0.008720159530639648
1757003951.520888,1757003951.5319037,0.011015653610229492
1757003951.6951888,1757003951.703315,0.008126258850097656
1757003951.9526794,1757003951.9592152,0.006535768508911133
1757003952.1212444,1757003952.127788,0.006543636322021484
1757003952.4079525,1757003952.4189224,0.010969877243041992
1757003952.579243,1757003952.590541,0.011297941207885742
1757003952.846007,1757003952.8570113,0.011004209518432617
1757003953.026519,1757003953.0358105,0.009291410446166992
1757003953.2890625,1757003953.2954934,0.006430864334106445
1757003953.4645472,1757003953.4709709,0.0064237117767333984
1757003953.7163947,1757003953.722738,0.006343364715576172
1757003953.9681165,1757003953.9745681,0.006451606750488281
1757003954.1594741,1757003954.1662064,0.00673222541809082
1757003954.4155054,1757003954.4232845,0.007779121398925781
1757003954.5977385,1757003954.605865,0.008126497268676758
1757003954.8636422,1757003954.8704503,0.006808042526245117
1757003955.0482707,1757003955.0573287,0.009057998657226562
1757003955.3018641,1757003955.3081117,0.006247520446777344
1757003955.47621,1757003955.4828734,0.006663322448730469
1757003955.7483428,1757003955.755656,0.007313251495361328
1757003955.9395268,1757003955.9460843,0.006557464599609375
1757003956.2250454,1757003956.2368026,0.011757135391235352
1757003956.4190695,1757003956.426941,0.007871389389038086
1757003956.6794052,1757003956.686981,0.0075757503509521484
1757003956.9233828,1757003956.9296603,0.006277561187744141
1757003957.1156023,1757003957.1220417,0.0064394474029541016
1757003957.3723085,1757003957.3799782,0.007669687271118164
1757003957.544656,1757003957.5508466,0.00619053840637207
1757003957.7953444,1757003957.8028455,0.007501125335693359
1757003957.975289,1757003957.9819798,0.0066907405853271484
1757003958.2383597,1757003958.2449803,0.006620645523071289
1757003958.485607,1757003958.4922361,0.006629228591918945
1757003958.6930747,1757003958.6995459,0.006471157073974609
1757003958.8603895,1757003958.871501,0.01111149787902832
1757003959.1430364,1757003959.1495602,0.006523847579956055
1757003959.3081417,1757003959.314587,0.006445407867431641
1757003959.6754959,1757003959.6817958,0.0062999725341796875
1757003959.8729208,1757003959.8833563,0.01043558120727539
1757003960.0434132,1757003960.0498364,0.006423234939575195
1757003960.3768396,1757003960.3833518,0.006512165069580078
1757003960.5831113,1757003960.5922887,0.009177446365356445
1757003960.83355,1757003960.841589,0.008038997650146484
1757003961.0041878,1757003961.0116284,0.0074405670166015625
1757003961.2538142,1757003961.2601206,0.00630640983581543
1757003961.4152489,1757003961.421733,0.006484031677246094
1757003961.7751577,1757003961.7827284,0.007570743560791016
1757003961.949943,1757003961.9606576,0.010714530944824219
1757003962.2085793,1757003962.2150357,0.0064563751220703125
1757003962.3719928,1757003962.3785129,0.00652003288269043
1757003962.6269803,1757003962.6333492,0.006368875503540039
1757003962.793543,1757003962.7999735,0.006430387496948242
1757003963.0495892,1757003963.0607708,0.01118159294128418
1757003963.2106757,1757003963.218285,0.007609367370605469
1757003963.5094438,1757003963.5159411,0.006497383117675781
1757003963.6992404,1757003963.7059174,0.006676912307739258
1757003963.9465132,1757003963.9526873,0.0061740875244140625
1757003964.126058,1757003964.1351426,0.009084463119506836
1757003964.3907907,1757003964.396861,0.006070375442504883
1757003964.554767,1757003964.5612998,0.006532907485961914
1757003964.8131526,1757003964.8198986,0.006746053695678711
1757003965.07419,1757003965.0805879,0.00639796257019043
1757003965.2707572,1757003965.2796626,0.008905410766601562
1757003965.5235786,1757003965.53058,0.007001399993896484
1757003965.7136443,1757003965.7198694,0.006225109100341797
1757003965.976801,1757003965.9832692,0.006468296051025391
1757003966.1456566,1757003966.1524296,0.0067729949951171875
1757003966.4103808,1757003966.4164984,0.006117582321166992
1757003966.573518,1757003966.5808518,0.0073337554931640625
1757003966.892033,1757003966.8990993,0.007066249847412109
1757003967.0737383,1757003967.080199,0.006460666656494141
1757003967.3459618,1757003967.35242,0.006458282470703125
1757003967.5204818,1757003967.5268216,0.0063397884368896484
1757003967.787828,1757003967.7980502,0.010222196578979492
1757003968.0673044,1757003968.0733554,0.006051063537597656
1757003968.2337165,1757003968.243961,0.010244607925415039
1757003968.4888854,1757003968.4950376,0.006152153015136719
1757003968.673169,1757003968.6833792,0.010210275650024414
1757003968.9314084,1757003968.9376447,0.00623631477355957
1757003969.1058502,1757003969.1134906,0.007640361785888672
1757003969.3577538,1757003969.3636498,0.005896091461181641
1757003969.520301,1757003969.526452,0.006150960922241211
1757003969.8427944,1757003969.8488338,0.00603938102722168
1757003970.0297158,1757003970.0359383,0.00622248649597168
1757003970.2003043,1757003970.2065504,0.006246089935302734
1757003970.4517083,1757003970.457929,0.006220579147338867
1757003970.623717,1757003970.6324217,0.008704662322998047
1757003970.884149,1757003970.8904717,0.006322622299194336
1757003971.1402366,1757003971.147203,0.006966352462768555
1757003971.313702,1757003971.319993,0.006290912628173828
1757003971.5795507,1757003971.5856297,0.006078958511352539
1757003971.833657,1757003971.839579,0.005922079086303711
1757003972.023863,1757003972.0320973,0.008234262466430664
1757003972.2635198,1757003972.2693796,0.005859851837158203
1757003972.4297793,1757003972.435806,0.006026744842529297
1757003972.6741025,1757003972.6815047,0.007402181625366211
1757003972.9144053,1757003972.9202611,0.0058557987213134766
1757003973.0830953,1757003973.092259,0.009163618087768555
1757003973.3568265,1757003973.3626783,0.00585174560546875
1757003973.5357528,1757003973.54299,0.00723719596862793
1757003973.809525,1757003973.815187,0.005661964416503906
1757003973.987075,1757003973.9929924,0.00591731071472168
1757007861.0154855,1757007861.022821,0.0073354244232177734
1757007861.169002,1757007861.1756163,0.006614208221435547
1757007861.2475066,1757007861.254018,0.0065114498138427734
1757007864.422438,1757007864.4339252,0.011487245559692383
1757007864.6155787,1757007864.622574,0.006995439529418945
1757007864.7381997,1757007864.7495987,0.011399030685424805
1757007864.9295576,1757007864.9367926,0.007235050201416016
1757007865.0509856,1757007865.0577934,0.006807804107666016
1757007865.236856,1757007865.24407,0.007214069366455078
1757007865.3579733,1757007865.3648913,0.0069179534912109375
1757007865.5445805,1757007865.551392,0.006811618804931641
1757007865.659161,1757007865.6668317,0.00767064094543457
1757007865.8508255,1757007865.858978,0.008152484893798828
1757007865.971536,1757007865.9811537,0.009617805480957031
1757007866.1601567,1757007866.1668506,0.006693840026855469
1757007866.272827,1757007866.282721,0.009894132614135742
1757007866.461655,1757007866.4682047,0.006549835205078125
1757007866.5831792,1757007866.5927436,0.009564399719238281
1757007866.780209,1757007866.788571,0.00836181640625
1757007866.9007328,1757007866.9082847,0.007551908493041992
1757007867.088282,1757007867.0952227,0.006940603256225586
1757007867.1923356,1757007867.199207,0.006871461868286133
1757007867.387439,1757007867.3939712,0.006532192230224609
1757007867.4959257,1757007867.5030265,0.007100820541381836
1757007867.6883326,1757007867.6997576,0.011425018310546875
1757007867.8064313,1757007867.8179102,0.011478900909423828
1757007868.00926,1757007868.0166817,0.007421731948852539
1757007868.1205924,1757007868.1273878,0.006795406341552734
1757007868.3111904,1757007868.3176441,0.006453752517700195
1757007868.4142566,1757007868.4215274,0.00727081298828125
1757007868.6183531,1757007868.625011,0.006657838821411133
1757007868.805226,1757007868.8119407,0.006714582443237305
1757007868.9403126,1757007868.9500313,0.009718656539916992
1757007869.1272388,1757007869.1354582,0.008219480514526367
1757007869.2762973,1757007869.2834184,0.007121086120605469
1757007869.4604,1757007869.4672139,0.006813764572143555
1757007869.6333442,1757007869.6400616,0.0067174434661865234
1757007869.7351952,1757007869.742317,0.0071218013763427734
1757007870.044245,1757007870.0510852,0.006840229034423828
1757007870.156761,1757007870.1666288,0.00986790657043457
1757007870.3598063,1757007870.3676922,0.007885932922363281
1757007870.4710114,1757007870.4780312,0.007019758224487305
1757007870.6915371,1757007870.6985743,0.007037162780761719
1757007870.8151343,1757007870.827189,0.012054681777954102
1757007871.0044289,1757007871.012886,0.008457183837890625
1757007871.1176455,1757007871.1269517,0.009306192398071289
1757007871.3231428,1757007871.3300347,0.006891965866088867
1757007871.4313493,1757007871.4380875,0.006738185882568359
1757007871.6454687,1757007871.6563423,0.010873556137084961
1757007871.753604,1757007871.7609289,0.007324934005737305
1757007871.9790168,1757007871.9859447,0.006927967071533203
1757007872.0841007,1757007872.090786,0.0066852569580078125
1757007872.318915,1757007872.3260787,0.0071637630462646484
1757007872.4257493,1757007872.4324627,0.006713390350341797
1757007872.6307163,1757007872.638183,0.007466793060302734
1757007872.8188245,1757007872.825502,0.006677389144897461
1757007872.9767513,1757007872.983279,0.00652766227722168
1757007873.08186,1757007873.0887249,0.006864786148071289
1757007873.2982562,1757007873.3048725,0.006616353988647461
1757007873.4011805,1757007873.4123409,0.01116037368774414
1757007873.6223164,1757007873.62892,0.006603717803955078
1757007873.7274072,1757007873.734206,0.006798744201660156
1757007873.9455187,1757007873.9524033,0.006884574890136719
1757007874.051587,1757007874.0627627,0.01117563247680664
1757007874.2724063,1757007874.2791967,0.0067903995513916016
1757007874.3763433,1757007874.3849828,0.00863957405090332
1757007874.5985296,1757007874.6053114,0.006781816482543945
1757007874.7196052,1757007874.7274485,0.007843255996704102
1757007875.0771253,1757007875.0839448,0.006819486618041992
1757007875.1849792,1757007875.1937187,0.008739471435546875
1757007875.4163818,1757007875.423744,0.0073621273040771484
1757007875.5241704,1757007875.530971,0.006800651550292969
1757007875.754765,1757007875.7614782,0.006713151931762695
1757007875.8608696,1757007875.868072,0.0072023868560791016
1757007876.1025789,1757007876.1115174,0.00893855094909668
1757007876.2981427,1757007876.3047912,0.006648540496826172
1757007876.4363673,1757007876.4461024,0.009735107421875
1757007876.632155,1757007876.6390128,0.006857872009277344
1757007876.798214,1757007876.8053684,0.0071544647216796875
1757007876.9107437,1757007876.9189417,0.008198022842407227
1757007877.1294339,1757007877.1360345,0.006600618362426758
1757007877.2405758,1757007877.2480366,0.007460832595825195
1757007877.467013,1757007877.473797,0.006784200668334961
1757007877.5831141,1757007877.5900066,0.00689244270324707
1757007877.7884347,1757007877.7950444,0.006609678268432617
1757007877.9058206,1757007877.9190483,0.013227701187133789
1757007878.1148996,1757007878.1266034,0.011703729629516602
1757007878.2305772,1757007878.2375782,0.007000923156738281
1757007878.4438043,1757007878.450691,0.006886720657348633
1757007878.641157,1757007878.6487803,0.007623434066772461
1757007878.754708,1757007878.765183,0.010474920272827148
1757007878.9638364,1757007878.970448,0.00661158561706543
1757007879.0752308,1757007879.082118,0.006887197494506836
1757007879.4069355,1757007879.413457,0.006521463394165039
1757007879.5934887,1757007879.6048336,0.01134490966796875
1757007879.7149017,1757007879.7265267,0.011625051498413086
1757007879.9254398,1757007879.9369264,0.011486530303955078
1757007880.046973,1757007880.054128,0.007154941558837891
1757007880.252764,1757007880.2597623,0.006998300552368164
1757007880.3766382,1757007880.384379,0.00774073600769043
1757007880.6000173,1757007880.6068206,0.006803274154663086
1757007880.7266037,1757007880.7335584,0.006954669952392578
1757007880.9440405,1757007880.9552271,0.011186599731445312
1757007881.0780528,1757007881.090292,0.012239217758178711
1757007881.303986,1757007881.311246,0.007259845733642578
1757007881.445171,1757007881.4555874,0.010416269302368164
1757007881.6541345,1757007881.6656866,0.011552095413208008
1757007881.8731077,1757007881.880244,0.007136344909667969
1757007882.0407538,1757007882.0534244,0.012670516967773438
1757007882.2504997,1757007882.257351,0.0068511962890625
1757007882.392466,1757007882.4000525,0.007586479187011719
1757007882.6159966,1757007882.6228378,0.006841182708740234
1757007882.8101258,1757007882.8169441,0.006818294525146484
1757007882.9347808,1757007882.9468038,0.012022972106933594
1757007883.164053,1757007883.1729372,0.008884191513061523
1757007883.294453,1757007883.3050117,0.010558843612670898
1757007883.5056145,1757007883.5123348,0.006720304489135742
1757007883.6435816,1757007883.6537647,0.010183095932006836
1757007883.8564172,1757007883.8632846,0.006867408752441406
1757007884.1325703,1757007884.1396348,0.0070645809173583984
1757007884.2463524,1757007884.2530484,0.006695985794067383
1757007884.4819064,1757007884.488494,0.006587505340576172
1757007884.5947378,1757007884.6019173,0.0071794986724853516
1757007884.817982,1757007884.8276281,0.009646177291870117
1757007885.0162492,1757007885.0230365,0.006787300109863281
1757007885.1588676,1757007885.1683757,0.009508132934570312
1757007885.3713286,1757007885.3779774,0.0066487789154052734
1757007885.5293727,1757007885.538668,0.009295225143432617
1757007885.7585518,1757007885.7655904,0.007038593292236328
1757007885.8762112,1757007885.882776,0.0065648555755615234
1757007886.1812515,1757007886.188221,0.006969451904296875
1757007886.3300002,1757007886.3364918,0.006491661071777344
1757007886.442973,1757007886.4498138,0.006840944290161133
1757007886.7470763,1757007886.754311,0.007234811782836914
1757007886.896635,1757007886.9030652,0.006430149078369141
1757007887.013235,1757007887.0205457,0.007310628890991211
1757007887.2404313,1757007887.2487109,0.008279561996459961
1757007887.4459214,1757007887.453023,0.007101535797119141
1757007887.560362,1757007887.5673907,0.0070285797119140625
1757007887.7722535,1757007887.778792,0.00653839111328125
1757007887.8978803,1757007887.906437,0.008556604385375977
1757007888.137287,1757007888.1441076,0.0068206787109375
1757007888.3628116,1757007888.369189,0.006377458572387695
1757007888.516229,1757007888.5237062,0.007477283477783203
1757007888.7138364,1757007888.7218606,0.008024215698242188
1757007888.894965,1757007888.9070344,0.012069463729858398
1757007889.089503,1757007889.0963645,0.006861448287963867
1757007889.2414455,1757007889.2510817,0.009636163711547852
1757007889.4381518,1757007889.4460669,0.007915019989013672
1757007889.5655239,1757007889.575447,0.009923219680786133
1757007889.7621388,1757007889.7691438,0.007004976272583008
1757007889.9047914,1757007889.9161932,0.011401891708374023
1757007890.1026018,1757007890.1090653,0.006463527679443359
1757007890.2350023,1757007890.2462497,0.011247396469116211
1757007890.4346273,1757007890.4409769,0.0063495635986328125
1757007890.5563955,1757007890.566408,0.010012388229370117
1757007890.7670288,1757007890.773672,0.0066432952880859375
1757007890.8931677,1757007890.9045017,0.011333942413330078
1757007891.1197586,1757007891.1263018,0.006543159484863281
1757007891.2316937,1757007891.2384982,0.006804466247558594
1757007891.4399137,1757007891.4482496,0.00833582878112793
1757007891.5550752,1757007891.5620728,0.006997585296630859
1757007891.779299,1757007891.7874284,0.008129358291625977
1757007891.8975616,1757007891.9058027,0.00824117660522461
1757007892.1027122,1757007892.1093533,0.0066411495208740234
1757007892.2600253,1757007892.2717004,0.011675119400024414
1757007892.4617472,1757007892.4683194,0.006572246551513672
1757007892.5743353,1757007892.5813806,0.007045269012451172
1757007892.7796762,1757007892.7866507,0.006974458694458008
1757007892.9034789,1757007892.9105096,0.0070307254791259766
1757007893.1092353,1757007893.1161425,0.006907224655151367
1757007893.2340055,1757007893.24308,0.00907444953918457
1757007893.437579,1757007893.4442282,0.0066492557525634766
1757007893.5515645,1757007893.5583887,0.0068242549896240234
1757007893.7579224,1757007893.7646313,0.006708860397338867
1757007893.8809772,1757007893.887962,0.0069849491119384766
1757007895.5779645,1757007895.5847166,0.00675201416015625
1757007897.1303356,1757007897.1426013,0.012265682220458984
1757007898.7084272,1757007898.7183974,0.00997018814086914
1757007900.2876775,1757007900.2944624,0.006784915924072266
1757007901.870576,1757007901.8809147,0.010338783264160156
1757007903.4589312,1757007903.4659288,0.006997585296630859
1757007905.1241271,1757007905.1308463,0.006719112396240234
1757007906.6837332,1757007906.6921616,0.008428335189819336
1757007908.3386395,1757007908.345363,0.0067234039306640625
1757007909.8990393,1757007909.9057744,0.006735086441040039
1757007911.5576475,1757007911.5645273,0.0068798065185546875
1757007913.1244252,1757007913.1353123,0.01088714599609375
1757007914.8423212,1757007914.8487194,0.006398200988769531
1757007916.3888752,1757007916.3977678,0.008892536163330078
1757007917.963234,1757007917.9697871,0.006553173065185547
1757007919.5231347,1757007919.532206,0.00907135009765625
1757007921.1568,1757007921.16339,0.0065898895263671875
1757007922.8148062,1757007922.8216724,0.0068662166595458984
1757007924.3664262,1757007924.3744729,0.008046627044677734
1757007926.0867336,1757007926.0931885,0.006454944610595703
1757007927.7619827,1757007927.768511,0.006528377532958984
1757007929.3271399,1757007929.3341668,0.0070269107818603516
1757007930.9047441,1757007930.9129083,0.008164167404174805
1757007932.6770566,1757007932.6850648,0.008008241653442383
1757007934.28163,1757007934.2898808,0.008250713348388672
1757007936.0612648,1757007936.067821,0.006556272506713867
1757007937.7236338,1757007937.7326832,0.009049415588378906
1757007939.4906223,1757007939.4971657,0.006543397903442383
1757007941.1511652,1757007941.1587656,0.007600307464599609
1757007942.8111966,1757007942.8198855,0.008688926696777344
1757007942.9886212,1757007942.9953818,0.006760597229003906
1757007943.1998675,1757007943.2064226,0.006555080413818359
1757007943.339756,1757007943.348716,0.00896000862121582
1757007943.550111,1757007943.5567,0.006588935852050781
1757007943.6777258,1757007943.6845737,0.006847858428955078
1757007943.8866405,1757007943.894545,0.007904529571533203
1757007944.0112617,1757007944.0181308,0.006869077682495117
1757007944.264494,1757007944.2709873,0.006493330001831055
1757007944.3925638,1757007944.4031925,0.010628700256347656
1757007944.6146834,1757007944.62533,0.010646581649780273
1757007944.7342505,1757007944.7408736,0.006623029708862305
1757007944.9522903,1757007944.9639208,0.011630535125732422
1757007945.1562026,1757007945.162524,0.006321430206298828
1757007945.297608,1757007945.3045413,0.006933450698852539
1757007945.5054271,1757007945.5118034,0.0063762664794921875
1757007945.6233985,1757007945.6300004,0.006601810455322266
1757007945.8777926,1757007945.885932,0.008139371871948242
1757007946.070377,1757007946.0770772,0.006700038909912109
1757007946.1824062,1757007946.19056,0.008153915405273438
1757007946.4051852,1757007946.4115136,0.0063283443450927734
1757007946.5189097,1757007946.529714,0.010804414749145508
1757007946.7376208,1757007946.743926,0.006305217742919922
1757007946.8515096,1757007946.8582478,0.006738185882568359
1757007947.0668073,1757007947.0734112,0.00660395622253418
1757007947.2517035,1757007947.2617958,0.01009225845336914
1757007947.4547033,1757007947.4608326,0.006129264831542969
1757007947.5873687,1757007947.5982654,0.010896682739257812
1757007947.7954967,1757007947.8017871,0.006290435791015625
1757007947.9266443,1757007947.9331388,0.0064945220947265625
1757007948.1440923,1757007948.1513536,0.0072612762451171875
1757007948.372309,1757007948.3784173,0.006108283996582031
1757007948.5428665,1757007948.5545704,0.011703968048095703
1757007948.7787952,1757007948.7905312,0.011735916137695312
1757007948.906031,1757007948.9124045,0.00637364387512207
1757007949.1186588,1757007949.1249046,0.006245851516723633
1757007949.2532558,1757007949.2598093,0.0065534114837646484
1757007949.4650927,1757007949.4724889,0.007396221160888672
1757007949.6018336,1757007949.6082642,0.006430625915527344
1757007949.8082561,1757007949.814602,0.0063457489013671875
1757007949.9502342,1757007949.956441,0.0062067508697509766
1757007950.1833954,1757007950.1900883,0.0066928863525390625
1757007950.2993631,1757007950.30548,0.0061168670654296875
1757007950.5446906,1757007950.5506785,0.005987882614135742
1757007950.6646357,1757007950.6707065,0.006070852279663086
1757007950.8917422,1757007950.8982809,0.0065386295318603516
1757007951.0959556,1757007951.1020484,0.00609278678894043
1757007951.2159686,1757007951.2268078,0.010839223861694336
1757007951.4682088,1757007951.4737122,0.005503416061401367
1757007951.6300006,1757007951.6359332,0.00593256950378418
1757007951.750376,1757007951.7577913,0.007415294647216797
1757007951.9693425,1757007951.9750848,0.005742311477661133
1757007952.0921,1757007952.1018405,0.009740591049194336
1757007952.3035276,1757007952.3104148,0.006887197494506836
1757007952.4270089,1757007952.4344797,0.007470846176147461
1757007952.6370487,1757007952.6428473,0.0057985782623291016
1757007952.8153884,1757007952.8210475,0.0056591033935546875
1757007952.9282527,1757007952.9339201,0.005667448043823242
1757007953.1497502,1757007953.1558516,0.006101369857788086
1757007953.2545004,1757007953.2599165,0.005416154861450195
1757007953.4816744,1757007953.4870481,0.005373716354370117
1757007953.6887426,1757007953.6940084,0.005265712738037109
1757007953.8036015,1757007953.810668,0.007066488265991211
1757007954.0549145,1757007954.06079,0.005875587463378906
1757007954.17347,1757007954.1827483,0.009278297424316406
1757007954.3796191,1757007954.3850877,0.005468606948852539
1757007954.4945755,1757007954.5046735,0.010097980499267578
1757007954.6989481,1757007954.7057607,0.006812572479248047
1757007954.8120828,1757007954.8192031,0.007120370864868164
1757007955.0261445,1757007955.0320013,0.005856752395629883
1757007955.138591,1757007955.14409,0.0054988861083984375
1757007955.3978205,1757007955.4044485,0.0066280364990234375
1757007955.5077624,1757007955.513217,0.005454540252685547
1757007955.7098658,1757007955.7163866,0.006520748138427734
1757007955.8222754,1757007955.8279116,0.0056362152099609375
1757007956.1317468,1757007956.1371336,0.005386829376220703
1757007956.2389648,1757007956.2445874,0.0056226253509521484
1757007956.4467623,1757007956.452062,0.005299568176269531
1757007956.6066086,1757007956.6120956,0.005486965179443359
1757007956.8210905,1757007956.8275611,0.006470680236816406
1757007956.935035,1757007956.9407864,0.005751371383666992
1757007957.1429138,1757007957.14823,0.005316257476806641
1757007957.2514725,1757007957.2573524,0.005879878997802734
1757007957.4493415,1757007957.4549048,0.005563259124755859
1757007957.637512,1757007957.6428137,0.005301713943481445
1757007957.7445,1757007957.7502093,0.005709409713745117
1757007957.989138,1757007957.9944043,0.005266427993774414
1757007958.1019402,1757007958.107861,0.005920886993408203
1757007958.300661,1757007958.3061166,0.005455493927001953
1757007958.4944196,1757007958.5000863,0.0056667327880859375
1757007958.598461,1757007958.6037242,0.005263328552246094
1757007958.809379,1757007958.8171308,0.0077517032623291016
1757007958.997205,1757007959.0027673,0.005562305450439453
1757007959.1682355,1757007959.173465,0.005229473114013672
1757007959.286703,1757007959.2923663,0.005663156509399414
1757007959.5014844,1757007959.5105133,0.009028911590576172
1757007959.6278172,1757007959.633225,0.005407810211181641
1757007959.8152692,1757007959.8205824,0.00531315803527832
1757007959.9259505,1757007959.9316852,0.005734682083129883
1757007960.1247928,1757007960.1312387,0.006445884704589844
1757007960.23601,1757007960.2415144,0.0055043697357177734
1757007960.4758763,1757007960.4824932,0.006616830825805664
1757007960.5941432,1757007960.5997074,0.005564212799072266
1757007960.7988732,1757007960.8045087,0.005635499954223633
1757007961.005208,1757007961.0104969,0.005288839340209961
1757007961.1202939,1757007961.1256702,0.005376338958740234
1757007961.3464277,1757007961.3518329,0.0054051876068115234
1757007961.517176,1757007961.524648,0.007472038269042969
1757007961.7052462,1757007961.7106712,0.005424976348876953
1757007961.8165588,1757007961.8221142,0.005555391311645508
1757007962.0171366,1757007962.0224123,0.005275726318359375
1757007962.1219983,1757007962.1286817,0.006683349609375
1757007962.348609,1757007962.354041,0.00543212890625
1757007962.4694855,1757007962.4761617,0.006676197052001953
1757007962.6902213,1757007962.6957493,0.005527973175048828
1757007962.9315116,1757007962.9376543,0.006142616271972656
1757007963.054489,1757007963.0620878,0.007598876953125
1757007963.2591631,1757007963.264446,0.005282878875732422
1757007963.3636901,1757007963.369932,0.006241798400878906
1757007963.573235,1757007963.5785685,0.005333423614501953
1757007963.806923,1757007963.8122537,0.005330801010131836
1757007963.9118614,1757007963.9171872,0.005325794219970703
1757007964.2066736,1757007964.2119558,0.005282163619995117
1757007964.3503172,1757007964.3572567,0.006939411163330078
1757007964.541518,1757007964.546954,0.005435943603515625
1757007964.6519399,1757007964.6576116,0.00567173957824707
1757007964.8750515,1757007964.8814712,0.006419658660888672
1757007964.9850488,1757007964.990637,0.0055882930755615234
1757007965.2234704,1757007965.229803,0.0063326358795166016
1757007965.3288288,1757007965.334297,0.005468130111694336
1757007965.632143,1757007965.6389475,0.006804466247558594
1757007965.7480276,1757007965.7553616,0.007333993911743164
1757007965.9430296,1757007965.948698,0.0056684017181396484
1757007966.0520098,1757007966.0620394,0.01002955436706543
1757007966.313092,1757007966.3195384,0.006446361541748047
1757007966.4532435,1757007966.4588473,0.005603790283203125
1757007966.6577868,1757007966.6632504,0.005463600158691406
1757007966.7735698,1757007966.7792487,0.005678892135620117
1757007966.9662478,1757007966.9715166,0.00526881217956543
1757007967.0700057,1757007967.075474,0.0054683685302734375
1757007967.2792895,1757007967.2868838,0.00759434700012207
1757007967.5237277,1757007967.5304158,0.006688117980957031
1757007967.6409323,1757007967.6478326,0.006900310516357422
1757007967.8431654,1757007967.8483517,0.005186319351196289
1757007967.95063,1757007967.9571514,0.006521463394165039
1757007968.164533,1757007968.1699636,0.005430698394775391
1757007968.3993142,1757007968.4085772,0.009263038635253906
1757007968.5113113,1757007968.5180163,0.006705045700073242
1757007968.8068004,1757007968.8132768,0.006476402282714844
1757007968.9532034,1757007968.9595902,0.006386756896972656
1757007969.1557555,1757007969.1610556,0.005300045013427734
1757007969.2738953,1757007969.2852693,0.01137399673461914
1757007969.496743,1757007969.5020282,0.0052852630615234375
1757007969.651649,1757007969.6614618,0.00981283187866211
1757007969.8486097,1757007969.8554606,0.0068509578704833984
1757007970.0538669,1757007970.0592124,0.005345582962036133
1757007970.1600764,1757007970.1655977,0.005521297454833984
1757007970.369534,1757007970.3754776,0.0059435367584228516
1757007970.56253,1757007970.567859,0.0053288936614990234
1757007970.7384253,1757007970.7435617,0.0051364898681640625
1757007970.8446598,1757007970.8532023,0.008542537689208984
1757007971.0722358,1757007971.0800369,0.007801055908203125
1757007971.2625551,1757007971.269366,0.006810903549194336
1757007971.3796618,1757007971.3895879,0.009926080703735352
1757007971.5867214,1757007971.5923302,0.005608797073364258
1757007971.7479906,1757007971.7533967,0.00540614128112793
1757007971.94546,1757007971.950835,0.005374908447265625
1757007972.1328216,1757007972.1381333,0.005311727523803711
1757007972.2461998,1757007972.2515037,0.005303859710693359
1757007972.4553356,1757007972.460872,0.005536317825317383
1757007972.6552687,1757007972.6606967,0.0054280757904052734
1757007972.8078887,1757007972.8160424,0.008153676986694336
1757007973.012524,1757007973.0176725,0.005148649215698242
1757007973.1326454,1757007973.138228,0.005582571029663086
1757007973.3408124,1757007973.3460908,0.005278348922729492
1757007973.4492095,1757007973.4545534,0.005343914031982422
1757007973.6669097,1757007973.6762784,0.009368658065795898
1757007973.9063077,1757007973.9128358,0.006528139114379883
1757007974.0212522,1757007974.0278792,0.006627082824707031
1757007974.3459601,1757007974.3512037,0.005243539810180664
1757007974.4568627,1757007974.4662042,0.00934147834777832
1757007974.6949432,1757007974.7043433,0.009400129318237305
1757007974.9398448,1757007974.949068,0.009223222732543945
1757007975.0557528,1757007975.0611238,0.00537109375
1757007975.3552458,1757007975.360643,0.00539708137512207
1757007975.496203,1757007975.5027075,0.006504535675048828
1757007975.7018168,1757007975.7070036,0.005186796188354492
1757007975.8127153,1757007975.8181918,0.005476474761962891
1757007976.0299203,1757007976.0360074,0.006087064743041992
1757007976.1916142,1757007976.1994197,0.007805585861206055
1757007976.3949945,1757007976.4002805,0.005285978317260742
1757007976.6087167,1757007976.6139627,0.00524592399597168
1757007976.7127957,1757007976.7218845,0.009088754653930664
1757007976.9219506,1757007976.927387,0.005436420440673828
1757007977.1609735,1757007977.1661985,0.005224943161010742
1757007977.270502,1757007977.2760537,0.005551576614379883
1757007977.5777426,1757007977.58307,0.005327463150024414
1757007977.6918855,1757007977.697743,0.0058574676513671875
1757007977.8919668,1757007977.8973062,0.005339384078979492
1757007977.9988744,1757007978.0039418,0.005067348480224609
1757007978.2619495,1757007978.2684417,0.006492137908935547
1757007978.389717,1757007978.3952131,0.005496025085449219
1757007978.6072276,1757007978.616268,0.009040355682373047
1757007978.7315376,1757007978.7367795,0.005241870880126953
1757007978.9272442,1757007978.933558,0.006313800811767578
1757007979.09122,1757007979.1005337,0.009313821792602539
1757007979.288455,1757007979.2976973,0.00924229621887207
1757007979.4265273,1757007979.4318469,0.0053195953369140625
1757007979.5325367,1757007979.5393348,0.0067980289459228516
1757007979.740513,1757007979.7467165,0.006203413009643555
1757007979.9304695,1757007979.9356623,0.005192756652832031
1757007980.099927,1757007980.1051507,0.005223751068115234
1757007980.2105458,1757007980.2158587,0.005312919616699219
1757007980.5095994,1757007980.514851,0.005251646041870117
1757007980.624102,1757007980.6294918,0.005389690399169922
1757007980.8615203,1757007980.8680248,0.006504535675048828
1757007980.9720438,1757007980.9773464,0.0053026676177978516
1757007981.2773552,1757007981.2824879,0.0051326751708984375
1757007981.38537,1757007981.3908248,0.0054547786712646484
1757007981.5826368,1757007981.5878818,0.0052449703216552734
1757007981.697388,1757007981.7027059,0.0053179264068603516
1757007981.898778,1757007981.9039721,0.005194187164306641
1757007982.0070882,1757007982.012459,0.0053708553314208984
1757007982.2462285,1757007982.2525525,0.006324052810668945
1757007982.3718297,1757007982.3773062,0.005476474761962891
1757007982.5770483,1757007982.5822,0.0051517486572265625
1757007982.6926823,1757007982.6980405,0.005358219146728516
1757007982.944338,1757007982.9494565,0.005118370056152344
1757007983.0561693,1757007983.0616531,0.005483865737915039
1757007983.2642775,1757007983.2698286,0.00555109977722168
1757007983.3781645,1757007983.3873513,0.009186744689941406
1757007983.608959,1757007983.6156633,0.0067043304443359375
1757007983.800935,1757007983.8077013,0.006766319274902344
1757007983.9554896,1757007983.962459,0.006969451904296875
1757007984.1982384,1757007984.204823,0.006584644317626953
1757007984.3282228,1757007984.3373103,0.009087562561035156
1757007984.4561741,1757007984.4651222,0.008948087692260742
1757007984.621123,1757007984.6302836,0.009160518646240234
1757007984.8320374,1757007984.8409007,0.008863210678100586
1757007984.9675949,1757007984.9766636,0.009068727493286133
1757007985.1807914,1757007985.1896837,0.008892297744750977
1757007985.3056765,1757007985.3110454,0.005368947982788086
1757007985.5152237,1757007985.520528,0.0053043365478515625
1757007985.642869,1757007985.648558,0.005688905715942383
1757007985.8989334,1757007985.9046216,0.005688190460205078
1757007986.045849,1757007986.051599,0.005749940872192383
1757007986.2480152,1757007986.2551446,0.0071294307708740234
1757007986.3942387,1757007986.399542,0.005303382873535156
1757007986.6374457,1757007986.643191,0.005745410919189453
1757007986.75546,1757007986.762425,0.006964921951293945
1757007986.9615042,1757007986.9667513,0.0052471160888671875
