1756892964.4927554,1756892965.981414,1.4886586666107178
1756892965.9936702,1756892966.1283114,0.13464117050170898
1756892967.696381,1756892967.7800941,0.08371305465698242
1756892967.8161006,1756892967.8817863,0.06568574905395508
1756892968.0004787,1756892968.0775304,0.07705163955688477
1756892968.114739,1756892968.184134,0.06939506530761719
1756892968.3029757,1756892968.3733547,0.07037901878356934
1756892968.4083917,1756892968.475203,0.06681132316589355
1756892968.5943408,1756892968.6675587,0.07321786880493164
1756892968.7020817,1756892968.7682683,0.06618666648864746
1756892968.8921292,1756892968.9773662,0.08523702621459961
1756892969.0118563,1756892969.0766175,0.06476116180419922
1756892969.1957319,1756892969.2926178,0.09688591957092285
1756892969.3268032,1756892969.4086938,0.08189058303833008
1756892969.5311248,1756892969.6320763,0.1009514331817627
1756892969.6673708,1756892969.7332103,0.06583952903747559
1756892969.853337,1756892969.9393265,0.08598947525024414
1756892970.0589488,1756892970.1234055,0.06445670127868652
1756892970.1640987,1756892970.2512102,0.0871114730834961
1756892970.371404,1756892970.432724,0.06132006645202637
1756892970.4678667,1756892970.533397,0.06553030014038086
1756892970.655583,1756892970.7242436,0.06866073608398438
1756892970.762796,1756892970.8308198,0.0680239200592041
1756892970.9498644,1756892971.0166728,0.06680846214294434
1756892971.0516536,1756892971.1229389,0.07128524780273438
1756892971.246002,1756892971.341898,0.09589600563049316
1756892971.3817866,1756892971.4986641,0.11687755584716797
1756892971.6172931,1756892971.689908,0.07261490821838379
1756892971.7278903,1756892971.8159618,0.08807158470153809
1756892971.8551815,1756892971.9221911,0.06700968742370605
1756892972.0456793,1756892972.1434712,0.09779191017150879
1756892972.1783874,1756892972.2424638,0.06407642364501953
1756892972.362982,1756892972.449337,0.08635497093200684
1756892972.5709481,1756892972.6334145,0.06246638298034668
1756892972.6682081,1756892972.7364733,0.06826519966125488
1756892972.8555262,1756892972.9253435,0.06981730461120605
1756892972.960869,1756892973.0266514,0.06578230857849121
1756892973.1462438,1756892973.2163994,0.07015562057495117
1756892973.257105,1756892973.3284047,0.07129955291748047
1756892973.4484398,1756892973.5341606,0.08572077751159668
1756892973.6523001,1756892973.7176118,0.06531167030334473
1756892973.7573566,1756892973.8286865,0.07132983207702637
1756892973.94835,1756892974.0794706,0.1311206817626953
1756892974.1150506,1756892974.1811523,0.0661017894744873
1756892974.4119701,1756892974.4754581,0.06348800659179688
1756892974.5117435,1756892974.5840478,0.07230424880981445
1756892974.705283,1756892974.779478,0.07419514656066895
1756892974.8165488,1756892974.883928,0.06737923622131348
1756892975.0086925,1756892975.0830927,0.07440018653869629
1756892975.1201992,1756892975.1998563,0.07965707778930664
1756892975.324215,1756892975.393284,0.06906914710998535
1756892975.4313042,1756892975.5010438,0.06973958015441895
1756892975.6258302,1756892975.7017198,0.07588958740234375
1756892975.7370517,1756892975.8065748,0.06952309608459473
1756892975.9276025,1756892976.0006626,0.0730600357055664
1756892976.0404606,1756892976.1080878,0.0676271915435791
1756892976.226959,1756892976.2929137,0.06595468521118164
1756892976.3274906,1756892976.394876,0.06738543510437012
1756892976.517387,1756892976.593543,0.0761561393737793
1756892976.6297576,1756892976.6969247,0.06716704368591309
1756892976.8155634,1756892976.9070528,0.09148931503295898
1756892976.9430382,1756892977.047312,0.10427379608154297
1756892977.0850532,1756892977.1493387,0.0642855167388916
1756892977.2680464,1756892977.3731623,0.10511589050292969
1756892977.4097612,1756892977.5042975,0.09453630447387695
1756892977.623335,1756892977.696052,0.07271718978881836
1756892977.7312582,1756892977.8042996,0.07304143905639648
1756892977.9248857,1756892977.9958653,0.07097959518432617
1756892978.0314398,1756892978.099821,0.06838130950927734
1756892978.2185602,1756892978.3031962,0.08463597297668457
1756892978.3379984,1756892978.403317,0.06531858444213867
1756892978.5221498,1756892978.618646,0.0964961051940918
1756892978.6536703,1756892978.7182171,0.06454682350158691
1756892978.8369586,1756892978.9404047,0.10344600677490234
1756892978.975528,1756892979.0799775,0.10444951057434082
1756892979.120558,1756892979.2257264,0.10516834259033203
1756892979.265977,1756892979.369562,0.10358500480651855
1756892979.4884303,1756892979.5506632,0.06223297119140625
1756892979.5862794,1756892979.6862645,0.09998512268066406
1756892979.8047628,1756892979.9250026,0.1202397346496582
1756892979.9626966,1756892980.027697,0.06500053405761719
1756892980.2585118,1756892980.3205776,0.062065839767456055
1756892980.3626952,1756892980.4614005,0.09870529174804688
1756892980.5819402,1756892980.6447074,0.06276726722717285
1756892980.6859336,1756892980.7888067,0.10287308692932129
1756892980.8315089,1756892980.9287102,0.09720134735107422
1756892980.9647903,1756892981.0348792,0.07008886337280273
1756892981.1535373,1756892981.2435825,0.09004521369934082
1756892981.2779095,1756892981.359617,0.08170747756958008
1756892981.4792316,1756892981.577602,0.09837031364440918
1756892981.6274874,1756892981.6914978,0.0640103816986084
1756892981.8137732,1756892981.9008746,0.08710145950317383
1756892981.944482,1756892982.0127583,0.06827616691589355
1756892982.133388,1756892982.204267,0.07087898254394531
1756892982.2397363,1756892982.3051357,0.0653994083404541
1756892982.425646,1756892982.5209262,0.09528017044067383
1756892982.5564337,1756892982.6518412,0.09540748596191406
1756892982.7721395,1756892982.837293,0.06515336036682129
1756892982.872165,1756892982.949465,0.0773000717163086
1756892983.0703368,1756892983.1468277,0.07649087905883789
1756892983.1847787,1756892983.2562912,0.07151246070861816
1756892983.3823555,1756892983.47192,0.08956456184387207
1756892983.5077279,1756892983.5773172,0.06958937644958496
1756892983.6961937,1756892983.7672243,0.0710306167602539
1756892983.8074126,1756892983.878353,0.07094049453735352
1756892983.9970634,1756892984.070481,0.07341766357421875
1756892984.1919863,1756892984.2774897,0.08550333976745605
1756892984.314235,1756892984.4221144,0.1078794002532959
1756892984.541187,1756892984.6081598,0.06697273254394531
1756892984.6484134,1756892984.7529352,0.1045217514038086
1756892984.7877645,1756892984.8566616,0.06889700889587402
1756892984.9771404,1756892985.0605972,0.08345675468444824
1756892985.1003137,1756892985.1677902,0.06747651100158691
1756892985.3981388,1756892985.4622264,0.0640876293182373
1756892985.5010564,1756892985.566678,0.06562161445617676
1756892985.7955081,1756892985.8609126,0.06540441513061523
1756892985.8991678,1756892985.9665954,0.0674276351928711
1756892986.1955292,1756892986.2599866,0.06445741653442383
1756892986.2972283,1756892986.363168,0.06593966484069824
1756892986.5922034,1756892986.6559443,0.06374096870422363
1756892986.6929367,1756892986.8320363,0.1390995979309082
1756892986.8697236,1756892986.945263,0.07553935050964355
1756892987.0660107,1756892987.151583,0.0855722427368164
1756892987.2736607,1756892987.3364756,0.06281495094299316
1756892987.3728223,1756892987.462968,0.09014582633972168
1756892987.586446,1756892987.646688,0.0602419376373291
1756892987.6821332,1756892987.7675536,0.08542037010192871
1756892987.8862455,1756892987.955656,0.06941056251525879
1756892987.9906156,1756892988.0564666,0.06585097312927246
1756892988.1757352,1756892988.2455263,0.06979107856750488
1756892988.2805061,1756892988.3491902,0.06868410110473633
1756892988.4735913,1756892988.5480871,0.07449579238891602
1756892988.5909455,1756892988.6602812,0.0693356990814209
1756892988.7792728,1756892988.8490353,0.0697624683380127
1756892988.8844552,1756892988.9610348,0.07657957077026367
1756892989.0829003,1756892989.1599827,0.07708239555358887
1756892989.199067,1756892989.2672997,0.06823253631591797
1756892989.387188,1756892989.4914384,0.10425043106079102
1756892989.6133387,1756892989.6752927,0.06195402145385742
1756892989.7121572,1756892989.8016021,0.08944487571716309
1756892989.9250772,1756892989.9912212,0.06614398956298828
1756892990.0275033,1756892990.1150155,0.08751225471496582
1756892990.2395656,1756892990.3016787,0.062113046646118164
1756892990.336245,1756892990.4225051,0.08626008033752441
1756892990.5416896,1756892990.6103976,0.06870794296264648
1756892990.6456769,1756892990.7171595,0.07148265838623047
1756892990.836143,1756892990.9098487,0.07370567321777344
1756892990.9453895,1756892991.0114737,0.06608414649963379
1756892991.130551,1756892991.203748,0.0731968879699707
1756892991.2448432,1756892991.3147614,0.06991815567016602
1756892991.4377115,1756892991.5389616,0.10125017166137695
1756892991.578952,1756892991.6736574,0.09470534324645996
1756892991.7981048,1756892991.9141045,0.11599969863891602
1756892991.9493663,1756892992.0130048,0.06363844871520996
1756892992.2421854,1756892992.3140972,0.07191181182861328
1756892992.3511655,1756892992.4224749,0.07130932807922363
1756892992.5416877,1756892992.6118224,0.07013463973999023
1756892992.6461844,1756892992.7169635,0.07077908515930176
1756892992.835985,1756892992.9035497,0.06756472587585449
1756892992.9378865,1756892993.0031776,0.06529116630554199
1756892993.1217408,1756892993.1974576,0.07571673393249512
1756892993.233085,1756892993.2990475,0.06596255302429199
1756892993.4181774,1756892993.5019586,0.08378124237060547
1756892993.5383615,1756892993.6022277,0.06386613845825195
1756892993.7262158,1756892993.7958348,0.06961894035339355
1756892993.8301477,1756892993.8970168,0.06686902046203613
1756892994.016066,1756892994.089028,0.07296180725097656
1756892994.1232378,1756892994.188176,0.06493806838989258
1756892994.3065453,1756892994.3851023,0.07855701446533203
1756892994.4211352,1756892994.4893603,0.06822514533996582
1756892994.612633,1756892994.6912012,0.0785682201385498
1756892994.730173,1756892994.7952926,0.06511950492858887
1756892994.918248,1756892995.0146947,0.09644675254821777
1756892995.0509374,1756892995.1445463,0.09360885620117188
1756892995.2636936,1756892995.3322291,0.06853556632995605
1756892995.3677113,1756892995.4355907,0.06787943840026855
1756892995.555978,1756892995.630672,0.07469391822814941
1756892995.667716,1756892995.7355998,0.06788372993469238
1756892995.8598864,1756892995.938021,0.07813453674316406
1756892995.9827466,1756892996.0518186,0.06907200813293457
1756892997.8245091,1756892997.9040055,0.07949638366699219
1756892999.592083,1756892999.6615727,0.06948971748352051
1756893001.1302023,1756893001.2141871,0.0839848518371582
1756893002.68803,1756893002.7657115,0.0776815414428711
1756893004.2331786,1756893004.3134816,0.08030295372009277
1756893005.7861762,1756893005.8730788,0.08690261840820312
1756893007.3407774,1756893007.4563541,0.11557674407958984
1756893008.9267156,1756893009.0281696,0.10145401954650879
1756893010.5080585,1756893010.6636503,0.15559172630310059
1756893012.1319778,1756893012.210229,0.07825112342834473
1756893013.7664025,1756893013.8359957,0.06959319114685059
1756893015.3067024,1756893015.373533,0.06683063507080078
1756893016.9560406,1756893017.022773,0.06673240661621094
1756893018.4957995,1756893018.5617595,0.06595993041992188
1756893020.0354125,1756893020.104613,0.06920051574707031
1756893021.5783825,1756893021.6467075,0.06832504272460938
1756893023.118788,1756893023.2020695,0.0832815170288086
1756893024.6693037,1756893024.7634377,0.09413409233093262
1756893026.3460734,1756893026.4344232,0.08834981918334961
1756893028.0135484,1756893028.0967195,0.08317112922668457
1756893029.6874545,1756893029.772821,0.08536648750305176
1756893031.4647865,1756893031.5293248,0.06453824043273926
1756893033.1223235,1756893033.1960416,0.07371807098388672
1756893034.7780664,1756893034.8465476,0.0684812068939209
1756893036.314409,1756893036.393176,0.07876706123352051
1756893037.8636625,1756893037.9517312,0.08806872367858887
1756893039.5038805,1756893039.58202,0.0781395435333252
1756893041.055063,1756893041.1248145,0.06975150108337402
1756893042.5908902,1756893042.656276,0.06538581848144531
1756893042.6945026,1756893042.7744234,0.07992076873779297
1756893042.8944483,1756893042.9647837,0.07033538818359375
1756893043.00026,1756893043.080469,0.08020877838134766
1756893043.1989393,1756893043.279887,0.0809476375579834
1756893043.3149934,1756893043.395993,0.08099961280822754
1756893043.5162983,1756893043.581294,0.06499576568603516
1756893043.6251612,1756893043.7126696,0.0875084400177002
1756893043.749655,1756893043.8138673,0.06421232223510742
1756893043.9369326,1756893044.0280037,0.09107112884521484
1756893044.061435,1756893044.1248589,0.06342387199401855
1756893044.2454221,1756893044.3229527,0.0775306224822998
1756893044.3573287,1756893044.4223745,0.06504583358764648
1756893044.5441384,1756893044.6190484,0.07490992546081543
1756893044.652853,1756893044.7203474,0.06749439239501953
1756893044.8404505,1756893044.9183657,0.07791519165039062
1756893044.955561,1756893045.0242355,0.06867456436157227
1756893045.144738,1756893045.218335,0.07359695434570312
1756893045.2518277,1756893045.321953,0.07012534141540527
1756893045.4402077,1756893045.5116751,0.07146739959716797
1756893045.5473073,1756893045.6173525,0.07004523277282715
1756893045.7359138,1756893045.8769104,0.14099669456481934
1756893045.9130516,1756893045.9858456,0.07279396057128906
1756893046.1044211,1756893046.1936884,0.08926725387573242
1756893046.2277691,1756893046.3176432,0.0898740291595459
1756893046.441197,1756893046.5129657,0.07176876068115234
1756893046.5519443,1756893046.6334713,0.0815269947052002
1756893046.7532277,1756893046.8209825,0.06775474548339844
1756893046.8554237,1756893046.9351847,0.07976102828979492
1756893047.0539703,1756893047.119887,0.06591677665710449
1756893047.1572654,1756893047.2463071,0.08904170989990234
1756893047.3682282,1756893047.4303489,0.062120676040649414
1756893047.4697058,1756893047.5677373,0.09803152084350586
1756893047.601306,1756893047.674487,0.07318115234375
1756893047.7926953,1756893047.889103,0.09640765190124512
1756893047.9225824,1756893047.9915752,0.06899285316467285
1756893048.1130846,1756893048.197312,0.0842275619506836
1756893048.2305634,1756893048.2958536,0.06529021263122559
1756893048.4148147,1756893048.5048227,0.09000802040100098
1756893048.5440238,1756893048.6093457,0.0653219223022461
1756893048.727661,1756893048.8039556,0.0762946605682373
1756893048.837517,1756893048.9067614,0.069244384765625
1756893049.0250242,1756893049.0961707,0.07114648818969727
1756893049.1300633,1756893049.1993454,0.06928205490112305
1756893049.3178809,1756893049.4004042,0.08252334594726562
1756893049.434681,1756893049.503501,0.06881999969482422
1756893049.6265802,1756893049.6912339,0.06465363502502441
1756893049.729409,1756893049.82401,0.09460091590881348
1756893049.9449182,1756893050.0100868,0.06516861915588379
1756893050.054185,1756893050.1227202,0.06853532791137695
1756893050.242561,1756893050.3359652,0.09340405464172363
1756893050.3696795,1756893050.4344444,0.06476497650146484
1756893050.554648,1756893050.6213586,0.0667107105255127
1756893050.6593804,1756893050.7920697,0.1326892375946045
1756893050.83032,1756893050.8976972,0.06737732887268066
1756893051.1263118,1756893051.1933722,0.06706047058105469
1756893051.2323766,1756893051.2997675,0.06739091873168945
1756893051.41833,1756893051.49702,0.0786900520324707
1756893051.5329518,1756893051.5976791,0.0647273063659668
1756893051.7218885,1756893051.807183,0.08529448509216309
1756893051.8406293,1756893051.9080198,0.06739044189453125
1756893052.0264132,1756893052.109692,0.08327889442443848
1756893052.147063,1756893052.2206333,0.07357025146484375
1756893052.3391166,1756893052.4065096,0.06739306449890137
1756893052.4450836,1756893052.5148764,0.0697927474975586
1756893052.6384242,1756893052.7214565,0.08303236961364746
1756893052.8397698,1756893052.906666,0.06689620018005371
1756893052.9424458,1756893053.030843,0.08839726448059082
1756893053.068993,1756893053.1361492,0.06715607643127441
1756893053.2593231,1756893053.3344312,0.07510805130004883
1756893053.37327,1756893053.4389534,0.06568336486816406
1756893053.5592384,1756893053.6341238,0.07488536834716797
1756893053.6695905,1756893053.7365286,0.06693816184997559
1756893053.8595545,1756893053.9313147,0.07176017761230469
1756893053.9656065,1756893054.0314445,0.06583809852600098
1756893054.1544003,1756893054.2245886,0.07018828392028809
1756893054.259266,1756893054.3263412,0.06707525253295898
1756893054.4445558,1756893054.5190847,0.07452893257141113
1756893054.5535989,1756893054.6205447,0.06694579124450684
1756893054.7388115,1756893054.8140578,0.07524633407592773
1756893054.8471842,1756893054.9119635,0.06477928161621094
1756893055.0303454,1756893055.1071858,0.07684040069580078
1756893055.1402688,1756893055.2052178,0.06494903564453125
1756893055.3237073,1756893055.3962915,0.07258415222167969
1756893055.4294434,1756893055.4924598,0.06301641464233398
1756893055.610567,1756893055.6895173,0.07895016670227051
1756893055.722719,1756893055.7847695,0.062050580978393555
1756893056.0131674,1756893056.0740592,0.06089186668395996
1756893056.1072536,1756893056.2088518,0.10159826278686523
1756893056.2477474,1756893056.3335948,0.08584737777709961
1756893056.452053,1756893056.5210662,0.06901311874389648
1756893056.5630054,1756893056.6506732,0.08766770362854004
1756893056.6837819,1756893056.7487466,0.06496477127075195
1756893056.8670785,1756893056.9502335,0.08315491676330566
1756893056.9909036,1756893057.105446,0.11454248428344727
1756893057.1405845,1756893057.2588258,0.1182413101196289
1756893057.3789506,1756893057.4488132,0.06986260414123535
1756893057.4819958,1756893057.5453362,0.06334042549133301
1756893057.6649723,1756893057.736318,0.07134580612182617
1756893057.7742152,1756893057.8401299,0.06591463088989258
1756893057.9638965,1756893058.039459,0.0755624771118164
1756893058.0727642,1756893058.1400304,0.06726622581481934
1756893058.2600477,1756893058.3567157,0.09666800498962402
1756893058.390965,1756893058.488318,0.09735298156738281
1756893058.6097393,1756893058.6722426,0.06250333786010742
1756893058.7083519,1756893058.787877,0.07952523231506348
1756893058.9104452,1756893058.975667,0.06522178649902344
1756893059.0113947,1756893059.076657,0.0652623176574707
1756893059.1957202,1756893059.267262,0.07154178619384766
1756893059.3026783,1756893059.3720653,0.06938695907592773
1756893059.4906385,1756893059.560189,0.0695505142211914
1756893059.593535,1756893059.6625774,0.06904244422912598
1756893059.7823927,1756893059.8519394,0.06954669952392578
1756893059.886358,1756893059.9569588,0.07060074806213379
1756893060.0811298,1756893060.1575649,0.07643508911132812
1756893060.1936076,1756893060.2676473,0.07403969764709473
1756893060.3863244,1756893060.4562385,0.06991410255432129
1756893060.4891286,1756893060.5554388,0.06631016731262207
1756893060.6738904,1756893060.743427,0.06953668594360352
1756893060.7783604,1756893060.8475797,0.06921935081481934
1756893060.9675868,1756893061.0345807,0.06699395179748535
1756893061.0688193,1756893061.1380854,0.06926608085632324
1756893061.256674,1756893061.3245397,0.06786561012268066
1756893061.3581967,1756893061.432405,0.07420825958251953
1756893061.5564065,1756893061.6253693,0.06896281242370605
1756893061.663782,1756893061.7336018,0.06981992721557617
1756893061.8521235,1756893061.9231021,0.07097864151000977
1756893061.9565487,1756893062.0686803,0.11213159561157227
1756893062.1900647,1756893062.2575269,0.06746220588684082
1756893062.296397,1756893062.3679478,0.07155084609985352
1756893062.4917018,1756893062.5592225,0.0675206184387207
1756893062.5923023,1756893062.7114193,0.11911702156066895
1756893062.7451074,1756893062.810937,0.06582951545715332
1756893063.040009,1756893063.1062808,0.06627178192138672
1756893063.1417434,1756893063.2129254,0.0711820125579834
1756893063.3365934,1756893063.4024832,0.06588983535766602
1756893063.435937,1756893063.5100684,0.07413148880004883
1756893063.6285532,1756893063.6983645,0.06981134414672852
1756893063.7320747,1756893063.7997582,0.06768345832824707
1756893063.9222577,1756893064.0045412,0.08228349685668945
1756893064.0383623,1756893064.1056228,0.0672605037689209
1756893064.2248645,1756893064.3040786,0.07921409606933594
1756893064.341989,1756893064.4148457,0.07285666465759277
1756893064.5335157,1756893064.608224,0.07470822334289551
1756893064.6440792,1756893064.71119,0.06711077690124512
1756893064.8313544,1756893064.9019065,0.07055211067199707
1756893064.938728,1756893065.0099773,0.07124924659729004
1756893065.133403,1756893065.202704,0.06930088996887207
1756893065.2400615,1756893065.3096611,0.06959962844848633
1756893065.4281442,1756893065.4958076,0.06766343116760254
1756893065.5336928,1756893065.6027625,0.06906962394714355
1756893065.7213383,1756893065.7916062,0.07026791572570801
1756893065.8274817,1756893065.8979905,0.07050871849060059
1756893066.0163558,1756893066.0857978,0.0694420337677002
1756893066.1243634,1756893066.1968663,0.07250285148620605
1756893066.315615,1756893066.3920548,0.07643985748291016
1756893066.4260151,1756893066.4977326,0.07171750068664551
1756893066.6161995,1756893066.6952295,0.07903003692626953
1756893066.7337348,1756893066.8050103,0.07127547264099121
1756893066.9256525,1756893067.011173,0.08552050590515137
1756893067.044602,1756893067.1179674,0.07336544990539551
1756893067.2411919,1756893067.3196826,0.0784907341003418
1756893067.354078,1756893067.4228969,0.06881880760192871
1756893067.5412805,1756893067.6561327,0.1148521900177002
1756893067.6944902,1756893067.783446,0.08895587921142578
1756893067.9020736,1756893067.9691818,0.067108154296875
1756893068.004526,1756893068.085008,0.08048200607299805
1756893068.2038567,1756893068.271356,0.06749939918518066
1756893068.31,1756893068.4118657,0.10186576843261719
1756893068.4453967,1756893068.5099494,0.06455278396606445
1756893068.6284912,1756893068.7282512,0.09976005554199219
1756893068.7619648,1756893068.8269703,0.06500554084777832
1756893068.948208,1756893069.068899,0.12069082260131836
1756893069.1024618,1756893069.168061,0.06559920310974121
1756893069.3990734,1756893069.4621043,0.06303095817565918
1756893069.4967744,1756893069.5654268,0.06865239143371582
1756893069.683858,1756893069.7583296,0.07447171211242676
1756893069.796536,1756893069.8635907,0.06705474853515625
1756893069.9817605,1756893070.0643108,0.0825502872467041
1756893070.0996826,1756893070.1670065,0.06732392311096191
1756893070.2854297,1756893070.3736913,0.08826160430908203
1756893070.4935524,1756893070.569424,0.07587146759033203
1756893070.6035287,1756893070.673717,0.07018828392028809
1756893070.7940948,1756893070.866989,0.07289409637451172
1756893070.907125,1756893070.9797356,0.07261061668395996
1756893071.101009,1756893071.165313,0.06430411338806152
1756893071.205596,1756893071.2708423,0.0652463436126709
1756893071.3891408,1756893071.4820347,0.09289383888244629
1756893071.5154903,1756893071.5927007,0.0772104263305664
1756893071.7122347,1756893071.7841263,0.07189154624938965
1756893071.8171828,1756893071.885963,0.06878018379211426
1756893072.0043423,1756893072.076077,0.07173466682434082
1756893072.1147425,1756893072.1838822,0.06913971900939941
1756893072.3035028,1756893072.3765168,0.0730140209197998
1756893072.4232988,1756893072.4921205,0.06882166862487793
1756893072.610351,1756893072.7002327,0.08988165855407715
1756893072.7333696,1756893072.7991762,0.06580662727355957
1756893072.9185286,1756893073.00602,0.08749151229858398
1756893073.0395734,1756893073.1436377,0.1040642261505127
1756893073.2617216,1756893073.3231158,0.06139421463012695
1756893073.3605607,1756893073.462159,0.10159826278686523
1756893073.5046697,1756893073.568019,0.06334924697875977
1756893073.6870606,1756893073.786119,0.09905838966369629
1756893073.8199415,1756893073.8887947,0.06885313987731934
1756893074.0069962,1756893074.1428251,0.13582897186279297
1756893074.183824,1756893074.2617538,0.07792973518371582
1756893074.3839486,1756893074.4723463,0.08839774131774902
1756893074.5058496,1756893074.5715048,0.06565523147583008
1756893074.689662,1756893074.7638118,0.07414984703063965
1756893074.7978406,1756893074.8886957,0.09085512161254883
1756893075.0116506,1756893075.0989306,0.0872800350189209
1756893075.1337807,1756893075.2225306,0.08874988555908203
1756893075.3418427,1756893075.4366186,0.09477591514587402
1756893075.4698277,1756893075.5573304,0.08750271797180176
1756893075.6758616,1756893075.7519786,0.07611703872680664
1756893075.7860336,1756893075.8542082,0.06817460060119629
1756893075.9731991,1756893076.048686,0.07548689842224121
1756893076.1669145,1756893076.2366173,0.0697028636932373
1756893076.2758765,1756893076.3560004,0.0801239013671875
1756893076.4782674,1756893076.540118,0.061850547790527344
1756893076.5735953,1756893076.6470685,0.07347321510314941
1756893076.769395,1756893076.8358598,0.06646466255187988
1756893076.8708923,1756893076.9436886,0.07279634475708008
1756893077.064612,1756893077.1345325,0.06992053985595703
1756893077.1693676,1756893077.2402058,0.07083821296691895
1756893077.3637602,1756893077.4397993,0.07603907585144043
1756893077.4870274,1756893077.5628045,0.07577705383300781
1756893077.6852357,1756893077.7538521,0.06861639022827148
1756893077.787655,1756893077.8608735,0.07321834564208984
1756893077.9809823,1756893078.047681,0.06669878959655762
1756893078.0870402,1756893078.167429,0.08038878440856934
1756893078.2852376,1756893078.346069,0.060831546783447266
1756893078.3839161,1756893078.4520273,0.06811118125915527
1756893078.5709796,1756893078.6340203,0.06304073333740234
1756893078.671566,1756893078.7380779,0.06651186943054199
1756893078.8575191,1756893078.9300234,0.07250428199768066
1756893078.9646711,1756893079.0951934,0.1305222511291504
1756893079.1285474,1756893079.196991,0.06844353675842285
1756893079.315298,1756893079.3917334,0.07643532752990723
1756893079.424647,1756893079.4906259,0.0659787654876709
1756893079.6085382,1756893079.7229025,0.1143643856048584
1756893079.7692342,1756893079.830009,0.060774803161621094
1756893080.0616977,1756893080.122659,0.060961246490478516
1756893080.1599526,1756893080.247548,0.08759546279907227
1756893080.3675241,1756893080.4293537,0.061829566955566406
1756893080.4627311,1756893080.529325,0.06659388542175293
1756893080.6473014,1756893080.7222967,0.07499527931213379
1756893080.7559323,1756893080.8320715,0.07613921165466309
1756893080.9505413,1756893081.0218728,0.07133150100708008
1756893081.056003,1756893081.1203406,0.06433749198913574
1756893081.2389061,1756893081.3245077,0.0856015682220459
1756893081.3574169,1756893081.4208894,0.06347250938415527
1757001467.7698963,1757001467.973298,0.20340180397033691
1757001468.0277371,1757001468.2260492,0.19831204414367676
1757001468.2383904,1757001468.4853015,0.24691104888916016
1757001468.4966137,1757001468.6804361,0.1838223934173584
1757001468.6920726,1757001468.8773518,0.18527913093566895
1757001468.889632,1757001469.0778098,0.18817782402038574
1757001469.0916946,1757001469.2779047,0.18621015548706055
1757001469.2890277,1757001469.4807675,0.19173979759216309
1757001469.4911847,1757001469.6876545,0.19646978378295898
1757001469.7000766,1757001469.945278,0.24520134925842285
1757001469.9555216,1757001470.1381383,0.1826167106628418
1757001470.1526322,1757001470.3382063,0.18557405471801758
1757001470.350117,1757001470.5382833,0.18816637992858887
1757001470.550233,1757001470.7327988,0.18256592750549316
1757001470.7439606,1757001470.9375865,0.19362592697143555
1757001470.9494708,1757001471.143599,0.19412827491760254
1757001471.1556172,1757001471.3442845,0.18866729736328125
1757001471.3554688,1757001471.6016555,0.2461867332458496
1757001471.6144772,1757001471.8044302,0.18995308876037598
1757001471.8153882,1757001472.0028374,0.18744921684265137
1757001472.0149117,1757001472.2056592,0.19074749946594238
1757001472.2173386,1757001472.402712,0.18537354469299316
1757001472.4136357,1757001472.5994232,0.18578743934631348
1757001472.610595,1757001472.7934222,0.18282723426818848
1757001472.8043957,1757001473.0423303,0.23793458938598633
1757001473.0537088,1757001473.2330327,0.17932391166687012
1757001473.2447784,1757001473.441305,0.19652652740478516
1757001473.452529,1757001473.6358392,0.18331027030944824
1757001473.6476765,1757001473.8308249,0.18314838409423828
1757001473.8423548,1757001474.035077,0.19272232055664062
1757001474.0465553,1757001474.2373765,0.19082117080688477
1757001474.248926,1757001474.4823298,0.23340392112731934
1757001474.493698,1757001474.6771367,0.18343877792358398
1757001561.0004385,1757001561.1951067,0.19466829299926758
1757001561.2397356,1757001561.4438486,0.20411300659179688
1757001561.4566498,1757001561.708395,0.25174522399902344
1757001561.7199426,1757001561.9073894,0.18744683265686035
1757001561.919811,1757001562.108535,0.18872404098510742
1757001562.1208074,1757001562.311184,0.19037652015686035
1757001562.32397,1757001562.5164373,0.19246721267700195
1757001562.5281775,1757001562.7168493,0.18867182731628418
1757001562.7292395,1757001562.919197,0.1899576187133789
1757001562.931798,1757001563.1256971,0.19389915466308594
1757001563.1382878,1757001563.3941512,0.2558634281158447
1757001563.4059389,1757001563.5933208,0.18738198280334473
1757001563.604015,1757001563.7899501,0.18593502044677734
1757001563.8011243,1757001563.9986274,0.19750308990478516
1757001564.010839,1757001564.1981716,0.1873326301574707
1757001564.2104428,1757001564.4099,0.19945716857910156
1757001564.4221447,1757001564.6116066,0.18946194648742676
1757001564.6220653,1757001564.8656387,0.24357342720031738
1757001564.8773086,1757001565.0686622,0.19135355949401855
1757001565.080567,1757001565.2670586,0.1864917278289795
1757001565.2787066,1757001565.475167,0.19646048545837402
1757001565.4866803,1757001565.6789308,0.19225049018859863
1757001565.6905682,1757001565.8825762,0.19200801849365234
1757001565.894444,1757001566.0816667,0.18722271919250488
1757001566.0935135,1757001566.2953482,0.20183467864990234
1757001566.3070202,1757001566.5515532,0.24453306198120117
1757001566.562781,1757001566.7468364,0.18405532836914062
1757001566.7584252,1757001566.9508667,0.19244146347045898
1757001566.9624057,1757001567.143903,0.18149733543395996
1757001567.1557043,1757001567.3455484,0.18984413146972656
1757001567.3599496,1757001567.5488632,0.18891358375549316
1757001567.5608573,1757001567.7516658,0.19080853462219238
1757001567.7666943,1757001568.0044324,0.23773813247680664
1757001568.0163739,1757001568.2016902,0.1853163242340088
1757001568.2160907,1757001568.4014006,0.18530988693237305
1757001798.1790595,1757001798.373555,0.19449543952941895
1757001798.41933,1757001798.6217432,0.20241332054138184
1757001798.6348894,1757001798.8815653,0.24667596817016602
1757001798.8938005,1757001799.0814884,0.18768787384033203
1757001799.093863,1757001799.2802749,0.18641185760498047
1757001799.2916439,1757001799.4811382,0.18949437141418457
1757001799.495689,1757001799.6817093,0.1860203742980957
1757001799.6950047,1757001799.890176,0.19517135620117188
1757001799.9022942,1757001800.0898502,0.18755602836608887
1757001800.1021092,1757001800.288884,0.18677473068237305
1757001800.3009958,1757001800.5528316,0.25183582305908203
1757001800.5640516,1757001800.7683654,0.2043137550354004
1757001800.7807612,1757001800.9723508,0.1915895938873291
1757001800.983617,1757001801.1733902,0.1897730827331543
1757001801.1855187,1757001801.3700252,0.18450641632080078
1757001801.3817644,1757001801.5719771,0.19021272659301758
1757001801.5829082,1757001801.7793853,0.19647717475891113
1757001801.791485,1757001802.0297205,0.2382354736328125
1757001802.0417194,1757001802.2301767,0.18845725059509277
1757001802.2420995,1757001802.4269986,0.18489909172058105
1757001802.4386709,1757001802.625908,0.18723702430725098
1757001802.6369982,1757001802.821686,0.18468785285949707
1757001802.8329492,1757001803.0190525,0.18610334396362305
1757001803.0302622,1757001803.23991,0.20964765548706055
1757001803.2505994,1757001803.4921546,0.24155521392822266
1757001803.50353,1757001803.688803,0.1852729320526123
1757001803.700727,1757001803.8850033,0.18427634239196777
1757001803.897227,1757001804.0831244,0.1858973503112793
1757001804.0937965,1757001804.2817104,0.1879138946533203
1757001804.2927687,1757001804.4801483,0.1873795986175537
1757001804.492021,1757001804.688703,0.19668197631835938
1757001804.7008662,1757001804.884401,0.18353486061096191
1757002049.3972394,1757002049.8411696,0.44393014907836914
1757002049.8915205,1757002050.3901122,0.49859166145324707
1757002050.4042249,1757002050.824181,0.4199562072753906
1757002050.8374746,1757002051.2605262,0.4230515956878662
1757002051.272648,1757002051.6799176,0.4072694778442383
1757002051.6933115,1757002052.1068134,0.4135019779205322
1757002052.124257,1757002052.5991247,0.474867582321167
1757002052.6142223,1757002053.0357246,0.42150235176086426
1757002053.0529122,1757002053.4785426,0.4256303310394287
1757002053.4917192,1757002053.908341,0.41662168502807617
1757002053.920911,1757002054.380999,0.46008801460266113
1757002054.393398,1757002054.8028462,0.40944814682006836
1757002054.8147957,1757002055.2203548,0.40555906295776367
1757002055.2326405,1757002055.6471174,0.4144768714904785
1757002055.658428,1757002056.0771978,0.41876983642578125
1757002056.0902555,1757002056.5022252,0.4119696617126465
1757002056.5159068,1757002056.9752336,0.45932674407958984
1757002056.9881551,1757002057.4170215,0.4288663864135742
1757002057.4295402,1757002057.8347635,0.40522336959838867
1757002057.8465004,1757002058.2575989,0.4110984802246094
1757002058.269664,1757002058.8937798,0.6241157054901123
1757002058.905095,1757002059.591057,0.6859619617462158
1757002059.6028929,1757002060.2205176,0.6176247596740723
1757002060.232634,1757002060.8596232,0.6269891262054443
1757002060.8726513,1757002061.292636,0.4199845790863037
1757002061.309437,1757002061.7801168,0.47067975997924805
1757002061.7999327,1757002062.23281,0.4328773021697998
1757002062.2447307,1757002063.0948856,0.8501548767089844
1757002063.1081786,1757002063.7221413,0.6139626502990723
1757002063.7351851,1757002064.1442502,0.40906500816345215
1757002064.1579328,1757002064.827894,0.6699612140655518
1757002064.8404598,1757002065.2479236,0.40746378898620605
1757002065.2600138,1757002065.6725187,0.4125049114227295
1757002065.6854434,1757002066.3008728,0.6154294013977051
1757002066.3141918,1757002066.7296112,0.415419340133667
1757002066.7457395,1757002067.4231937,0.6774542331695557
1757002067.439896,1757002068.07614,0.6362438201904297
1757002068.0893004,1757002068.5094614,0.42016100883483887
1757002068.526405,1757002069.1384938,0.612088680267334
1757002069.150223,1757002069.8335567,0.6833336353302002
1757002069.846427,1757002070.265299,0.4188721179962158
1757002070.278216,1757002070.9077303,0.6295144557952881
1757002070.919484,1757002071.3500876,0.4306037425994873
1757002071.3617527,1757002071.76823,0.4064772129058838
1757002071.7804,1757002072.2483428,0.4679427146911621
1757002072.2612839,1757002072.6789827,0.41769886016845703
1757002072.6908286,1757002073.1351044,0.4442758560180664
1757002073.1471295,1757002073.5731437,0.4260141849517822
1757002073.5866566,1757002073.9988403,0.4121837615966797
1757002074.0119212,1757002074.4494672,0.4375460147857666
1757002074.4627926,1757002074.9392686,0.47647595405578613
1757002074.9524283,1757002075.3784194,0.4259910583496094
1757002075.3946247,1757002076.0588634,0.664238691329956
1757002076.072028,1757002076.713807,0.6417791843414307
1757002076.7271843,1757002077.1977084,0.4705240726470947
1757002115.3860567,1757002115.8440933,0.4580366611480713
1757002115.8991551,1757002116.3782825,0.4791274070739746
1757002116.3914557,1757002116.7974625,0.4060068130493164
1757002125.6170027,1757002126.05387,0.43686723709106445
1757002126.1022556,1757002126.5932162,0.49096059799194336
1757002126.606702,1757002127.0247698,0.41806769371032715
1757002127.0368257,1757002127.442501,0.40567541122436523
1757002127.4542873,1757002127.8725467,0.4182593822479248
1757002127.8844156,1757002128.314507,0.43009138107299805
1757002128.3299694,1757002128.7839427,0.45397329330444336
1757002128.7980163,1757002129.2094204,0.4114041328430176
1757002129.2262373,1757002129.6361558,0.40991854667663574
1757002129.6529734,1757002130.0615063,0.40853285789489746
1757002130.077768,1757002130.4998012,0.42203307151794434
1757002130.516667,1757002130.943759,0.4270920753479004
1757002130.9627614,1757002131.3892257,0.426464319229126
1757002131.4059482,1757002131.8662262,0.4602780342102051
1757002131.8840375,1757002132.2983067,0.41426920890808105
1757002132.3150232,1757002132.7206838,0.40566062927246094
1757002132.737515,1757002133.156711,0.41919612884521484
1757002133.1730092,1757002133.5811443,0.40813517570495605
1757002133.59415,1757002134.0596457,0.46549558639526367
1757002134.0724669,1757002134.4866352,0.4141683578491211
1757002134.4998865,1757002135.1137643,0.6138777732849121
1757002135.1266592,1757002135.750416,0.6237568855285645
1757002135.7636256,1757002136.43093,0.667304277420044
1757002136.4425178,1757002137.050714,0.6081962585449219
1757002137.063801,1757002137.467346,0.40354490280151367
1757002137.480285,1757002137.8825705,0.4022855758666992
1757002137.8953395,1757002138.3008976,0.40555810928344727
1757002138.3129601,1757002139.1312404,0.8182802200317383
1757002139.144116,1757002139.8084745,0.6643586158752441
1757002139.8246927,1757002140.2713828,0.44669008255004883
1757002140.284902,1757002140.9116669,0.6267647743225098
1757002140.9286745,1757002141.3395815,0.4109070301055908
1757002141.356184,1757002141.7626798,0.4064958095550537
1757002141.778628,1757002142.4301112,0.6514830589294434
1757002142.442768,1757002142.8403957,0.397627592086792
1757002142.8537533,1757002143.4742796,0.6205263137817383
1757002143.4912462,1757002144.101701,0.610454797744751
1757002144.1179082,1757002144.5253632,0.4074549674987793
1757002144.5384934,1757002145.2292423,0.690748929977417
1757002145.2425025,1757002145.8640258,0.621523380279541
1757002145.876764,1757002146.2882223,0.41145825386047363
1757002146.3012614,1757002146.9141192,0.6128578186035156
1757002146.927779,1757002147.3367467,0.4089677333831787
1757002147.3496108,1757002147.802026,0.45241522789001465
1757002147.8150287,1757002148.2178013,0.4027726650238037
1757002148.2311656,1757002148.6425648,0.41139912605285645
1757002148.6549757,1757002149.064863,0.40988731384277344
1757002149.0771253,1757002149.4984,0.42127466201782227
1757002149.5108674,1757002149.9658709,0.4550034999847412
1757002149.9774818,1757002150.3799407,0.40245890617370605
1757002150.3932836,1757002150.8007371,0.4074535369873047
1757002150.8130023,1757002151.228173,0.41517066955566406
1757002151.2400959,1757002151.860748,0.6206521987915039
1757002659.6001766,1757002660.036018,0.43584132194519043
1757002660.0896485,1757002660.5842485,0.4946000576019287
1757002660.5978138,1757002661.0241265,0.4263126850128174
1757002661.037646,1757002661.4527137,0.4150676727294922
1757002661.4647393,1757002661.8747516,0.41001224517822266
1757002661.886897,1757002662.2948308,0.40793371200561523
1757002662.309927,1757002662.8247511,0.5148241519927979
1757002662.8391259,1757002663.2923872,0.4532613754272461
1757002663.3056202,1757002663.7184377,0.41281747817993164
1757002663.7319918,1757002664.1699197,0.4379279613494873
1757002664.183135,1757002664.6223352,0.43920016288757324
1757002666.8452353,1757002667.288471,0.4432356357574463
1757002667.3290422,1757002667.8389287,0.5098865032196045
1757002667.9621742,1757002668.4084053,0.4462311267852783
1757002668.4551756,1757002668.8949246,0.43974900245666504
1757002669.0222013,1757002669.4804246,0.4582233428955078
1757002669.524558,1757002669.950534,0.425976037979126
1757002670.1844714,1757002670.6821537,0.4976823329925537
1757002670.721502,1757002671.3859756,0.6644735336303711
1757002671.4294968,1757002672.082463,0.6529662609100342
1757002672.126265,1757002672.768974,0.6427090167999268
1757002672.812757,1757002673.5293283,0.7165713310241699
1757002673.5756934,1757002674.0278537,0.4521603584289551
1757002674.1509316,1757002674.595917,0.44498538970947266
1757002674.6417887,1757002675.0785255,0.4367368221282959
1757002823.1590593,1757002823.3907695,0.23171019554138184
1757002823.43905,1757002823.657023,0.217972993850708
1757002823.6753533,1757002823.916415,0.24106168746948242
1757002823.9337933,1757002824.11759,0.18379664421081543
1757002824.1328893,1757002824.3160808,0.18319153785705566
1757002824.3295252,1757002824.5178087,0.18828344345092773
1757002824.53281,1757002824.7201927,0.18738269805908203
1757002824.7319775,1757002824.9205914,0.1886138916015625
1757002824.933553,1757002825.1704226,0.23686957359313965
1757002825.1832354,1757002825.3652296,0.18199419975280762
1757002825.3781104,1757002825.6054432,0.22733283042907715
1757002825.6193652,1757002825.8098497,0.19048452377319336
1757002825.8220415,1757002826.0290985,0.20705699920654297
1757002826.0528836,1757002826.245718,0.19283437728881836
1757002826.2628827,1757002826.4519818,0.18909907341003418
1757002826.4644115,1757002826.728949,0.2645375728607178
1757002826.7430706,1757002826.936996,0.1939253807067871
1757002826.9516003,1757002827.1499288,0.19832849502563477
1757002829.2956462,1757002829.5025766,0.20693039894104004
1757002829.5408595,1757002829.7446542,0.2037947177886963
1757002829.8710196,1757002830.088576,0.21755647659301758
1757002830.1338925,1757002830.3478904,0.21399784088134766
1757002830.4709108,1757002830.7252977,0.25438690185546875
1757002830.7693596,1757002830.9644666,0.19510698318481445
1757002831.0890038,1757002831.2966554,0.20765161514282227
1757002831.342597,1757002831.560863,0.21826601028442383
1757002831.605657,1757002831.8019345,0.19627737998962402
1757002832.0372996,1757002832.2329934,0.1956937313079834
1757002832.2771869,1757002832.5680008,0.2908139228820801
1757002832.6069386,1757002832.8023524,0.19541382789611816
1757002832.9230843,1757002833.139838,0.21675372123718262
1757002833.1787446,1757002833.3779132,0.19916868209838867
1757002833.498216,1757002833.731769,0.23355317115783691
1757002833.7701588,1757002833.976858,0.20669913291931152
1757002834.2100444,1757002834.4173927,0.20734834671020508
1757002834.4613516,1757002834.7593515,0.29799985885620117
1757002834.8024566,1757002835.0180733,0.21561670303344727
1757002835.1408591,1757002835.3536968,0.21283769607543945
1757002835.3985844,1757002835.600828,0.20224356651306152
1757002835.7278247,1757002835.9316266,0.20380187034606934
1757002836.0538568,1757002836.2398057,0.18594884872436523
1757002836.2844822,1757002836.5520945,0.2676122188568115
1757002836.5939488,1757002836.81127,0.21732115745544434
1757002836.9328985,1757002837.14784,0.21494150161743164
1757002837.193078,1757002837.4047165,0.2116384506225586
1757002837.5284286,1757002837.7358923,0.20746374130249023
1757002837.780498,1757002837.9792404,0.19874238967895508
1757002838.2123573,1757002838.4132502,0.20089292526245117
1757002838.4613526,1757002838.7167807,0.2554280757904053
1757002838.7620442,1757002838.9764318,0.2143876552581787
1757002839.0990617,1757002839.3165052,0.21744346618652344
1757002839.355516,1757002839.5649567,0.2094407081604004
1757002839.686393,1757002839.8757637,0.18937063217163086
1757002839.9996247,1757002840.2184415,0.21881675720214844
1757002840.266062,1757002840.5243578,0.25829577445983887
1757002840.6476622,1757002840.8434136,0.19575142860412598
1757002840.8922637,1757002841.099071,0.20680737495422363
1757002841.2256217,1757002841.4165933,0.19097161293029785
1757002841.4664702,1757002841.6916635,0.22519326210021973
1757002841.8140302,1757002842.0179112,0.20388102531433105
1757002842.140969,1757002842.3422585,0.20128941535949707
1757002842.3823538,1757002842.6411908,0.2588369846343994
1757002842.6876779,1757002842.9200892,0.23241138458251953
1757002843.0418284,1757002843.2403162,0.1984877586364746
1757002843.2833424,1757002843.482724,0.19938158988952637
1757002843.6123953,1757002843.8362336,0.22383832931518555
1757002843.9591608,1757002844.1771662,0.21800541877746582
1757002844.2215846,1757002844.483443,0.2618584632873535
1757002844.6070015,1757002844.8013825,0.1943809986114502
1757002844.8449712,1757002845.0479374,0.20296621322631836
1757002845.1707551,1757002845.3831851,0.21243000030517578
1757002845.4280214,1757002845.6632345,0.235213041305542
1757002845.7076614,1757002845.9038525,0.19619107246398926
1757002846.024735,1757002846.237597,0.2128620147705078
1757002846.359715,1757002846.616378,0.25666308403015137
1757002846.6613822,1757002846.8498678,0.18848562240600586
1757002847.0816517,1757002847.2727559,0.19110417366027832
1757002847.3185415,1757002847.5178196,0.1992781162261963
1757002847.6412027,1757002847.8335798,0.19237709045410156
1757002847.8778358,1757002848.0951815,0.2173457145690918
1757002848.2180765,1757002848.4676216,0.24954509735107422
1757002848.5055134,1757002848.727221,0.22170758247375488
1757002848.7651622,1757002848.9547944,0.18963217735290527
1757002849.1868894,1757002849.3743374,0.18744802474975586
1757002849.4273083,1757002849.646705,0.21939659118652344
1757002849.6911762,1757002849.886682,0.19550585746765137
1757002850.0077882,1757002850.2261794,0.21839118003845215
1757002850.3490157,1757002850.6064973,0.25748157501220703
1757002850.6508765,1757002850.8376956,0.18681907653808594
1757002851.070856,1757002851.2811403,0.21028423309326172
1757002851.3253665,1757002851.5440652,0.21869874000549316
1757002851.6664038,1757002851.8653467,0.1989428997039795
1757002851.9093134,1757002852.1202066,0.2108931541442871
1757002852.242879,1757002852.4552612,0.21238231658935547
1757002852.4996417,1757002852.758812,0.2591702938079834
1757002852.8854744,1757002853.0792787,0.19380426406860352
1757002853.123276,1757002853.3234143,0.20013833045959473
1757002853.4498177,1757002853.664777,0.21495938301086426
1757002853.7082798,1757002853.901264,0.19298410415649414
1757002854.0234845,1757002854.2174313,0.19394683837890625
1757002854.3401837,1757002854.6085823,0.2683985233306885
1757002854.6522002,1757002854.8597567,0.20755648612976074
1757002854.9825602,1757002855.2122104,0.22965025901794434
1757002855.2605386,1757002855.5284333,0.2678947448730469
1757002855.6512733,1757002855.8522632,0.2009899616241455
1757002855.897229,1757002856.1029375,0.20570850372314453
1757002856.2307417,1757002856.4264638,0.19572210311889648
1757002856.5482898,1757002856.790902,0.24261212348937988
1757002856.835577,1757002857.0511713,0.21559429168701172
1757002857.1767545,1757002857.4086719,0.2319173812866211
1757002857.4535165,1757002857.6688,0.21528363227844238
1757002857.790742,1757002858.0015159,0.21077394485473633
1757002858.0448625,1757002858.2647698,0.21990728378295898
1757002858.3878827,1757002858.6528864,0.26500368118286133
1757002858.6979,1757002858.8996153,0.20171523094177246
1757002859.0206935,1757002859.2177548,0.19706130027770996
1757002859.2581186,1757002859.4601383,0.20201969146728516
1757002859.5814688,1757002859.8002155,0.21874666213989258
1757002859.8445103,1757002860.0391612,0.19465088844299316
1757002860.1602795,1757002860.3506293,0.19034981727600098
1757002860.4751964,1757002860.7271628,0.2519664764404297
1757002860.7694664,1757002860.9918294,0.22236299514770508
1757002861.1182218,1757002861.3200495,0.2018277645111084
1757002861.3676913,1757002861.569261,0.2015697956085205
1757002861.6956658,1757002861.9172242,0.2215583324432373
1757002861.9642973,1757002862.1724083,0.20811104774475098
1757002862.4084427,1757002862.6347585,0.22631573677062988
1757002862.678445,1757002862.9388168,0.26037168502807617
1757002862.9818244,1757002863.1737452,0.19192075729370117
1757002968.7949135,1757002969.245489,0.4505753517150879
1757002969.2999508,1757002969.8050566,0.50510573387146
1757002969.8177056,1757002970.228501,0.4107954502105713
1757002970.2416482,1757002970.6478148,0.40616655349731445
1757002970.661149,1757002971.0998888,0.4387397766113281
1757002971.111798,1757002971.550783,0.43898487091064453
1757002971.566258,1757002972.044235,0.47797703742980957
1757002972.0581276,1757002972.4780252,0.41989755630493164
1757002972.4915822,1757002972.9506872,0.4591050148010254
1757002975.0585008,1757002975.5057602,0.44725942611694336
1757002975.6292324,1757002976.0554335,0.42620110511779785
1757002976.1003842,1757002976.5477087,0.4473245143890381
1757002976.670434,1757002977.1641433,0.4937093257904053
1757002977.2088754,1757002977.653815,0.44493961334228516
1757002977.7770452,1757002978.219734,0.4426887035369873
1757002978.3440244,1757002978.8110304,0.46700596809387207
1757002978.85429,1757002979.2834687,0.42917871475219727
1757002979.4099808,1757002979.9088707,0.4988899230957031
1757002979.9548445,1757002980.6290617,0.6742172241210938
1757002980.6744199,1757002981.3533828,0.6789629459381104
1757002981.399592,1757002982.0507503,0.651158332824707
1757002982.0923808,1757002982.8207827,0.7284018993377686
1757002982.8662026,1757002983.3279269,0.46172428131103516
1757002983.4517133,1757002983.9217815,0.47006821632385254
1757002983.967128,1757002984.435641,0.46851301193237305
1757002984.481713,1757002985.3902242,0.9085111618041992
1757002985.4395657,1757002986.0946372,0.655071496963501
1757002986.1394243,1757002986.580127,0.4407026767730713
1757002986.813614,1757002987.4769642,0.6633503437042236
1757002987.5301952,1757002987.969347,0.4391517639160156
1757002988.313927,1757002988.7708092,0.4568822383880615
1757002988.8103943,1757002989.522747,0.7123527526855469
1757002989.5678048,1757002990.0018497,0.43404483795166016
1757002990.1245606,1757002990.7574022,0.6328415870666504
1757002990.8024013,1757002991.4589891,0.6565878391265869
1757002991.5044346,1757002991.9840171,0.4795825481414795
1757002992.1127796,1757002992.748632,0.6358523368835449
1757002992.7934666,1757002993.4476314,0.6541647911071777
1757002993.571457,1757002994.0283341,0.4568772315979004
1757002994.0741582,1757002994.7411427,0.6669845581054688
1757002994.7881563,1757002995.264773,0.47661662101745605
1757002995.3876321,1757002995.8386235,0.4509913921356201
1757002995.884553,1757002996.3568122,0.4722592830657959
1757002996.9248126,1757002997.3715048,0.44669222831726074
1757002997.4174495,1757002997.8346875,0.4172379970550537
1757002998.0717437,1757002998.5070207,0.43527698516845703
1757002998.5558884,1757002999.0620923,0.5062038898468018
1757002999.108542,1757002999.5424762,0.43393421173095703
1757002999.8867102,1757003000.3281746,0.4414644241333008
1757003000.4559796,1757003000.888772,0.43279242515563965
1757003001.1255345,1757003001.7870455,0.6615109443664551
1757003001.8301673,1757003002.565758,0.7355906963348389
1757003002.6062706,1757003003.040732,0.4344613552093506
1757003003.715188,1757003004.146953,0.431765079498291
1757003004.1876864,1757003004.6279683,0.44028186798095703
1757003004.7518353,1757003005.2291648,0.4773294925689697
1757003005.2745705,1757003005.8968387,0.6222681999206543
1757003005.9408464,1757003006.599816,0.6589696407318115
1757003006.6439908,1757003007.2922835,0.6482927799224854
1757003007.3366485,1757003008.460624,1.1239755153656006
1757003008.505144,1757003009.163709,0.6585650444030762
1757003009.208557,1757003009.648501,0.4399440288543701
1757003009.9962642,1757003010.6445088,0.6482446193695068
1757003010.691741,1757003011.3918684,0.700127363204956
1757003011.4365616,1757003012.0740871,0.6375255584716797
1757003012.1186147,1757003012.967515,0.848900318145752
1757003013.0169806,1757003013.685137,0.6681563854217529
1757003013.7300894,1757003014.256133,0.5260436534881592
1757003014.2963371,1757003014.733042,0.4367048740386963
1757003014.9652884,1757003015.6070747,0.6417863368988037
1757003015.652531,1757003016.080552,0.4280211925506592
1757003016.2041917,1757003016.657078,0.45288634300231934
1757003016.8893075,1757003017.310275,0.42096757888793945
1757003017.4329724,1757003017.946585,0.5136125087738037
1757003017.9913883,1757003018.4310048,0.43961644172668457
1757003018.5540133,1757003019.0170186,0.46300530433654785
1757003019.0615516,1757003019.5105684,0.449016809463501
1757003019.6335416,1757003020.0992236,0.4656820297241211
1757003020.3333862,1757003020.819834,0.486447811126709
1757003020.8644676,1757003021.329709,0.4652414321899414
1757003021.4516969,1757003021.883864,0.43216705322265625
1757003021.9289608,1757003022.5717182,0.6427574157714844
1757003022.6947234,1757003023.4156508,0.7209274768829346
1757003023.4649136,1757003024.1204786,0.6555650234222412
1757003024.168239,1757003024.8321424,0.6639032363891602
1757003024.880407,1757003025.3383682,0.4579610824584961
1757003025.4609623,1757003025.9177167,0.4567544460296631
1757003025.9618702,1757003026.3990495,0.4371793270111084
1757003026.630487,1757003027.3234859,0.6929988861083984
1757003027.3676612,1757003028.0153491,0.6476879119873047
1757003028.060279,1757003028.7164838,0.6562049388885498
1757003028.7611446,1757003029.6722753,0.9111306667327881
1757003029.7165973,1757003030.1396408,0.42304348945617676
1757003030.3722732,1757003030.818497,0.44622373580932617
1757003031.050137,1757003031.689802,0.639664888381958
1757003031.7343152,1757003032.2304094,0.4960942268371582
1757003032.3564322,1757003032.791495,0.43506288528442383
1757003033.138694,1757003033.6004424,0.4617483615875244
1757003033.644549,1757003034.101531,0.4569821357727051
1757003034.3331509,1757003034.7733574,0.44020652770996094
1757003034.8176098,1757003035.7151244,0.8975145816802979
1757003035.759886,1757003036.2189493,0.4590632915496826
1757003036.3417373,1757003036.7829995,0.44126224517822266
1757003036.8221326,1757003037.2559614,0.43382883071899414
1757003037.379025,1757003037.8108692,0.43184423446655273
1757003037.8578336,1757003038.3348494,0.47701573371887207
1757003038.7893157,1757003039.2680163,0.4787006378173828
1757003039.307835,1757003039.7532084,0.4453732967376709
1757003039.8759503,1757003040.3219018,0.4459514617919922
1757003040.6655023,1757003041.0999415,0.43443918228149414
1757003041.337078,1757003041.7835977,0.4465196132659912
1757003041.9072278,1757003042.3943534,0.4871256351470947
1757003042.4389684,1757003042.8571699,0.4182014465332031
1757003043.198693,1757003043.8357236,0.6370306015014648
1757003043.8739278,1757003044.3223352,0.4484074115753174
1757003044.445619,1757003045.0949714,0.6493523120880127
1757003045.1396713,1757003045.836908,0.6972367763519287
1757003045.8811483,1757003046.3026755,0.4215271472930908
1757003046.4234924,1757003046.8862274,0.4627349376678467
1757003046.9317036,1757003047.349813,0.4181094169616699
1757003047.4708817,1757003048.3878288,0.9169471263885498
1757003048.4275236,1757003049.1043766,0.6768529415130615
1757003049.1494622,1757003049.7895808,0.6401185989379883
1757003049.8274295,1757003050.4902754,0.6628458499908447
1757003050.5494974,1757003051.0301597,0.48066234588623047
1757003051.1510332,1757003051.6408088,0.4897756576538086
1757003051.6860125,1757003052.3195167,0.6335041522979736
1757003052.3642576,1757003052.8101592,0.44590163230895996
1757003052.9333792,1757003053.4147651,0.4813859462738037
1757003053.6523771,1757003054.31059,0.6582129001617432
1757003054.3562906,1757003054.8514235,0.4951329231262207
1757003054.972416,1757003055.4124067,0.439990758895874
1757003055.4574761,1757003056.2979302,0.8404541015625
1757003056.345736,1757003056.7681243,0.42238831520080566
1757003056.8907037,1757003057.7790031,0.8882994651794434
1757003057.824393,1757003058.2869577,0.46256470680236816
1757003058.519806,1757003058.9546802,0.4348742961883545
1757003058.9993815,1757003059.4313586,0.4319770336151123
1757003059.9997513,1757003060.4928508,0.4930994510650635
1757003060.8350885,1757003061.268136,0.4330475330352783
1757003061.3904507,1757003061.8322015,0.44175076484680176
1757003061.8772006,1757003062.322663,0.4454624652862549
1757003062.3676288,1757003062.8215303,0.4539015293121338
1757003062.9484382,1757003063.471234,0.5227959156036377
1757003063.8150227,1757003064.2712948,0.4562721252441406
1757003064.318407,1757003064.9644578,0.6460506916046143
1757003065.009133,1757003065.6778245,0.6686913967132568
1757003065.7242115,1757003066.4421127,0.7179012298583984
1757003066.486763,1757003066.9036756,0.4169125556945801
1757003067.0266848,1757003067.476226,0.4495413303375244
1757003067.5200374,1757003067.935652,0.41561460494995117
1757003068.169317,1757003068.5909255,0.42160844802856445
1757003068.640159,1757003069.5559442,0.9157853126525879
1757003069.6010447,1757003070.2831163,0.6820716857910156
1757003070.3278596,1757003070.762444,0.434584379196167
1757003070.9954777,1757003071.841672,0.8461942672729492
1757003071.8859248,1757003072.3274553,0.4415304660797119
1757003072.459211,1757003072.964159,0.5049479007720947
1757003073.0094223,1757003073.6656487,0.656226396560669
1757003073.7134995,1757003074.142728,0.4292285442352295
1757003074.2637355,1757003074.9035761,0.6398406028747559
1757003074.952106,1757003075.6134462,0.6613402366638184
1757003075.6569154,1757003076.141775,0.4848594665527344
1757003076.1849313,1757003076.8353665,0.650435209274292
1757003076.8802946,1757003077.7511463,0.8708517551422119
1757003077.79975,1757003078.23063,0.4308798313140869
1757003078.3522959,1757003079.065696,0.71340012550354
1757003079.106899,1757003079.5445545,0.4376554489135742
1757003079.6740868,1757003080.135058,0.4609711170196533
1757003080.1796043,1757003080.611072,0.43146777153015137
1757003081.1751504,1757003081.6148074,0.43965697288513184
1757003081.6560566,1757003082.0914817,0.4354250431060791
1757003082.2148578,1757003082.7143333,0.49947547912597656
1757003083.1666124,1757003083.5929816,0.42636919021606445
1757003083.6380394,1757003084.0694487,0.4314093589782715
1757003084.5221283,1757003084.9828694,0.4607410430908203
1757003085.2145002,1757003085.6595776,0.44507741928100586
1757003085.8915803,1757003086.6486692,0.7570888996124268
1757003086.6878397,1757003087.531075,0.8432352542877197
1757003087.7628808,1757003088.2344766,0.47159576416015625
1757003090.23056,1757003090.887199,0.6566388607025146
1757003092.2538438,1757003093.0009718,0.7471280097961426
1757003094.258713,1757003094.8919694,0.6332564353942871
1757003096.2590659,1757003096.9217002,0.6626343727111816
1757003098.4031317,1757003099.4919195,1.0887877941131592
1757003100.6333058,1757003101.5920694,0.958763599395752
1757003102.6354167,1757003103.0998397,0.46442294120788574
1757003104.6850495,1757003105.3563929,0.6713433265686035
1757003106.7307522,1757003107.3828409,0.6520886421203613
1757003108.7426634,1757003110.0920937,1.3494303226470947
1757003110.6953108,1757003111.5795472,0.8842363357543945
1757003112.7249255,1757003113.3771229,0.6521973609924316
1757003114.7527714,1757003115.9141412,1.161369800567627
1757003117.2735775,1757003117.9642344,0.6906569004058838
1757003119.22189,1757003120.0979612,0.8760712146759033
1757003121.2481182,1757003122.4218328,1.1737146377563477
1757003123.3474934,1757003124.4121006,1.0646071434020996
1757003125.2274988,1757003125.6885633,0.46106457710266113
1757003127.356113,1757003128.0231557,0.6670427322387695
1757003129.499919,1757003130.4036303,0.9037113189697266
1757003134.302099,1757003134.974036,0.6719369888305664
1757003136.4512894,1757003136.9086366,0.45734715461730957
1757003138.606503,1757003139.038147,0.4316439628601074
1757003140.5194674,1757003140.9684918,0.4490244388580322
1757003142.5492291,1757003143.0707192,0.5214900970458984
1757003144.8468392,1757003145.5100243,0.6631851196289062
1757003146.8876295,1757003148.0019135,1.1142840385437012
1757003149.0390937,1757003149.4870296,0.4479358196258545
1757003151.184953,1757003152.1075654,0.9226124286651611
1757003153.2591333,1757003154.1310673,0.8719339370727539
1757003155.2794902,1757003155.938972,0.6594817638397217
1757003155.9853127,1757003157.059174,1.0738613605499268
1757003157.102334,1757003158.221866,1.1195318698883057
1757003158.2648978,1757003158.911405,0.6465072631835938
1757003158.954509,1757003160.0456257,1.0911166667938232
1757003160.0905652,1757003160.822642,0.73207688331604
1757003160.8653288,1757003161.7058182,0.840489387512207
1757003161.7487183,1757003162.3848739,0.6361556053161621
1757003162.509577,1757003163.145028,0.635451078414917
1757003163.1876268,1757003163.9276547,0.740027904510498
1757003163.9702752,1757003164.8246243,0.8543491363525391
1757003164.8677638,1757003165.525819,0.658055305480957
1757003165.5691247,1757003166.2457366,0.6766119003295898
1757003166.2886195,1757003167.435107,1.1464874744415283
1757003167.4708512,1757003168.1781685,0.7073173522949219
1757003168.3048172,1757003168.9813445,0.6765272617340088
1757003169.0247931,1757003169.475002,0.4502089023590088
1757003169.5192165,1757003170.0425603,0.5233438014984131
1757003170.086094,1757003170.778515,0.6924211978912354
1757003170.819707,1757003171.2740726,0.45436573028564453
1757003171.3972845,1757003171.8538642,0.45657968521118164
1757003171.9749436,1757003172.7067087,0.7317650318145752
1757003172.7437723,1757003173.2012043,0.4574320316314697
1757003173.3241003,1757003174.0019102,0.6778099536895752
1757003174.0456789,1757003174.5076745,0.46199560165405273
1757003174.549616,1757003175.2138321,0.6642160415649414
1757003175.257469,1757003175.7590623,0.5015933513641357
1757003175.8803759,1757003176.3463397,0.46596384048461914
1757003176.3855965,1757003176.8207076,0.43511104583740234
1757003176.9483542,1757003177.3951738,0.446819543838501
1757003177.6282642,1757003178.2820296,0.6537654399871826
1757003178.325691,1757003179.0657904,0.7400994300842285
1757003179.1093934,1757003179.5436404,0.4342470169067383
1757003179.6657147,1757003180.1026297,0.43691492080688477
1757003180.1397078,1757003180.568971,0.4292631149291992
1757003180.612333,1757003181.1228127,0.5104796886444092
1757003181.1616843,1757003181.5919595,0.43027520179748535
1757003181.631161,1757003182.0742283,0.4430673122406006
1757003182.1132941,1757003182.551913,0.43861889839172363
1757003182.5954041,1757003183.0271893,0.43178510665893555
1757003183.0693004,1757003183.5173628,0.4480624198913574
1757003183.5606637,1757003184.0548081,0.4941444396972656
1757003184.092445,1757003184.5293748,0.43692994117736816
1757003184.5661256,1757003184.9963727,0.43024706840515137
1757003185.0398285,1757003185.461712,0.42188334465026855
1757003185.5183752,1757003185.9552386,0.43686342239379883
1757003185.997619,1757003186.518845,0.521226167678833
1757003186.5606961,1757003186.9990423,0.43834614753723145
1757003187.0415862,1757003187.4845316,0.4429454803466797
1757003187.5267603,1757003188.1724327,0.6456723213195801
1757003188.211525,1757003188.6493528,0.43782782554626465
1757003188.688289,1757003189.214771,0.526482105255127
1757003189.2592094,1757003189.9184437,0.6592342853546143
1757003189.9673817,1757003190.6125324,0.6451506614685059
1757003190.6547346,1757003191.2876453,0.6329107284545898
1757003191.3302047,1757003192.0307822,0.7005774974822998
1757003192.068771,1757003192.500515,0.4317440986633301
1757003192.5481267,1757003192.9724019,0.42427515983581543
1757003193.0136733,1757003193.462982,0.4493086338043213
1757003193.5056536,1757003194.156231,0.6505773067474365
1757003194.199355,1757003194.6395447,0.44018983840942383
1757003194.6811512,1757003195.3879309,0.7067797183990479
1757003195.4309316,1757003195.8631253,0.4321937561035156
1757003195.9069374,1757003196.3236763,0.41673898696899414
1757003196.3661826,1757003197.0176783,0.6514956951141357
1757003197.0603504,1757003197.7694001,0.7090497016906738
1757003197.812114,1757003198.2378209,0.4257068634033203
1757003198.2808704,1757003198.7131443,0.43227386474609375
1757003198.7505853,1757003199.3800566,0.6294713020324707
1757003199.4234822,1757003200.2711203,0.8476381301879883
1757003200.3129563,1757003201.0059454,0.6929891109466553
1757003201.046752,1757003201.49279,0.44603800773620605
1757003201.5351233,1757003202.1691453,0.6340219974517822
1757003202.2114315,1757003202.651495,0.4400634765625
1757003202.6940508,1757003203.1261559,0.43210506439208984
1757003203.1684754,1757003203.886571,0.7180955410003662
1757003203.9295394,1757003204.357769,0.42822957038879395
1757003204.4012191,1757003205.0406694,0.6394503116607666
1757003205.0795295,1757003205.7427266,0.6631970405578613
1757003205.7863996,1757003206.2717478,0.4853482246398926
1757003206.308799,1757003206.9393153,0.6305162906646729
1757003206.982735,1757003207.813608,0.8308730125427246
1757003207.856177,1757003208.29306,0.43688297271728516
1757003208.3346314,1757003208.9781249,0.6434934139251709
1757003209.0198157,1757003209.565648,0.5458323955535889
1757003209.6085875,1757003210.0568078,0.44822025299072266
1757003210.1005132,1757003210.7437732,0.6432600021362305
1757003210.7905216,1757003211.2355545,0.44503283500671387
1757003211.2789469,1757003211.7095637,0.4306168556213379
1757003211.7558992,1757003212.2178307,0.4619314670562744
1757003212.259547,1757003212.760488,0.5009410381317139
1757003212.803708,1757003213.2232575,0.41954946517944336
1757003213.2664545,1757003213.7110932,0.444638729095459
1757003213.7536328,1757003214.170839,0.4172062873840332
1757003214.2122703,1757003214.855393,0.643122673034668
1757003214.8982909,1757003215.59596,0.6976690292358398
1757003215.639315,1757003216.0658076,0.42649269104003906
1757003216.1086295,1757003216.5529132,0.44428372383117676
1757003216.5956893,1757003217.0255888,0.4298994541168213
1757003217.0699928,1757003217.5137973,0.4438045024871826
1757003217.5568528,1757003218.0385122,0.4816594123840332
1757003218.3817632,1757003219.2215328,0.8397696018218994
1757003219.264554,1757003219.9099503,0.6453962326049805
1757003219.946505,1757003220.8219385,0.8754334449768066
1757003220.8648856,1757003221.5761588,0.711273193359375
1757003221.698666,1757003222.155133,0.4564669132232666
1757003222.1980102,1757003222.8757524,0.6777422428131104
1757003222.9241345,1757003223.5592744,0.6351399421691895
1757003223.6020923,1757003224.3287294,0.7266371250152588
1757003224.367522,1757003225.2286937,0.8611717224121094
1757003225.2746472,1757003225.9218512,0.6472039222717285
1757003225.9643056,1757003226.418711,0.4544053077697754
1757003226.5495903,1757003226.98134,0.4317495822906494
1757003227.1028278,1757003227.8107576,0.7079298496246338
1757003227.8527277,1757003228.293639,0.44091129302978516
1757003228.6350193,1757003229.0660238,0.43100452423095703
1757003229.1080134,1757003229.5393476,0.4313342571258545
1757003229.6643295,1757003230.0937347,0.42940521240234375
1757003230.2164092,1757003230.6990218,0.48261260986328125
1757003230.930494,1757003231.3730226,0.44252848625183105
1757003231.6176689,1757003232.0664494,0.44878053665161133
1757003232.188551,1757003232.6157901,0.42723917961120605
1757003232.6587086,1757003233.0995638,0.4408552646636963
1757003233.4551265,1757003234.1840703,0.7289438247680664
1757003234.2267797,1757003234.6694863,0.4427065849304199
1757003234.7930312,1757003235.439147,0.646115779876709
1757003235.4800727,1757003236.1342998,0.6542270183563232
1757003236.1711075,1757003236.8806202,0.7095127105712891
1757003236.9231474,1757003237.3841531,0.46100568771362305
1757003237.5065904,1757003237.9433951,0.43680477142333984
1757003238.1750367,1757003238.6002753,0.42523860931396484
1757003238.643319,1757003239.0659523,0.42263340950012207
1757003239.5231235,1757003240.2124856,0.6893620491027832
1757003240.2546332,1757003241.1158733,0.8612401485443115
1757003241.2377174,1757003241.9183514,0.6806340217590332
1757003241.955607,1757003243.0207891,1.0651822090148926
1757003243.074138,1757003243.584671,0.5105330944061279
1757003243.7073646,1757003244.1539698,0.44660520553588867
1757003244.1968825,1757003244.8537266,0.6568441390991211
1757003244.8963652,1757003245.5369945,0.6406292915344238
1757003245.5792804,1757003246.018889,0.4396085739135742
1757003246.1411724,1757003247.089307,0.9481346607208252
1757003247.131066,1757003247.5515246,0.4204585552215576
1757003247.7828782,1757003248.2311075,0.4482293128967285
1757003248.2716763,1757003248.9441762,0.6724998950958252
1757003249.0670192,1757003249.7620516,0.6950323581695557
1757003249.8079138,1757003250.228867,0.42095327377319336
1757003250.4623516,1757003250.9172225,0.45487093925476074
1757003250.9626508,1757003251.3811703,0.4185194969177246
1757003251.503259,1757003251.9290278,0.4257688522338867
1757003252.2749698,1757003252.723293,0.44832324981689453
1757003252.76679,1757003253.2770698,0.5102798938751221
1757003253.6335058,1757003254.072425,0.4389190673828125
1757003254.1111274,1757003254.5416656,0.4305381774902344
1757003254.6700056,1757003255.121037,0.4510314464569092
1757003255.1587074,1757003255.5867577,0.42805027961730957
1757003255.8176098,1757003256.3264458,0.508836030960083
1757003256.3681612,1757003257.0289514,0.660790205001831
1757003257.070188,1757003257.511771,0.44158291816711426
1757003257.554782,1757003257.9840236,0.4292416572570801
1757003258.220254,1757003258.9215178,0.7012639045715332
1757003258.9659233,1757003259.654841,0.6889176368713379
1757003260.2218435,1757003260.6482663,0.4264228343963623
1757003260.68999,1757003261.1262643,0.43627429008483887
1757003261.4694529,1757003262.1190264,0.649573564529419
1757003262.2418187,1757003263.2015023,0.9596836566925049
1757003263.243901,1757003263.9254918,0.6815907955169678
1757003263.9709485,1757003264.6120622,0.6411137580871582
1757003264.6547434,1757003265.077342,0.42259860038757324
1757003265.1995738,1757003265.6287713,0.4291975498199463
1757003265.671228,1757003266.384438,0.7132101058959961
1757003266.4268415,1757003267.0681074,0.641265869140625
1757003267.190787,1757003267.6320355,0.44124841690063477
1757003267.6745434,1757003268.3620417,0.6874983310699463
1757003268.404188,1757003268.841076,0.4368879795074463
1757003268.963559,1757003269.455818,0.49225902557373047
1757003269.7994704,1757003270.6576524,0.8581819534301758
1757003270.7001646,1757003271.1342845,0.43411993980407715
1757003271.3671002,1757003272.2773106,0.910210371017456
1757003272.3194118,1757003272.7542677,0.43485593795776367
1757003272.876587,1757003273.297522,0.42093515396118164
1757003273.419565,1757003273.8670511,0.44748616218566895
1757003273.9088593,1757003274.3731778,0.46431851387023926
1757003274.7167919,1757003275.1494656,0.43267369270324707
1757003275.1922905,1757003275.7149518,0.5226612091064453
1757003276.0579433,1757003276.5029376,0.4449942111968994
1757003276.5453935,1757003276.961045,0.4156515598297119
1757003277.0867023,1757003277.5157547,0.42905235290527344
1757003277.6377475,1757003278.077827,0.4400794506072998
1757003278.120726,1757003278.828356,0.707629919052124
1757003278.9504154,1757003279.5986252,0.648209810256958
1757003280.0498967,1757003280.48555,0.4356532096862793
1757003280.7286296,1757003281.4086678,0.6800382137298584
1757003281.451425,1757003281.9089649,0.45753979682922363
1757003282.2560227,1757003282.7648065,0.5087838172912598
1757003282.8076112,1757003283.2316358,0.4240245819091797
1757003283.577812,1757003284.2365646,0.6587526798248291
1757003284.2829852,1757003284.9222696,0.6392843723297119
1757003284.9637682,1757003285.3837879,0.42001962661743164
1757003285.6152768,1757003286.1339543,0.5186774730682373
1757003286.1755486,1757003286.6110792,0.4355306625366211
1757003286.7316358,1757003287.1925957,0.46095991134643555
1757003287.24372,1757003287.6735036,0.42978358268737793
1757003287.7952158,1757003288.2476025,0.45238661766052246
1757003288.36818,1757003289.0671756,0.6989955902099609
1757003289.1890101,1757003289.6351714,0.44616127014160156
1757003290.0973313,1757003290.5446205,0.44728922843933105
1757003290.6674147,1757003291.1048126,0.43739795684814453
1757003291.1482291,1757003291.5966768,0.44844770431518555
1757003291.719441,1757003292.4236453,0.7042043209075928
1757003292.4655025,1757003292.932425,0.4669225215911865
1757003293.1690078,1757003293.6051292,0.43612146377563477
1757003293.7273338,1757003294.174858,0.4475243091583252
1757003294.517543,1757003294.9489257,0.4313826560974121
1757003294.9859095,1757003295.4911141,0.5052046775817871
1757003295.5338137,1757003296.1912289,0.6574151515960693
1757003296.3174236,1757003296.7538297,0.43640613555908203
1757003297.097471,1757003297.5300121,0.4325411319732666
1757003297.6520765,1757003298.1578586,0.5057821273803711
1757003298.279857,1757003298.7223318,0.4424748420715332
1757003298.7657294,1757003299.4350197,0.66929030418396
1757003299.5576272,1757003299.9986434,0.44101619720458984
1757003300.041232,1757003300.483485,0.44225287437438965
1757003300.7159457,1757003301.2200432,0.5040974617004395
1757003301.3417232,1757003301.798624,0.45690083503723145
1757003301.8419838,1757003302.28055,0.4385662078857422
1757003302.4060166,1757003302.834824,0.42880749702453613
1757003302.8739042,1757003303.3116486,0.4377443790435791
1757003303.98308,1757003304.412678,0.4295980930328369
1757003304.6479096,1757003305.1590698,0.511160135269165
1757003305.1979702,1757003305.6163309,0.41836071014404297
1757003305.8519118,1757003306.2896426,0.4377307891845703
1757003306.3332438,1757003306.9792824,0.6460385322570801
1757003307.022653,1757003307.4905355,0.4678823947906494
1757003307.6125562,1757003308.0686316,0.45607542991638184
1757003308.111786,1757003308.6119893,0.5002033710479736
1757003351.514291,1757003351.963043,0.44875192642211914
1757003352.0484478,1757003352.583673,0.5352251529693604
1757003352.6293347,1757003353.0967388,0.4674041271209717
1757003353.2195861,1757003353.666013,0.4464268684387207
1757003353.708381,1757003354.1622808,0.4538998603820801
1757003354.2064455,1757003354.6597004,0.45325493812561035
1757003354.7930355,1757003355.309219,0.5161833763122559
1757003355.3559625,1757003355.8211057,0.46514320373535156
1757003356.1668587,1757003356.5869818,0.4201231002807617
1757003356.632048,1757003357.0960639,0.4640159606933594
1757003357.2188158,1757003357.6410892,0.4222733974456787
1757003357.695263,1757003358.227743,0.532480001449585
1757003358.3505008,1757003358.783311,0.43281006813049316
1757003358.8232234,1757003359.273271,0.45004773139953613
1757003359.3960724,1757003359.8158762,0.4198038578033447
1757003359.860555,1757003360.2987258,0.4381709098815918
1757003360.4202275,1757003360.869038,0.4488105773925781
1757003360.9125843,1757003361.4058552,0.4932708740234375
1757003361.7489827,1757003362.1787903,0.4298076629638672
1757003362.2173114,1757003362.6682355,0.4509241580963135
1757003362.7929173,1757003363.449769,0.6568517684936523
1757003363.4922843,1757003364.2389042,0.7466199398040771
1757003364.2837296,1757003364.9312224,0.6474928855895996
1757003364.9756677,1757003365.6320484,0.6563806533813477
1757003365.7589953,1757003366.1844516,0.42545628547668457
1757003366.2241893,1757003366.7274852,0.5032958984375
1757003366.8500211,1757003367.281482,0.4314608573913574
1757003367.321031,1757003368.175589,0.854557991027832
1757003368.2139106,1757003368.8882093,0.6742987632751465
1757003368.9285824,1757003369.3705661,0.441983699798584
1757003369.7177334,1757003370.4140468,0.6963133811950684
1757003370.4586775,1757003370.9024231,0.44374561309814453
1757003371.133589,1757003371.6001246,0.4665355682373047
1757003371.6400743,1757003372.3114457,0.6713714599609375
1757003372.3562605,1757003372.8279426,0.471682071685791
1757003372.9553523,1757003373.6149735,0.6596212387084961
1757003373.664246,1757003374.2978837,0.6336376667022705
1757003374.3463287,1757003374.8129494,0.46662068367004395
1757003375.059555,1757003375.6908593,0.6313042640686035
1757003375.7368786,1757003376.4658592,0.728980541229248
1757003376.5105767,1757003376.9509811,0.44040441513061523
1757003377.182222,1757003377.8167453,0.6345233917236328
1757003377.8616855,1757003378.322772,0.4610865116119385
1757003378.6673734,1757003379.1465302,0.4791567325592041
1757003379.191653,1757003379.6203885,0.42873549461364746
1757003379.963783,1757003380.3935585,0.4297754764556885
1757003380.518603,1757003380.956043,0.4374399185180664
1757003381.0005507,1757003381.4427433,0.44219255447387695
1757003381.5652716,1757003382.0628653,0.49759364128112793
1757003382.1078167,1757003382.557771,0.4499542713165283
1757003382.6027558,1757003383.0388598,0.43610405921936035
1757003383.2703407,1757003383.6933904,0.4230496883392334
1757003383.9293933,1757003384.5687773,0.6393840312957764
1757003384.6134176,1757003385.3258567,0.7124390602111816
1757003385.3710291,1757003385.8180158,0.44698667526245117
1757003386.2705138,1757003386.6898425,0.4193286895751953
1757003386.9230623,1757003387.350822,0.42775964736938477
1757003387.398601,1757003387.8361006,0.4374995231628418
1757003387.8804355,1757003388.592641,0.7122056484222412
1757003388.7157092,1757003389.393927,0.678217887878418
1757003389.438237,1757003390.0868747,0.6486377716064453
1757003390.1321218,1757003391.1937668,1.0616450309753418
1757003391.246345,1757003391.9584715,0.7121264934539795
1757003392.0024514,1757003392.430767,0.4283156394958496
1757003392.5555387,1757003393.2182262,0.6626875400543213
1757003393.256791,1757003393.8928185,0.6360273361206055
1757003393.937302,1757003394.6325014,0.6951992511749268
1757003394.7551403,1757003395.625791,0.8706507682800293
1757003395.6696415,1757003396.3244567,0.6548151969909668
1757003396.368531,1757003396.8131464,0.44461536407470703
1757003396.9389765,1757003397.4523585,0.5133819580078125
1757003397.497126,1757003398.1464524,0.6493263244628906
1757003398.1913764,1757003398.68652,0.4951436519622803
1757003398.7335715,1757003399.1600413,0.4264698028564453
1757003399.2832026,1757003399.7123747,0.4291720390319824
1757003400.0592937,1757003400.5386832,0.4793894290924072
1757003400.583715,1757003401.0213497,0.4376347064971924
1757003401.1432507,1757003401.5939858,0.45073509216308594
1757003401.6388738,1757003402.07645,0.4375762939453125
1757003402.4192502,1757003402.877186,0.45793581008911133
1757003403.000809,1757003403.5051107,0.5043017864227295
1757003403.5491943,1757003403.977378,0.42818355560302734
1757003404.1003873,1757003404.534333,0.4339456558227539
1757003404.5873091,1757003405.2334673,0.6461582183837891
1757003405.5771163,1757003406.2503085,0.6731922626495361
1757003406.5926716,1757003407.2849064,0.6922347545623779
1757003407.3297853,1757003407.9750483,0.6452629566192627
1757003408.0202603,1757003408.4691904,0.448930025100708
1757003408.596104,1757003409.0529113,0.45680737495422363
1757003409.0921907,1757003409.5818634,0.4896726608276367
1757003409.9248338,1757003410.5582988,0.633465051651001
1757003410.603552,1757003411.2558775,0.6523253917694092
1757003411.3004827,1757003411.949647,0.6491641998291016
1757003411.9945047,1757003412.8933928,0.898888111114502
1757003412.937764,1757003413.3746576,0.4368937015533447
1757003413.4967892,1757003413.9225101,0.4257209300994873
1757003413.9666789,1757003414.6220596,0.6553807258605957
1757003414.6665387,1757003415.329344,0.6628053188323975
1757003415.3729136,1757003415.885331,0.5124173164367676
1757003416.0080774,1757003416.459648,0.4515705108642578
1757003416.504637,1757003416.9357564,0.431119441986084
1757003417.0585809,1757003417.5038588,0.4452779293060303
1757003417.6272779,1757003418.4895992,0.8623213768005371
1757003418.53473,1757003419.0300782,0.4953482151031494
1757003419.0788531,1757003419.5154798,0.436626672744751
1757003419.6386194,1757003420.0801835,0.44156408309936523
1757003420.1237848,1757003420.5517952,0.4280104637145996
1757003420.7846158,1757003421.2151635,0.43054771423339844
1757003421.2645416,1757003421.752541,0.48799943923950195
1757003421.8803568,1757003422.323919,0.44356226921081543
1757003422.4450874,1757003422.87807,0.4329826831817627
1757003423.1096594,1757003423.552089,0.4424295425415039
1757003423.596765,1757003424.061404,0.46463894844055176
1757003424.4088073,1757003424.8588266,0.45001935958862305
1757003424.903634,1757003425.427369,0.5237350463867188
1757003425.4722412,1757003426.105765,0.6335239410400391
1757003426.4494252,1757003427.1056368,0.6562116146087646
1757003427.150259,1757003427.7846878,0.6344287395477295
1757003427.8235044,1757003428.6047032,0.7811987400054932
1757003428.8412533,1757003429.282775,0.44152164459228516
1757003429.3275266,1757003429.7568924,0.429365873336792
1757003430.104498,1757003430.5433054,0.43880748748779297
1757003430.779794,1757003431.7169034,0.9371094703674316
1757003431.7710834,1757003432.428347,0.6572637557983398
1757003432.4730477,1757003433.1282291,0.6551814079284668
1757003433.5799663,1757003434.2333972,0.6534309387207031
1757003434.2790473,1757003434.7951226,0.5160753726959229
1757003434.8377585,1757003435.2830098,0.4452512264251709
1757003435.405879,1757003436.0707006,0.6648216247558594
1757003436.1118562,1757003436.5481238,0.436267614364624
1757003436.6706543,1757003437.108177,0.43752264976501465
1757003437.1525095,1757003437.7983925,0.6458830833435059
1757003437.8424308,1757003438.3625283,0.5200974941253662
1757003438.4896436,1757003438.9344642,0.4448206424713135
1757003438.979838,1757003439.848973,0.8691351413726807
1757003439.8934376,1757003440.3162746,0.4228370189666748
1757003440.443188,1757003441.3991463,0.955958366394043
1757003441.4432082,1757003441.889803,0.4465947151184082
1757003442.2339568,1757003442.6729124,0.43895554542541504
1757003442.7168393,1757003443.1503031,0.43346381187438965
1757003443.2731626,1757003443.7075613,0.4343986511230469
1757003443.830488,1757003444.329112,0.4986240863800049
1757003444.3740222,1757003444.8085425,0.43452024459838867
1757003444.9412131,1757003445.374445,0.43323183059692383
1757003445.4197235,1757003445.8521113,0.4323878288269043
1757003446.1966724,1757003446.6471772,0.45050477981567383
1757003446.7704241,1757003447.2411988,0.47077465057373047
1757003447.286344,1757003447.982863,0.6965188980102539
1757003448.027681,1757003448.6952794,0.6675982475280762
1757003448.7406287,1757003449.3841755,0.6435468196868896
1757003449.4289792,1757003449.8954825,0.466503381729126
1757003450.2379785,1757003450.7322693,0.494290828704834
1757003450.7735434,1757003451.4115365,0.6379930973052979
1757003451.4630258,1757003451.8928514,0.4298255443572998
1757003453.5590966,1757003454.4212587,0.8621621131896973
1757003455.7822874,1757003456.5152519,0.7329645156860352
1757003458.2955937,1757003458.9693568,0.6737630367279053
1757003460.5577075,1757003461.605679,1.047971487045288
1757003462.5404747,1757003462.989547,0.44907236099243164
1757003464.5797017,1757003465.4825616,0.9028599262237549
1757003466.740964,1757003467.3995862,0.6586222648620605
1757003468.657233,1757003469.4974484,0.8402154445648193
1757003470.6556098,1757003471.7083607,1.052750825881958
1757003472.6384397,1757003473.5711808,0.9327411651611328
1757003474.6079414,1757003475.7069528,1.0990114212036133
1757003476.6335256,1757003477.4938152,0.8602895736694336
1757003478.7504735,1757003479.8971887,1.1467151641845703
1757003480.7124395,1757003481.3905718,0.6781322956085205
1757003482.7565045,1757003484.0415952,1.285090684890747
1757003484.7407653,1757003486.101575,1.360809564590454
1757003486.689747,1757003487.134808,0.44506096839904785
1757003488.9157596,1757003489.5776834,0.661923885345459
1757003490.8398085,1757003491.5628345,0.7230260372161865
1757003492.819771,1757003493.2654536,0.4456825256347656
1757003494.9360008,1757003495.393837,0.4578361511230469
1757003497.5012746,1757003497.9526432,0.4513685703277588
1757003499.4354045,1757003500.1270533,0.6916487216949463
1757003504.5482574,1757003505.239449,0.6911916732788086
1757003506.9121878,1757003507.5622602,0.6500723361968994
1757003509.2272794,1757003510.0902388,0.8629593849182129
1757003514.2929237,1757003514.9260108,0.633087158203125
1757003518.136274,1757003518.832821,0.6965467929840088
1757003520.1720064,1757003520.60057,0.42856359481811523
1757003645.9196649,1757003646.1187775,0.1991126537322998
1757003646.1649468,1757003646.3871984,0.22225165367126465
1757003646.3995202,1757003646.6445653,0.24504518508911133
1757003646.6583993,1757003646.8490312,0.19063186645507812
1757003646.862718,1757003647.0540874,0.19136929512023926
1757003647.0669618,1757003647.2599702,0.1930084228515625
1757003647.2752504,1757003647.4680734,0.19282293319702148
1757003647.4807096,1757003647.7125578,0.23184823989868164
1757003647.727016,1757003647.9769545,0.2499384880065918
1757003647.9906688,1757003648.2405272,0.24985837936401367
1757003648.252173,1757003648.4425871,0.1904141902923584
1757003648.4563003,1757003648.6476507,0.19135046005249023
1757003648.6610718,1757003648.8665292,0.20545744895935059
1757003648.8801901,1757003649.0887508,0.20856070518493652
1757003649.103738,1757003649.3795617,0.27582359313964844
1757003651.3852365,1757003651.6165383,0.23130178451538086
1757003651.6607127,1757003651.887222,0.22650933265686035
1757003652.1211278,1757003652.3288753,0.2077474594116211
1757003652.3735473,1757003652.6042502,0.23070287704467773
1757003652.7270305,1757003652.9534822,0.22645163536071777
1757003652.9931602,1757003653.2255335,0.23237323760986328
1757003653.3492208,1757003653.5981145,0.24889373779296875
1757003653.6426709,1757003653.8510993,0.20842838287353516
1757003654.0877862,1757003654.2849545,0.19716835021972656
1757003654.3295698,1757003654.5296597,0.2000899314880371
1757003654.6565104,1757003654.867783,0.2112727165222168
1757003654.910825,1757003655.128549,0.21772408485412598
1757003655.250805,1757003655.50366,0.2528550624847412
1757003655.5485077,1757003655.74652,0.1980123519897461
1757003655.8696184,1757003656.077024,0.20740556716918945
1757003656.1204333,1757003656.3446054,0.22417211532592773
1757003656.5811737,1757003656.777031,0.19585728645324707
1757003656.8208094,1757003657.034706,0.2138967514038086
1757003657.0782592,1757003657.3299353,0.251676082611084
1757003657.4526513,1757003657.6489873,0.196336030960083
1757003657.6921425,1757003657.9096627,0.21752023696899414
1757003658.0321233,1757003658.2493653,0.21724200248718262
1757003658.3765345,1757003658.5690422,0.19250774383544922
1757003658.6135166,1757003658.81263,0.1991133689880371
1757003658.9365695,1757003659.1325355,0.19596600532531738
1757003659.179182,1757003659.4640162,0.2848341464996338
1757003659.5102801,1757003659.7078083,0.19752812385559082
1757003659.8321564,1757003660.054419,0.22226262092590332
1757003660.177219,1757003660.3917005,0.21448159217834473
1757003660.4428937,1757003660.6462295,0.20333576202392578
1757003660.7729726,1757003660.9807186,0.20774602890014648
1757003661.0241034,1757003661.2806623,0.256558895111084
1757003661.4043417,1757003661.6033125,0.19897079467773438
1757003661.6481261,1757003661.8528605,0.20473432540893555
1757003661.9742403,1757003662.1748657,0.20062541961669922
1757003662.219459,1757003662.4290829,0.2096238136291504
1757003662.5510135,1757003662.766124,0.21511054039001465
1757003662.8112643,1757003663.0280685,0.21680426597595215
1757003663.1517224,1757003663.422535,0.2708125114440918
1757003663.467824,1757003663.6881812,0.22035717964172363
1757003663.732005,1757003663.9710565,0.23905158042907715
1757003664.0941806,1757003664.30012,0.20593953132629395
1757003664.4232366,1757003664.6217334,0.19849681854248047
1757003664.6666632,1757003664.8694813,0.2028181552886963
1757003664.991921,1757003665.1896465,0.19772553443908691
1757003665.2343562,1757003665.5176625,0.283306360244751
1757003665.5709648,1757003665.773097,0.2021322250366211
1757003665.8962207,1757003666.1011531,0.20493245124816895
1757003666.144621,1757003666.3641999,0.21957898139953613
1757003666.5979135,1757003666.80585,0.20793652534484863
1757003666.848789,1757003667.0728507,0.2240617275238037
1757003667.1954987,1757003667.4497561,0.2542574405670166
1757003667.494103,1757003667.6843975,0.19029450416564941
1757003667.816562,1757003668.035896,0.21933412551879883
1757003668.0851233,1757003668.3247979,0.23967456817626953
1757003668.4514544,1757003668.6448758,0.1934213638305664
1757003668.7697628,1757003668.9833438,0.21358108520507812
1757003669.0272267,1757003669.2470365,0.21980977058410645
1757003669.3683374,1757003669.615033,0.24669551849365234
1757003669.6593566,1757003669.8606448,0.20128822326660156
1757003669.9847276,1757003670.1910539,0.20632624626159668
1757003670.3131847,1757003670.5176594,0.20447468757629395
1757003670.5570598,1757003670.7677038,0.21064400672912598
1757003670.8918676,1757003671.0914712,0.19960355758666992
1757003671.2145026,1757003671.4133334,0.19883084297180176
1757003671.4584355,1757003671.7187204,0.2602849006652832
1757003671.762581,1757003671.979041,0.2164599895477295
1757003672.1019044,1757003672.3328729,0.23096847534179688
1757003672.4538786,1757003672.6591737,0.20529508590698242
1757003672.7036731,1757003672.9329672,0.2292940616607666
1757003673.055678,1757003673.2725253,0.21684741973876953
1757003673.310116,1757003673.5732849,0.2631688117980957
1757003673.6176188,1757003673.8241887,0.20656991004943848
1757003673.9462156,1757003674.1525264,0.20631074905395508
1757003674.196907,1757003674.3885276,0.1916205883026123
1757003674.6215892,1757003674.829887,0.2082977294921875
1757003674.8745298,1757003675.0821762,0.20764636993408203
1757003675.3155901,1757003675.516412,0.2008218765258789
1757003675.5556312,1757003675.8248205,0.26918935775756836
1757003675.8693726,1757003676.0968223,0.22744965553283691
1757003676.2196891,1757003676.4464002,0.22671103477478027
1757003676.4905164,1757003676.6909342,0.20041775703430176
1757003676.812454,1757003677.0184762,0.2060222625732422
1757003677.1401033,1757003677.3528473,0.21274399757385254
1757003677.400985,1757003677.6106412,0.2096562385559082
1757003677.8475575,1757003678.096732,0.2491743564605713
1757003678.1446326,1757003678.3495255,0.20489287376403809
1757003678.5817757,1757003678.8051028,0.2233271598815918
1757003678.8486316,1757003679.0493453,0.2007136344909668
1757003679.2817526,1757003679.4883497,0.20659708976745605
1757003679.5327852,1757003679.7230582,0.19027304649353027
1757003679.9559746,1757003680.2193913,0.26341676712036133
1757003680.263509,1757003680.4679806,0.20447158813476562
1757003680.5892744,1757003680.7938654,0.2045910358428955
1757003680.9172497,1757003681.1146984,0.19744873046875
1757003681.1528513,1757003681.3577886,0.20493721961975098
1757003681.4803767,1757003681.707855,0.2274782657623291
1757003681.7523913,1757003681.9684832,0.21609187126159668
1757003682.0947766,1757003682.3518815,0.25710487365722656
1757003682.3954694,1757003682.609332,0.21386265754699707
1757003682.7318573,1757003682.9444103,0.2125530242919922
1757003682.9883156,1757003683.22871,0.24039435386657715
1757003683.3512557,1757003683.5599487,0.2086930274963379
1757003683.6032,1757003683.841082,0.23788213729858398
1757003683.9640758,1757003684.2061617,0.24208593368530273
1757003684.2506046,1757003684.4523919,0.20178723335266113
1757003684.5788891,1757003684.795834,0.21694493293762207
1757003684.919476,1757003685.1128683,0.19339227676391602
1757003685.1559515,1757003685.3566005,0.20064902305603027
1757003685.4797144,1757003685.6880157,0.20830130577087402
1757003685.7318647,1757003685.940496,0.20863127708435059
1757003686.0616887,1757003686.3178515,0.2561628818511963
1757003686.3622184,1757003686.5609112,0.19869279861450195
1757003686.7936456,1757003687.0002904,0.20664477348327637
1757003687.0452423,1757003687.2619781,0.21673583984375
1757003687.383757,1757003687.6000056,0.2162485122680664
1757003687.6448624,1757003687.8493032,0.20444083213806152
1757003687.9702277,1757003688.2159305,0.24570274353027344
1757003688.2590337,1757003688.4565847,0.19755101203918457
1757003688.689591,1757003688.8815029,0.19191193580627441
1757003688.9256575,1757003689.14305,0.2173924446105957
1757003689.2668414,1757003689.470081,0.20323967933654785
1757003689.515104,1757003689.734157,0.21905303001403809
1757003689.8555133,1757003690.0652263,0.20971298217773438
1757003690.1092777,1757003690.3927956,0.28351783752441406
1757003690.515694,1757003690.7198877,0.2041938304901123
1757003690.763478,1757003690.959486,0.19600796699523926
1757003691.089465,1757003691.3051198,0.21565485000610352
1757003691.349293,1757003691.5465567,0.1972637176513672
1757003691.669312,1757003691.8932323,0.22392034530639648
1757003692.0157945,1757003692.261509,0.24571442604064941
1757003692.3040097,1757003692.5198026,0.21579289436340332
1757003692.6445818,1757003692.8526697,0.20808792114257812
1757003692.9748871,1757003693.195374,0.22048687934875488
1757003693.239509,1757003693.444955,0.2054460048675537
1757003693.5681264,1757003693.7697923,0.20166587829589844
1757003693.8211489,1757003694.115696,0.29454708099365234
1757003694.1610641,1757003694.3892772,0.22821307182312012
1757003694.5126488,1757003694.709394,0.1967451572418213
1757003694.7547188,1757003694.9556117,0.20089292526245117
1757003695.1887271,1757003695.3896928,0.20096564292907715
1757003695.4330287,1757003695.637509,0.20448040962219238
1757003695.7605932,1757003695.9541328,0.19353961944580078
1757003695.997984,1757003696.2764037,0.27841973304748535
1757003696.3198297,1757003696.5336938,0.21386408805847168
1757003696.656156,1757003696.8536837,0.19752764701843262
1757003696.980703,1757003697.1812413,0.20053815841674805
1757003697.225405,1757003697.4332693,0.20786428451538086
1757003697.5556247,1757003697.7604315,0.20480680465698242
1757003697.8062541,1757003698.0569592,0.2507050037384033
1757003698.1030703,1757003698.3092272,0.20615696907043457
1757003698.4304814,1757003698.635409,0.20492768287658691
1757003698.6797836,1757003698.868685,0.18890142440795898
1757003699.104522,1757003699.3026583,0.1981363296508789
1757003699.3477497,1757003699.5539691,0.20621943473815918
1757003699.6768093,1757003699.8996477,0.2228384017944336
1757003699.9443607,1757003700.2056212,0.2612605094909668
1757003700.2498226,1757003700.4523823,0.2025597095489502
1757003700.5752246,1757003700.7759933,0.20076870918273926
1757003700.8986542,1757003701.123935,0.22528076171875
1757003701.1690898,1757003701.375787,0.2066972255706787
1757003701.4990203,1757003701.6987617,0.19974136352539062
1757003701.7439368,1757003702.0265527,0.28261590003967285
1757003702.075044,1757003702.2764344,0.20139050483703613
1757003702.3986676,1757003702.6476967,0.24902915954589844
1757003702.6972566,1757003702.907847,0.21059036254882812
1757003703.1413386,1757003703.3358245,0.19448590278625488
1757003703.381272,1757003703.6097822,0.22851014137268066
1757003703.6610675,1757003703.8569398,0.19587230682373047
1757003705.5214965,1757003705.7708492,0.24935269355773926
1757003707.1389408,1757003707.3578181,0.21887731552124023
1757003708.913149,1757003709.1285017,0.21535253524780273
1757003710.794672,1757003711.0030293,0.2083573341369629
1757003712.4845235,1757003712.704913,0.22038936614990234
1757003714.3705916,1757003714.5644186,0.19382691383361816
1757003716.0419269,1757003716.245897,0.20397019386291504
1757003717.8354676,1757003718.0862956,0.2508280277252197
1757003719.5592637,1757003719.7804635,0.22119975090026855
1757003721.2583785,1757003721.4588735,0.20049500465393066
1757003722.935097,1757003723.164234,0.22913694381713867
1757003724.6413054,1757003724.848233,0.20692753791809082
1757003726.325315,1757003726.5300105,0.204695463180542
1757003728.1293015,1757003728.3975163,0.26821470260620117
1757003729.765087,1757003729.9961326,0.23104572296142578
1757003731.473289,1757003731.6974676,0.22417855262756348
1757003733.181459,1757003733.3974974,0.21603846549987793
1757003735.0628867,1757003735.265267,0.20238018035888672
1757003736.7415557,1757003736.94615,0.20459437370300293
1757003738.4220147,1757003738.6288278,0.20681309700012207
1757003740.1090689,1757003740.3691766,0.26010775566101074
1757003741.956752,1757003742.166453,0.2097008228302002
1757003743.753377,1757003743.9689853,0.2156083583831787
1757003745.5574522,1757003745.797629,0.24017691612243652
1757003749.039958,1757003749.2512336,0.21127557754516602
1757003750.8431,1757003751.045729,0.20262885093688965
1757003755.8319619,1757003756.0762024,0.24424052238464355
1757003756.750122,1757003756.9453611,0.19523906707763672
1757003758.397915,1757003758.627935,0.23002004623413086
1757003758.7488022,1757003758.9556162,0.20681405067443848
1757003758.9991326,1757003759.2022262,0.2030935287475586
1757003759.4358208,1757003759.6306148,0.1947939395904541
1757003759.6740808,1757003759.8846192,0.21053838729858398
1757003759.928652,1757003760.1843917,0.255739688873291
1757003760.3102968,1757003760.5254076,0.21511077880859375
1757003760.5689068,1757003760.77549,0.20658326148986816
1757003760.8978527,1757003761.1019347,0.20408201217651367
1757003761.1444209,1757003761.350825,0.2064042091369629
1757003761.5831017,1757003761.775161,0.19205927848815918
1757003761.8169386,1757003762.0780144,0.2610757350921631
1757003762.1204765,1757003762.3204744,0.1999979019165039
1757003762.444191,1757003762.6554499,0.2112588882446289
1757003762.6981106,1757003762.89607,0.19795942306518555
1757003763.0195076,1757003763.2752361,0.25572848320007324
1757003763.397726,1757003763.606362,0.20863604545593262
1757003763.649636,1757003763.8782616,0.22862553596496582
1757003763.9312117,1757003764.1959686,0.2647569179534912
1757003764.2328734,1757003764.4418883,0.209014892578125
1757003764.5631714,1757003764.791234,0.22806262969970703
1757003764.8343937,1757003765.0389686,0.2045748233795166
1757003765.1616817,1757003765.3617537,0.2000720500946045
1757003765.483158,1757003765.6948328,0.21167469024658203
1757003765.736407,1757003765.9288425,0.19243550300598145
1757003766.0498922,1757003766.308469,0.2585768699645996
1757003766.3451602,1757003766.5475702,0.20240998268127441
1757003766.6721733,1757003766.8651059,0.1929326057434082
1757003766.9077303,1757003767.1186876,0.21095728874206543
1757003767.2514913,1757003767.4693363,0.21784496307373047
1757003767.5114067,1757003767.704192,0.19278526306152344
1757003767.8244734,1757003768.06873,0.24425673484802246
1757003768.111381,1757003768.3233156,0.21193456649780273
1757003768.4432385,1757003768.6294284,0.18618988990783691
1757003768.6724758,1757003768.8574636,0.18498778343200684
1757003768.977591,1757003769.1612642,0.18367314338684082
1757003769.2823472,1757003769.482483,0.2001357078552246
1757003769.5250988,1757003769.735808,0.2107090950012207
1757003769.855644,1757003770.0977325,0.24208855628967285
1757003770.1409829,1757003770.3290868,0.18810391426086426
1757003770.4506834,1757003770.6314852,0.1808018684387207
1757003770.6743119,1757003770.8631396,0.1888277530670166
1757003771.095071,1757003771.2761946,0.1811234951019287
1757003771.3177247,1757003771.5021052,0.18438053131103516
1757003771.6217241,1757003771.8666477,0.24492359161376953
1757003771.9094095,1757003772.0926743,0.18326473236083984
1757003772.2149937,1757003772.426154,0.21116018295288086
1757003772.5478182,1757003772.7396698,0.19185161590576172
1757003772.7827332,1757003772.9663732,0.1836400032043457
1757003773.19996,1757003773.3970833,0.19712328910827637
1757003773.43507,1757003773.618329,0.1832590103149414
1757003773.850559,1757003774.087061,0.23650193214416504
1757003774.130052,1757003774.3191602,0.18910813331604004
1757003774.4399862,1757003774.62669,0.18670368194580078
1757003774.669285,1757003774.8463032,0.1770181655883789
1757003820.932498,1757003821.059502,0.12700390815734863
1757003821.0754433,1757003821.2036316,0.1281883716583252
1757003821.2126422,1757003821.3356166,0.12297439575195312
1757003821.3457987,1757003821.4703393,0.12454056739807129
1757003821.4793777,1757003821.606357,0.12697935104370117
1757003821.6203642,1757003821.743187,0.12282276153564453
1757003821.7555134,1757003821.9282684,0.17275500297546387
1757003821.9421108,1757003822.0636375,0.12152671813964844
1757003822.07468,1757003822.2513585,0.17667841911315918
1757003822.2604585,1757003822.3927052,0.132246732711792
1757003822.4018452,1757003822.5323691,0.1305239200592041
1757003822.541361,1757003822.717099,0.17573785781860352
1757003822.738367,1757003822.8645606,0.12619352340698242
1757003822.8735378,1757003823.006587,0.13304924964904785
1757003823.0157082,1757003823.1533794,0.13767123222351074
1757003823.1624582,1757003823.3067832,0.14432501792907715
1757003823.3158011,1757003823.450228,0.13442683219909668
1757003823.4641633,1757003823.6068578,0.14269447326660156
1757003823.6209164,1757003823.7597108,0.1387944221496582
1757003825.4248326,1757003825.5706708,0.14583826065063477
1757003825.6092134,1757003825.8049698,0.1957564353942871
1757003825.9238744,1757003826.0592074,0.13533306121826172
1757003826.096511,1757003826.2359984,0.13948750495910645
1757003826.356703,1757003826.497647,0.1409440040588379
1757003826.5331092,1757003826.6806672,0.14755797386169434
1757003826.80879,1757003826.9553158,0.14652585983276367
1757003827.000527,1757003827.128559,0.12803220748901367
1757003827.2520545,1757003827.3987138,0.14665937423706055
1757003827.4384165,1757003827.5723078,0.13389134407043457
1757003827.6949458,1757003827.8320034,0.13705754280090332
1757003827.873427,1757003828.0065727,0.13314580917358398
1757003828.1309867,1757003828.2680607,0.13707399368286133
1757003828.3082805,1757003828.4393203,0.13103985786437988
1757003828.5594635,1757003828.7541955,0.1947319507598877
1757003828.789258,1757003828.9365737,0.14731574058532715
1757003828.9720254,1757003829.101558,0.1295325756072998
1757003829.2218373,1757003829.3693056,0.14746832847595215
1757003829.4102387,1757003829.5430892,0.13285040855407715
1757003829.661773,1757003829.8007278,0.13895487785339355
1757003829.9196837,1757003830.0552187,0.13553500175476074
1757003830.0977304,1757003830.2400835,0.14235305786132812
1757003830.3592124,1757003830.4915385,0.1323261260986328
1757003830.532054,1757003830.666532,0.13447809219360352
1757003830.7894711,1757003830.9323323,0.14286112785339355
1757003830.9725602,1757003831.103837,0.13127684593200684
1757003831.223929,1757003831.3635662,0.13963723182678223
1757003831.3987367,1757003831.5411565,0.14241981506347656
1757003831.6611414,1757003831.843987,0.1828455924987793
1757003831.8873851,1757003832.034521,0.14713597297668457
1757003832.068618,1757003832.1941087,0.12549066543579102
1757003832.3170626,1757003832.4603186,0.14325594902038574
1757003832.5043948,1757003832.6346831,0.13028836250305176
1757003832.7595487,1757003832.9155657,0.15601706504821777
1757003833.0349936,1757003833.162463,0.12746930122375488
1757003833.2008123,1757003833.329489,0.1286766529083252
1757003833.448602,1757003833.5791612,0.13055920600891113
1757003833.614045,1757003833.7502751,0.1362302303314209
1757003833.8728702,1757003834.015314,0.14244389533996582
1757003834.0552888,1757003834.189628,0.1343390941619873
1757003834.3085337,1757003834.450796,0.14226222038269043
1757003834.4905865,1757003834.6356018,0.14501523971557617
1757003834.7562354,1757003834.8906353,0.1343998908996582
1757003834.9315777,1757003835.1385949,0.207017183303833
1757003835.1805334,1757003835.309333,0.1287996768951416
1757003835.4298723,1757003835.5795002,0.1496279239654541
1757003835.6152625,1757003835.7377682,0.12250566482543945
1757003835.9671102,1757003836.0974243,0.13031411170959473
1757003836.1325133,1757003836.2624645,0.12995123863220215
1757003836.3813822,1757003836.5359232,0.154541015625
1757003836.5738623,1757003836.7172368,0.14337444305419922
1757003836.8392973,1757003836.9759555,0.1366581916809082
1757003837.0124526,1757003837.148558,0.13610529899597168
1757003837.2677166,1757003837.3990655,0.1313488483428955
1757003837.4337163,1757003837.5730295,0.1393132209777832
1757003837.6923153,1757003837.8194184,0.12710309028625488
1757003837.9396725,1757003838.1304712,0.19079875946044922
1757003838.1717346,1757003838.3046517,0.13291716575622559
1757003838.4258163,1757003838.5793414,0.15352511405944824
1757003838.6195881,1757003838.7644262,0.1448380947113037
1757003838.8062408,1757003838.9412725,0.13503170013427734
1757003839.174611,1757003839.2966921,0.12208104133605957
1757003839.3332322,1757003839.5013204,0.16808819770812988
1757003839.620614,1757003839.7543974,0.13378334045410156
1757003839.7891479,1757003839.931749,0.14260125160217285
1757003840.0513065,1757003840.1855044,0.13419795036315918
1757003840.2261014,1757003840.3635638,0.13746237754821777
1757003840.4847705,1757003840.6094694,0.12469887733459473
1757003840.6441424,1757003840.7958152,0.1516728401184082
1757003840.9196677,1757003841.103356,0.18368816375732422
1757003841.139195,1757003841.2831287,0.14393377304077148
1757003841.403629,1757003841.531018,0.12738895416259766
1757003841.5661933,1757003841.7061205,0.13992714881896973
1757003841.825724,1757003841.9503334,0.12460947036743164
1757003841.9893148,1757003842.1443806,0.15506577491760254
1757003842.2637036,1757003842.398588,0.13488435745239258
1757003842.438707,1757003842.5787451,0.14003801345825195
1757003842.6988573,1757003842.8499305,0.15107321739196777
1757003842.8904045,1757003843.0340376,0.14363312721252441
1757003843.152807,1757003843.288103,0.13529610633850098
1757003843.322336,1757003843.4570491,0.13471317291259766
1757003843.577858,1757003843.7127542,0.13489627838134766
1757003843.7474124,1757003843.8786583,0.13124585151672363
1757003843.9974964,1757003844.1257632,0.1282668113708496
1757003844.244874,1757003844.4195611,0.17468714714050293
1757003844.459823,1757003844.5981047,0.13828182220458984
1757003844.717201,1757003844.872879,0.15567803382873535
1757003844.9142666,1757003845.0559185,0.14165186882019043
1757003845.2853131,1757003845.4288352,0.14352202415466309
1757003845.4664643,1757003845.605123,0.13865876197814941
1757003845.834453,1757003845.9642,0.1297469139099121
1757003846.0081418,1757003846.1444144,0.13627266883850098
1757003846.2650995,1757003846.4143455,0.1492459774017334
1757003846.4556835,1757003846.587497,0.13181352615356445
1757003846.8164449,1757003846.9445899,0.1281449794769287
1757003846.98272,1757003847.1206565,0.13793659210205078
1757003847.239705,1757003847.3692098,0.12950468063354492
1757003847.409018,1757003847.6198921,0.21087408065795898
1757003847.6577103,1757003847.8017712,0.14406085014343262
1757003847.9227586,1757003848.0506537,0.12789511680603027
1757003848.0923922,1757003848.2408152,0.1484229564666748
1757003848.3596544,1757003848.4881153,0.12846088409423828
1757003848.5270169,1757003848.6538844,0.12686753273010254
1757003848.776268,1757003848.9063752,0.13010716438293457
1757003849.0282748,1757003849.1603413,0.1320664882659912
1757003849.2021487,1757003849.3424234,0.1402747631072998
1757003849.4611769,1757003849.6041584,0.14298152923583984
1757003849.639422,1757003849.7636158,0.12419390678405762
1757003849.8826866,1757003850.0257566,0.14306998252868652
1757003850.0608633,1757003850.1967657,0.13590240478515625
1757003850.3173394,1757003850.4720592,0.15471982955932617
1757003850.5110419,1757003850.7125747,0.20153284072875977
1757003850.8316343,1757003850.958603,0.1269686222076416
1757003850.9937706,1757003851.1254632,0.13169264793395996
1757003851.2471757,1757003851.3905568,0.14338111877441406
1757003851.4277742,1757003851.5696616,0.14188742637634277
1757003851.6909907,1757003851.823177,0.1321864128112793
1757003851.8635337,1757003851.9906557,0.1271219253540039
1757003852.1119416,1757003852.278733,0.16679143905639648
1757003852.3152006,1757003852.4535854,0.13838481903076172
1757003852.5726285,1757003852.7098753,0.13724684715270996
1757003852.748816,1757003852.8932025,0.14438652992248535
1757003853.0121958,1757003853.145865,0.13366913795471191
1757003853.184798,1757003853.3108003,0.12600231170654297
1757003853.4298186,1757003853.616814,0.186995267868042
1757003853.6527517,1757003853.7891474,0.13639569282531738
1757003853.9093769,1757003854.0563269,0.14695000648498535
1757003854.095034,1757003854.2388656,0.14383172988891602
1757003854.3585198,1757003854.4924405,0.13392066955566406
1757003854.5287843,1757003854.659867,0.13108277320861816
1757003854.783555,1757003854.918806,0.13525104522705078
1757003855.0394678,1757003855.1710799,0.13161206245422363
1757003855.2079897,1757003855.353101,0.1451113224029541
1757003855.4736578,1757003855.6116006,0.13794279098510742
1757003855.6469522,1757003855.784829,0.1378767490386963
1757003855.9036884,1757003856.0376737,0.13398528099060059
1757003856.078026,1757003856.2274084,0.1493823528289795
1757003856.3496857,1757003856.5037467,0.15406107902526855
1757003856.545855,1757003856.6829283,0.13707327842712402
1757003856.8066022,1757003857.0048532,0.19825100898742676
1757003857.0416698,1757003857.1837876,0.14211773872375488
1757003857.3047879,1757003857.4361858,0.13139796257019043
1757003857.4763718,1757003857.6162107,0.13983893394470215
1757003857.7350779,1757003857.8655117,0.1304337978363037
1757003857.9016955,1757003858.0274954,0.12579989433288574
1757003858.2569644,1757003858.391358,0.13439345359802246
1757003858.432129,1757003858.5719204,0.13979148864746094
1757003858.6934702,1757003858.826818,0.133347749710083
1757003858.8612156,1757003858.993294,0.1320784091949463
1757003859.1129334,1757003859.244712,0.13177871704101562
1757003859.2853088,1757003859.433575,0.14826607704162598
1757003859.5567153,1757003859.6943288,0.13761353492736816
1757003859.7295203,1757003859.8607624,0.131242036819458
1757003859.9802082,1757003860.1599386,0.17973041534423828
1757003860.1982138,1757003860.3467004,0.14848661422729492
1757003860.465719,1757003860.6080735,0.14235448837280273
1757003860.6490889,1757003860.790043,0.14095425605773926
1757003860.9094584,1757003861.0453913,0.13593292236328125
1757003861.1644623,1757003861.314952,0.15048956871032715
1757003861.3616211,1757003861.522841,0.16121983528137207
1757003861.558574,1757003861.7027981,0.1442241668701172
1757003861.8233933,1757003861.9589546,0.13556122779846191
1757003862.0008945,1757003862.1360204,0.13512587547302246
1757003862.2603402,1757003862.3976283,0.13728809356689453
1757003862.4328687,1757003862.5730033,0.14013457298278809
1757003864.2411382,1757003864.3915694,0.15043115615844727
1757003865.8728461,1757003866.0143633,0.14151716232299805
1757003867.4816203,1757003867.6946895,0.21306920051574707
1757003869.1641498,1757003869.3067293,0.1425795555114746
1757003870.7815056,1757003870.9434927,0.1619870662689209
1757003872.4117632,1757003872.5646331,0.15286993980407715
1757003874.0344214,1757003874.1715145,0.13709306716918945
1757003875.6430285,1757003875.7925515,0.14952301979064941
1757003877.2626905,1757003877.4330184,0.17032790184020996
1757003878.9082882,1757003879.043624,0.13533568382263184
1757003880.6278727,1757003880.7611363,0.13326358795166016
1757003882.2353027,1757003882.3850393,0.14973664283752441
1757003887.2506251,1757003887.3922567,0.1416316032409668
1757003887.430828,1757003887.5919,0.1610720157623291
1757003892.2343166,1757003892.3855693,0.15125274658203125
1757003893.9386835,1757003894.055223,0.11653947830200195
1757003895.6068783,1757003895.7801983,0.17332005500793457
1757003897.2231882,1757003897.3584805,0.13529229164123535
1757003898.9106739,1757003899.0549939,0.14432001113891602
1757003900.7180507,1757003900.8429055,0.12485480308532715
1757003902.2851236,1757003902.4234047,0.13828110694885254
1757003903.9757037,1757003904.0984988,0.12279510498046875
1757003905.6513863,1757003905.7713892,0.12000298500061035
1757003907.324234,1757003907.4758468,0.1516127586364746
1757003909.0287251,1757003909.1725495,0.14382433891296387
1757003910.7252107,1757003910.8612046,0.13599395751953125
1757003912.6392746,1757003912.7562764,0.11700177192687988
1757003914.3080494,1757003914.4307024,0.12265300750732422
1757003915.982974,1757003916.1053972,0.12242317199707031
1757003917.7696714,1757003917.956415,0.18674349784851074
1757003919.4046884,1757003919.5485644,0.1438760757446289
1757003919.583783,1757003919.7238088,0.14002585411071777
1757003919.8464503,1757003919.9944127,0.14796233177185059
1757003920.0332506,1757003920.1590047,0.12575411796569824
1757003920.3877726,1757003920.5397112,0.15193867683410645
1757003920.581435,1757003920.7268577,0.14542269706726074
1757003920.8481474,1757003920.9952228,0.14707541465759277
1757003921.030095,1757003921.1549408,0.12484574317932129
1757003921.273513,1757003921.416733,0.1432199478149414
1757003921.4503434,1757003921.584065,0.13372159004211426
1757003921.7066975,1757003921.8495798,0.1428823471069336
1757003921.8831007,1757003922.0188203,0.13571953773498535
1757003922.1418157,1757003922.2807393,0.13892364501953125
1757003922.3992367,1757003922.5778162,0.17857956886291504
1757003922.617603,1757003922.7531223,0.13551926612854004
1757003922.8717136,1757003923.0016253,0.1299116611480713
1757003923.0354838,1757003923.170485,0.13500118255615234
1757003923.2949877,1757003923.4375744,0.14258670806884766
1757003923.4718723,1757003923.6062434,0.13437104225158691
1757003923.7288742,1757003923.8761976,0.1473233699798584
1757003923.9948997,1757003924.1416602,0.1467604637145996
1757003924.1755977,1757003924.3156595,0.1400618553161621
1757003924.4357383,1757003924.591689,0.15595078468322754
1757003924.6307907,1757003924.7654655,0.1346747875213623
1757003924.8890626,1757003925.0202155,0.13115286827087402
1757003925.058531,1757003925.1915758,0.13304471969604492
1757003925.3101368,1757003925.465725,0.15558815002441406
1757003925.50676,1757003925.7085397,0.20177984237670898
1757003925.7498875,1757003925.896183,0.14629554748535156
1757003926.0148146,1757003926.1466913,0.13187670707702637
1757003926.1803954,1757003926.3145432,0.13414788246154785
1757003926.4331138,1757003926.5658765,0.13276267051696777
1757003926.5990632,1757003926.7233412,0.12427806854248047
1757003926.9524841,1757003927.0944295,0.14194536209106445
1757003927.127969,1757003927.262061,0.13409209251403809
1757003927.385345,1757003927.5217812,0.13643622398376465
1757003927.5648239,1757003927.7021592,0.13733530044555664
1757003927.8203661,1757003927.959075,0.13870882987976074
1757003927.9978223,1757003928.1272483,0.1294260025024414
1757003928.2467954,1757003928.376431,0.12963557243347168
1757003928.4089596,1757003928.5332,0.12424039840698242
1757003928.654502,1757003928.8410513,0.18654942512512207
1757003928.878828,1757003929.0263188,0.1474907398223877
1757003929.1445792,1757003929.2817595,0.13718032836914062
1757003929.315087,1757003929.4583209,0.1432337760925293
1757003929.5764937,1757003929.7042809,0.12778711318969727
1757003929.73871,1757003929.8726685,0.1339585781097412
1757003929.9923527,1757003930.1274402,0.1350874900817871
1757003930.2458372,1757003930.3952103,0.14937305450439453
1757003930.4305956,1757003930.572228,0.1416323184967041
1757003930.6926007,1757003930.819586,0.1269853115081787
1757003930.8572502,1757003930.988071,0.13082075119018555
1757003931.1081498,1757003931.2506373,0.1424875259399414
1757003931.2909448,1757003931.4418476,0.15090274810791016
1757003931.5634918,1757003931.7494266,0.18593478202819824
1757003931.7840414,1757003931.9105885,0.12654709815979004
1757003932.030038,1757003932.1639192,0.1338810920715332
1757003932.2025983,1757003932.3326974,0.13009905815124512
1757003932.452273,1757003932.5837808,0.13150787353515625
1757003932.6215308,1757003932.749386,0.1278553009033203
1757003932.8715978,1757003933.0029361,0.13133835792541504
1757003933.1216156,1757003933.2609136,0.1392979621887207
1757003933.297291,1757003933.4276931,0.1304020881652832
1757003933.5475187,1757003933.6874557,0.1399369239807129
1757003933.7210066,1757003933.8532333,0.13222670555114746
1757003933.9727478,1757003934.1251214,0.1523735523223877
1757003934.1634972,1757003934.2940896,0.13059234619140625
1757003934.4127212,1757003934.560497,0.14777588844299316
1757003934.6005597,1757003934.8007274,0.20016765594482422
1757003934.8433955,1757003934.9769654,0.13356995582580566
1757003935.1000957,1757003935.233552,0.13345623016357422
1757003935.272056,1757003935.4272032,0.15514707565307617
1757003935.5457945,1757003935.6856265,0.1398320198059082
1757003935.7200437,1757003935.867636,0.14759230613708496
1757003935.9864178,1757003936.1140594,0.1276416778564453
1757003936.1488526,1757003936.2761629,0.12731027603149414
1757003936.397169,1757003936.550195,0.15302586555480957
1757003936.5886266,1757003936.7190955,0.13046884536743164
1757003936.842201,1757003936.9943051,0.15210413932800293
1757003937.037456,1757003937.1754713,0.1380152702331543
1757003937.299264,1757003937.4272912,0.12802720069885254
1757003937.4626038,1757003937.6716902,0.20908641815185547
1757003937.7901754,1757003937.9394562,0.14928078651428223
1757003937.9863458,1757003938.1145215,0.1281757354736328
1757003938.2328875,1757003938.3842711,0.151383638381958
1757003938.423729,1757003938.5631666,0.13943767547607422
1757003938.6825907,1757003938.8172379,0.13464713096618652
1757003938.857188,1757003938.992988,0.13580012321472168
1757003939.1130435,1757003939.2449267,0.1318831443786621
1757003939.2835999,1757003939.4268885,0.14328861236572266
1757003939.5452974,1757003939.682878,0.13758063316345215
1757003939.8014178,1757003939.9318628,0.13044500350952148
1757003939.970301,1757003940.102285,0.13198399543762207
1757003940.220951,1757003940.3548164,0.1338653564453125
1757003940.3927238,1757003940.5408437,0.14811992645263672
1757003940.581184,1757003940.7695968,0.18841290473937988
1757003940.8898265,1757003941.0165262,0.12669968605041504
1757003941.0551085,1757003941.2053032,0.15019464492797852
1757003941.3236692,1757003941.4505932,0.1269240379333496
1757003941.4869063,1757003941.6340866,0.14718031883239746
1757003941.7529101,1757003941.8819046,0.12899446487426758
1757003941.9148097,1757003942.0586443,0.14383459091186523
1757003942.1770546,1757003942.3178003,0.1407456398010254
1757003942.3513453,1757003942.4971535,0.14580821990966797
1757003942.6209464,1757003942.7814567,0.16051030158996582
1757003942.8146589,1757003942.94185,0.12719106674194336
1757003943.1704948,1757003943.2978923,0.1273975372314453
1757003943.3305988,1757003943.4769292,0.1463303565979004
1757003943.516345,1757003943.6455286,0.12918353080749512
1757003943.768466,1757003943.9530687,0.1846027374267578
1757003943.9896092,1757003944.128972,0.13936281204223633
1757003944.1723154,1757003944.2982464,0.1259310245513916
1757003944.526999,1757003944.6504245,0.12342548370361328
1757003944.6870825,1757003944.8167183,0.12963581085205078
1757003945.0511878,1757003945.1882062,0.13701844215393066
1757003945.2269225,1757003945.347731,0.12080860137939453
1757003945.5762029,1757003945.7125545,0.1363515853881836
1757003945.745931,1757003945.8704762,0.12454533576965332
1757003946.0992427,1757003946.2206333,0.12139058113098145
1757003946.2543795,1757003946.402019,0.14763951301574707
1757003946.5215063,1757003946.6498666,0.12836027145385742
1757003946.687836,1757003946.829153,0.14131712913513184
1757003946.9498875,1757003947.0945587,0.14467120170593262
1757003947.1347675,1757003947.3468354,0.2120678424835205
1757003947.3803883,1757003947.5211399,0.14075160026550293
1757003947.641227,1757003947.767592,0.12636494636535645
1757003947.8040862,1757003947.9352496,0.1311633586883545
1757003948.054654,1757003948.1962156,0.14156174659729004
1757003948.2353585,1757003948.3704853,0.13512682914733887
1757003948.4890602,1757003948.626332,0.13727188110351562
1757003948.6596737,1757003948.7922082,0.13253450393676758
1757003948.9103386,1757003949.0408146,0.1304759979248047
1757003949.1600926,1757003949.2898855,0.1297929286956787
1757003949.3244631,1757003949.463417,0.13895392417907715
1757003949.5819201,1757003949.710703,0.1287827491760254
1757003949.7507126,1757003949.8763149,0.12560224533081055
1757003949.9945507,1757003950.1431715,0.1486208438873291
1757003950.1823409,1757003950.3348138,0.15247297286987305
1757003950.4533794,1757003950.6351473,0.18176794052124023
1757003950.6744246,1757003950.80531,0.13088536262512207
1757003950.9314456,1757003951.083162,0.1517164707183838
1757003951.1176002,1757003951.2437017,0.12610149383544922
1757003951.3696835,1757003951.5208879,0.15120434761047363
1757003951.5587347,1757003951.6951888,0.13645410537719727
1757003951.8152814,1757003951.9526794,0.13739800453186035
1757003951.9860172,1757003952.1212442,0.13522696495056152
1757003952.240188,1757003952.4079523,0.16776442527770996
1757003952.446334,1757003952.579243,0.13290905952453613
1757003952.702526,1757003952.8460069,0.14348077774047852
1757003952.8890493,1757003953.0265188,0.13746953010559082
1757003953.1490285,1757003953.2890625,0.14003396034240723
1757003953.3230395,1757003953.4645472,0.14150762557983398
1757003953.5829144,1757003953.7163944,0.13348007202148438
1757003953.7548306,1757003953.9681156,0.21328496932983398
1757003954.0051305,1757003954.159474,0.1543433666229248
1757003954.278067,1757003954.4155052,0.13743805885314941
1757003954.4561832,1757003954.5977385,0.1415553092956543
1757003954.718024,1757003954.8636417,0.14561772346496582
1757003954.8977757,1757003955.0482707,0.15049505233764648
1757003955.1694827,1757003955.3018641,0.13238143920898438
1757003955.338461,1757003955.47621,0.13774919509887695
1757003955.5948298,1757003955.7483425,0.15351271629333496
1757003955.787852,1757003955.9395266,0.15167450904846191
1757003956.0579581,1757003956.2250452,0.16708707809448242
1757003956.275933,1757003956.4190693,0.14313626289367676
1757003956.5390077,1757003956.6794052,0.1403975486755371
1757003956.7197742,1757003956.9233825,0.20360827445983887
1757003956.9579399,1757003957.115602,0.15766215324401855
1757003957.2339308,1757003957.3723083,0.13837742805480957
1757003957.4105484,1757003957.5446558,0.13410735130310059
1757003957.66279,1757003957.7953444,0.132554292678833
1757003957.8310215,1757003957.9752889,0.14426732063293457
1757003958.0941045,1757003958.2383595,0.1442549228668213
1757003958.3569016,1757003958.485607,0.12870526313781738
1757003958.5237887,1757003958.6930747,0.16928601264953613
1757003958.7267783,1757003958.8603895,0.13361120223999023
1757003958.9837313,1757003959.1430364,0.15930509567260742
1757003959.178599,1757003959.3081415,0.12954235076904297
1757003959.5370517,1757003959.6754956,0.1384439468383789
1757003959.7128081,1757003959.8729208,0.16011261940002441
1757003959.9154341,1757003960.043413,0.12797880172729492
1757003960.1617372,1757003960.3768394,0.2151021957397461
1757003960.4163074,1757003960.5831113,0.16680383682250977
1757003960.7044451,1757003960.83355,0.1291048526763916
1757003960.868768,1757003961.0041876,0.13541960716247559
1757003961.1236227,1757003961.253814,0.13019132614135742
1757003961.287247,1757003961.4152486,0.12800168991088867
1757003961.6438348,1757003961.7751575,0.13132262229919434
1757003961.8150058,1757003961.9499428,0.13493704795837402
1757003962.0724688,1757003962.208579,0.1361103057861328
1757003962.2425425,1757003962.3719926,0.12945008277893066
1757003962.4905155,1757003962.62698,0.13646459579467773
1757003962.6614196,1757003962.7935429,0.13212323188781738
1757003962.9117782,1757003963.049589,0.13781070709228516
1757003963.0886354,1757003963.2106755,0.1220400333404541
1757003963.3303626,1757003963.5094435,0.17908096313476562
1757003963.5495183,1757003963.6992402,0.14972186088562012
1757003963.8178685,1757003963.9465132,0.12864470481872559
1757003963.9917367,1757003964.1260576,0.13432097434997559
1757003964.247099,1757003964.3907905,0.1436915397644043
1757003964.4244282,1757003964.5547667,0.13033843040466309
1757003964.673053,1757003964.8131523,0.14009928703308105
1757003964.9317873,1757003965.0741897,0.14240241050720215
1757003965.1078475,1757003965.270757,0.16290950775146484
1757003965.3917968,1757003965.5235784,0.13178157806396484
1757003965.5580647,1757003965.7136443,0.1555795669555664
1757003965.8317509,1757003965.976801,0.145050048828125
1757003966.012479,1757003966.1456566,0.1331775188446045
1757003966.2643387,1757003966.4103806,0.1460418701171875
1757003966.44492,1757003966.5735178,0.12859773635864258
1757003966.6925704,1757003966.8920329,0.1994624137878418
1757003966.9323955,1757003967.073738,0.1413426399230957
1757003967.1935525,1757003967.3459616,0.15240907669067383
1757003967.3828754,1757003967.5204818,0.13760638236999512
1757003967.646909,1757003967.7878277,0.14091873168945312
1757003967.9099736,1757003968.0673044,0.15733075141906738
1757003968.10031,1757003968.2337165,0.133406400680542
1757003968.355813,1757003968.4888854,0.1330723762512207
1757003968.530466,1757003968.6731687,0.14270257949829102
1757003968.795398,1757003968.9314084,0.13601040840148926
1757003968.9705155,1757003969.1058497,0.13533425331115723
1757003969.2253819,1757003969.3577538,0.1323719024658203
1757003969.3916638,1757003969.5203009,0.12863707542419434
1757003969.638431,1757003969.8427937,0.2043626308441162
1757003969.88147,1757003970.0297155,0.14824557304382324
1757003970.0673423,1757003970.2003043,0.13296198844909668
1757003970.318288,1757003970.451708,0.13341999053955078
1757003970.486173,1757003970.6237168,0.1375439167022705
1757003970.7444923,1757003970.8841488,0.13965654373168945
1757003971.0022426,1757003971.1402364,0.13799381256103516
1757003971.1812415,1757003971.313702,0.1324605941772461
1757003971.431956,1757003971.5795505,0.14759445190429688
1757003971.6976345,1757003971.8336568,0.13602232933044434
1757003971.866851,1757003972.0238628,0.1570117473602295
1757003972.143918,1757003972.2635195,0.11960148811340332
1757003972.3007812,1757003972.429779,0.128997802734375
1757003972.5477467,1757003972.6741023,0.12635564804077148
1757003972.7138507,1757003972.9144053,0.20055460929870605
1757003972.9522924,1757003973.083095,0.13080263137817383
1757003973.2045379,1757003973.3568265,0.15228867530822754
1757003973.3953078,1757003973.5357525,0.14044475555419922
1757003973.654859,1757003973.8095248,0.15466570854187012
1757003973.8474112,1757003973.9870746,0.1396634578704834
1757007859.415473,1757007861.0154853,1.6000123023986816
1757007861.0270302,1757007861.1690018,0.14197158813476562
1757007861.178763,1757007861.2475066,0.06874370574951172
1757007864.344831,1757007864.4224377,0.0776066780090332
1757007864.5463107,1757007864.6155784,0.06926774978637695
1757007864.6568558,1757007864.7381995,0.0813436508178711
1757007864.8619475,1757007864.9295573,0.06760978698730469
1757007864.9656432,1757007865.050985,0.0853419303894043
1757007865.1699653,1757007865.2368557,0.06689047813415527
1757007865.2746289,1757007865.357973,0.0833442211151123
1757007865.4770174,1757007865.54458,0.06756258010864258
1757007865.5846272,1757007865.6591606,0.07453346252441406
1757007865.779216,1757007865.8508253,0.0716092586517334
1757007865.8899798,1757007865.9715357,0.08155584335327148
1757007866.0934277,1757007866.1601567,0.06672906875610352
1757007866.1955204,1757007866.2728267,0.07730627059936523
1757007866.39534,1757007866.4616544,0.0663144588470459
1757007866.5029774,1757007866.5831792,0.08020186424255371
1757007866.7048934,1757007866.7802088,0.07531547546386719
1757007866.8181155,1757007866.9007325,0.08261704444885254
1757007867.0206478,1757007867.088282,0.06763434410095215
1757007867.1244006,1757007867.1923356,0.06793498992919922
1757007867.3114412,1757007867.3874388,0.07599759101867676
1757007867.4225204,1757007867.4959254,0.07340502738952637
1757007867.6154761,1757007867.6883323,0.07285618782043457
1757007867.7292647,1757007867.806431,0.07716631889343262
1757007867.9303596,1757007868.0092597,0.07890009880065918
1757007868.0510314,1757007868.120592,0.06956076622009277
1757007868.239716,1757007868.3111901,0.07147407531738281
1757007868.3461637,1757007868.4142566,0.06809282302856445
1757007868.5337982,1757007868.618353,0.08455467224121094
1757007868.7373354,1757007868.805226,0.06789064407348633
1757007868.841288,1757007868.9403126,0.09902453422546387
1757007869.06226,1757007869.1272388,0.06497883796691895
1757007869.172998,1757007869.2762973,0.10329937934875488
1757007869.395517,1757007869.4603999,0.06488275527954102
1757007869.5024915,1757007869.633344,0.13085246086120605
1757007869.6687124,1757007869.735195,0.0664825439453125
1757007869.9650967,1757007870.0442448,0.0791480541229248
1757007870.0796785,1757007870.1567607,0.07708215713500977
1757007870.279149,1757007870.359806,0.0806570053100586
1757007870.3965929,1757007870.4710112,0.07441830635070801
1757007870.5902297,1757007870.691537,0.10130715370178223
1757007870.7288268,1757007870.815134,0.08630728721618652
1757007870.9396174,1757007871.0044286,0.06481122970581055
1757007871.042078,1757007871.1176455,0.07556748390197754
1757007871.2394254,1757007871.3231423,0.08371686935424805
1757007871.3590758,1757007871.4313493,0.07227349281311035
1757007871.5511894,1757007871.6454685,0.09427905082702637
1757007871.6851335,1757007871.753604,0.06847047805786133
1757007871.873099,1757007871.9790168,0.10591769218444824
1757007872.0148754,1757007872.0841002,0.06922483444213867
1757007872.2083354,1757007872.318915,0.1105794906616211
1757007872.3549304,1757007872.425749,0.07081866264343262
1757007872.5449462,1757007872.6307163,0.0857701301574707
1757007872.7503872,1757007872.8188243,0.06843709945678711
1757007872.8603823,1757007872.976751,0.11636877059936523
1757007873.0121706,1757007873.0818598,0.06968927383422852
1757007873.201065,1757007873.2982562,0.09719109535217285
1757007873.3341818,1757007873.4011803,0.06699848175048828
1757007873.5249267,1757007873.6223161,0.09738945960998535
1757007873.6573148,1757007873.7274072,0.07009243965148926
1757007873.846433,1757007873.9455185,0.09908556938171387
1757007873.9815688,1757007874.0515869,0.07001805305480957
1757007874.175095,1757007874.272406,0.09731101989746094
1757007874.3081462,1757007874.376343,0.06819677352905273
1757007874.4975183,1757007874.5985293,0.10101103782653809
1757007874.6346846,1757007874.719605,0.08492040634155273
1757007874.9501424,1757007875.0771253,0.1269829273223877
1757007875.1127005,1757007875.184979,0.07227849960327148
1757007875.3061247,1757007875.4163816,0.11025691032409668
1757007875.4534383,1757007875.5241702,0.07073187828063965
1757007875.643192,1757007875.7547648,0.1115727424621582
1757007875.790077,1757007875.8608694,0.07079243659973145
1757007875.9807885,1757007876.1025789,0.12179040908813477
1757007876.2237701,1757007876.2981427,0.07437252998352051
1757007876.336026,1757007876.436367,0.1003410816192627
1757007876.5583074,1757007876.632155,0.07384753227233887
1757007876.683522,1757007876.7982137,0.11469173431396484
1757007876.834497,1757007876.9107435,0.07624650001525879
1757007877.0313177,1757007877.1294336,0.09811592102050781
1757007877.165137,1757007877.2405758,0.0754387378692627
1757007877.3606489,1757007877.4670126,0.10636377334594727
1757007877.5038962,1757007877.583114,0.07921767234802246
1757007877.7031736,1757007877.7884345,0.08526086807250977
1757007877.8301382,1757007877.9058204,0.07568216323852539
1757007878.031651,1757007878.1148994,0.08324837684631348
1757007878.1559691,1757007878.230577,0.07460784912109375
1757007878.3498397,1757007878.4438038,0.0939640998840332
1757007878.563152,1757007878.6411567,0.07800459861755371
1757007878.6776783,1757007878.754708,0.07702970504760742
1757007878.877854,1757007878.9638364,0.0859823226928711
1757007878.999919,1757007879.0752304,0.07531142234802246
1757007879.3048809,1757007879.4069355,0.10205459594726562
1757007879.442647,1757007879.5934887,0.15084171295166016
1757007879.6335967,1757007879.7149014,0.08130478858947754
1757007879.8392768,1757007879.9254396,0.08616280555725098
1757007879.9661443,1757007880.046973,0.08082866668701172
1757007880.1667316,1757007880.2527637,0.08603215217590332
1757007880.2892401,1757007880.376638,0.08739781379699707
1757007880.4968898,1757007880.6000173,0.10312747955322266
1757007880.636165,1757007880.7266037,0.0904388427734375
1757007880.8460343,1757007880.9440403,0.09800601005554199
1757007880.9843557,1757007881.0780525,0.09369683265686035
1757007881.202927,1757007881.303986,0.1010589599609375
1757007881.3410044,1757007881.4451709,0.10416650772094727
1757007881.5686026,1757007881.6541343,0.08553171157836914
1757007881.6955028,1757007881.8731074,0.17760467529296875
1757007881.9258287,1757007882.0407536,0.11492490768432617
1757007882.1682312,1757007882.2504997,0.08226847648620605
1757007882.2945435,1757007882.3924658,0.09792232513427734
1757007882.5122502,1757007882.6159964,0.10374617576599121
1757007882.7353485,1757007882.8101256,0.07477712631225586
1757007882.845553,1757007882.9347806,0.08922767639160156
1757007883.0595276,1757007883.1640527,0.10452508926391602
1757007883.2013662,1757007883.2944527,0.09308648109436035
1757007883.4174833,1757007883.5056143,0.08813095092773438
1757007883.544347,1757007883.6435816,0.09923458099365234
1757007883.7663083,1757007883.856417,0.09010863304138184
1757007883.9759777,1757007884.1325703,0.15659260749816895
1757007884.1695142,1757007884.2463524,0.07683825492858887
1757007884.3683705,1757007884.4819062,0.11353564262390137
1757007884.517303,1757007884.5947378,0.07743477821350098
1757007884.7172544,1757007884.8179817,0.10072731971740723
1757007884.939979,1757007885.0162492,0.07627010345458984
1757007885.0522752,1757007885.1588676,0.10659241676330566
1757007885.2807424,1757007885.3713284,0.09058594703674316
1757007885.4075348,1757007885.5293725,0.12183761596679688
1757007885.6510465,1757007885.7585518,0.10750532150268555
1757007885.7956052,1757007885.8762112,0.08060598373413086
1757007886.1052923,1757007886.1812515,0.0759592056274414
1757007886.2175705,1757007886.3300002,0.11242961883544922
1757007886.3656168,1757007886.4429727,0.07735586166381836
1757007886.6724005,1757007886.747076,0.0746755599975586
1757007886.7841387,1757007886.8966348,0.11249613761901855
1757007886.9330916,1757007887.0132349,0.08014321327209473
1757007887.1330655,1757007887.240431,0.10736560821533203
1757007887.2777581,1757007887.4459212,0.16816306114196777
1757007887.4815357,1757007887.560362,0.0788264274597168
1757007887.6797907,1757007887.7722533,0.09246253967285156
1757007887.80765,1757007887.89788,0.09022998809814453
1757007888.0268664,1757007888.1372867,0.11042022705078125
1757007888.2566915,1757007888.3628113,0.10611987113952637
1757007888.3981164,1757007888.5162287,0.11811232566833496
1757007888.636109,1757007888.7138362,0.07772707939147949
1757007888.7573533,1757007888.894965,0.13761162757873535
1757007889.0195034,1757007889.0895028,0.06999945640563965
1757007889.1253755,1757007889.2414453,0.11606979370117188
1757007889.363304,1757007889.4381516,0.07484769821166992
1757007889.4752755,1757007889.5655236,0.09024810791015625
1757007889.6879072,1757007889.7621388,0.07423162460327148
1757007889.8038738,1757007889.9047914,0.10091757774353027
1757007890.0285468,1757007890.1026015,0.07405471801757812
1757007890.137641,1757007890.235002,0.09736108779907227
1757007890.358548,1757007890.4346273,0.0760793685913086
1757007890.4752963,1757007890.5563953,0.08109903335571289
1757007890.6786778,1757007890.7670286,0.08835077285766602
1757007890.807183,1757007890.8931677,0.08598470687866211
1757007891.0170634,1757007891.1197584,0.10269498825073242
1757007891.1553123,1757007891.2316935,0.07638120651245117
1757007891.3539531,1757007891.4399135,0.08596038818359375
1757007891.477211,1757007891.555075,0.07786393165588379
1757007891.674997,1757007891.7792988,0.10430169105529785
1757007891.8160427,1757007891.8975613,0.08151865005493164
1757007892.0183957,1757007892.1027122,0.08431649208068848
1757007892.138214,1757007892.260025,0.1218109130859375
1757007892.3841083,1757007892.4617472,0.07763886451721191
1757007892.4971,1757007892.5743346,0.07723450660705566
1757007892.693672,1757007892.779676,0.08600401878356934
1757007892.8158917,1757007892.9034786,0.08758687973022461
1757007893.0227523,1757007893.109235,0.08648276329040527
1757007893.1450021,1757007893.2340052,0.08900308609008789
1757007893.355731,1757007893.4375787,0.0818476676940918
1757007893.47302,1757007893.5515642,0.07854413986206055
1757007893.6707504,1757007893.757922,0.08717155456542969
1757007893.7989655,1757007893.880977,0.08201146125793457
1757007895.433482,1757007895.5779643,0.14448237419128418
1757007897.0522642,1757007897.1303353,0.07807111740112305
1757007898.6064627,1757007898.708427,0.10196423530578613
1757007900.188784,1757007900.2876775,0.09889364242553711
1757007901.7569947,1757007901.8705757,0.11358094215393066
1757007903.3536787,1757007903.4589312,0.10525250434875488
1757007905.0380552,1757007905.124127,0.08607172966003418
1757007906.5926204,1757007906.683733,0.09111261367797852
1757007908.263991,1757007908.3386395,0.07464838027954102
1757007909.8071153,1757007909.8990393,0.09192395210266113
1757007911.4774356,1757007911.557647,0.08021140098571777
1757007913.0256753,1757007913.124425,0.09874963760375977
1757007914.7078528,1757007914.842321,0.13446807861328125
1757007916.3125675,1757007916.388875,0.07630753517150879
1757007917.8650053,1757007917.9632337,0.09822845458984375
1757007919.4315636,1757007919.5231345,0.09157085418701172
1757007921.0780187,1757007921.1567996,0.0787808895111084
1757007922.7358994,1757007922.8148062,0.07890677452087402
1757007924.2826257,1757007924.3664262,0.0838005542755127
1757007925.9626365,1757007926.0867333,0.12409687042236328
1757007927.6819477,1757007927.7619824,0.08003473281860352
1757007929.2298439,1757007929.3271396,0.09729576110839844
1757007930.7958605,1757007930.904744,0.10888338088989258
1757007932.5997083,1757007932.6770563,0.07734799385070801
1757007934.1620464,1757007934.2816298,0.1195833683013916
1757007935.945846,1757007936.0612648,0.11541867256164551
1757007937.639479,1757007937.7236333,0.08415436744689941
1757007939.3886557,1757007939.490622,0.10196638107299805
1757007941.068347,1757007941.151165,0.08281803131103516
1757007942.7342494,1757007942.8111963,0.07694697380065918
1757007942.8498182,1757007942.988621,0.13880276679992676
1757007943.1075022,1757007943.1998675,0.09236526489257812
1757007943.234019,1757007943.3397558,0.10573673248291016
1757007943.460658,1757007943.5501108,0.08945274353027344
1757007943.5841308,1757007943.6777256,0.09359478950500488
1757007943.796489,1757007943.8866403,0.09015130996704102
1757007943.9222217,1757007944.0112617,0.08904004096984863
1757007944.1300786,1757007944.2644935,0.1344149112701416
1757007944.2998006,1757007944.3925633,0.09276270866394043
1757007944.515302,1757007944.6146832,0.0993812084197998
1757007944.6529968,1757007944.7342505,0.0812537670135498
1757007944.8531978,1757007944.95229,0.09909224510192871
1757007945.076166,1757007945.1562023,0.08003640174865723
1757007945.1905942,1757007945.2976077,0.10701346397399902
1757007945.4164298,1757007945.505427,0.08899712562561035
1757007945.5389853,1757007945.6233983,0.08441305160522461
1757007945.7420287,1757007945.8777924,0.13576364517211914
1757007945.9267108,1757007946.0703769,0.14366602897644043
1757007946.104482,1757007946.182406,0.07792401313781738
1757007946.3026388,1757007946.405185,0.10254621505737305
1757007946.4401343,1757007946.5189095,0.07877516746520996
1757007946.6418664,1757007946.7376208,0.09575438499450684
1757007946.772311,1757007946.8515093,0.07919836044311523
1757007946.9702644,1757007947.066807,0.0965425968170166
1757007947.101313,1757007947.2517033,0.1503901481628418
1757007947.3737905,1757007947.454703,0.08091259002685547
1757007947.4883,1757007947.5873685,0.09906840324401855
1757007947.7101965,1757007947.7954965,0.08529996871948242
1757007947.8332238,1757007947.9266443,0.09342050552368164
1757007948.0450478,1757007948.1440923,0.0990445613861084
1757007948.263206,1757007948.3723087,0.10910272598266602
1757007948.4065201,1757007948.5428662,0.13634610176086426
1757007948.6668947,1757007948.7787952,0.11190056800842285
1757007948.8182826,1757007948.9060307,0.08774805068969727
1757007949.0244374,1757007949.1186585,0.09422111511230469
1757007949.153363,1757007949.2532556,0.09989261627197266
1757007949.3717558,1757007949.4650924,0.09333658218383789
1757007949.5064056,1757007949.6018336,0.0954279899597168
1757007949.7200968,1757007949.808256,0.08815908432006836
1757007949.8474839,1757007949.950234,0.10275006294250488
1757007950.068401,1757007950.1833951,0.11499404907226562
1757007950.2177153,1757007950.2993631,0.08164787292480469
1757007950.4270737,1757007950.5446904,0.11761665344238281
1757007950.5781314,1757007950.6646354,0.08650398254394531
1757007950.7827046,1757007950.891742,0.10903739929199219
1757007951.0102434,1757007951.0959554,0.08571195602416992
1757007951.1294558,1757007951.2159684,0.08651256561279297
1757007951.3387604,1757007951.4682086,0.12944817543029785
1757007951.5041187,1757007951.6300004,0.12588167190551758
1757007951.666059,1757007951.7503757,0.08431673049926758
1757007951.8699677,1757007951.9693425,0.09937477111816406
1757007952.0028512,1757007952.0920997,0.0892484188079834
1757007952.2138155,1757007952.3035274,0.08971190452575684
1757007952.3380735,1757007952.4270086,0.08893513679504395
1757007952.5466344,1757007952.6370485,0.09041404724121094
1757007952.6743896,1757007952.8153882,0.14099860191345215
1757007952.8485355,1757007952.9282527,0.07971715927124023
1757007953.045694,1757007953.1497498,0.10405564308166504
1757007953.1839354,1757007953.2545002,0.07056474685668945
1757007953.3759413,1757007953.4816742,0.10573291778564453
1757007953.5989208,1757007953.6887424,0.08982157707214355
1757007953.7211468,1757007953.8036013,0.08245444297790527
1757007953.923639,1757007954.0549145,0.13127541542053223
1757007954.0880666,1757007954.1734698,0.0854032039642334
1757007954.2951891,1757007954.379619,0.08442974090576172
1757007954.4127533,1757007954.4945753,0.08182191848754883
1757007954.616794,1757007954.698948,0.0821537971496582
1757007954.732554,1757007954.8120828,0.07952880859375
1757007954.9311087,1757007955.0261445,0.09503579139709473
1757007955.0589335,1757007955.138591,0.07965755462646484
1757007955.2559333,1757007955.3978205,0.14188718795776367
1757007955.4364002,1757007955.5077622,0.07136201858520508
1757007955.625275,1757007955.7098656,0.08459067344665527
1757007955.743587,1757007955.8222752,0.07868814468383789
1757007956.050216,1757007956.1317465,0.08153057098388672
1757007956.1646621,1757007956.2389646,0.07430243492126465
1757007956.3565934,1757007956.446762,0.09016871452331543
1757007956.4788263,1757007956.6066086,0.12778234481811523
1757007956.724062,1757007956.8210902,0.09702825546264648
1757007956.8604457,1757007956.9350343,0.07458853721618652
1757007957.0527096,1757007957.1429136,0.09020400047302246
1757007957.1756763,1757007957.2514725,0.07579612731933594
1757007957.369284,1757007957.4493413,0.08005738258361816
1757007957.567057,1757007957.6375117,0.07045483589172363
1757007957.6707914,1757007957.7444997,0.07370829582214355
1757007957.8621037,1757007957.9891376,0.12703394889831543
1757007958.0220437,1757007958.10194,0.07989621162414551
1757007958.2198753,1757007958.3006608,0.08078551292419434
1757007958.4180715,1757007958.4944196,0.07634806632995605
1757007958.5278697,1757007958.5984607,0.07059097290039062
1757007958.7256796,1757007958.809379,0.08369946479797363
1757007958.9289575,1757007958.9972048,0.06824731826782227
1757007959.0328102,1757007959.1682353,0.13542509078979492
1757007959.213533,1757007959.286703,0.07317018508911133
1757007959.404341,1757007959.5014844,0.09714341163635254
1757007959.5385737,1757007959.6278172,0.08924341201782227
1757007959.745207,1757007959.8152688,0.07006168365478516
1757007959.8477497,1757007959.9259505,0.0782008171081543
1757007960.0435565,1757007960.1247926,0.08123612403869629
1757007960.158233,1757007960.2360098,0.07777690887451172
1757007960.35343,1757007960.475876,0.12244606018066406
1757007960.5161648,1757007960.594143,0.07797813415527344
1757007960.718302,1757007960.798873,0.08057093620300293
1757007960.916377,1757007961.0052078,0.08883070945739746
1757007961.0375245,1757007961.1202936,0.08276915550231934
1757007961.2377706,1757007961.3464274,0.1086568832397461
1757007961.3787968,1757007961.5171754,0.13837862014770508
1757007961.6366837,1757007961.705246,0.06856226921081543
1757007961.742915,1757007961.8165586,0.07364368438720703
1757007961.9340022,1757007962.0171363,0.08313417434692383
1757007962.0505939,1757007962.121998,0.07140421867370605
1757007962.2406335,1757007962.348609,0.10797548294067383
1757007962.38114,1757007962.4694853,0.08834528923034668
1757007962.5925543,1757007962.690221,0.09766674041748047
1757007962.807677,1757007962.9315114,0.12383437156677246
1757007962.9725235,1757007963.0544887,0.08196520805358887
1757007963.1741471,1757007963.259163,0.08501577377319336
1757007963.2949784,1757007963.3636901,0.06871175765991211
1757007963.4818726,1757007963.5732348,0.09136223793029785
1757007963.690403,1757007963.8069227,0.11651968955993652
1757007963.8397324,1757007963.9118612,0.0721287727355957
1757007964.1393821,1757007964.2066736,0.0672914981842041
1757007964.2395685,1757007964.350317,0.1107485294342041
1757007964.469046,1757007964.541518,0.07247185707092285
1757007964.57937,1757007964.6519396,0.07256960868835449
1757007964.7695558,1757007964.8750513,0.10549545288085938
1757007964.9120133,1757007964.9850488,0.07303547859191895
1757007965.1025527,1757007965.22347,0.12091732025146484
1757007965.2569668,1757007965.3288286,0.07186174392700195
1757007965.5566921,1757007965.632143,0.07545089721679688
1757007965.6697936,1757007965.7480273,0.07823371887207031
1757007965.8673532,1757007965.9430294,0.07567620277404785
1757007965.976003,1757007966.0520096,0.07600665092468262
1757007966.1742046,1757007966.313092,0.1388874053955078
1757007966.347271,1757007966.4532435,0.1059725284576416
1757007966.571046,1757007966.6577868,0.08674073219299316
1757007966.6941783,1757007966.7735696,0.0793912410736084
1757007966.891697,1757007966.9662473,0.07455039024353027
1757007967.0004034,1757007967.0700057,0.06960225105285645
1757007967.1876118,1757007967.2792895,0.09167766571044922
1757007967.3988075,1757007967.5237274,0.12491989135742188
1757007967.5615866,1757007967.6409323,0.079345703125
1757007967.759757,1757007967.8431652,0.08340811729431152
1757007967.8769238,1757007967.9506297,0.07370591163635254
1757007968.0729086,1757007968.1645327,0.09162402153015137
1757007968.282103,1757007968.399314,0.11721086502075195
1757007968.4393802,1757007968.511311,0.0719308853149414
1757007968.7401652,1757007968.8068001,0.0666348934173584
1757007968.8442035,1757007968.9532032,0.10899972915649414
1757007969.0714626,1757007969.1557555,0.08429288864135742
1757007969.1942136,1757007969.273895,0.079681396484375
1757007969.40002,1757007969.4967427,0.09672284126281738
1757007969.5291486,1757007969.6516488,0.12250018119812012
1757007969.773652,1757007969.8486097,0.07495760917663574
1757007969.9677472,1757007970.0538664,0.08611917495727539
1757007970.086663,1757007970.1600761,0.07341313362121582
1757007970.2776983,1757007970.369534,0.09183573722839355
1757007970.487396,1757007970.5625298,0.0751338005065918
1757007970.6001143,1757007970.738425,0.13831067085266113
1757007970.7728071,1757007970.8446596,0.07185244560241699
1757007970.96537,1757007971.0722356,0.10686564445495605
1757007971.1918795,1757007971.262555,0.07067537307739258
1757007971.3025584,1757007971.3796616,0.0771031379699707
1757007971.5018408,1757007971.5867212,0.08488035202026367
1757007971.6221395,1757007971.7479906,0.12585115432739258
1757007971.8654902,1757007971.94546,0.07996988296508789
1757007972.062856,1757007972.1328216,0.06996560096740723
1757007972.1698966,1757007972.2461996,0.07630300521850586
1757007972.3726945,1757007972.4553356,0.0826411247253418
1757007972.5728376,1757007972.6552684,0.08243083953857422
1757007972.6882436,1757007972.8078883,0.1196446418762207
1757007972.9283767,1757007973.0125234,0.08414673805236816
1757007973.0579503,1757007973.1326451,0.07469487190246582
1757007973.2500975,1757007973.3408124,0.09071493148803711
1757007973.3729777,1757007973.449209,0.07623124122619629
1757007973.5719378,1757007973.6669097,0.09497189521789551
1757007973.7883556,1757007973.9063072,0.11795163154602051
1757007973.945801,1757007974.021252,0.07545089721679688
1757007974.250453,1757007974.34596,0.09550690650939941
1757007974.3866754,1757007974.4568624,0.07018709182739258
1757007974.582917,1757007974.694943,0.11202597618103027
1757007974.816347,1757007974.9398446,0.12349772453308105
1757007974.9811792,1757007975.0557528,0.07457351684570312
1757007975.2832258,1757007975.3552456,0.07201981544494629
1757007975.3894362,1757007975.4962027,0.1067664623260498
1757007975.6148868,1757007975.7018166,0.0869297981262207
1757007975.738517,1757007975.812715,0.07419800758361816
1757007975.9303105,1757007976.02992,0.0996096134185791
1757007976.0633008,1757007976.191614,0.1283130645751953
1757007976.3114972,1757007976.3949943,0.0834970474243164
1757007976.512287,1757007976.6087165,0.09642958641052246
1757007976.6411335,1757007976.712795,0.07166147232055664
1757007976.8339102,1757007976.92195,0.08803987503051758
1757007977.0393608,1757007977.1609733,0.121612548828125
1757007977.1972203,1757007977.2705019,0.07328152656555176
1757007977.4983623,1757007977.5777423,0.07938003540039062
1757007977.612672,1757007977.6918855,0.07921338081359863
1757007977.8100424,1757007977.8919666,0.0819242000579834
1757007977.9246693,1757007977.9988742,0.07420492172241211
1757007978.118427,1757007978.2619495,0.1435225009918213
1757007978.3001904,1757007978.3897166,0.08952617645263672
1757007978.5070262,1757007978.6072273,0.10020112991333008
1757007978.6439304,1757007978.7315373,0.08760690689086914
1757007978.8486056,1757007978.9272442,0.07863855361938477
1757007978.9605305,1757007979.0912197,0.13068914413452148
1757007979.2125926,1757007979.2884548,0.07586216926574707
1757007979.3286371,1757007979.426527,0.09788990020751953
1757007979.4598544,1757007979.5325367,0.07268238067626953
1757007979.6578386,1757007979.740513,0.08267450332641602
1757007979.85867,1757007979.9304693,0.07179927825927734
1757007979.9726555,1757007980.0999267,0.12727117538452148
1757007980.1336412,1757007980.2105453,0.0769040584564209
1757007980.438069,1757007980.5095992,0.07153010368347168
1757007980.5459986,1757007980.6241019,0.07810330390930176
1757007980.7414243,1757007980.8615203,0.12009596824645996
1757007980.8983479,1757007980.9720435,0.07369565963745117
1757007981.1996295,1757007981.2773552,0.07772564888000488
1757007981.3098161,1757007981.3853698,0.07555365562438965
1757007981.5028234,1757007981.5826368,0.07981348037719727
1757007981.6170518,1757007981.697388,0.08033609390258789
1757007981.8147304,1757007981.8987775,0.08404707908630371
1757007981.9306939,1757007982.007088,0.07639408111572266
1757007982.12436,1757007982.2462285,0.12186837196350098
1757007982.2831697,1757007982.3718297,0.08866000175476074
1757007982.489599,1757007982.5770483,0.08744931221008301
1757007982.614927,1757007982.6926823,0.07775521278381348
1757007982.8105402,1757007982.944338,0.13379788398742676
1757007982.9770045,1757007983.056169,0.07916450500488281
1757007983.1734521,1757007983.2642772,0.09082508087158203
1757007983.2976654,1757007983.3781643,0.08049893379211426
1757007983.5008214,1757007983.6089585,0.10813713073730469
1757007983.7276385,1757007983.8009346,0.07329607009887695
1757007983.8405325,1757007983.9554894,0.11495685577392578
1757007984.0744545,1757007984.1982381,0.12378358840942383
1757007984.2374265,1757007984.3282228,0.09079623222351074
1757007984.364057,1757007984.456174,0.0921168327331543
1757007984.4927719,1757007984.6211228,0.12835097312927246
1757007984.7420766,1757007984.8320372,0.08996057510375977
1757007984.8681638,1757007984.9675949,0.09943103790283203
1757007985.0888724,1757007985.1807911,0.0919187068939209
1757007985.2211227,1757007985.3056762,0.08455348014831543
1757007985.4229612,1757007985.5152235,0.09226226806640625
1757007985.5625432,1757007985.642869,0.08032584190368652
1757007985.7604284,1757007985.8989334,0.1385049819946289
1757007985.938678,1757007986.045849,0.10717105865478516
1757007986.1634693,1757007986.248015,0.08454561233520508
1757007986.2886965,1757007986.3942385,0.10554194450378418
1757007986.511486,1757007986.6374457,0.1259596347808838
1757007986.6763039,1757007986.75546,0.07915616035461426
1757007986.8744206,1757007986.961504,0.08708333969116211
