1757162216.4685857,1757162216.475175,0.006589174270629883
1757162217.5115812,1757162217.5185275,0.0069463253021240234
1757162217.5161345,1757162217.5251303,0.008995771408081055
1757162218.5702,1757162218.5761678,0.005967855453491211
1757162218.658988,1757162218.665305,0.0063169002532958984
1757162219.6285694,1757162219.636518,0.007948637008666992
1757162219.6327772,1757162219.6396167,0.0068395137786865234
1757162220.5437348,1757162220.550007,0.006272315979003906
1757162220.6263201,1757162220.6337798,0.0074596405029296875
1757162221.5547879,1757162221.561043,0.006255149841308594
1757162221.6471796,1757162221.6543078,0.007128238677978516
1757162222.5621064,1757162222.5699024,0.007796049118041992
1757162222.655277,1757162222.6629684,0.007691383361816406
1757162223.583079,1757162223.589529,0.00644993782043457
1757162223.6513903,1757162223.6582632,0.006872892379760742
1757162224.6162148,1757162224.6239567,0.0077419281005859375
1757162224.6209762,1757162224.6271663,0.006190061569213867
1757162225.5325499,1757162225.5391176,0.006567716598510742
1757162225.6253548,1757162225.6339967,0.008641958236694336
1757162226.5390036,1757162226.5452018,0.00619816780090332
1757162226.6309907,1757162226.6392553,0.008264541625976562
1757162227.5583823,1757162227.5671105,0.008728265762329102
1757162227.5629642,1757162227.5694597,0.006495475769042969
1757162228.4629858,1757162228.4696963,0.006710529327392578
1757162228.5384512,1757162228.5455282,0.00707697868347168
1757162229.4492402,1757162229.4600487,0.010808467864990234
1757162229.470868,1757162229.4774623,0.006594181060791016
1757162230.3694875,1757162230.3760505,0.006562948226928711
1757162230.4641101,1757162230.4708328,0.006722688674926758
1757162231.4103472,1757162231.420416,0.010068893432617188
1757162231.4121568,1757162231.423111,0.010954141616821289
1757162232.3380625,1757162232.344453,0.006390571594238281
1757162232.4186583,1757162232.4258125,0.007154226303100586
1757162233.3393247,1757162233.3462927,0.006968021392822266
1757162233.360275,1757162233.367837,0.007561922073364258
1757162234.2553997,1757162234.2629497,0.00755000114440918
1757162234.317939,1757162234.3252559,0.0073168277740478516
1757162235.2254148,1757162235.2352304,0.009815692901611328
1757162235.2522397,1757162235.258762,0.006522178649902344
1757162236.1575377,1757162236.1638913,0.006353616714477539
1757162236.2150178,1757162236.2212732,0.006255388259887695
1757162237.1275918,1757162237.1343884,0.006796598434448242
1757162237.2058105,1757162237.2168715,0.011060953140258789
1757162238.128965,1757162238.135846,0.006880998611450195
1757162238.132104,1757162238.1387815,0.0066776275634765625
1757162239.0225954,1757162239.0291324,0.006536960601806641
1757162239.1271603,1757162239.1339204,0.006760120391845703
1757162240.0671058,1757162240.0756276,0.008521795272827148
1757162240.0733325,1757162240.0798864,0.0065538883209228516
1757162240.9769728,1757162240.987454,0.010481119155883789
1757162241.0620975,1757162241.0684555,0.006357908248901367
1757162241.9834197,1757162241.9904113,0.00699162483215332
1757162242.0816164,1757162242.0893285,0.007712125778198242
1757162242.9942353,1757162243.001151,0.0069158077239990234
1757162243.0924938,1757162243.0992148,0.006721019744873047
1757162244.0021377,1757162244.0083473,0.006209611892700195
1757162244.0985622,1757162244.1066723,0.00811004638671875
1757162245.0389156,1757162245.0451794,0.00626373291015625
1757162245.1366563,1757162245.1432922,0.006635904312133789
1757162246.061257,1757162246.0680535,0.006796598434448242
1757162246.1504507,1757162246.158494,0.008043289184570312
1757162247.0639074,1757162247.0751567,0.011249303817749023
1757162247.1011162,1757162247.1075501,0.006433963775634766
1757162248.0071523,1757162248.0138958,0.006743431091308594
1757162248.0644078,1757162248.0709534,0.006545543670654297
1757162248.969266,1757162248.9761446,0.00687861442565918
1757162249.0042427,1757162249.0105882,0.006345510482788086
1757162249.8988209,1757162249.9062822,0.0074613094329833984
1757162249.9551678,1757162249.962674,0.007506132125854492
1757162250.8873327,1757162250.893561,0.006228208541870117
1757162250.9299743,1757162250.93612,0.0061457157135009766
1757162251.8539872,1757162251.8609078,0.006920576095581055
1757162251.8780236,1757162251.8845274,0.0065038204193115234
1757162252.7753196,1757162252.781822,0.006502389907836914
1757162252.854132,1757162252.8649163,0.010784387588500977
1757162253.7757728,1757162253.7829227,0.007149934768676758
1757162253.7870321,1757162253.7936394,0.0066072940826416016
1757162254.6812272,1757162254.6873732,0.006145954132080078
1757162254.792207,1757162254.798421,0.0062139034271240234
1757162255.730103,1757162255.7406285,0.01052546501159668
1757162255.7341063,1757162255.7405424,0.00643610954284668
1757162256.662639,1757162256.6687746,0.006135702133178711
1757162256.7030358,1757162256.7097094,0.006673574447631836
1757162257.6805913,1757162257.6871457,0.006554365158081055
1757162257.6167595,1757162257.6234987,0.006739139556884766
1757162258.5732496,1757162258.5801516,0.006901979446411133
1757162258.657596,1757162258.664216,0.006619930267333984
1757162258.8874974,1757162258.898905,0.011407613754272461
1757162258.9037008,1757162258.9119058,0.008204936981201172
1757162259.1219966,1757162259.129018,0.007021427154541016
1757162259.1837153,1757162259.1902215,0.006506204605102539
1757162259.4126773,1757162259.424379,0.011701822280883789
1757162259.4421647,1757162259.4489343,0.006769657135009766
1757162259.6508076,1757162259.6599603,0.009152650833129883
1757162259.7140079,1757162259.7219677,0.007959842681884766
1757162259.9536617,1757162259.9603944,0.0067327022552490234
1757162259.9937906,1757162260.0008416,0.007050991058349609
1757162260.2076151,1757162260.2142606,0.0066454410552978516
1757162260.256247,1757162260.2628677,0.006620645523071289
1757162260.4818587,1757162260.489571,0.007712364196777344
1757162260.5135314,1757162260.5198455,0.00631403923034668
1757162260.724638,1757162260.73282,0.008182048797607422
1757162260.7802496,1757162260.7867494,0.006499767303466797
1757162261.0110917,1757162261.0203075,0.009215831756591797
1757162261.0333478,1757162261.0397918,0.006443977355957031
1757162261.2442102,1757162261.252566,0.008355855941772461
1757162261.3053246,1757162261.3121693,0.006844758987426758
1757162261.5326872,1757162261.5447834,0.012096166610717773
1757162261.563338,1757162261.5696487,0.006310701370239258
1757162261.774552,1757162261.786095,0.011542797088623047
1757162261.8318183,1757162261.8384724,0.006654024124145508
1757162262.0629199,1757162262.0756536,0.012733697891235352
1757162262.085141,1757162262.0959692,0.010828256607055664
1757162262.3038447,1757162262.3149374,0.011092662811279297
1757162262.364275,1757162262.3709579,0.006682872772216797
1757162262.5767002,1757162262.5888934,0.01219320297241211
1757162262.6080725,1757162262.6145575,0.0064849853515625
1757162262.8192859,1757162262.8263326,0.007046699523925781
1757162262.894629,1757162262.9030092,0.00838017463684082
1757162263.1341128,1757162263.140621,0.0065081119537353516
1757162263.1341653,1757162263.141705,0.0075397491455078125
1757162263.3456666,1757162263.3536792,0.008012533187866211
1757162263.4292345,1757162263.435807,0.0065724849700927734
1757162263.6455414,1757162263.6519797,0.006438255310058594
1757162263.7138078,1757162263.7218192,0.008011341094970703
1757162263.927455,1757162263.9397435,0.012288570404052734
1757162263.9525988,1757162263.9592078,0.0066089630126953125
1757162264.165293,1757162264.1738446,0.008551597595214844
1757162264.2254124,1757162264.2331784,0.007766008377075195
1757162264.4436274,1757162264.4508207,0.007193326950073242
1757162264.474282,1757162264.48114,0.006857872009277344
1757162264.6893508,1757162264.6980994,0.008748531341552734
1757162264.7421873,1757162264.748183,0.005995750427246094
1757162264.9601197,1757162264.9667666,0.006646871566772461
1757162264.991945,1757162264.9982297,0.0062847137451171875
1757162265.202464,1757162265.209191,0.006726980209350586
1757162265.2543926,1757162265.2647393,0.010346651077270508
1757162265.4739108,1757162265.4841235,0.01021265983581543
1757162265.50815,1757162265.5161355,0.007985353469848633
1757162265.7242846,1757162265.7308817,0.006597042083740234
1757162265.7798676,1757162265.7855127,0.005645036697387695
1757162265.9961426,1757162266.0018246,0.0056819915771484375
1757162266.0343015,1757162266.045151,0.010849475860595703
1757162266.2531056,1757162266.2637918,0.010686159133911133
1757162266.283016,1757162266.289707,0.00669097900390625
1757162266.4869194,1757162266.4936166,0.006697177886962891
1757162266.5467758,1757162266.553463,0.006687164306640625
1757162266.78931,1757162266.79699,0.007679939270019531
1757162266.794158,1757162266.8013692,0.007211208343505859
1757162266.995862,1757162267.0025375,0.0066754817962646484
1757162267.0796158,1757162267.0855892,0.005973339080810547
1757162267.3055859,1757162267.3117843,0.006198406219482422
1757162267.3872032,1757162267.3967032,0.00950002670288086
1757162267.6238494,1757162267.6336367,0.009787321090698242
1757162267.6337523,1757162267.6403453,0.006592988967895508
1757162267.852654,1757162267.8591356,0.006481647491455078
1757162267.9066696,1757162267.913286,0.006616353988647461
1757162268.11744,1757162268.1235976,0.006157636642456055
1757162268.1562576,1757162268.1625953,0.006337642669677734
1757162268.426234,1757162268.432929,0.0066950321197509766
1757162268.4498606,1757162268.4577253,0.007864713668823242
1757162268.6584063,1757162268.6675868,0.009180545806884766
1757162268.7209404,1757162268.7276218,0.0066814422607421875
1757162268.9254615,1757162268.931099,0.005637407302856445
1757162268.960367,1757162268.9664817,0.0061147212982177734
1757162269.1687503,1757162269.1751323,0.006381988525390625
1757162269.2068834,1757162269.2124002,0.005516767501831055
1757162269.400859,1757162269.4063945,0.0055353641510009766
1757162269.4631689,1757162269.470257,0.007088184356689453
1757162269.6775775,1757162269.6861217,0.008544206619262695
1757162269.6921232,1757162269.6974835,0.00536036491394043
1757162269.887696,1757162269.893147,0.0054509639739990234
1757162269.9726627,1757162269.9803493,0.007686614990234375
1757162270.193425,1757162270.1988778,0.005452871322631836
1757162270.199948,1757162270.205712,0.005764007568359375
1757162270.4070635,1757162270.4142375,0.007174015045166016
1757162270.4766273,1757162270.4833488,0.00672149658203125
1757162270.7020261,1757162270.7087984,0.006772279739379883
1757162270.7281134,1757162270.7352564,0.0071430206298828125
1757162270.9409947,1757162270.9483144,0.00731968879699707
1757162270.9966931,1757162271.0033555,0.0066623687744140625
1757162271.2110505,1757162271.2167907,0.005740165710449219
1757162271.2414849,1757162271.2467475,0.005262613296508789
1757162271.447531,1757162271.4566033,0.009072303771972656
1757162271.4988065,1757162271.5057914,0.0069849491119384766
1757162271.702108,1757162271.7077963,0.00568842887878418
1757162271.740301,1757162271.7456076,0.005306720733642578
1757162271.9444327,1757162271.950944,0.006511211395263672
1757162272.0414357,1757162272.0470133,0.005577564239501953
1757162272.2398887,1757162272.2453752,0.005486488342285156
1757162272.3376937,1757162272.3440847,0.006391048431396484
1757162272.5347292,1757162272.541668,0.0069386959075927734
1757162272.6285775,1757162272.6341908,0.0056133270263671875
1757162272.8372488,1757162272.8453412,0.008092403411865234
1757162272.8391001,1757162272.8473234,0.008223295211791992
1757162273.0369136,1757162273.0465195,0.009605884552001953
1757162273.1215808,1757162273.1280217,0.006440877914428711
1757162273.3585854,1757162273.363617,0.005031585693359375
1757162273.3572283,1757162273.363906,0.0066776275634765625
1757162273.5728176,1757162273.5781832,0.005365610122680664
1757162273.5715873,1757162273.5807722,0.009184837341308594
1757162273.772682,1757162273.7779224,0.005240440368652344
1757162273.8540063,1757162273.8595822,0.005575895309448242
1757162274.0624568,1757162274.0711224,0.00866556167602539
1757162274.0668035,1757162274.0720985,0.0052950382232666016
1757162274.2609196,1757162274.2665215,0.0056018829345703125
1757162274.3470116,1757162274.3525622,0.0055506229400634766
1757162274.5556078,1757162274.5630555,0.007447719573974609
1757162274.5678406,1757162274.5746381,0.0067975521087646484
1757162274.7652748,1757162274.770527,0.00525212287902832
1757162274.8551636,1757162274.861016,0.005852460861206055
1757162275.0591795,1757162275.0662682,0.007088661193847656
1757162275.154207,1757162275.1606705,0.006463527679443359
1757162275.3610425,1757162275.3675838,0.006541252136230469
1757162275.4529865,1757162275.4595068,0.006520271301269531
1757162275.6795032,1757162275.6906838,0.011180639266967773
1757162275.6792407,1757162275.6910057,0.011765003204345703
1757162275.9140399,1757162275.9197457,0.005705833435058594
1757162275.9139802,1757162275.923563,0.009582757949829102
1757162276.1142654,1757162276.123842,0.009576559066772461
1757162276.1951606,1757162276.202033,0.006872415542602539
1757162276.431948,1757162276.4378383,0.005890369415283203
1757162276.4338782,1757162276.4432282,0.009350061416625977
1757162276.6345882,1757162276.6402931,0.0057048797607421875
1757162276.7110076,1757162276.7161057,0.005098104476928711
1757162276.9264822,1757162276.9320714,0.00558924674987793
1757162276.927447,1757162276.933965,0.006517887115478516
1757162277.1445408,1757162277.14979,0.0052492618560791016
1757162277.2066567,1757162277.2159152,0.009258508682250977
1757162277.4211524,1757162277.4284818,0.007329463958740234
1757162277.4348946,1757162277.4400675,0.0051729679107666016
1757162277.6331475,1757162277.6384022,0.0052547454833984375
1757162277.702668,1757162277.7095087,0.006840705871582031
1757162277.9180138,1757162277.9240556,0.006041765213012695
1757162277.9325857,1757162277.9377172,0.00513148307800293
1757162278.130858,1757162278.1360426,0.005184650421142578
1757162278.1973157,1757162278.2039447,0.006628990173339844
1757162278.4050899,1757162278.4129062,0.007816314697265625
1757162278.4202514,1757162278.4253645,0.005113124847412109
1757162278.6314664,1757162278.6375194,0.006052970886230469
1757162278.6886182,1757162278.6940596,0.005441427230834961
1757162278.888066,1757162278.8936865,0.005620479583740234
1757162278.983542,1757162278.9900548,0.006512880325317383
1757162279.1823032,1757162279.1887908,0.006487607955932617
1757162279.289896,1757162279.2959,0.0060040950775146484
1757162279.4932275,1757162279.498858,0.0056304931640625
1757162279.574218,1757162279.579455,0.00523686408996582
1757162279.8050697,1757162279.8125842,0.007514476776123047
1757162279.8078985,1757162279.8153934,0.007494926452636719
1757162280.0086033,1757162280.0139787,0.005375385284423828
1757162280.0864394,1757162280.0918844,0.005445003509521484
1757162280.3163886,1757162280.325371,0.008982419967651367
1757162280.3241136,1757162280.329946,0.0058324337005615234
1757162280.5247433,1757162280.5299795,0.005236148834228516
1757162280.5990164,1757162280.6043234,0.00530695915222168
1757162280.83373,1757162280.8392637,0.005533695220947266
1757162280.8412764,1757162280.8479478,0.006671428680419922
1757162281.0397606,1757162281.0464208,0.0066602230072021484
1757162281.112844,1757162281.118238,0.00539398193359375
1757162281.3226352,1757162281.3302348,0.007599592208862305
1757162281.3342676,1757162281.3395264,0.005258798599243164
1757162281.5288422,1757162281.5348651,0.006022930145263672
1757162281.6033275,1757162281.6086748,0.005347251892089844
1757162281.821437,1757162281.826953,0.00551605224609375
1757162281.8370106,1757162281.842226,0.00521540641784668
1757162282.0331247,1757162282.0395648,0.006440162658691406
1757162282.1025054,1757162282.1093814,0.0068759918212890625
1757162282.323211,1757162282.3284614,0.005250453948974609
1757162282.3234138,1757162282.3287086,0.0052947998046875
1757162282.5257227,1757162282.5310407,0.0053179264068603516
1757162282.5917525,1757162282.5972657,0.005513191223144531
1757162282.7956388,1757162282.8027816,0.007142782211303711
1757162282.8132184,1757162282.8183393,0.005120992660522461
1757162283.005875,1757162283.014807,0.008931875228881836
1757162283.0759337,1757162283.0813227,0.005388975143432617
1757162283.2969913,1757162283.3021665,0.005175113677978516
1757162283.2963946,1757162283.3018823,0.005487680435180664
1757162283.520785,1757162283.5283797,0.007594585418701172
1757162283.5234046,1757162283.5292103,0.0058057308197021484
1757162283.720359,1757162283.725996,0.005636930465698242
1757162283.8025475,1757162283.8089724,0.006424903869628906
1757162284.0380933,1757162284.045547,0.0074536800384521484
1757162284.0404098,1757162284.0456219,0.005212068557739258
1757162284.2722068,1757162284.2773554,0.005148649215698242
1757162284.2711365,1757162284.278284,0.007147550582885742
1757162284.4743452,1757162284.4798453,0.005500078201293945
1757162284.5514946,1757162284.5575523,0.0060577392578125
1757162284.773272,1757162284.7785273,0.005255222320556641
1757162284.773715,1757162284.7790296,0.00531458854675293
1757162284.9690022,1757162284.9743197,0.0053174495697021484
1757162285.0541923,1757162285.0594647,0.005272388458251953
1757162285.2678874,1757162285.27314,0.0052525997161865234
1757162285.2676275,1757162285.2731192,0.005491733551025391
1757162285.494164,1757162285.4996731,0.005509138107299805
1757162285.4943538,1757162285.4996068,0.0052530765533447266
1757162285.7065277,1757162285.7117798,0.00525212287902832
1757162285.708877,1757162285.7143345,0.005457401275634766
1757162285.905272,1757162285.9106143,0.005342245101928711
1757162285.9852817,1757162285.9904728,0.00519108772277832
1757162286.1969554,1757162286.202179,0.005223512649536133
1757162286.202178,1757162286.2086825,0.006504535675048828
1757162286.398776,1757162286.40409,0.005313873291015625
1757162286.4778361,1757162286.4828947,0.0050585269927978516
1757162286.6894195,1757162286.694774,0.005354404449462891
1757162286.6920967,1757162286.6975482,0.0054514408111572266
1757162286.8895748,1757162286.8948183,0.005243539810180664
1757162286.9711819,1757162286.9780123,0.006830453872680664
1757162287.1850517,1757162287.1934102,0.008358478546142578
1757162287.1865904,1757162287.1949022,0.008311748504638672
1757162287.387511,1757162287.3938725,0.006361484527587891
1757162287.47014,1757162287.4756207,0.005480766296386719
1757162287.670311,1757162287.6767457,0.00643467903137207
1757162287.7005806,1757162287.7056644,0.005083799362182617
1757162287.895101,1757162287.9019158,0.006814718246459961
1757162287.9515634,1757162287.95823,0.006666660308837891
1757162288.1587434,1757162288.167074,0.008330583572387695
1757162288.2438664,1757162288.2500257,0.006159305572509766
1757162288.4545076,1757162288.4601216,0.005614042282104492
1757162288.4609616,1757162288.4662135,0.005251884460449219
1757162288.6578925,1757162288.6644776,0.006585121154785156
1757162288.7354503,1757162288.7409675,0.005517244338989258
1757162288.9627287,1757162288.9703627,0.00763392448425293
1757162288.970158,1757162288.9752638,0.005105733871459961
1757162289.1699777,1757162289.1750472,0.0050694942474365234
1757162289.2430258,1757162289.2483397,0.005313873291015625
1757162289.4516828,1757162289.4570093,0.005326509475708008
1757162289.4819407,1757162289.487087,0.0051462650299072266
1757162289.6887116,1757162289.6975534,0.008841753005981445
1757162289.7304184,1757162289.7357183,0.005299806594848633
1757162289.9285455,1757162289.9375584,0.009012937545776367
1757162289.9943914,1757162290.0034208,0.009029388427734375
1757162290.2217393,1757162290.230849,0.009109735488891602
1757162290.2303133,1757162290.235543,0.0052297115325927734
1757162290.4288156,1757162290.4341455,0.00532984733581543
1757162290.5046742,1757162290.5105367,0.00586247444152832
1757162290.7197502,1757162290.7268682,0.0071179866790771484
1757162290.7325869,1757162290.7377596,0.0051727294921875
1757162290.9269247,1757162290.9343789,0.0074541568756103516
1757162291.0006855,1757162291.0058863,0.005200862884521484
1757162291.2098553,1757162291.2192278,0.009372472763061523
1757162291.2258162,1757162291.2313547,0.005538463592529297
1757162291.4226506,1757162291.4280632,0.005412578582763672
1757162291.4935799,1757162291.4986596,0.005079746246337891
1757162291.703004,1757162291.7082386,0.005234718322753906
1757162291.773201,1757162291.7786727,0.005471706390380859
1757162291.9754348,1757162291.9824054,0.006970643997192383
1757162292.007349,1757162292.0126846,0.005335569381713867
1757162292.2299922,1757162292.2353363,0.0053441524505615234
1757162292.2600553,1757162292.2666857,0.006630420684814453
1757162292.4591153,1757162292.466016,0.006900787353515625
1757162292.5240993,1757162292.5304103,0.006310939788818359
1757162292.722175,1757162292.7274265,0.005251646041870117
1757162292.7616115,1757162292.7705915,0.008980035781860352
1757162292.9837813,1757162292.9930916,0.009310245513916016
1757162293.0055478,1757162293.010939,0.005391120910644531
1757162293.2076669,1757162293.216513,0.008846044540405273
1757162293.2880225,1757162293.2941024,0.006079912185668945
1757162293.509335,1757162293.5152364,0.005901336669921875
1757162293.5108812,1757162293.5198843,0.009003162384033203
1757162293.7094314,1757162293.7155035,0.006072044372558594
1757162293.789382,1757162293.7951703,0.005788326263427734
1757162294.0031548,1757162294.0089374,0.005782604217529297
1757162294.0120091,1757162294.0170717,0.005062580108642578
1757162294.2150993,1757162294.2203481,0.0052487850189208984
1757162294.2832181,1757162294.2896595,0.006441354751586914
1757162294.4880278,1757162294.4937305,0.0057027339935302734
1757162294.5093114,1757162294.5144823,0.0051708221435546875
1757162294.704977,1757162294.7102165,0.0052394866943359375
1757162294.7680612,1757162294.7736392,0.005578041076660156
1757162294.9701314,1757162294.9756181,0.005486726760864258
1757162294.9917183,1757162294.996879,0.005160808563232422
1757162295.1898031,1757162295.195015,0.005211830139160156
1757162295.2507174,1757162295.2561007,0.00538325309753418
1757162295.4587622,1757162295.465737,0.006974935531616211
1757162295.4799685,1757162295.4855201,0.005551576614379883
1757162295.6780145,1757162295.6831117,0.005097150802612305
1757162295.7445745,1757162295.749973,0.00539851188659668
1757162295.9549887,1757162295.9617696,0.006780862808227539
1757162295.9710717,1757162295.9762366,0.0051648616790771484
1757162296.1672409,1757162296.1735375,0.006296634674072266
1757162296.2456076,1757162296.2521653,0.0065577030181884766
1757162296.4487576,1757162296.4561687,0.007411003112792969
1757162296.4573944,1757162296.4635532,0.0061588287353515625
1757162296.6526647,1757162296.6577234,0.005058765411376953
1757162296.7307625,1757162296.736097,0.005334615707397461
1757162296.9381833,1757162296.9435463,0.005362987518310547
1757162296.9455266,1757162296.950472,0.004945516586303711
1757162297.1433797,1757162297.1495996,0.0062198638916015625
1757162297.2180247,1757162297.2245016,0.006476879119873047
1757162297.4242477,1757162297.433654,0.009406328201293945
1757162297.437107,1757162297.44233,0.005222797393798828
1757162297.6357706,1757162297.64207,0.006299495697021484
1757162297.7066789,1757162297.7119057,0.005226850509643555
1757162297.9204338,1757162297.9260347,0.005600929260253906
1757162297.9335961,1757162297.9387243,0.005128145217895508
1757162298.131969,1757162298.140803,0.008834123611450195
1757162298.2018137,1757162298.2071736,0.0053598880767822266
1757162298.4087605,1757162298.4143527,0.0055921077728271484
1757162298.4865124,1757162298.4953492,0.008836746215820312
1757162298.7008064,1757162298.7061293,0.005322933197021484
1757162298.697696,1757162298.7081938,0.010497808456420898
1757162298.9052622,1757162298.9115744,0.006312131881713867
1757162298.981568,1757162298.9868352,0.005267143249511719
1757162299.198717,1757162299.207347,0.008629798889160156
1757162299.2004795,1757162299.2086804,0.008200883865356445
1757162299.4097023,1757162299.4161532,0.0064508914947509766
1757162299.483579,1757162299.4888196,0.005240678787231445
1757162299.6901531,1757162299.697379,0.007225990295410156
1757162299.700578,1757162299.7067127,0.006134748458862305
1757162299.8981254,1757162299.90325,0.005124568939208984
1757162299.972044,1757162299.9773781,0.005334138870239258
1757162300.1837213,1757162300.1931167,0.009395360946655273
1757162300.1916726,1757162300.1966553,0.004982709884643555
1757162300.3853283,1757162300.39173,0.006401777267456055
1757162300.4689605,1757162300.4742794,0.005318880081176758
1757162300.681632,1757162300.686816,0.0051839351654052734
1757162300.6903691,1757162300.695572,0.005202770233154297
1757162300.8878305,1757162300.8930542,0.005223751068115234
1757162300.9614735,1757162300.9666212,0.005147695541381836
1757162301.1863983,1757162301.1917553,0.005357027053833008
1757162301.1945376,1757162301.1997485,0.00521087646484375
1757162301.390136,1757162301.3955452,0.00540924072265625
1757162301.4665213,1757162301.4728599,0.006338596343994141
1757162301.690169,1757162301.6987934,0.00862431526184082
1757162301.700944,1757162301.707284,0.00634002685546875
1757162301.974643,1757162301.9840932,0.009450197219848633
1757162301.9894097,1757162301.9953344,0.005924701690673828
1757162302.1854122,1757162302.1906266,0.0052144527435302734
1757162302.2590468,1757162302.2681818,0.009135007858276367
1757162302.4852865,1757162302.4908903,0.005603790283203125
1757162302.4879496,1757162302.4933233,0.005373716354370117
1757162302.688643,1757162302.6956067,0.0069637298583984375
1757162302.7847784,1757162302.7898312,0.005052804946899414
1757162302.9890587,1757162302.9951427,0.006083965301513672
1757162303.0798972,1757162303.0867593,0.006862163543701172
1757162303.2895715,1757162303.2953024,0.005730867385864258
1757162303.3811586,1757162303.3863983,0.005239725112915039
1757162303.5822392,1757162303.5892434,0.007004261016845703
1757162303.609229,1757162303.614302,0.005072832107543945
1757162303.8260474,1757162303.8323689,0.006321430206298828
1757162303.8769407,1757162303.8837953,0.006854534149169922
1757162304.0751476,1757162304.080448,0.005300283432006836
1757162304.1301637,1757162304.13629,0.00612640380859375
1757162304.3463647,1757162304.3537414,0.007376670837402344
1757162304.3592496,1757162304.36495,0.005700349807739258
1757162304.5564978,1757162304.5619407,0.00544285774230957
1757162304.639531,1757162304.6462457,0.006714820861816406
1757162304.873133,1757162304.8794608,0.00632786750793457
1757162304.8785963,1757162304.8843415,0.0057451725006103516
1757162305.0759706,1757162305.081273,0.00530242919921875
1757162305.152609,1757162305.1577027,0.005093574523925781
1757162305.3616571,1757162305.3694224,0.007765293121337891
1757162305.3716533,1757162305.3769875,0.005334138870239258
1757162305.5677223,1757162305.5730915,0.0053691864013671875
1757162305.6425316,1757162305.6486762,0.006144523620605469
1757162305.846972,1757162305.8521483,0.0051763057708740234
1757162305.8812222,1757162305.8868608,0.005638599395751953
1757162306.091862,1757162306.1012633,0.009401321411132812
1757162306.1390164,1757162306.1440778,0.00506138801574707
1757162306.3343644,1757162306.3396587,0.005294322967529297
1757162306.3770494,1757162306.3825164,0.005466938018798828
1757162306.573809,1757162306.5826926,0.00888371467590332
1757162306.679901,1757162306.685982,0.006081104278564453
1757162306.8782628,1757162306.8846338,0.006371021270751953
1757162306.9671357,1757162306.9725013,0.005365610122680664
1757162307.1740873,1757162307.1811743,0.007086992263793945
1757162307.2711496,1757162307.277684,0.0065343379974365234
1757162307.4757712,1757162307.48242,0.0066487789154052734
1757162307.5653145,1757162307.5708144,0.005499839782714844
1757162307.804773,1757162307.810835,0.0060617923736572266
1757162307.80763,1757162307.8129435,0.005313396453857422
1757162308.0060105,1757162308.0112147,0.005204200744628906
1757162308.087936,1757162308.093437,0.0055010318756103516
1757162308.3186905,1757162308.3275142,0.008823633193969727
1757162308.3190613,1757162308.3283112,0.00924992561340332
1757162308.52101,1757162308.5275934,0.006583452224731445
1757162308.60078,1757162308.6058278,0.005047798156738281
1757162308.8164735,1757162308.8220186,0.005545139312744141
1757162308.8267431,1757162308.8316984,0.004955291748046875
1757162309.0277016,1757162309.0365274,0.00882577896118164
1757162309.099053,1757162309.1059716,0.006918668746948242
1757162309.302132,1757162309.3099906,0.007858753204345703
1757162309.3217323,1757162309.3269455,0.005213260650634766
1757162309.5190117,1757162309.5252588,0.006247043609619141
1757162309.5877001,1757162309.596938,0.00923776626586914
1757162309.8105361,1757162309.8159354,0.005399227142333984
1757162309.8133228,1757162309.8184578,0.005135059356689453
1757162310.009779,1757162310.0149252,0.0051462650299072266
1757162310.0919456,1757162310.0971696,0.005223989486694336
1757162310.3112361,1757162310.3185415,0.0073053836822509766
1757162310.3700545,1757162310.3793821,0.00932765007019043
1757162310.5905192,1757162310.5972776,0.006758451461791992
1757162310.6220026,1757162310.6290011,0.006998538970947266
1757162310.8292382,1757162310.839461,0.010222911834716797
1757162310.8774712,1757162310.8837843,0.0063130855560302734
1757162311.077452,1757162311.086783,0.009330987930297852
1757162311.1348066,1757162311.1409585,0.006151914596557617
1757162311.3442101,1757162311.3534868,0.009276628494262695
1757162311.3708394,1757162311.3766139,0.005774497985839844
1757162311.5678551,1757162311.5732472,0.0053920745849609375
1757162311.629584,1757162311.6357558,0.006171703338623047
1757162311.835017,1757162311.8419356,0.006918668746948242
1757162311.8561196,1757162311.8614113,0.00529170036315918
1757162312.051755,1757162312.057336,0.0055811405181884766
1757162312.1192777,1757162312.1247914,0.005513668060302734
1757162312.324811,1757162312.3316433,0.0068323612213134766
1757162312.3422472,1757162312.3476405,0.005393266677856445
1757162312.5449207,1757162312.5504022,0.0054814815521240234
1757162312.6076617,1757162312.6139464,0.0062847137451171875
1757162312.8150136,1757162312.824228,0.009214401245117188
1757162312.8385727,1757162312.845196,0.006623268127441406
1757162313.0367386,1757162313.0438986,0.0071599483489990234
1757162313.0987277,1757162313.1038172,0.005089521408081055
1757162313.327325,1757162313.3326178,0.005292654037475586
1757162313.344533,1757162313.3511984,0.006665468215942383
1757162313.5505059,1757162313.5573988,0.0068929195404052734
1757162313.6080697,1757162313.6146092,0.006539583206176758
1757162313.8120089,1757162313.8172681,0.005259275436401367
1757162313.843841,1757162313.8504148,0.006573677062988281
1757162314.0416105,1757162314.0501685,0.008558034896850586
1757162314.0944588,1757162314.0998673,0.005408525466918945
1757162314.2971501,1757162314.3056276,0.008477449417114258
1757162314.3348079,1757162314.3418236,0.007015705108642578
1757162314.534713,1757162314.540576,0.0058629512786865234
1757162314.5850601,1757162314.5918264,0.006766319274902344
1757162314.8155913,1757162314.8221474,0.006556034088134766
1757162314.8265848,1757162314.8318377,0.005252838134765625
1757162315.028468,1757162315.0352976,0.006829738616943359
1757162315.1113656,1757162315.1164975,0.005131959915161133
1757162315.3253326,1757162315.331235,0.005902290344238281
1757162315.3271713,1757162315.3324146,0.0052433013916015625
1757162315.5228214,1757162315.5279553,0.005133867263793945
1757169138.166384,1757169138.1741447,0.007760763168334961
1757169139.1861098,1757169139.194349,0.008239269256591797
1757169140.0471797,1757169140.0532832,0.006103515625
1757169140.3525648,1757169140.3585432,0.00597834587097168
1757169140.56121,1757169140.5672185,0.006008625030517578
1757169140.8687825,1757169140.8750658,0.006283283233642578
1757169141.0754747,1757169141.0814915,0.006016731262207031
1757169141.384734,1757169141.390662,0.00592803955078125
1757169381.226886,1757169381.237657,0.010771036148071289
1757169382.2930706,1757169382.302513,0.009442329406738281
1757169383.1931562,1757169383.2021246,0.008968353271484375
1757169383.4883807,1757169383.4947584,0.006377696990966797
1757169383.700583,1757169383.7098668,0.009283781051635742
1757169383.9973679,1757169384.0037355,0.006367683410644531
1757169384.2306075,1757169384.2394185,0.008810997009277344
1757169384.528475,1757169384.5352376,0.006762504577636719
1757169384.747998,1757169384.7598827,0.011884689331054688
1757169385.050544,1757169385.0581334,0.0075893402099609375
1757169385.2604847,1757169385.2679281,0.007443428039550781
1757169385.5580692,1757169385.5639622,0.00589299201965332
1757169385.7641776,1757169385.7701583,0.005980730056762695
1757169386.06265,1757169386.0686502,0.0060002803802490234
1757169386.260177,1757169386.2654636,0.005286693572998047
1757169386.651454,1757169386.6567218,0.0052678585052490234
1757169386.8658893,1757169386.8738992,0.008009910583496094
1757169387.1515658,1757169387.1567497,0.0051839351654052734
1757169387.3581495,1757169387.3635786,0.00542902946472168
1757169387.6438434,1757169387.649099,0.005255699157714844
1757169387.8412855,1757169387.846631,0.005345582962036133
1757169388.1499429,1757169388.155708,0.005765199661254883
1757169388.3487146,1757169388.3541825,0.005467891693115234
1757169388.6750946,1757169388.6804593,0.005364656448364258
1757169388.9846218,1757169388.9902143,0.0055925846099853516
1757169389.2179282,1757169389.225715,0.007786750793457031
1757169389.4993403,1757169389.5062416,0.006901264190673828
1757169389.7157195,1757169389.7234662,0.007746696472167969
1757169390.0010781,1757169390.0064383,0.005360126495361328
1757169390.201223,1757169390.2067873,0.005564451217651367
1757169390.4997618,1757169390.5051007,0.005338907241821289
1757169390.7840471,1757169390.7904937,0.0064465999603271484
1757169390.9869373,1757169390.9926205,0.005683183670043945
1757169391.2796524,1757169391.2851622,0.005509853363037109
1757169391.4811153,1757169391.4887962,0.0076808929443359375
1757169391.7819972,1757169391.7874663,0.005469083786010742
1757169391.9788811,1757169391.9853432,0.00646209716796875
1757169392.3005905,1757169392.3058665,0.0052759647369384766
1757169392.496361,1757169392.5016558,0.0052947998046875
1757169392.8719363,1757169392.8785284,0.0065920352935791016
1757169393.0777416,1757169393.0848184,0.007076740264892578
1757169393.3623164,1757169393.3716466,0.009330272674560547
1757169393.5693703,1757169393.5789013,0.009531021118164062
1757169393.8724606,1757169393.8777778,0.005317211151123047
1757169394.0722837,1757169394.0784624,0.006178617477416992
1757169394.3852642,1757169394.3920045,0.0067403316497802734
1757169394.6773374,1757169394.682689,0.005351543426513672
1757169394.8822455,1757169394.8879495,0.005703926086425781
1757169395.1756544,1757169395.1812124,0.005558013916015625
1757169395.3782365,1757169395.3837488,0.005512237548828125
1757169395.6906679,1757169395.699909,0.009241104125976562
1757169395.9744656,1757169395.9798627,0.00539708137512207
1757169396.1819043,1757169396.1873221,0.005417823791503906
1757169396.4783325,1757169396.4849048,0.006572246551513672
1757169396.6828372,1757169396.6882863,0.005449056625366211
1757169396.9894614,1757169396.9949355,0.005474090576171875
1757169397.1885943,1757169397.195289,0.0066945552825927734
1757169397.5808005,1757169397.5861688,0.005368232727050781
1757169397.811688,1757169397.8172605,0.00557255744934082
1757169398.091992,1757169398.0974429,0.0054509639739990234
1757169398.3060007,1757169398.3124163,0.006415605545043945
1757169398.593351,1757169398.598831,0.005480051040649414
1757169398.7895997,1757169398.7959828,0.006383180618286133
1757169399.0805433,1757169399.086015,0.005471706390380859
1757169399.290984,1757169399.2965806,0.005596637725830078
1757169399.5817006,1757169399.5874138,0.005713224411010742
1757169399.8770986,1757169399.8824828,0.005384206771850586
1757169400.0775557,1757169400.0839727,0.006417036056518555
1757169400.47112,1757169400.477651,0.00653076171875
1757169400.6833386,1757169400.6914473,0.00810861587524414
1757169400.9722424,1757169400.97883,0.0065877437591552734
1757169401.2628474,1757169401.2682087,0.005361318588256836
1757169401.4669242,1757169401.4723313,0.005407094955444336
1757169401.7589514,1757169401.7696981,0.01074671745300293
1757169402.044752,1757169402.050609,0.005857229232788086
1757169402.258601,1757169402.2658532,0.007252216339111328
1757169402.5455217,1757169402.5508616,0.005339860916137695
1757169402.7416034,1757169402.7506392,0.009035825729370117
1757169403.0503485,1757169403.0557282,0.005379676818847656
1757169403.2614496,1757169403.2673993,0.005949735641479492
1757169403.5617468,1757169403.5670395,0.005292654037475586
1757169403.7606096,1757169403.766476,0.005866289138793945
1757169404.0720625,1757169404.0779057,0.005843162536621094
1757169404.350747,1757169404.3561196,0.005372524261474609
1757169404.5711763,1757169404.5789666,0.007790327072143555
1757169404.857936,1757169404.8633013,0.0053653717041015625
1757169405.0585146,1757169405.0641832,0.00566864013671875
1757169405.3528259,1757169405.361163,0.008337020874023438
1757169405.636548,1757169405.6419876,0.0054395198822021484
1757169405.8447986,1757169405.851398,0.00659942626953125
1757169406.135292,1757169406.140521,0.005228996276855469
1757169406.3338552,1757169406.3391278,0.005272626876831055
1757169406.6516736,1757169406.657442,0.005768537521362305
1757169406.8503263,1757169406.8561828,0.005856513977050781
1757169407.2563124,1757169407.2617457,0.005433320999145508
1757169407.4588573,1757169407.464178,0.00532078742980957
1757169407.8493083,1757169407.8547027,0.005394458770751953
1757169408.0613801,1757169408.067442,0.0060617923736572266
1757169408.3558304,1757169408.361425,0.005594491958618164
1757169408.6382089,1757169408.6439319,0.005722999572753906
1757169408.8512309,1757169408.8569863,0.005755424499511719
1757169409.1440463,1757169409.1498964,0.005850076675415039
1757169409.3566282,1757169409.3620708,0.005442619323730469
1757169409.6564667,1757169409.6630015,0.0065348148345947266
1757169409.8741672,1757169409.880205,0.006037712097167969
1757169410.1720846,1757169410.1777015,0.005616903305053711
1757169410.3725545,1757169410.3778925,0.005337953567504883
1757169410.7636557,1757169410.7714496,0.007793903350830078
1757169410.9946003,1757169411.0010445,0.006444215774536133
1757169411.2812746,1757169411.2881305,0.006855964660644531
1757169411.4885736,1757169411.4944766,0.005903005599975586
1757169411.7773383,1757169411.7830057,0.005667448043823242
1757169412.0610232,1757169412.0664759,0.005452632904052734
1757169412.283286,1757169412.291129,0.007843017578125
1757169412.5672596,1757169412.5726016,0.005342006683349609
1757169412.7892268,1757169412.7954044,0.006177663803100586
1757169413.0770514,1757169413.0838792,0.006827831268310547
1757169413.2799997,1757169413.2856479,0.005648136138916016
1757169413.573123,1757169413.5784986,0.00537562370300293
1757169413.767023,1757169413.772546,0.005522966384887695
1757169414.1566782,1757169414.1658618,0.009183645248413086
1757169414.3765693,1757169414.3838184,0.007249116897583008
1757169414.6634164,1757169414.668716,0.005299568176269531
1757169414.885883,1757169414.9045463,0.01866316795349121
1757169415.1915824,1757169415.1969054,0.005322933197021484
1757169415.3939416,1757169415.3994255,0.005483865737915039
1757169415.6907456,1757169415.6965427,0.005797147750854492
1757169415.8925097,1757169415.8994014,0.006891727447509766
1757169416.2088852,1757169416.214357,0.005471706390380859
1757169416.4910915,1757169416.4965029,0.005411386489868164
1757169416.69022,1757169416.6956165,0.005396366119384766
1757169417.003132,1757169417.0086966,0.005564451217651367
1757169417.2857478,1757169417.2922583,0.006510496139526367
1757169417.5162725,1757169417.5219889,0.0057163238525390625
1757169417.8078697,1757169417.8130724,0.005202770233154297
1757169418.0066633,1757169418.011975,0.005311727523803711
1757169418.306269,1757169418.3120396,0.005770683288574219
1757169418.586812,1757169418.5936916,0.006879568099975586
1757169418.7895617,1757169418.7951193,0.005557537078857422
1757169419.1805987,1757169419.1858888,0.005290031433105469
1757169419.4077609,1757169419.413635,0.005874156951904297
1757169419.6891878,1757169419.695019,0.005831241607666016
1757169419.9023376,1757169419.9091663,0.006828784942626953
1757169420.207396,1757169420.212686,0.005290031433105469
1757169420.4042656,1757169420.410655,0.0063893795013427734
1757169420.71453,1757169420.7198553,0.0053253173828125
1757169421.001211,1757169421.0064614,0.005250453948974609
1757169421.201947,1757169421.2074058,0.005458831787109375
1757169421.5005758,1757169421.505674,0.005098104476928711
1757169421.761534,1757169421.7684474,0.006913423538208008
1757169422.0540943,1757169422.059734,0.005639791488647461
1757169422.2550118,1757169422.2613223,0.006310462951660156
1757169422.5676112,1757169422.5768003,0.009189128875732422
1757169422.8528693,1757169422.8593702,0.006500959396362305
1757169423.0627224,1757169423.0697057,0.006983280181884766
1757169423.349286,1757169423.3558524,0.006566286087036133
1757169423.5813591,1757169423.59144,0.010080814361572266
1757169423.8789055,1757169423.8846562,0.0057506561279296875
1757169424.0808287,1757169424.086277,0.005448341369628906
1757169424.3707633,1757169424.377388,0.006624698638916016
1757169424.572412,1757169424.5791862,0.006774187088012695
1757169424.8892176,1757169424.895874,0.0066564083099365234
1757169425.122931,1757169425.1296043,0.006673336029052734
1757169425.4270048,1757169425.433519,0.006514072418212891
1757169425.6605697,1757169425.6683254,0.007755756378173828
1757169425.9602435,1757169425.9663918,0.006148338317871094
1757169426.186959,1757169426.1944768,0.007517814636230469
1757169426.480897,1757169426.486155,0.005258083343505859
1757169426.680728,1757169426.690059,0.009330987930297852
1757169426.9983408,1757169427.0042155,0.0058746337890625
1757169427.2174938,1757169427.2230392,0.005545377731323242
1757169427.5142965,1757169427.5197144,0.005417823791503906
1757169427.7101903,1757169427.7155962,0.005405902862548828
1757169428.0185633,1757169428.024242,0.005678653717041016
1757169428.2989287,1757169428.3057377,0.0068089962005615234
1757169428.5140371,1757169428.5196989,0.005661725997924805
1757169428.9039388,1757169428.9106987,0.0067598819732666016
1757169429.1353219,1757169429.142051,0.0067291259765625
1757169429.420049,1757169429.425321,0.0052721500396728516
1757169429.6179497,1757169429.6249092,0.006959438323974609
1757169429.9148316,1757169429.9200659,0.005234241485595703
1757169430.114281,1757169430.1209397,0.006658792495727539
1757169430.4423664,1757169430.4491687,0.00680232048034668
1757169430.7275553,1757169430.732867,0.005311727523803711
1757169430.9304583,1757169430.935822,0.0053637027740478516
1757169431.2285092,1757169431.2378192,0.009310007095336914
1757169431.434975,1757169431.4442654,0.009290456771850586
1757169431.7241876,1757169431.7306454,0.006457805633544922
1757169431.9234617,1757169431.9287612,0.005299568176269531
1757169432.238021,1757169432.2446656,0.006644725799560547
1757169432.546268,1757169432.554279,0.008011102676391602
1757169432.8457575,1757169432.8551166,0.009359121322631836
1757169433.0534658,1757169433.0591116,0.005645751953125
1757169433.3768446,1757169433.3822858,0.005441188812255859
1757169433.5796556,1757169433.5890052,0.009349584579467773
1757169433.896929,1757169433.902472,0.0055429935455322266
1757169434.1779125,1757169434.1832733,0.005360841751098633
1757169434.3832486,1757169434.3889456,0.005697011947631836
1757169434.683923,1757169434.6905177,0.006594657897949219
1757169434.9036574,1757169434.9090505,0.005393028259277344
1757169435.2036579,1757169435.210739,0.007081031799316406
1757169435.4026334,1757169435.4118416,0.009208202362060547
1757169435.7233262,1757169435.728709,0.0053827762603759766
1757169436.004309,1757169436.010145,0.005836009979248047
1757169436.2216663,1757169436.2319112,0.01024484634399414
1757169436.5118415,1757169436.5186317,0.0067901611328125
1757169436.7118504,1757169436.7173896,0.0055391788482666016
1757169437.0031493,1757169437.008547,0.005397796630859375
1757169437.2005155,1757169437.2063618,0.005846261978149414
1757169437.5308454,1757169437.5362563,0.005410909652709961
1757169437.7472646,1757169437.7536342,0.006369590759277344
1757169438.0462167,1757169438.0515263,0.005309581756591797
1757169438.3280282,1757169438.3335311,0.005502939224243164
1757169438.535146,1757169438.5446503,0.009504318237304688
1757169438.8394966,1757169438.848786,0.00928950309753418
1757169439.0457923,1757169439.0514429,0.005650520324707031
1757169439.3321934,1757169439.3378842,0.005690813064575195
1757169439.623924,1757169439.62927,0.005346059799194336
1757169439.8224387,1757169439.831545,0.00910639762878418
1757169874.2059586,1757169874.212199,0.006240367889404297
1757169874.517762,1757169874.5259686,0.008206605911254883
1757169875.2579837,1757169875.2644143,0.006430625915527344
1757169875.5080056,1757169875.5146513,0.006645679473876953
1757169876.3588252,1757169876.3655052,0.006680011749267578
1757169876.6332471,1757169876.641597,0.008349895477294922
1757169877.4076455,1757169877.4145389,0.0068933963775634766
1757169877.6277518,1757169877.6397355,0.011983633041381836
1757169878.4947639,1757169878.501146,0.0063822269439697266
1757169878.6213613,1757169878.628531,0.0071697235107421875
1757169879.433529,1757169879.440595,0.007066011428833008
1757169879.7166817,1757169879.725112,0.008430242538452148
1757169880.504374,1757169880.5111823,0.006808280944824219
1757169880.7263677,1757169880.7326162,0.00624847412109375
1757169881.5610182,1757169881.5676746,0.0066564083099365234
1757169881.8136768,1757169881.8201973,0.006520509719848633
1757169882.616981,1757169882.6234534,0.006472349166870117
1757169882.8384075,1757169882.844934,0.006526470184326172
1757169883.6741374,1757169883.6804547,0.0063173770904541016
1757169883.9248226,1757169883.9309514,0.006128787994384766
1757169884.7341795,1757169884.7457063,0.011526823043823242
1757169885.027453,1757169885.035215,0.007761955261230469
1757169885.7990303,1757169885.8055422,0.0065119266510009766
1757169886.0286713,1757169886.0354483,0.006777048110961914
1757169886.0375488,1757169886.043394,0.005845308303833008
1757169886.235194,1757169886.2404675,0.005273580551147461
1757169886.3188114,1757169886.3272824,0.008471012115478516
1757169886.5330956,1757169886.53943,0.0063343048095703125
1757169886.5530312,1757169886.559601,0.006569862365722656
1757169886.765573,1757169886.7737029,0.00812983512878418
1757169886.8132288,1757169886.819573,0.0063440799713134766
1757169887.018755,1757169887.0241654,0.005410432815551758
1757169887.0617516,1757169887.0682485,0.006496906280517578
1757169887.2716334,1757169887.278435,0.006801605224609375
1757169887.3075914,1757169887.3128054,0.00521397590637207
1757169887.5086038,1757169887.5140672,0.005463361740112305
1757169887.5628123,1757169887.5709999,0.008187532424926758
1757169887.7764935,1757169887.7846415,0.008147954940795898
1757169887.7998369,1757169887.8051252,0.005288362503051758
1757169888.0166664,1757169888.0260863,0.009419918060302734
1757169888.072419,1757169888.0789113,0.0064923763275146484
1757169888.3021924,1757169888.3116615,0.009469032287597656
1757169888.3200428,1757169888.325696,0.0056531429290771484
1757169888.5198214,1757169888.525191,0.005369663238525391
1757169888.6499214,1757169888.65629,0.0063686370849609375
1757169888.8559034,1757169888.8659348,0.010031461715698242
1757169888.9120991,1757169888.9173288,0.0052297115325927734
1757169889.1223273,1757169889.1321785,0.009851217269897461
1757169889.1637378,1757169889.1712403,0.007502555847167969
1757169889.3776996,1757169889.3887763,0.011076688766479492
1757169889.411459,1757169889.4167027,0.005243778228759766
1757169889.6103766,1757169889.6156347,0.005258083343505859
1757169889.6747692,1757169889.680939,0.006169795989990234
1757169889.8889723,1757169889.8997293,0.010756969451904297
1757169889.911419,1757169889.9166727,0.005253791809082031
1757169890.1053166,1757169890.1105022,0.005185604095458984
1757169890.186473,1757169890.193324,0.0068511962890625
1757169890.4150915,1757169890.421332,0.006240367889404297
1757169890.4170341,1757169890.422284,0.005249738693237305
1757169890.6120079,1757169890.617268,0.0052602291107177734
1757169890.7033634,1757169890.709712,0.006348609924316406
1757169890.9294755,1757169890.938661,0.009185552597045898
1757169890.9386585,1757169890.9446259,0.005967378616333008
1757169891.1449106,1757169891.1507256,0.005815029144287109
1757169891.2119155,1757169891.2171645,0.0052490234375
1757169891.430448,1757169891.4358356,0.005387544631958008
1757169891.4563317,1757169891.4620926,0.005760908126831055
1757169891.6599152,1757169891.6667097,0.006794452667236328
1757169891.7105758,1757169891.7157557,0.005179882049560547
1757169891.9061596,1757169891.911629,0.005469322204589844
1757169891.954011,1757169891.9601831,0.00617218017578125
1757169892.1531343,1757169892.1587286,0.0055942535400390625
1757169892.1910207,1757169892.1962202,0.005199432373046875
1757169892.3951166,1757169892.4003923,0.005275726318359375
1757169892.453651,1757169892.460572,0.006921052932739258
1757169892.666222,1757169892.6724665,0.0062444210052490234
1757169892.6964333,1757169892.7019656,0.005532264709472656
1757169892.9132838,1757169892.9200382,0.006754398345947266
1757169892.9519846,1757169892.9574587,0.005474090576171875
1757169893.1615648,1757169893.1671216,0.005556821823120117
1757169893.2578104,1757169893.2631657,0.005355358123779297
1757169893.4590018,1757169893.465489,0.006487131118774414
1757169893.5538273,1757169893.5603547,0.006527423858642578
1757169893.7578306,1757169893.763285,0.005454301834106445
1757169893.8737786,1757169893.8791645,0.005385875701904297
1757169894.0746462,1757169894.0799558,0.005309581756591797
1757169894.149745,1757169894.155208,0.005463123321533203
1757169894.3826041,1757169894.3891587,0.006554603576660156
1757169894.4175181,1757169894.4242904,0.006772279739379883
1757169894.6244571,1757169894.6299105,0.005453348159790039
1757169894.665889,1757169894.6712523,0.0053632259368896484
1757169894.8655922,1757169894.871128,0.00553584098815918
1757169894.9207547,1757169894.9259984,0.005243778228759766
1757169895.1228642,1757169895.1328838,0.010019540786743164
1757169895.1621442,1757169895.167483,0.005338907241821289
1757169895.3638756,1757169895.3693392,0.005463600158691406
1757169895.4254785,1757169895.4311464,0.005667924880981445
1757169895.6349182,1757169895.643955,0.009036779403686523
1757169895.6556137,1757169895.660899,0.0052852630615234375
1757169895.8519862,1757169895.8573794,0.005393266677856445
1757169895.9188998,1757169895.928053,0.009153127670288086
1757169896.136106,1757169896.1442118,0.008105754852294922
1757169896.1489408,1757169896.1542304,0.005289554595947266
1757169896.342785,1757169896.3481336,0.005348682403564453
1757169896.4175174,1757169896.4228888,0.0053713321685791016
1757169896.6328485,1757169896.6398857,0.007037162780761719
1757169896.637986,1757169896.6436462,0.005660295486450195
1757169896.8356915,1757169896.841401,0.005709648132324219
1757169896.9137433,1757169896.9190977,0.005354404449462891
1757169897.1307912,1757169897.1368752,0.006083965301513672
1757169897.132823,1757169897.138631,0.005808115005493164
1757169897.3287616,1757169897.3342004,0.005438804626464844
1757169897.413824,1757169897.4192917,0.005467653274536133
1757169897.6307385,1757169897.6361344,0.0053958892822265625
1757169897.6351795,1757169897.640534,0.005354404449462891
1757169897.83091,1757169897.8362606,0.005350589752197266
1757169897.9221182,1757169897.9283476,0.006229400634765625
1757169898.1476483,1757169898.153377,0.005728721618652344
1757169898.14967,1757169898.1549792,0.005309343338012695
1757169898.3484492,1757169898.354108,0.005658864974975586
1757169898.428526,1757169898.4337997,0.0052738189697265625
1757169898.6601076,1757169898.6690726,0.008965015411376953
1757169898.661823,1757169898.6705706,0.008747577667236328
1757169898.8651881,1757169898.8716397,0.006451606750488281
1757169898.9433982,1757169898.9487617,0.00536346435546875
1757169899.1700692,1757169899.1765494,0.006480216979980469
1757169899.2085414,1757169899.2141254,0.005584001541137695
1757169899.4077315,1757169899.4131458,0.005414247512817383
1757169899.453756,1757169899.4591,0.005343914031982422
1757169899.6521285,1757169899.6575253,0.005396842956542969
1757169899.7002723,1757169899.7060237,0.005751371383666992
1757169899.898659,1757169899.908297,0.009638071060180664
1757169899.9442286,1757169899.9505131,0.006284475326538086
1757169900.1604304,1757169900.1659877,0.00555729866027832
1757169900.2062218,1757169900.2119374,0.005715608596801758
1757169900.4150376,1757169900.420649,0.005611419677734375
1757169900.4578476,1757169900.4642847,0.006437063217163086
1757169900.6782458,1757169900.6849382,0.006692409515380859
1757169900.7010586,1757169900.7064588,0.005400180816650391
1757169900.899974,1757169900.9056902,0.005716085433959961
1757169900.9675353,1757169900.9729683,0.005433082580566406
1757169901.166884,1757169901.1722424,0.005358457565307617
1757169901.1907203,1757169901.1961067,0.0053863525390625
1757169901.3858137,1757169901.3923986,0.006584882736206055
1757169901.44719,1757169901.4537477,0.0065577030181884766
1757169901.66424,1757169901.6729271,0.008687257766723633
1757169901.6772447,1757169901.6825013,0.00525665283203125
1757169901.8785005,1757169901.8838565,0.0053560733795166016
1757169901.94546,1757169901.950774,0.005313873291015625
1757169902.1451166,1757169902.1506186,0.005501985549926758
1757169902.1689727,1757169902.1742353,0.005262613296508789
1757169902.3675349,1757169902.3727927,0.005257844924926758
1757169902.4759858,1757169902.4824152,0.006429433822631836
1757169902.7338703,1757169902.7434103,0.009540081024169922
1757169902.7646315,1757169902.770262,0.0056304931640625
1757169902.9592311,1757169902.9671187,0.007887601852416992
1757169903.0177736,1757169903.024092,0.006318330764770508
1757169903.2154045,1757169903.221063,0.005658388137817383
1757169903.251601,1757169903.2568486,0.005247592926025391
1757169903.4509592,1757169903.460262,0.009302854537963867
1757169903.497815,1757169903.5031834,0.005368471145629883
1757169903.6984522,1757169903.7051296,0.006677389144897461
1757169903.7404969,1757169903.7457776,0.005280733108520508
1757169903.94317,1757169903.9486778,0.005507707595825195
1757169903.9824693,1757169903.987729,0.00525975227355957
1757169904.1790204,1757169904.1844099,0.00538945198059082
1757169904.2257688,1757169904.231092,0.005323171615600586
1757169904.4235978,1757169904.4303129,0.006715059280395508
1757169904.4641712,1757169904.4693847,0.005213499069213867
1757169904.6631784,1757169904.6686118,0.005433320999145508
1757169904.7073312,1757169904.7126567,0.0053255558013916016
1757169904.9103966,1757169904.920376,0.009979486465454102
1757169904.9491172,1757169904.955043,0.005925893783569336
1757169905.1454117,1757169905.150985,0.005573272705078125
1757169905.1939113,1757169905.1992567,0.005345344543457031
1757169905.3970244,1757169905.4068544,0.009829998016357422
1757169905.4366748,1757169905.4431784,0.006503582000732422
1757169905.64023,1757169905.6495097,0.009279727935791016
1757169905.6847422,1757169905.6901014,0.005359172821044922
1757169905.8915415,1757169905.897147,0.005605459213256836
1757169905.9477646,1757169905.9544425,0.006677865982055664
1757169906.1532545,1757169906.1629858,0.009731292724609375
1757169906.1882055,1757169906.1935346,0.005329132080078125
1757169906.3844097,1757169906.3909178,0.0065081119537353516
1757169906.438404,1757169906.4447284,0.006324291229248047
1757169906.6429677,1757169906.6544507,0.011482954025268555
1757169906.6811998,1757169906.686513,0.00531315803527832
1757169906.8806815,1757169906.8897831,0.009101629257202148
1757169906.9325516,1757169906.9416223,0.009070634841918945
1757169907.1485546,1757169907.1550148,0.0064601898193359375
1757169907.2347152,1757169907.2401395,0.0054242610931396484
1757169907.4445763,1757169907.4499876,0.005411386489868164
1757169907.4519887,1757169907.4609406,0.008951902389526367
1757169907.650771,1757169907.658161,0.007390022277832031
1757169907.7264423,1757169907.7321825,0.005740165710449219
1757169907.952107,1757169907.9599373,0.007830381393432617
1757169907.9613323,1757169907.9666462,0.005313873291015625
1757169908.1571746,1757169908.1624954,0.00532078742980957
1757169908.2344918,1757169908.2404387,0.0059468746185302734
1757169908.4552271,1757169908.461322,0.006094932556152344
1757169908.4626844,1757169908.4692755,0.006591081619262695
1757169908.660637,1757169908.6676686,0.007031679153442383
1757169908.7353792,1757169908.7410183,0.005639076232910156
1757169908.9422207,1757169908.949366,0.007145404815673828
1757169908.9580972,1757169908.9633503,0.0052530765533447266
1757169909.1572266,1757169909.1625705,0.005343914031982422
1757169909.2234783,1757169909.2298796,0.0064013004302978516
1757169909.430288,1757169909.4389722,0.008684158325195312
1757169909.4492872,1757169909.45458,0.0052928924560546875
1757169909.6456478,1757169909.651051,0.005403280258178711
1757169909.7158515,1757169909.7210782,0.005226612091064453
1757169909.925808,1757169909.935276,0.00946807861328125
1757169909.942173,1757169909.947479,0.0053060054779052734
1757169910.138889,1757169910.144467,0.005578041076660156
1757169910.2101514,1757169910.2169578,0.006806373596191406
1757169910.4254851,1757169910.431384,0.005898952484130859
1757169910.4325187,1757169910.4378037,0.005285024642944336
1757169910.6283467,1757169910.6336563,0.005309581756591797
1757169910.707412,1757169910.7138374,0.006425380706787109
1757169910.9282353,1757169910.9369795,0.008744239807128906
1757169910.9290738,1757169910.938039,0.008965253829956055
1757169911.1452477,1757169911.1505814,0.005333662033081055
1757169911.2114315,1757169911.2167351,0.005303621292114258
1757169911.4260144,1757169911.4314892,0.00547480583190918
1757169911.455403,1757169911.461991,0.006587982177734375
1757169911.6544774,1757169911.6606526,0.00617527961730957
1757169911.7066472,1757169911.7119582,0.005311012268066406
1757169911.9168897,1757169911.9234965,0.0066068172454833984
1757169911.9663813,1757169911.9720402,0.005658864974975586
1757169912.174572,1757169912.180252,0.005680084228515625
1757169912.2049215,1757169912.2103186,0.00539708137512207
1757169912.4025474,1757169912.4094245,0.00687718391418457
1757169912.4545372,1757169912.4597888,0.005251646041870117
1757169912.662516,1757169912.6681025,0.005586385726928711
1757169912.7435935,1757169912.7501974,0.00660395622253418
1757169912.9577498,1757169912.9630554,0.00530552864074707
1757169913.0067692,1757169913.0121434,0.00537419319152832
1757169913.2176323,1757169913.2235317,0.0058994293212890625
1757169913.2462237,1757169913.2516377,0.005414009094238281
1757169913.444767,1757169913.4501905,0.005423545837402344
1757169913.4981499,1757169913.5033317,0.005181789398193359
1757169913.6998553,1757169913.7090697,0.009214401245117188
1757169913.7334075,1757169913.739848,0.006440401077270508
1757169913.932409,1757169913.9401536,0.007744550704956055
1757169913.9864817,1757169913.995612,0.009130239486694336
1757169914.1909134,1757169914.1966085,0.0056951045989990234
1757169914.2221065,1757169914.2286088,0.006502389907836914
1757169914.423241,1757169914.4299195,0.006678581237792969
1757169914.4710195,1757169914.4763284,0.005308866500854492
1757169914.687089,1757169914.6930912,0.006002187728881836
1757169914.7183514,1757169914.7237003,0.005348920822143555
1757169914.9277027,1757169914.937063,0.009360313415527344
1757169914.9715762,1757169914.9770534,0.005477190017700195
1757169915.173744,1757169915.179343,0.005599021911621094
1757169915.2159865,1757169915.221265,0.005278587341308594
1757169915.4183354,1757169915.4237537,0.005418300628662109
1757169915.4580884,1757169915.4674745,0.009386062622070312
1757169915.6630452,1757169915.6725185,0.009473323822021484
1757169915.702025,1757169915.7073398,0.005314826965332031
1757169915.900945,1757169915.9067793,0.005834341049194336
1757169915.9497302,1757169915.9590175,0.009287357330322266
1757169916.159624,1757169916.165116,0.005491971969604492
1757169916.1899207,1757169916.1952016,0.005280971527099609
1757169916.386399,1757169916.3934379,0.00703883171081543
1757169916.4437468,1757169916.4529777,0.009230852127075195
1757169916.6506968,1757169916.6574283,0.006731510162353516
1757169916.6753573,1757169916.680686,0.005328655242919922
1757169916.8743637,1757169916.8796976,0.005333900451660156
1757169916.9316194,1757169916.9408975,0.009278059005737305
1757169917.1472676,1757169917.156572,0.009304523468017578
1757169917.1697204,1757169917.17554,0.005819559097290039
1757169917.4520185,1757169917.4589393,0.006920814514160156
1757169917.4583166,1757169917.4634633,0.00514674186706543
1757169917.656993,1757169917.66225,0.005257129669189453
1757169917.7312944,1757169917.7365716,0.005277156829833984
1757169917.9325438,1757169917.9380484,0.005504608154296875
1757169917.9668374,1757169917.9720595,0.0052220821380615234
1757169918.18858,1757169918.1939566,0.005376577377319336
1757169918.2167368,1757169918.2219825,0.005245685577392578
1757169918.4140358,1757169918.419901,0.0058650970458984375
1757169918.4699597,1757169918.4752426,0.005282878875732422
1757169918.6752934,1757169918.6806793,0.005385875701904297
1757169918.7031307,1757169918.7085977,0.005466938018798828
1757169918.9011033,1757169918.9064488,0.005345582962036133
1757169918.9554088,1757169918.9606397,0.005230903625488281
1757169919.1583636,1757169919.1682022,0.009838581085205078
1757169919.1925216,1757169919.1981862,0.0056645870208740234
1757169919.3899934,1757169919.397582,0.007588624954223633
1757169919.4436774,1757169919.4489226,0.005245208740234375
1757169919.6469004,1757169919.6538382,0.006937742233276367
1757169919.6921937,1757169919.6985815,0.0063877105712890625
1757169919.8944957,1757169919.9000459,0.0055501461029052734
1757169919.9492788,1757169919.9545734,0.0052945613861083984
1757169920.1695251,1757169920.1772068,0.007681608200073242
1757169920.1809385,1757169920.186224,0.005285501480102539
1757169920.3872788,1757169920.3941426,0.006863832473754883
1757169920.450603,1757169920.4559689,0.005365848541259766
1757169920.6503327,1757169920.65565,0.005317211151123047
1757169920.6960175,1757169920.7012722,0.0052547454833984375
1757169920.8973665,1757169920.9060538,0.008687257766723633
1757169920.9846005,1757169920.9915216,0.006921052932739258
1757169921.2275965,1757169921.2330792,0.005482673645019531
1757169921.2299888,1757169921.2356176,0.005628824234008789
1757169921.4261322,1757169921.432629,0.006496906280517578
1757169921.5080328,1757169921.514532,0.006499290466308594
1757169921.723213,1757169921.7291048,0.0058917999267578125
1757169921.7277358,1757169921.732878,0.0051422119140625
1757169921.9504585,1757169921.956927,0.006468534469604492
1757169922.0516562,1757169922.057847,0.006190776824951172
1757169922.257472,1757169922.2630188,0.0055468082427978516
1757169922.350452,1757169922.356576,0.006124019622802734
1757169922.5513449,1757169922.5569973,0.005652427673339844
1757169922.6480026,1757169922.65339,0.005387306213378906
1757169922.845717,1757169922.851087,0.005370140075683594
1757169922.9452574,1757169922.9518497,0.006592273712158203
1757169923.156656,1757169923.1619499,0.005293846130371094
1757169923.2410438,1757169923.2463665,0.005322694778442383
1757169923.4581776,1757169923.4647481,0.006570577621459961
1757169923.4617147,1757169923.4672918,0.00557708740234375
1757169923.6613843,1757169923.6706357,0.00925135612487793
1757169923.743107,1757169923.7496994,0.006592273712158203
1757169923.9441667,1757169923.9520216,0.007854938507080078
1757169923.9648163,1757169923.970182,0.005365610122680664
1757169924.161092,1757169924.1666992,0.005607128143310547
1757169924.2261105,1757169924.2332146,0.007104158401489258
1757169924.4265842,1757169924.4321017,0.005517482757568359
1757169924.450572,1757169924.4566455,0.006073474884033203
1757169924.6504521,1757169924.657637,0.007184743881225586
1757170173.2046967,1757170173.215793,0.01109623908996582
1757170174.242151,1757170174.2488427,0.006691694259643555
1757170174.264592,1757170174.270916,0.006324052810668945
1757170175.328146,1757170175.3350196,0.006873607635498047
1757170175.3809597,1757170175.3871543,0.006194591522216797
1757170176.4022183,1757170176.4086385,0.006420135498046875
1757173036.7049155,1757173036.71349,0.008574485778808594
1757173037.7434828,1757173037.7500393,0.006556510925292969
1757173038.615228,1757173038.6220167,0.006788730621337891
1757173038.943014,1757173038.9497004,0.00668644905090332
1757173039.230036,1757173039.2395186,0.009482622146606445
1757173039.5290556,1757173039.535647,0.006591320037841797
1757173039.7660122,1757173039.773103,0.00709080696105957
1757173040.0583506,1757173040.0647087,0.006358146667480469
1757173040.2980638,1757173040.3048687,0.006804943084716797
1757173040.508784,1757173040.5158627,0.007078647613525391
1757173040.8186162,1757173040.825611,0.006994962692260742
1757173041.1020062,1757173041.108595,0.00658869743347168
1757173041.3098118,1757173041.3160686,0.006256818771362305
1757173041.5935407,1757173041.5989265,0.005385875701904297
1757173041.7934444,1757173041.7989676,0.005523204803466797
1757173042.0934656,1757173042.0991492,0.0056836605072021484
1757173042.3069608,1757173042.3138053,0.006844520568847656
1757173042.6002035,1757173042.6062155,0.006011962890625
1757173042.8136904,1757173042.8203108,0.0066204071044921875
1757173043.1291318,1757173043.1383169,0.009185075759887695
1757173043.411601,1757173043.4169638,0.005362749099731445
1757173043.626632,1757173043.636246,0.009613990783691406
1757173043.9118454,1757173043.9171643,0.005318880081176758
1757173044.1196313,1757173044.1265523,0.006921052932739258
1757173044.5122335,1757173044.5187576,0.006524085998535156
1757173044.7170072,1757173044.7263312,0.009324073791503906
1757173045.0032659,1757173045.008746,0.005480051040649414
1757173045.2001677,1757173045.205674,0.005506277084350586
1757173045.4957063,1757173045.501972,0.0062656402587890625
1757173045.7761605,1757173045.7813919,0.005231380462646484
1757173045.9784617,1757173045.9838014,0.005339622497558594
1757173046.2612362,1757173046.2676954,0.006459236145019531
1757173046.463384,1757173046.4690576,0.005673646926879883
1757173046.7539961,1757173046.7593567,0.005360603332519531
1757173046.9500318,1757173046.9553406,0.005308866500854492
1757173047.246007,1757173047.2513962,0.005389213562011719
1757173047.534512,1757173047.541143,0.006630897521972656
1757173047.7404397,1757173047.7459955,0.005555868148803711
1757173048.0340748,1757173048.040857,0.0067822933197021484
1757173048.2441175,1757173048.249622,0.005504608154296875
1757173048.5340772,1757173048.5393844,0.005307197570800781
1757173048.7300458,1757173048.7371716,0.0071258544921875
1757173049.0277267,1757173049.0334368,0.005710124969482422
1757173049.3081436,1757173049.3147852,0.0066416263580322266
1757173049.5132966,1757173049.5209188,0.007622241973876953
1757173049.866928,1757173049.8736703,0.006742238998413086
1757173050.0749712,1757173050.0824766,0.0075054168701171875
1757173050.3585773,1757173050.364029,0.005451679229736328
1757173050.5556455,1757173050.5624075,0.006762027740478516
1757173050.8669307,1757173050.8762314,0.009300708770751953
1757173051.151256,1757173051.1578083,0.006552219390869141
1757173051.3572953,1757173051.3670027,0.009707450866699219
1757173051.6603026,1757173051.6657212,0.005418539047241211
1757173051.8556998,1757173051.8611581,0.005458354949951172
1757173052.153205,1757173052.1603568,0.00715184211730957
1757173052.4361017,1757173052.4426138,0.006512165069580078
1757173052.6491451,1757173052.6570387,0.007893562316894531
1757173052.9337273,1757173052.939028,0.005300760269165039
1757173053.1400914,1757173053.14551,0.005418539047241211
1757173053.43143,1757173053.437046,0.005615949630737305
1757173053.6252513,1757173053.631632,0.006380796432495117
1757173053.9269025,1757173053.9323008,0.005398273468017578
1757173054.2185147,1757173054.2240725,0.0055577754974365234
1757173054.4164963,1757173054.4222069,0.005710601806640625
1757173054.709727,1757173054.7152925,0.0055654048919677734
1757173055.0041943,1757173055.0095513,0.005357027053833008
1757173055.2852795,1757173055.291185,0.0059053897857666016
1757173055.4899473,1757173055.4954655,0.005518198013305664
1757173055.7927601,1757173055.7983623,0.005602121353149414
1757173056.0112154,1757173056.0179415,0.00672602653503418
1757173056.2979782,1757173056.3032987,0.005320549011230469
1757173056.497476,1757173056.503033,0.005556821823120117
1757173056.7939937,1757173056.7994974,0.005503654479980469
1757173056.9979925,1757173057.0033755,0.005383014678955078
1757173057.2949665,1757173057.3025575,0.0075910091400146484
1757173057.5774148,1757173057.5828106,0.0053958892822265625
1757173057.7800536,1757173057.7855318,0.0054781436920166016
1757176420.187474,1757176420.1937892,0.0063152313232421875
1757176420.4538214,1757176420.462194,0.00837254524230957
1757176421.2796614,1757176421.2861617,0.006500244140625
1757176421.5171692,1757176421.5236454,0.006476163864135742
1757176422.354495,1757176422.3612971,0.006802082061767578
1757176422.6468086,1757176422.65539,0.008581399917602539
1757176423.4082963,1757176423.4149673,0.006670951843261719
1757176423.6374464,1757176423.6454844,0.008038043975830078
1757176424.47473,1757176424.4816065,0.006876468658447266
1757176424.7552574,1757176424.7619195,0.006662130355834961
1757176425.532634,1757176425.5393395,0.006705522537231445
1757176425.751623,1757176425.7601814,0.008558511734008789
1757176426.5936832,1757176426.600284,0.006600856781005859
1757176426.93562,1757176426.942362,0.006742000579833984
1757176427.6470292,1757176427.6534846,0.006455421447753906
1757176427.8821056,1757176427.888794,0.006688356399536133
1757176428.707965,1757176428.7146368,0.006671905517578125
1757176428.9362314,1757176428.9431367,0.006905317306518555
1757176429.7932768,1757176429.7997274,0.006450653076171875
1757176430.0857415,1757176430.0924628,0.0067212581634521484
1757176430.8512383,1757176430.8579834,0.006745100021362305
1757176431.0718586,1757176431.0796623,0.007803678512573242
1757176431.9631925,1757176431.9695616,0.006369113922119141
1757176432.1931298,1757176432.2005007,0.007370948791503906
1757176433.056225,1757176433.063216,0.006990909576416016
1757176433.3267682,1757176433.3336482,0.006880044937133789
1757176434.1300323,1757176434.136471,0.006438732147216797
1757176434.3524187,1757176434.3596778,0.0072591304779052734
1757176435.1955965,1757176435.2022293,0.006632804870605469
1757176435.4965534,1757176435.504512,0.007958650588989258
1757176436.274597,1757176436.2810957,0.006498813629150391
1757176436.486304,1757176436.4928842,0.0065801143646240234
1757176437.326309,1757176437.3331826,0.006873607635498047
1757176437.589091,1757176437.5972462,0.008155107498168945
1757176438.3863556,1757176438.392761,0.006405353546142578
1757176438.6045928,1757176438.612787,0.008194208145141602
1757176439.4522138,1757176439.458522,0.006308317184448242
1757176439.7267005,1757176439.7351232,0.008422613143920898
1757176440.5078702,1757176440.514448,0.006577730178833008
1757176440.7269032,1757176440.7333732,0.0064699649810791016
1757176441.5630631,1757176441.56943,0.0063669681549072266
1757176441.8436558,1757176441.8519957,0.008339881896972656
1757176442.6039512,1757176442.610265,0.006313800811767578
1757176442.8226264,1757176442.8292165,0.006590127944946289
1757176443.6638331,1757176443.670149,0.006315946578979492
1757176443.8807094,1757176443.8875709,0.006861448287963867
1757176444.7271688,1757176444.7336779,0.006509065628051758
1757176445.0103335,1757176445.0164022,0.006068706512451172
1757176445.7573092,1757176445.7685513,0.011242151260375977
1757176445.9745054,1757176445.9856648,0.011159420013427734
1757176446.8912911,1757176446.8977308,0.006439685821533203
1757176447.1718054,1757176447.1793728,0.007567405700683594
1757176447.953891,1757176447.960946,0.007055044174194336
1757176448.1655674,1757176448.1717038,0.006136417388916016
1757176449.011619,1757176449.0179873,0.006368160247802734
1757176449.2838326,1757176449.2897637,0.00593113899230957
1757176450.0794094,1757176450.0860493,0.006639957427978516
1757176450.3123603,1757176450.320204,0.007843732833862305
1757176450.3162308,1757176450.324682,0.008451223373413086
1757176450.531887,1757176450.538405,0.006517887115478516
1757176450.6055243,1757176450.6127267,0.0072023868560791016
1757176450.8179955,1757176450.8239772,0.0059816837310791016
1757176450.840177,1757176450.846858,0.006680965423583984
1757176451.052406,1757176451.0634995,0.011093378067016602
1757176451.1101916,1757176451.115902,0.0057103633880615234
1757176451.3199205,1757176451.3260715,0.006150960922241211
1757176451.3793051,1757176451.3869493,0.007644176483154297
1757176451.6312184,1757176451.6372628,0.0060443878173828125
1757176451.6478612,1757176451.653911,0.0060498714447021484
1757176451.8701007,1757176451.8763828,0.00628209114074707
1757176451.92034,1757176451.92601,0.005669832229614258
1757176452.1228871,1757176452.1282885,0.0054013729095458984
1757176452.1797745,1757176452.1860063,0.006231784820556641
1757176452.398555,1757176452.4083703,0.009815216064453125
1757176452.4164948,1757176452.4218209,0.005326032638549805
1757176452.6184025,1757176452.6238341,0.005431652069091797
1757176452.6946945,1757176452.7017777,0.00708317756652832
1757176452.9230816,1757176452.9297674,0.006685733795166016
1757176452.9807787,1757176452.9878185,0.007039785385131836
1757176453.1862264,1757176453.1926122,0.00638580322265625
1757176453.2496371,1757176453.2563055,0.0066683292388916016
1757176453.488321,1757176453.4938772,0.0055561065673828125
1757176453.4967573,1757176453.5030692,0.006311893463134766
1757176453.7069116,1757176453.7133694,0.006457805633544922
1757176453.7702167,1757176453.7771077,0.006891012191772461
1757176453.983476,1757176453.9937248,0.010248899459838867
1757176454.0197453,1757176454.026102,0.006356716156005859
1757176454.2292478,1757176454.2356417,0.006393909454345703
1757176454.2724752,1757176454.2791226,0.006647348403930664
1757176454.4774175,1757176454.4840808,0.006663322448730469
1757176454.5267038,1757176454.534269,0.00756525993347168
1757176454.752481,1757176454.759266,0.006784915924072266
1757176454.7757854,1757176454.7811408,0.005355358123779297
1757176454.979103,1757176454.9845312,0.0054280757904052734
1757176455.0471244,1757176455.0536149,0.006490468978881836
1757176455.2696202,1757176455.2760444,0.0064241886138916016
1757176455.27178,1757176455.2772715,0.005491495132446289
1757176455.4705656,1757176455.4766476,0.006082057952880859
1757176455.5621095,1757176455.5683174,0.006207942962646484
1757176455.7802093,1757176455.7864592,0.006249904632568359
1757176455.8637185,1757176455.8703136,0.006595134735107422
1757176456.0953748,1757176456.1014626,0.006087779998779297
1757176456.1061285,1757176456.1129138,0.006785392761230469
1757176456.3581686,1757176456.370469,0.012300491333007812
1757176456.3805695,1757176456.386102,0.005532503128051758
1757176456.5777419,1757176456.584645,0.006903171539306641
1757176456.6948838,1757176456.7018914,0.007007598876953125
1757176456.9081078,1757176456.9167995,0.008691787719726562
1757176456.9699807,1757176456.9767349,0.006754159927368164
1757176457.1800115,1757176457.189972,0.009960412979125977
1757176457.2196739,1757176457.2263556,0.006681680679321289
1757176457.4348514,1757176457.4427524,0.00790095329284668
1757176457.4827743,1757176457.489098,0.006323814392089844
1757176457.7034793,1757176457.7093441,0.005864858627319336
1757176457.7344816,1757176457.7430284,0.008546829223632812
1757176457.9508567,1757176457.9614248,0.01056814193725586
1757176457.9920325,1757176457.998616,0.006583452224731445
1757176458.2020636,1757176458.2088623,0.006798744201660156
1757176458.2567987,1757176458.2649236,0.008124828338623047
1757176458.4749765,1757176458.4865348,0.011558294296264648
1757176458.5034132,1757176458.5088341,0.0054209232330322266
1757176458.7004032,1757176458.707253,0.006849765777587891
1757176458.7666001,1757176458.7741075,0.00750732421875
1757176459.0004585,1757176459.010337,0.00987863540649414
1757176459.0141776,1757176459.0201645,0.005986928939819336
1757176459.2100494,1757176459.2171736,0.007124185562133789
1757176459.285198,1757176459.2905242,0.005326271057128906
1757176459.5019257,1757176459.508353,0.006427288055419922
1757176459.50494,1757176459.5103118,0.005371809005737305
1757176459.7008662,1757176459.7062907,0.00542449951171875
1757176459.800147,1757176459.8055172,0.005370140075683594
1757176460.003723,1757176460.0103102,0.00658726692199707
1757176460.0896945,1757176460.0950599,0.0053653717041015625
1757176460.3155048,1757176460.3223825,0.0068776607513427734
1757176460.3165038,1757176460.322992,0.006488323211669922
1757176460.546248,1757176460.5516033,0.005355358123779297
1757176460.5462432,1757176460.5556135,0.00937032699584961
1757176460.7454705,1757176460.7509177,0.0054471492767333984
1757176460.825615,1757176460.832375,0.006760120391845703
1757176461.0586371,1757176461.0644937,0.005856513977050781
1757176461.0600665,1757176461.065945,0.005878448486328125
1757176461.2902904,1757176461.2955136,0.005223274230957031
1757176461.3432248,1757176461.3488152,0.0055904388427734375
1757176461.5429003,1757176461.548482,0.00558161735534668
1757176461.594936,1757176461.6001709,0.005234956741333008
1757176461.8176668,1757176461.82551,0.007843255996704102
1757176461.832032,1757176461.837307,0.00527501106262207
1757176462.0313165,1757176462.0369222,0.0056056976318359375
1757176462.099209,1757176462.1056776,0.006468534469604492
1757176462.3134341,1757176462.318995,0.005560874938964844
1757176462.385965,1757176462.3927758,0.006810665130615234
1757176462.5899637,1757176462.5955808,0.0056171417236328125
1757176462.6158757,1757176462.6242468,0.008371114730834961
1757176462.827703,1757176462.8330936,0.005390644073486328
1757176462.8715477,1757176462.8770452,0.005497455596923828
1757176463.0763226,1757176463.082134,0.005811452865600586
1757176463.1113842,1757176463.1167529,0.005368709564208984
1757176463.3111978,1757176463.3177876,0.0065898895263671875
1757176463.3726768,1757176463.3795128,0.0068359375
1757176463.5959911,1757176463.6030374,0.007046222686767578
1757176463.6128418,1757176463.6180286,0.005186796188354492
1757176463.8106964,1757176463.8171284,0.006432056427001953
1757176463.8765533,1757176463.8818474,0.005294084548950195
1757176464.106863,1757176464.115722,0.008858919143676758
1757176464.1225512,1757176464.1288645,0.006313323974609375
1757176464.3247173,1757176464.3299868,0.005269527435302734
1757176464.3886042,1757176464.3939643,0.005360126495361328
1757176464.613059,1757176464.622663,0.00960397720336914
1757176464.63072,1757176464.6366282,0.00590825080871582
1757176464.8967788,1757176464.9023783,0.005599498748779297
1757176464.9073503,1757176464.9128435,0.0054931640625
1757176465.10948,1757176465.1148493,0.005369424819946289
1757176465.1766806,1757176465.1828969,0.006216287612915039
1757176465.3945014,1757176465.4026144,0.008112907409667969
1757176465.4119842,1757176465.417347,0.005362749099731445
1757176465.6080759,1757176465.6134045,0.005328655242919922
1757176465.6766753,1757176465.6820152,0.005339860916137695
1757176465.9176767,1757176465.9230568,0.005380153656005859
1757176465.9578123,1757176465.9631937,0.005381345748901367
1757176466.1618605,1757176466.1672347,0.00537419319152832
1757176466.2041686,1757176466.2107947,0.006626129150390625
1757176466.411294,1757176466.416899,0.005604982376098633
1757176466.4495158,1757176466.4547293,0.005213499069213867
1757176466.6518977,1757176466.65844,0.0065424442291259766
1757176466.7044432,1757176466.7100863,0.005643129348754883
1757176466.9040759,1757176466.909982,0.005906105041503906
1757176466.9387238,1757176466.9438918,0.005167961120605469
1757176467.1430051,1757176467.148724,0.00571894645690918
1757176467.1882577,1757176467.1947827,0.0065250396728515625
1757176467.3925977,1757176467.398142,0.005544424057006836
1757176467.4282706,1757176467.4334345,0.005163908004760742
1757176467.6300733,1757176467.635479,0.0054056644439697266
1757176467.9242892,1757176467.9310033,0.0067141056060791016
1757176468.1264648,1757176468.1347606,0.008295774459838867
1757176468.3036592,1757176468.31286,0.009200811386108398
1757176468.4789546,1757176468.4845648,0.005610227584838867
1757176468.6504304,1757176468.656709,0.006278514862060547
1759846850.463219,1759846850.4695332,0.006314277648925781
1759846851.489841,1759846851.496657,0.006815910339355469
1759846852.4841726,1759846852.4908338,0.006661176681518555
1759846852.7815619,1759846852.7875876,0.006025791168212891
1759846852.9881117,1759846852.9966576,0.008545875549316406
1759846853.241353,1759846853.2474725,0.006119489669799805
1759846853.4587948,1759846853.4652812,0.006486415863037109
1759846853.7495332,1759846853.7573915,0.0078582763671875
1759846853.9853714,1759846853.991883,0.006511688232421875
1759846854.2313695,1759846854.237915,0.006545543670654297
1759846854.4666517,1759846854.4734185,0.006766796112060547
1759846854.739275,1759846854.7487068,0.009431838989257812
1759846854.960111,1759846854.9679623,0.007851362228393555
1759846855.2350967,1759846855.241534,0.0064373016357421875
1759846855.463788,1759846855.4703085,0.006520509719848633
1759846855.720119,1759846855.726689,0.006570100784301758
1759846855.9517405,1759846855.95815,0.006409406661987305
1759846856.1731374,1759846856.1808662,0.0077288150787353516
1759846856.437952,1759846856.4442658,0.006313800811767578
1759846856.668899,1759846856.6759157,0.007016658782958984
1759846856.9231544,1759846856.9297018,0.006547451019287109
1759846857.1572366,1759846857.1656015,0.00836491584777832
1759846857.4046924,1759846857.4110932,0.0064008235931396484
1759846857.616005,1759846857.6253545,0.009349584579467773
1759846857.864158,1759846857.872047,0.007889032363891602
1759846858.0857038,1759846858.09292,0.007216215133666992
1759846858.3311007,1759846858.3395379,0.008437156677246094
1759846858.5512712,1759846858.5582788,0.007007598876953125
1759846858.8014538,1759846858.8079278,0.006474018096923828
1759846859.0328295,1759846859.0453885,0.012558937072753906
1759846859.3598988,1759846859.3662214,0.006322622299194336
1759846859.5807502,1759846859.5878098,0.007059574127197266
1759846859.8336253,1759846859.839902,0.006276607513427734
1759846860.07176,1759846860.0782142,0.0064542293548583984
1759846860.3363202,1759846860.3429484,0.006628274917602539
1759846860.508257,1759846860.519447,0.011190176010131836
1759846860.7779472,1759846860.7845607,0.006613492965698242
1759846860.9957764,1759846861.0023856,0.006609201431274414
1759846861.2473133,1759846861.2549925,0.0076792240142822266
1759846861.4828691,1759846861.48964,0.0067708492279052734
1759846861.7381039,1759846861.7444701,0.006366252899169922
1759846861.9557307,1759846861.9649234,0.009192705154418945
1759846862.2120402,1759846862.2183502,0.006309986114501953
1759846862.440681,1759846862.4477806,0.007099628448486328
1759846862.7431586,1759846862.7500246,0.006865978240966797
1759846862.9590068,1759846862.9660134,0.007006645202636719
1759846863.235729,1759846863.2423737,0.006644725799560547
1759846863.4740717,1759846863.4819663,0.007894515991210938
1759846863.7532954,1759846863.7597275,0.006432056427001953
1759846863.985246,1759846863.9918933,0.006647348403930664
1759846864.2402093,1759846864.246967,0.0067577362060546875
1759846864.4480968,1759846864.456935,0.008838176727294922
1759846864.704821,1759846864.7113314,0.006510257720947266
1759846864.929755,1759846864.9379113,0.008156299591064453
1759846865.1842825,1759846865.1908395,0.006556987762451172
1759846865.393387,1759846865.4048123,0.011425256729125977
1759846865.6485512,1759846865.6547751,0.006223917007446289
1759846865.8478127,1759846865.8605766,0.01276397705078125
1759846866.154593,1759846866.1615403,0.00694727897644043
1759846866.3532457,1759846866.3598278,0.006582021713256836
1759846866.6015527,1759846866.6083713,0.006818532943725586
1759846866.7820363,1759846866.7886522,0.006615877151489258
1759846867.0541258,1759846867.0630846,0.008958816528320312
1759846867.3053324,1759846867.3115668,0.006234407424926758
1759846867.524203,1759846867.530776,0.0065729618072509766
1759846867.777587,1759846867.7853587,0.007771730422973633
1759846867.9580295,1759846867.964629,0.00659942626953125
1759846868.2431138,1759846868.2498348,0.006721019744873047
1759846868.4060001,1759846868.4127448,0.0067446231842041016
1759846868.6823394,1759846868.6907353,0.008395910263061523
1759846868.9396143,1759846868.9459693,0.0063550472259521484
1759846869.10604,1759846869.1124222,0.0063822269439697266
1759846869.40598,1759846869.4123192,0.006339073181152344
1759846869.5736494,1759846869.5805337,0.006884336471557617
1759846869.8282704,1759846869.8345199,0.006249427795410156
1759846870.0153108,1759846870.0252042,0.009893417358398438
1759846870.27817,1759846870.2844064,0.00623631477355957
1759846870.4524822,1759846870.4630165,0.010534286499023438
1759846870.7125936,1759846870.718879,0.006285429000854492
1759846870.8972027,1759846870.9037666,0.006563901901245117
1759846871.1464632,1759846871.152896,0.006432771682739258
1759846871.324752,1759846871.3312924,0.0065402984619140625
1759846871.5828488,1759846871.5901003,0.0072515010833740234
1759846871.7469358,1759846871.7565532,0.009617328643798828
1759846872.022902,1759846872.0299008,0.006998777389526367
1759846872.258045,1759846872.2673776,0.009332656860351562
1759846872.5131927,1759846872.520384,0.00719141960144043
1759846872.6863773,1759846872.6931722,0.006794929504394531
1759846872.9391353,1759846872.9455996,0.006464242935180664
1759846873.1173584,1759846873.124658,0.007299661636352539
1759846873.3730261,1759846873.3794568,0.006430625915527344
1759846873.5544133,1759846873.5613024,0.0068891048431396484
1759846873.8399062,1759846873.8459787,0.006072521209716797
1759846874.0314102,1759846874.0385363,0.0071260929107666016
1759846874.193536,1759846874.1997137,0.006177663803100586
1759846874.4544456,1759846874.4653306,0.010885000228881836
1759846874.6530135,1759846874.6592891,0.006275653839111328
1759846874.9011555,1759846874.907191,0.006035566329956055
1759846875.075492,1759846875.0819523,0.006460428237915039
1759846875.3932724,1759846875.399613,0.006340503692626953
1759846875.5663328,1759846875.572798,0.00646519660949707
1759846875.8287885,1759846875.835881,0.007092475891113281
1759846876.0037959,1759846876.0150871,0.011291265487670898
1759846876.2595813,1759846876.265888,0.006306648254394531
1759846876.450062,1759846876.4600341,0.009972095489501953
1759846876.698988,1759846876.7063165,0.007328510284423828
1759846876.9439156,1759846876.9502633,0.00634765625
1759846877.1153796,1759846877.1219978,0.0066182613372802734
1759846877.3755643,1759846877.38209,0.006525754928588867
1759846877.5644104,1759846877.5709484,0.006537914276123047
1759846877.8376942,1759846877.843999,0.006304740905761719
1759848974.778412,1759848974.7848914,0.0064792633056640625
1759848975.7805939,1759848975.791911,0.011317014694213867
1759848975.8585992,1759848975.866732,0.008132696151733398
1759848976.8633637,1759848976.8715103,0.008146524429321289
1759848976.884378,1759848976.8943732,0.009995222091674805
1759848977.8867877,1759848977.893424,0.006636381149291992
1759848978.0168962,1759848978.0234048,0.006508588790893555
1759848979.0165756,1759848979.0231836,0.006608009338378906
1759848979.1130612,1759848979.1193943,0.006333112716674805
1759848980.112338,1759848980.1186192,0.006281137466430664
1759848980.1766694,1759848980.1834702,0.00680088996887207
1759848981.1669664,1759848981.1745434,0.007576942443847656
1759848981.2015874,1759848981.2078671,0.006279706954956055
1759848982.209608,1759848982.216311,0.006702899932861328
1759848982.23844,1759848982.2449348,0.006494760513305664
1759848983.2291768,1759848983.2360525,0.006875753402709961
1759848983.3002448,1759848983.3068311,0.006586313247680664
1759848984.3108978,1759848984.3170364,0.00613856315612793
1759848984.3936434,1759848984.4003167,0.006673336029052734
1759848985.3932345,1759848985.4001322,0.006897687911987305
1759848985.4675238,1759848985.4741821,0.006658315658569336
1759848986.4914334,1759848986.497922,0.0064885616302490234
1759848986.493785,1759848986.5019865,0.00820159912109375
1759848987.4775536,1759848987.4867287,0.00917506217956543
1759848987.5814085,1759848987.5878682,0.006459712982177734
1759848988.5663211,1759848988.5761983,0.009877204895019531
1759848988.6802704,1759848988.68702,0.006749629974365234
1759848989.6686184,1759848989.6783855,0.00976705551147461
1759848989.675976,1759848989.6827846,0.00680851936340332
1759848990.7116761,1759848990.7229917,0.011315584182739258
1759848990.7457497,1759848990.7520638,0.00631403923034668
1759848991.7526374,1759848991.7592614,0.006623983383178711
1759848991.7918115,1759848991.7981455,0.006334066390991211
1759848992.7789507,1759848992.7855215,0.0065708160400390625
1759848992.8255742,1759848992.8321586,0.0065844058990478516
1759848993.8267024,1759848993.8331594,0.006457090377807617
1759848993.8797345,1759848993.8863456,0.0066111087799072266
1759848994.8725321,1759848994.8789012,0.006369113922119141
1759848994.9293022,1759848994.9360478,0.006745576858520508
1759848995.9419677,1759848995.9487984,0.006830692291259766
1759848995.9693806,1759848995.9816968,0.012316226959228516
1759848996.970999,1759848996.9772022,0.006203174591064453
1759848997.0423243,1759848997.0490046,0.00668025016784668
1759848998.040294,1759848998.047393,0.007099151611328125
1759848998.0423126,1759848998.048617,0.006304264068603516
1759848999.0366058,1759848999.043014,0.006408214569091797
1759848999.1622133,1759848999.1686132,0.006399869918823242
1759849000.1523232,1759849000.1587584,0.0064351558685302734
1759849000.2070644,1759849000.213391,0.0063266754150390625
1759849001.2239122,1759849001.2302408,0.006328582763671875
1759849001.2471364,1759849001.2535594,0.006422996520996094
1759849002.255379,1759849002.262218,0.00683903694152832
1759849002.2972484,1759849002.30361,0.006361722946166992
1759849003.2895703,1759849003.29582,0.006249666213989258
1759849003.3291514,1759849003.3365514,0.007400035858154297
1759849004.437152,1759849004.4477293,0.01057744026184082
1759849004.351045,1759849004.35777,0.0067250728607177734
1759849005.318964,1759849005.325419,0.006454944610595703
1759849005.3770514,1759849005.3828936,0.0058422088623046875
1759849005.5592802,1759849005.5653636,0.006083488464355469
1759849005.582669,1759849005.5892024,0.006533384323120117
1759849005.7486675,1759849005.755245,0.006577491760253906
1759849005.8186939,1759849005.8244286,0.005734682083129883
1759849005.9925928,1759849005.9998405,0.0072476863861083984
1759849005.9952729,1759849006.0018759,0.0066030025482177734
1759849006.1738632,1759849006.180287,0.0064237117767333984
1759849006.2491372,1759849006.2563012,0.00716400146484375
1759849006.4172854,1759849006.4260273,0.00874185562133789
1759849006.448834,1759849006.4566014,0.007767438888549805
1759849006.6144378,1759849006.6210182,0.006580352783203125
1759849006.6629274,1759849006.6689558,0.006028413772583008
1759849006.82222,1759849006.8290193,0.006799221038818359
1759849006.912617,1759849006.919106,0.0064890384674072266
1759849007.0844362,1759849007.0901296,0.0056934356689453125
1759849007.0966442,1759849007.104396,0.007751941680908203
1759849007.278134,1759849007.2847042,0.006570100784301758
1759849007.3273737,1759849007.3326447,0.005270957946777344
1759849007.4750962,1759849007.4804652,0.005368947982788086
1759849007.5331407,1759849007.5404372,0.007296562194824219
1759849007.7139454,1759849007.720446,0.006500720977783203
1759849007.7326968,1759849007.7391927,0.006495952606201172
1759849007.89438,1759849007.9038134,0.009433269500732422
1759849007.962856,1759849007.9693348,0.006478786468505859
1759849008.1336148,1759849008.1400094,0.006394624710083008
1759849008.201576,1759849008.2070067,0.005430698394775391
1759849008.3674614,1759849008.3753147,0.007853269577026367
1759849008.3803236,1759849008.3868382,0.006514549255371094
1759849008.5328798,1759849008.5402014,0.007321596145629883
1759849008.630859,1759849008.6374698,0.006610870361328125
1759849008.7859359,1759849008.7914646,0.005528688430786133
1759849008.879958,1759849008.886181,0.006223201751708984
1759849009.0543797,1759849009.059673,0.005293369293212891
1759849009.059454,1759849009.0658417,0.0063877105712890625
1759849009.2226434,1759849009.228889,0.006245613098144531
1759849009.2940395,1759849009.3032064,0.009166955947875977
1759849009.4628813,1759849009.469469,0.0065877437591552734
1759849009.4869366,1759849009.493052,0.006115436553955078
1759849009.66131,1759849009.669136,0.007826089859008789
1759849009.7102509,1759849009.7155902,0.005339384078979492
1759849009.85803,1759849009.8633933,0.0053632259368896484
1759849009.966907,1759849009.9734519,0.006544828414916992
1759849010.1332052,1759849010.140273,0.00706791877746582
1759849010.2094944,1759849010.2149029,0.005408525466918945
1759849010.3833387,1759849010.3888848,0.005546092987060547
1759849010.4057908,1759849010.412232,0.0064411163330078125
1759849010.5852838,1759849010.5970488,0.011765003204345703
1759849010.628517,1759849010.6336968,0.005179882049560547
1759849010.794258,1759849010.800393,0.006134986877441406
1759849010.8413012,1759849010.8479173,0.006616115570068359
1759849011.007828,1759849011.0146334,0.006805419921875
1759849011.0341177,1759849011.0395925,0.00547480583190918
1759849011.2618372,1759849011.2675169,0.005679607391357422
1759849011.2774174,1759849011.2841904,0.0067729949951171875
1759849011.4492807,1759849011.455867,0.006586313247680664
1759849011.4967525,1759849011.5021405,0.005388021469116211
1759849011.6492505,1759849011.6546402,0.005389690399169922
1759849011.6933243,1759849011.699807,0.006482601165771484
1759849011.8604522,1759849011.8667624,0.006310224533081055
1759849011.8902378,1759849011.8962219,0.005984067916870117
1759849012.0418086,1759849012.047206,0.005397319793701172
1759849012.1082911,1759849012.1149251,0.0066339969635009766
1759849012.2712386,1759849012.2786443,0.007405757904052734
1759849012.3081865,1759849012.3149967,0.006810188293457031
1759849012.4765606,1759849012.4837399,0.00717926025390625
1759849012.511475,1759849012.5183563,0.006881237030029297
1759849012.6740236,1759849012.6804118,0.006388187408447266
1759849012.7325234,1759849012.740489,0.007965564727783203
1759849012.908854,1759849012.9156039,0.006749868392944336
1759849012.9260006,1759849012.9320405,0.006039857864379883
1759849013.0719922,1759849013.0775123,0.0055201053619384766
1759849013.2118542,1759849013.2194924,0.007638216018676758
1759849013.3926,1759849013.3996925,0.007092475891113281
1759849013.4328985,1759849013.4395816,0.0066831111907958984
1759849013.587451,1759849013.5929585,0.005507469177246094
1759849013.6419182,1759849013.6482913,0.006373167037963867
1759849013.819701,1759849013.8308358,0.011134862899780273
1759849013.8484187,1759849013.8559794,0.00756072998046875
1759849014.0559227,1759849014.0616307,0.005707979202270508
1759849014.0697536,1759849014.0762105,0.006456851959228516
1759849014.2365112,1759849014.2427592,0.006247997283935547
1759849014.2923615,1759849014.297758,0.005396604537963867
1759849014.450422,1759849014.457028,0.006605863571166992
1759849014.4870896,1759849014.4950066,0.007916927337646484
1759849014.666316,1759849014.6730692,0.006753206253051758
1759849014.687587,1759849014.692953,0.005366086959838867
1759849014.8432295,1759849014.8500326,0.006803035736083984
1759849014.914228,1759849014.920773,0.006545066833496094
1759849015.0849867,1759849015.0943189,0.00933218002319336
1759849015.0899553,1759849015.0984402,0.008484840393066406
1759849015.2476473,1759849015.255515,0.007867813110351562
1759849015.3239455,1759849015.3292513,0.005305767059326172
1759849015.4821634,1759849015.4876947,0.00553131103515625
1759849015.5024524,1759849015.513492,0.01103973388671875
1759849015.6723359,1759849015.6788309,0.006494998931884766
1759849015.7294285,1759849015.7347953,0.005366802215576172
1759849015.88237,1759849015.8879008,0.005530834197998047
1759849015.9187222,1759849015.9254708,0.006748676300048828
1759849016.12194,1759849016.1282644,0.0063245296478271484
1759849016.155079,1759849016.161363,0.006283998489379883
1759849016.3291323,1759849016.335336,0.006203651428222656
1759849016.36181,1759849016.3673975,0.005587577819824219
1759849016.5138993,1759849016.5218086,0.007909297943115234
1759849016.5716605,1759849016.5777924,0.006131887435913086
1759849016.7516072,1759849016.7580087,0.006401538848876953
1759849016.7676027,1759849016.773438,0.005835294723510742
1759849016.9191377,1759849016.9245362,0.00539851188659668
1759849016.99273,1759849016.9986289,0.005898952484130859
1759849017.1657364,1759849017.1754036,0.009667158126831055
1759849017.2209857,1759849017.2266195,0.005633831024169922
1759849017.3709767,1759849017.3766675,0.005690813064575195
1759849017.418923,1759849017.4247818,0.005858898162841797
1759849017.6035788,1759849017.6095757,0.0059969425201416016
1759849017.6102042,1759849017.6166599,0.006455659866333008
1759849017.766966,1759849017.772429,0.0054628849029541016
1759849017.8452203,1759849017.8509872,0.005766868591308594
1759849018.0196536,1759849018.0273225,0.007668972015380859
1759849018.0250893,1759849018.0312657,0.006176471710205078
1759849018.1875973,1759849018.1949193,0.007322072982788086
1759849018.2530499,1759849018.2584202,0.005370378494262695
1759849018.411252,1759849018.4182167,0.006964683532714844
1759849018.4369004,1759849018.4427829,0.0058825016021728516
1759849018.5988753,1759849018.604617,0.00574183464050293
1759849018.652616,1759849018.658038,0.005421876907348633
1759849018.8236978,1759849018.8303013,0.0066034793853759766
1759849018.8633053,1759849018.869025,0.005719661712646484
1759849019.0680873,1759849019.0776367,0.009549379348754883
1759849019.0846558,1759849019.090355,0.00569915771484375
1759849019.2670288,1759849019.272892,0.005863189697265625
1759849019.3208985,1759849019.326498,0.005599498748779297
1759849019.4813075,1759849019.4866276,0.005320072174072266
1759849019.5243664,1759849019.530391,0.006024599075317383
1759849019.6868067,1759849019.6927102,0.005903482437133789
1759849019.717785,1759849019.7233324,0.005547523498535156
1759849019.8821616,1759849019.887969,0.005807399749755859
1759849019.9348047,1759849019.9405282,0.005723476409912109
1759849020.1008286,1759849020.1073737,0.006545066833496094
1759849020.1800158,1759849020.1864045,0.006388664245605469
1759849020.354686,1759849020.3602207,0.005534648895263672
1759849020.3603728,1759849020.3660107,0.0056378841400146484
1759849020.507406,1759849020.5128543,0.005448341369628906
1759849020.5947452,1759849020.6007888,0.006043672561645508
1759849020.7528682,1759849020.7586882,0.005820035934448242
1759849020.759227,1759849020.764601,0.005373954772949219
1759849020.9061575,1759849020.9160976,0.009940147399902344
1759849020.980162,1759849020.986497,0.006335020065307617
1759849021.1478899,1759849021.1547508,0.006860971450805664
1759849021.1557083,1759849021.1614666,0.0057582855224609375
1759849021.3074937,1759849021.314067,0.006573200225830078
1759849021.3757362,1759849021.3810287,0.005292415618896484
1759849021.534607,1759849021.5398357,0.005228757858276367
1759849021.5546238,1759849021.5600245,0.005400657653808594
1759849021.706607,1759849021.7119815,0.005374431610107422
1759849021.8132598,1759849021.8184984,0.005238533020019531
1759849021.9657924,1759849021.9712615,0.005469083786010742
1759849022.0526335,1759849022.0579731,0.005339622497558594
1759849022.2142513,1759849022.2212105,0.006959199905395508
1759849022.2299669,1759849022.2353537,0.005386829376220703
1759849022.369259,1759849022.3757224,0.006463289260864258
1759849022.456889,1759849022.462242,0.005352973937988281
1759849022.6288335,1759849022.6343224,0.005488872528076172
1759849022.6393611,1759849022.644662,0.005300760269165039
1759849022.7935896,1759849022.799191,0.005601406097412109
1759849022.8594189,1759849022.8663237,0.0069048404693603516
1759849023.0071142,1759849023.0124795,0.0053653717041015625
1759849023.1001062,1759849023.1053658,0.005259513854980469
1759849023.2824776,1759849023.2879488,0.005471229553222656
1759849023.288098,1759849023.2933538,0.005255699157714844
1759849023.4363444,1759849023.4422133,0.0058689117431640625
1759849023.519743,1759849023.5250547,0.005311727523803711
1759849023.6784768,1759849023.6844118,0.005934953689575195
1759849023.6969697,1759849023.7024257,0.005455970764160156
1759849023.8550727,1759849023.8640325,0.008959770202636719
1759849023.914724,1759849023.921324,0.006599903106689453
1759849024.0826604,1759849024.0882275,0.005567073822021484
1759849024.1103852,1759849024.115814,0.005428791046142578
1759849024.2828605,1759849024.2885377,0.005677223205566406
1759849024.316172,1759849024.3215516,0.005379676818847656
1759849024.5170164,1759849024.522581,0.005564689636230469
1759849024.5271254,1759849024.5326633,0.005537986755371094
1759849024.6850984,1759849024.6905522,0.005453824996948242
1759849024.7533736,1759849024.7587938,0.005420207977294922
1759849024.9295022,1759849024.9350507,0.0055484771728515625
1759849024.9341075,1759849024.9396188,0.005511283874511719
1759849025.0890322,1759849025.0957901,0.006757974624633789
1759849025.165393,1759849025.1708858,0.005492687225341797
1759849025.3299055,1759849025.3361137,0.006208181381225586
1759849025.3344088,1759849025.3399036,0.005494832992553711
1759849025.4871533,1759849025.4937975,0.006644248962402344
1759849025.572135,1759849025.5774002,0.005265235900878906
1759849025.7350569,1759849025.7405276,0.005470752716064453
1759849025.7458544,1759849025.7510889,0.005234479904174805
1759849025.902274,1759849025.9096851,0.00741124153137207
1759849025.9645278,1759849025.9698374,0.005309581756591797
1759849026.1170533,1759849026.1222458,0.00519251823425293
1759849026.1889987,1759849026.194276,0.005277395248413086
1759849026.3544512,1759849026.3598552,0.005403995513916016
1759849026.3784797,1759849026.385108,0.006628274917602539
1759849026.5500855,1759849026.5591915,0.009105920791625977
1759849026.6018322,1759849026.607145,0.005312919616699219
1759849026.7623155,1759849026.7686296,0.00631403923034668
1759849026.7986588,1759849026.803988,0.005329132080078125
1759849026.950288,1759849026.95638,0.0060918331146240234
1759849027.000393,1759849027.0057085,0.005315542221069336
1759849027.163092,1759849027.1684604,0.005368471145629883
1759849027.2121422,1759849027.217564,0.005421876907348633
1759849027.3623762,1759849027.3692465,0.006870269775390625
1759849027.3969612,1759849027.4039702,0.007009029388427734
1759849027.554195,1759849027.559453,0.005258083343505859
1759849027.6381516,1759849027.6455877,0.007436037063598633
1759849027.7967117,1759849027.806207,0.009495258331298828
1759849027.808705,1759849027.8139334,0.005228281021118164
1759849027.9545708,1759849027.963116,0.008545160293579102
1759849028.0280075,1759849028.0371153,0.009107828140258789
1759849028.199723,1759849028.206458,0.006735086441040039
1759849028.2095168,1759849028.2150333,0.005516529083251953
1759849028.3603714,1759849028.3656816,0.0053102970123291016
1759849028.429512,1759849028.43846,0.008948087692260742
1759849028.5926142,1759849028.601856,0.009241819381713867
1759849028.606293,1759849028.6116228,0.00532984733581543
1759849028.8246012,1759849028.8326957,0.008094549179077148
1759849028.8351898,1759849028.8403995,0.005209684371948242
1759849028.9794495,1759849028.98468,0.005230426788330078
1759849029.0519173,1759849029.058121,0.006203651428222656
1759849029.212269,1759849029.2177038,0.005434751510620117
1759849029.222559,1759849029.2318044,0.00924539566040039
1759849029.3787198,1759849029.3840094,0.005289554595947266
1759849029.4497483,1759849029.456172,0.0064237117767333984
1759849029.61684,1759849029.6249406,0.008100748062133789
1759849029.6221726,1759849029.628753,0.006580352783203125
1759849029.765214,1759849029.7704968,0.005282878875732422
1759849029.849199,1759849029.8544445,0.0052454471588134766
1759849030.0064151,1759849030.0137365,0.007321357727050781
1759849030.01079,1759849030.016364,0.00557398796081543
1759849030.1504586,1759849030.1559174,0.005458831787109375
1759849030.2336807,1759849030.2389314,0.005250692367553711
1759849030.3981915,1759849030.4035034,0.0053119659423828125
1759849030.4658751,1759849030.4717484,0.005873203277587891
1759849030.625754,1759849030.6316555,0.005901336669921875
1759849030.650219,1759849030.6555026,0.0052835941314697266
1759849030.8077312,1759849030.813141,0.005409955978393555
1759849030.8579557,1759849030.8631074,0.0051517486572265625
1759849031.007168,1759849031.0139558,0.006787776947021484
1759849031.0370567,1759849031.0423005,0.005243778228759766
1759849031.1948702,1759849031.2032323,0.008362054824829102
1759849031.259281,1759849031.2656338,0.006352901458740234
1759849031.4353483,1759849031.4438152,0.008466958999633789
1759849031.4473662,1759849031.4526162,0.005249977111816406
1759849031.6783526,1759849031.683795,0.005442380905151367
1759849031.6900363,1759849031.6954799,0.005443572998046875
1759849031.8386886,1759849031.847875,0.009186506271362305
1759849031.912048,1759849031.917351,0.005302906036376953
1759849032.0689893,1759849032.0766945,0.007705211639404297
1759849032.0877578,1759849032.0933561,0.005598306655883789
1759849032.2410219,1759849032.246481,0.0054590702056884766
1759849032.316184,1759849032.3223958,0.006211757659912109
1759849032.5661237,1759849032.5721693,0.00604557991027832
1759849032.563477,1759849032.5725698,0.00909280776977539
1759849032.720619,1759849032.728442,0.007822990417480469
1759849032.793355,1759849032.7986686,0.0053136348724365234
1759849032.9490576,1759849032.954429,0.0053713321685791016
1759849032.9633033,1759849032.969099,0.005795717239379883
1759849033.1176202,1759849033.124129,0.006508827209472656
1759849033.1932938,1759849033.198729,0.00543522834777832
1759849033.370977,1759849033.377105,0.006128072738647461
1759849033.4237504,1759849033.4301083,0.006357908248901367
1759849033.584786,1759849033.5900874,0.005301475524902344
1759849033.622041,1759849033.6277704,0.0057294368743896484
1759849033.788247,1759849033.7938213,0.005574226379394531
1759849033.8251026,1759849033.8303652,0.005262613296508789
1759849033.9846485,1759849033.990754,0.0061054229736328125
1759849034.0245204,1759849034.0298674,0.005347013473510742
1759849034.17599,1759849034.1813407,0.005350589752197266
1759849034.2184732,1759849034.2236018,0.005128622055053711
1759849034.362032,1759849034.3711984,0.009166479110717773
1759849034.4632492,1759849034.4686403,0.005391120910644531
1759849034.6154897,1759849034.6209116,0.005421876907348633
1759849034.7043047,1759849034.7094877,0.005182981491088867
1759849034.8555825,1759849034.862448,0.006865501403808594
1759849034.8717856,1759849034.8807397,0.008954048156738281
1759849035.0253947,1759849035.0306847,0.005290031433105469
1759849035.0849319,1759849035.0901992,0.00526738166809082
1759849035.2411716,1759849035.246747,0.005575418472290039
1759849035.2611475,1759849035.270098,0.008950471878051758
1759849035.4184155,1759849035.4237216,0.0053060054779052734
1759849035.4911842,1759849035.4964566,0.005272388458251953
1759849035.6516168,1759849035.6569963,0.005379438400268555
1759849035.6563585,1759849035.6615071,0.005148649215698242
1759849035.7999308,1759849035.8051388,0.005208015441894531
1759849035.8756046,1759849035.8808734,0.00526881217956543
1759849036.0422075,1759849036.0475721,0.005364656448364258
1759849036.0447633,1759849036.0500891,0.005325794219970703
1759849036.2544746,1759849036.2604458,0.005971193313598633
1759849036.2865431,1759849036.295772,0.009228944778442383
1759849036.4567454,1759849036.4633424,0.006597042083740234
1759849036.5009675,1759849036.5061896,0.0052220821380615234
1759849036.6628902,1759849036.6682048,0.00531458854675293
1759849036.7030027,1759849036.7122371,0.009234428405761719
1759849036.8870428,1759849036.8963552,0.00931239128112793
1759849036.8919003,1759849036.8973267,0.0054264068603515625
1759849037.0322566,1759849037.0376658,0.00540924072265625
1759849037.1210957,1759849037.1263914,0.005295753479003906
1759849037.2839582,1759849037.2893736,0.005415439605712891
1759849037.3418334,1759849037.3510706,0.009237289428710938
1759849037.500168,1759849037.5055406,0.005372524261474609
1759849037.5177627,1759849037.524442,0.0066792964935302734
1759849037.6731431,1759849037.679685,0.0065419673919677734
1759849037.7340896,1759849037.7404258,0.006336212158203125
1759849037.9042225,1759849037.91226,0.008037567138671875
1759849037.9228563,1759849037.929573,0.006716728210449219
1759849038.0760837,1759849038.0826666,0.006582975387573242
1759849038.1432276,1759849038.148559,0.005331516265869141
1759849038.3170116,1759849038.3238213,0.006809711456298828
1759849038.3327453,1759849038.3379116,0.005166292190551758
1759849038.4831815,1759849038.492766,0.009584426879882812
1759849038.552383,1759849038.5577183,0.005335330963134766
1759849038.7098083,1759849038.7153332,0.005524873733520508
1759849038.7346053,1759849038.7400494,0.005444049835205078
1759849038.87561,1759849038.8811638,0.005553722381591797
1759849038.93846,1759849038.9437163,0.005256175994873047
1759849039.093359,1759849039.0986714,0.005312442779541016
1759849039.1352553,1759849039.1405218,0.005266427993774414
1759849039.343994,1759849039.3511906,0.007196664810180664
1759849039.3640466,1759849039.3693702,0.005323648452758789
1759849039.5472991,1759849039.5530255,0.005726337432861328
1759849039.584289,1759849039.5900857,0.005796670913696289
1759849039.744978,1759849039.7540324,0.009054422378540039
1759849039.7775128,1759849039.7865872,0.00907444953918457
1759849039.9443998,1759849039.9536238,0.00922393798828125
1759849039.9841394,1759849039.9905117,0.006372213363647461
1759849040.199356,1759849040.2081254,0.00876927375793457
1759849040.2008538,1759849040.2093754,0.008521556854248047
1759849040.3467054,1759849040.3518696,0.005164146423339844
1759849040.4321601,1759849040.4374425,0.005282402038574219
1759849040.601328,1759849040.606707,0.005379199981689453
1759849040.6869156,1759849040.6922104,0.0052947998046875
1759849040.8486397,1759849040.8577392,0.009099483489990234
1759849040.9444356,1759849040.950598,0.006162405014038086
1759849041.099816,1759849041.1075137,0.007697582244873047
1759849041.1069486,1759849041.1160421,0.009093523025512695
1759849041.2719462,1759849041.2777119,0.005765676498413086
1759849041.3454998,1759849041.3508797,0.005379915237426758
1759849041.5095952,1759849041.515222,0.0056269168853759766
1759849041.5188744,1759849041.5240712,0.005196809768676758
1759849041.6839511,1759849041.6892915,0.0053403377532958984
1759849041.740406,1759849041.7455173,0.005111217498779297
1759849041.8911567,1759849041.896466,0.005309343338012695
1759849041.9270296,1759849041.933298,0.006268501281738281
1759849042.1260443,1759849042.1313934,0.005349159240722656
1759849042.1478765,1759849042.154783,0.0069065093994140625
1759849042.3110828,1759849042.3171616,0.0060787200927734375
1759849042.3624532,1759849042.3686218,0.0061686038970947266
1759849042.528191,1759849042.5334566,0.005265474319458008
1759849042.5708065,1759849042.5770125,0.006206035614013672
1759849042.736734,1759849042.74527,0.008536100387573242
1759849042.7629428,1759849042.7682195,0.005276679992675781
1759849042.9932,1759849042.9984128,0.0052127838134765625
1759849042.9923985,1759849043.0003006,0.007902145385742188
1759849043.1598394,1759849043.1664166,0.006577253341674805
1759849043.2286904,1759849043.2339115,0.005221128463745117
1759849043.3945835,1759849043.4038286,0.009245157241821289
1759849043.418383,1759849043.4262674,0.007884502410888672
1759849043.5843046,1759849043.590919,0.0066144466400146484
1759849043.6276238,1759849043.6339362,0.006312370300292969
1759849043.7867565,1759849043.7933033,0.006546735763549805
1759849043.8297117,1759849043.8361259,0.006414175033569336
1759849044.0071194,1759849044.0136836,0.006564140319824219
1759849044.0199947,1759849044.0251467,0.005151987075805664
1759849044.1726873,1759849044.1779885,0.005301237106323242
1759849044.2468534,1759849044.254623,0.007769584655761719
1759849044.412926,1759849044.419954,0.007028102874755859
1759849044.4148877,1759849044.4212801,0.006392478942871094
1759849044.5618587,1759849044.567505,0.005646228790283203
1759849044.6558285,1759849044.6619725,0.006144046783447266
1759849044.8125978,1759849044.8191333,0.006535530090332031
1759849044.9035523,1759849044.9087396,0.005187273025512695
1759849045.0587375,1759849045.0680652,0.00932765007019043
1759849045.1216,1759849045.12798,0.0063800811767578125
1759849045.29539,1759849045.3020325,0.006642580032348633
1759849045.3073266,1759849045.3164759,0.009149312973022461
1759849045.4617012,1759849045.467032,0.005330801010131836
1759849045.5346649,1759849045.5411952,0.006530284881591797
1759849045.7093415,1759849045.715779,0.006437540054321289
1759849045.7812717,1759849045.7867022,0.005430459976196289
1759849045.934582,1759849045.9423344,0.007752418518066406
1759849045.9671195,1759849045.973366,0.0062465667724609375
1759849046.132801,1759849046.1411283,0.008327245712280273
1759849046.1798177,1759849046.1850502,0.005232572555541992
1759849046.3430026,1759849046.3483655,0.005362987518310547
1759849046.402427,1759849046.4089859,0.006558895111083984
1759849046.5656307,1759849046.5720377,0.006407022476196289
1759849046.588473,1759849046.593721,0.005247831344604492
1759849046.7361782,1759849046.741482,0.005303859710693359
1759849046.8250124,1759849046.831298,0.006285667419433594
1759849046.9926188,1759849046.9983766,0.005757808685302734
1759849047.0066442,1759849047.0130801,0.006435871124267578
1759849047.1806703,1759849047.188395,0.007724761962890625
1759849047.2322426,1759849047.237575,0.005332469940185547
1759849047.3905795,1759849047.396895,0.006315469741821289
1759849047.4320643,1759849047.4389374,0.006873130798339844
1759849047.6117399,1759849047.6181834,0.006443500518798828
1759849047.6489296,1759849047.654237,0.005307435989379883
1759849047.8001857,1759849047.8063517,0.006165981292724609
1759849047.9133506,1759849047.9196794,0.0063288211822509766
1759849048.0787563,1759849048.0870032,0.008246898651123047
1759849048.1371195,1759849048.1435423,0.006422758102416992
1759849048.301021,1759849048.306579,0.005558013916015625
1759849048.3490138,1759849048.357458,0.00844430923461914
1759849048.5422275,1759849048.5489068,0.0066792964935302734
1759849048.5483687,1759849048.5539253,0.005556583404541016
1759849048.7663403,1759849048.774187,0.007846832275390625
1759849048.8004823,1759849048.808329,0.007846832275390625
1759849048.9718835,1759849048.9799678,0.008084297180175781
1759849049.0153742,1759849049.02087,0.005495786666870117
1759849049.1739712,1759849049.179554,0.0055828094482421875
1759849049.2374928,1759849049.2438354,0.006342649459838867
1759849049.407428,1759849049.4138107,0.00638270378112793
1759849049.4405782,1759849049.4468687,0.006290435791015625
1759849049.6275694,1759849049.6342294,0.006659984588623047
1759849049.6448917,1759849049.6539483,0.009056568145751953
1759849049.8130963,1759849049.8184443,0.0053479671478271484
1759849049.886895,1759849049.8934095,0.006514549255371094
1759849050.0703213,1759849050.0774934,0.007172107696533203
1759849050.083658,1759849050.0888822,0.0052242279052734375
1759849050.257686,1759849050.2633045,0.005618572235107422
1759849050.3179302,1759849050.3245676,0.0066373348236083984
1759849050.4951527,1759849050.502035,0.006882190704345703
1759849050.5139565,1759849050.5192103,0.005253791809082031
1759849050.6910882,1759849050.696561,0.005472898483276367
1759849050.8088524,1759849050.8199582,0.011105775833129883
1759849050.9866872,1759849050.9936767,0.006989479064941406
1759849051.0507882,1759849051.057149,0.006360769271850586
1759849051.2173486,1759849051.2247357,0.0073871612548828125
1759849051.250179,1759849051.2566736,0.0064945220947265625
1759849051.4281316,1759849051.4389386,0.010807037353515625
1759849051.4644575,1759849051.469854,0.005396604537963867
1759849051.6182811,1759849051.6274343,0.009153127670288086
1759849051.680514,1759849051.6870909,0.0065767765045166016
1759849051.8445632,1759849051.8509982,0.006434917449951172
1759849051.915383,1759849051.9206717,0.005288600921630859
1759849052.0741968,1759849052.0797706,0.005573749542236328
1759849052.0961566,1759849052.1024053,0.0062487125396728516
1759849052.29195,1759849052.3010595,0.0091094970703125
1759849052.3056178,1759849052.310914,0.005296230316162109
1759849052.455078,1759849052.460697,0.005619049072265625
1759849052.547518,1759849052.5536852,0.006167173385620117
1759849052.714057,1759849052.7194624,0.005405426025390625
1759849052.7274437,1759849052.7344246,0.00698089599609375
1759849052.8902245,1759849052.8966856,0.006461143493652344
1759849052.9526563,1759849052.9581232,0.005466938018798828
1759849053.1066546,1759849053.1138394,0.007184743881225586
1759849053.1374526,1759849053.1435413,0.006088733673095703
1759849053.306171,1759849053.3166409,0.010469913482666016
1759849053.3510013,1759849053.3563077,0.0053064823150634766
1759849053.5324144,1759849053.538461,0.0060465335845947266
1759849053.5552673,1759849053.561741,0.0064737796783447266
1759849053.78175,1759849053.787031,0.005280971527099609
1759849053.7814095,1759849053.7877734,0.006363868713378906
1759849053.9719787,1759849053.9783535,0.006374835968017578
1759849054.023759,1759849054.0297985,0.006039619445800781
1759849054.1799912,1759849054.1891284,0.009137153625488281
1759849054.2281544,1759849054.2345111,0.006356716156005859
1759849054.3918328,1759849054.3979845,0.006151676177978516
1759849054.4158025,1759849054.421951,0.006148576736450195
1759849054.560589,1759849054.5671833,0.006594181060791016
1759849054.6310077,1759849054.6369505,0.005942821502685547
1759849054.80928,1759849054.819071,0.009791135787963867
1759849054.8494542,1759849054.8546412,0.005187034606933594
1759849055.0029516,1759849055.0113964,0.008444786071777344
1759849055.0560355,1759849055.0663064,0.010270833969116211
1759849055.2348762,1759849055.2413125,0.006436347961425781
1759849055.2499676,1759849055.2561827,0.006215095520019531
1759849055.4265687,1759849055.4323225,0.005753755569458008
1759849055.4853523,1759849055.4919505,0.006598234176635742
1759849055.660314,1759849055.6668684,0.006554365158081055
1759849055.6617126,1759849055.6685073,0.00679469108581543
1759849055.8262596,1759849055.8325396,0.006279945373535156
1759849055.8920755,1759849055.8974361,0.005360603332519531
1759849056.0680115,1759849056.0739005,0.005888938903808594
1759849056.0930586,1759849056.0991843,0.006125688552856445
1759849056.276786,1759849056.2836635,0.006877422332763672
1759849056.3116698,1759849056.3168895,0.005219697952270508
1759849056.4684613,1759849056.4775422,0.009080886840820312
1759849056.5177746,1759849056.5240016,0.006227016448974609
1759849056.7080264,1759849056.7156847,0.007658243179321289
1759849056.7351804,1759849056.7414303,0.006249904632568359
1759849056.8980558,1759849056.9091594,0.011103630065917969
1759849056.9442904,1759849056.9495852,0.0052947998046875
1759849057.0989864,1759849057.104295,0.005308628082275391
1759849057.1669471,1759849057.173031,0.006083965301513672
1759849057.343957,1759849057.351249,0.007292032241821289
1759849057.371216,1759849057.3785799,0.007363796234130859
1759849057.551273,1759849057.5610137,0.009740591049194336
1759849057.6303692,1759849057.6356473,0.005278110504150391
1759849057.7960882,1759849057.8029263,0.006838083267211914
1759849057.8226087,1759849057.8286424,0.006033658981323242
1759849058.0007157,1759849058.006928,0.0062122344970703125
1759849058.0388858,1759849058.044217,0.005331277847290039
1759849058.2032144,1759849058.208674,0.00545954704284668
1759849058.2704272,1759849058.2766354,0.006208181381225586
1759849058.441614,1759849058.4488902,0.007276296615600586
1759849058.45322,1759849058.4584646,0.005244731903076172
1759849058.600147,1759849058.605522,0.005374908447265625
1759849058.6867332,1759849058.6927533,0.006020069122314453
1759849058.8480937,1759849058.8534606,0.005366802215576172
1759849058.857773,1759849058.8637714,0.005998373031616211
1759849059.0175984,1759849059.02405,0.006451606750488281
1759849059.078869,1759849059.084288,0.0054187774658203125
1759849059.2363677,1759849059.2422764,0.0059087276458740234
1759849059.2775779,1759849059.285169,0.0075910091400146484
1759849059.4730082,1759849059.4822476,0.009239435195922852
1759849059.4975595,1759849059.5036209,0.0060613155364990234
1759849059.6629694,1759849059.6733937,0.010424375534057617
1759849059.7105608,1759849059.7159133,0.005352497100830078
1759849059.8642159,1759849059.8696716,0.005455732345581055
1759849059.91334,1759849059.9194894,0.0061492919921875
1759849060.085252,1759849060.0956671,0.010415077209472656
1759849060.1054027,1759849060.1108077,0.005404949188232422
1759849060.263129,1759849060.2697828,0.006653785705566406
1759849060.3336046,1759849060.339859,0.006254434585571289
1759849060.5144284,1759849060.528715,0.014286518096923828
1759849060.568692,1759849060.5740368,0.005344867706298828
1759849060.735204,1759849060.740511,0.00530695915222168
1759849060.7821822,1759849060.7881334,0.0059511661529541016
1759849060.9499059,1759849060.9557893,0.005883455276489258
1759849060.972671,1759849060.9781477,0.005476713180541992
1759849061.1447682,1759849061.151867,0.007098674774169922
1759849061.2077818,1759849061.214145,0.0063631534576416016
1759849061.3920305,1759849061.398697,0.006666421890258789
1759849061.402918,1759849061.409407,0.006488800048828125
1759849061.562164,1759849061.5678632,0.00569915771484375
1759849061.646533,1759849061.6526036,0.006070613861083984
1759849061.8344548,1759849061.8433764,0.008921623229980469
1759849061.863964,1759849061.8701382,0.0061740875244140625
1759849062.0254834,1759849062.0320778,0.006594419479370117
1759849062.0731134,1759849062.0822482,0.009134769439697266
1759849062.2396593,1759849062.249519,0.009859800338745117
1759849062.2871141,1759849062.2931492,0.0060350894927978516
1759849062.4791548,1759849062.4878237,0.008668899536132812
1759849062.5131726,1759849062.5191429,0.0059702396392822266
1759849062.6872988,1759849062.6933522,0.006053447723388672
1759849062.71573,1759849062.7209961,0.0052661895751953125
1759849062.882626,1759849062.8880155,0.00538945198059082
1759849062.930085,1759849062.9358528,0.005767822265625
1759849063.0913126,1759849063.0976741,0.006361484527587891
1759849063.1212404,1759849063.1283484,0.007107973098754883
1759849063.2863097,1759849063.2927797,0.0064699649810791016
1759849063.351131,1759849063.3584511,0.0073201656341552734
1759849063.5250058,1759849063.5322435,0.007237672805786133
1759849063.5365388,1759849063.5425892,0.0060503482818603516
1759849063.6929617,1759849063.7036185,0.01065683364868164
1759849063.8125079,1759849063.8189275,0.006419658660888672
1759849063.9827244,1759849063.9919486,0.009224176406860352
1759849064.0484312,1759849064.0559065,0.007475376129150391
1759849064.216963,1759849064.2244482,0.007485151290893555
1759849064.2282796,1759849064.234558,0.006278514862060547
1759849064.390666,1759849064.4005966,0.009930610656738281
1759849064.455124,1759849064.4614584,0.006334543228149414
1759849064.6226876,1759849064.6291769,0.006489276885986328
1759849064.65227,1759849064.6580842,0.005814075469970703
1759849064.8078055,1759849064.8158216,0.008016109466552734
1759849064.8533108,1759849064.8585157,0.005204916000366211
1759849065.0267384,1759849065.033177,0.006438493728637695
1759849065.0546494,1759849065.0605793,0.0059299468994140625
1759849065.2219765,1759849065.228486,0.006509542465209961
1759849065.2709186,1759849065.2761621,0.005243539810180664
1759849065.422819,1759849065.429341,0.006522178649902344
1759849070.5009859,1759849070.50618,0.005194187164306641
1759849070.6185393,1759849070.6237109,0.005171537399291992
1759849070.7355087,1759849070.7407506,0.005241870880126953
1759849070.863993,1759849070.8692756,0.00528264045715332
1759849071.0347328,1759849071.0405078,0.005774974822998047
1759849071.1596076,1759849071.164804,0.005196332931518555
1759849071.277942,1759849071.2832253,0.005283355712890625
1759849071.395923,1759849071.4011204,0.0051975250244140625
1759849071.529995,1759849071.5350997,0.005104780197143555
1759849071.647784,1759849071.6530101,0.00522613525390625
1759849071.7663202,1759849071.7715187,0.005198478698730469
1759849071.8849914,1759849071.890296,0.005304574966430664
1759849072.0025523,1759849072.0076845,0.005132198333740234
1759849072.1206884,1759849072.126961,0.006272554397583008
1759849072.2414134,1759849072.247723,0.0063097476959228516
1759849072.3598669,1759849072.3650196,0.005152702331542969
1759849072.4786754,1759849072.4840274,0.005352020263671875
1759849072.6451867,1759849072.65043,0.0052433013916015625
1759849072.7626104,1759849072.7679887,0.005378246307373047
1759849072.8808134,1759849072.886087,0.005273580551147461
1759849073.0053065,1759849073.0108182,0.005511760711669922
1759849073.1186526,1759849073.1239166,0.0052640438079833984
1759849073.2391174,1759849073.2444694,0.005352020263671875
1759849073.3569484,1759849073.3621812,0.005232810974121094
1759849073.4735732,1759849073.478801,0.005227804183959961
1759849073.6019,1759849073.6071813,0.005281209945678711
1759849073.7212963,1759849073.726648,0.0053517818450927734
1759849073.8399324,1759849073.845195,0.005262613296508789
1759849073.9579315,1759849073.9630673,0.005135774612426758
1759849074.083669,1759849074.088876,0.005207061767578125
1759849074.2028692,1759849074.209172,0.006302833557128906
1759849074.3735664,1759849074.3792908,0.005724430084228516
1759849074.486897,1759849074.4932082,0.006311178207397461
1759849074.610385,1759849074.6156964,0.005311489105224609
1759849074.7279904,1759849074.7344062,0.006415843963623047
1759849074.8484714,1759849074.8537219,0.005250453948974609
1759849074.9644284,1759849074.9695294,0.00510096549987793
1759849075.0810137,1759849075.0862193,0.005205631256103516
1759849075.2061138,1759849075.2113042,0.005190372467041016
1759849075.3228006,1759849075.3281908,0.005390167236328125
1759849075.4400148,1759849075.445211,0.005196094512939453
1759849075.5643673,1759849075.569747,0.005379676818847656
1759849075.6814775,1759849075.6866782,0.005200624465942383
1759849075.7982023,1759849075.8034773,0.00527501106262207
1759849075.9625459,1759849075.9678104,0.0052645206451416016
1759849076.0838048,1759849076.0890148,0.005209922790527344
1759849076.2023828,1759849076.2077045,0.0053217411041259766
1759849076.3219118,1759849076.3272133,0.005301475524902344
1759849076.4410625,1759849076.4468303,0.005767822265625
1759849076.5620003,1759849076.5673008,0.0053005218505859375
1759849076.6791215,1759849076.6843817,0.0052602291107177734
1759849076.7973132,1759849076.8026247,0.005311489105224609
1759849076.9119294,1759849076.9170687,0.005139350891113281
1759849077.0304782,1759849077.0356655,0.005187273025512695
1759849077.143973,1759849077.1502442,0.0062711238861083984
1759849077.2638698,1759849077.269037,0.005167245864868164
1759849077.3851955,1759849077.3904934,0.00529789924621582
1759849077.502937,1759849077.5092828,0.0063457489013671875
1759849077.6229763,1759849077.6282332,0.0052568912506103516
1759849077.7906992,1759849077.7958999,0.005200624465942383
1759849077.907225,1759849077.9129233,0.005698442459106445
1759849078.0274642,1759849078.0327926,0.00532841682434082
1759849078.143555,1759849078.1488607,0.005305767059326172
1759849078.261702,1759849078.2668931,0.00519108772277832
1759849078.3802347,1759849078.3854349,0.00520014762878418
1759849078.4973438,1759849078.5025268,0.005182981491088867
1759849078.61513,1759849078.6204615,0.005331516265869141
1759849078.7357426,1759849078.7417567,0.006014108657836914
1759849078.8534164,1759849078.858649,0.005232572555541992
1759849078.9738524,1759849078.979063,0.0052106380462646484
1759849079.090403,1759849079.0966465,0.006243467330932617
1759849079.2091372,1759849079.21439,0.005252838134765625
1759849079.325502,1759849079.330774,0.0052721500396728516
1759849079.4936206,1759849079.498792,0.005171298980712891
1759849079.611274,1759849079.6164386,0.005164623260498047
1759849079.7288053,1759849079.73522,0.006414651870727539
1759849079.846004,1759849079.8511739,0.005169868469238281
1759849079.963405,1759849079.9687192,0.005314350128173828
1759849080.1087687,1759849080.1139758,0.005207061767578125
1759849080.2332082,1759849080.2386475,0.005439281463623047
1759849080.3483734,1759849080.3536391,0.005265712738037109
1759849080.4663208,1759849080.4714527,0.005131959915161133
1759849080.583946,1759849080.5891724,0.0052263736724853516
1759849080.7008646,1759849080.7061918,0.0053272247314453125
1759849080.819821,1759849080.825083,0.005262136459350586
1759849080.9365578,1759849080.9417624,0.005204677581787109
1759849081.0733342,1759849081.0789537,0.005619525909423828
1759849081.2573452,1759849081.2625473,0.005202054977416992
1759849081.3817604,1759849081.3869808,0.0052204132080078125
1759849081.5065677,1759849081.5118666,0.0052988529205322266
1759849081.623202,1759849081.6283643,0.005162239074707031
1759849081.7400398,1759849081.7453792,0.005339384078979492
1759849081.8603768,1759849081.865768,0.005391120910644531
1759849081.9781222,1759849081.9834452,0.005322933197021484
1759849082.0956075,1759849082.1013205,0.005712985992431641
1759849082.2333207,1759849082.2386513,0.005330562591552734
1759849082.351692,1759849082.356975,0.0052831172943115234
1759849082.481109,1759849082.4865315,0.0054225921630859375
1759849082.5997913,1759849082.6049645,0.005173206329345703
1759849082.7194078,1759849082.7246907,0.005282878875732422
1759849188.1912117,1759849188.1975336,0.006321907043457031
1759849189.194907,1759849189.2015038,0.006596803665161133
1759849189.276107,1759849189.2827132,0.006606101989746094
1759849190.2762198,1759849190.282933,0.006713151931762695
1759849190.2847116,1759849190.2909696,0.0062580108642578125
1759849191.3438003,1759849191.3505375,0.006737232208251953
1759849191.388666,1759849191.3950806,0.006414651870727539
1759849192.4084485,1759849192.415491,0.007042646408081055
1759849192.4244957,1759849192.430993,0.006497383117675781
1759849193.4346404,1759849193.4410763,0.006435871124267578
1759849193.48587,1759849193.4921346,0.006264686584472656
1759849194.4750373,1759849194.482514,0.0074765682220458984
1759849194.5092688,1759849194.5158997,0.006630897521972656
1759849195.523389,1759849195.5298672,0.006478071212768555
1759849195.5902975,1759849195.5967534,0.006455898284912109
1759849196.586098,1759849196.5924885,0.006390571594238281
1759849196.6121063,1759849196.6187522,0.006645917892456055
1759849197.6333463,1759849197.6453226,0.011976242065429688
1759849197.6958683,1759849197.702438,0.006569862365722656
1759849198.700308,1759849198.7096515,0.009343385696411133
1759849198.7329495,1759849198.7396488,0.006699323654174805
1759849199.7363927,1759849199.7430954,0.0067026615142822266
1759849199.7982945,1759849199.8047564,0.0064618587493896484
1759849200.7874467,1759849200.7940907,0.006644010543823242
1759849200.8094397,1759849200.8168194,0.007379770278930664
1759849201.800872,1759849201.8072722,0.006400108337402344
1759849201.8531814,1759849201.8599222,0.0067408084869384766
1759849202.883874,1759849202.890416,0.0065419673919677734
1759849202.8897116,1759849202.8963027,0.006591081619262695
1759849203.8861349,1759849203.8926308,0.006495952606201172
1759849203.9588788,1759849203.9651792,0.006300449371337891
1759849204.9391565,1759849204.9457934,0.006636857986450195
1759849205.0603292,1759849205.0726407,0.012311458587646484
1759849206.0673347,1759849206.0772042,0.009869575500488281
1759849206.144956,1759849206.15161,0.006653785705566406
1759849207.1527731,1759849207.1593046,0.006531476974487305
1759849207.2520592,1759849207.2589726,0.006913423538208008
1759849208.2540438,1759849208.2605941,0.006550312042236328
1759849208.3219604,1759849208.3285182,0.0065577030181884766
1759849209.314808,1759849209.3265815,0.01177358627319336
1759849209.3341913,1759849209.3437355,0.009544134140014648
1759849210.3196273,1759849210.3263447,0.0067174434661865234
1759849210.4045944,1759849210.4111435,0.00654911994934082
1759849211.4372237,1759849211.4443116,0.0070879459381103516
1759849211.4455175,1759849211.4522939,0.006776332855224609
1759849212.4258852,1759849212.433552,0.007666826248168945
1759849212.5266094,1759849212.5331755,0.006566047668457031
1759849213.5162096,1759849213.5223916,0.006181955337524414
1759849213.6173246,1759849213.6252053,0.007880687713623047
1759849214.659434,1759849214.666243,0.0068089962005615234
1759849214.7649338,1759849214.770944,0.006010293960571289
1759849215.759638,1759849215.765726,0.0060880184173583984
1759849215.8030534,1759849215.809487,0.006433725357055664
1759849216.8374486,1759849216.8440335,0.006584882736206055
1759849216.866739,1759849216.8724961,0.00575709342956543
1759849217.903759,1759849217.9102063,0.006447315216064453
1759849217.8708513,1759849217.8768287,0.0059773921966552734
1759849218.834715,1759849218.8408978,0.00618290901184082
1759849218.9167266,1759849218.9232595,0.006532907485961914
1759849219.106792,1759849219.1167133,0.00992131233215332
1759849219.1065502,1759849219.1173422,0.010792016983032227
1759849219.2752857,1759849219.2864244,0.011138677597045898
1759849219.3499634,1759849219.355644,0.005680561065673828
1759849219.5291605,1759849219.535188,0.0060274600982666016
1759849219.553716,1759849219.5602813,0.0065653324127197266
1759849219.7512267,1759849219.757441,0.0062143802642822266
1759849219.8218083,1759849219.8283634,0.006555080413818359
1759849219.9819393,1759849219.9876149,0.005675554275512695
1759849220.004828,1759849220.0113184,0.006490468978881836
1759849220.1723704,1759849220.1787562,0.00638580322265625
1759849220.2128935,1759849220.2181668,0.005273342132568359
1759849220.370456,1759849220.3759604,0.0055043697357177734
1759849220.422178,1759849220.4300537,0.007875680923461914
1759849220.608512,1759849220.6153233,0.006811380386352539
1759849220.6194263,1759849220.6247733,0.005347013473510742
1759849220.7695801,1759849220.7749557,0.00537562370300293
1759849220.8522918,1759849220.8591533,0.006861448287963867
1759849221.012653,1759849221.018146,0.0054929256439208984
1759849221.0439227,1759849221.0519056,0.007982969284057617
1759849221.2125502,1759849221.219396,0.006845951080322266
1759849221.2418585,1759849221.2470999,0.00524139404296875
1759849221.3973033,1759849221.403916,0.006612539291381836
1759849221.4586606,1759849221.465426,0.0067653656005859375
1759849221.639516,1759849221.6464212,0.006905078887939453
1759849221.6560485,1759849221.6612084,0.005159854888916016
1759849221.8045554,1759849221.8098714,0.005316019058227539
1759849221.9407933,1759849221.9473295,0.006536245346069336
1759849222.1279545,1759849222.134458,0.006503582000732422
1759849222.176217,1759849222.182297,0.006079912185668945
1759849222.341163,1759849222.3465412,0.005378246307373047
1759849222.3949733,1759849222.4013617,0.006388425827026367
1759849222.573798,1759849222.581648,0.007850170135498047
1759849222.582618,1759849222.591254,0.008635997772216797
1759849222.7388127,1759849222.744221,0.005408287048339844
1759849222.8276038,1759849222.8357747,0.008170843124389648
1759849222.9890525,1759849222.9959838,0.006931304931640625
1759849223.131907,1759849223.1371326,0.005225658416748047
1759849223.2925708,1759849223.298937,0.006366252899169922
1759849223.3525798,1759849223.3589365,0.006356716156005859
1759849223.528352,1759849223.53371,0.005357980728149414
1759849223.5276399,1759849223.5342438,0.00660395622253418
1759849223.6913233,1759849223.6976333,0.006309986114501953
1759849223.7625651,1759849223.7677584,0.005193233489990234
1759849223.9343653,1759849223.941228,0.006862640380859375
1759849223.9361522,1759849223.9429822,0.006829977035522461
1759849224.0881445,1759849224.0934741,0.005329608917236328
1759849224.1808732,1759849224.1874986,0.00662541389465332
1759849224.3585947,1759849224.3710718,0.01247715950012207
1759849224.446412,1759849224.4518588,0.005446672439575195
1759849224.590529,1759849224.5958889,0.0053598880767822266
1759849224.6299934,1759849224.63647,0.006476640701293945
1759849224.8103619,1759849224.8191183,0.008756399154663086
1759849224.829564,1759849224.8349981,0.0054340362548828125
1759849224.971867,1759849224.9802713,0.008404254913330078
1759849225.0537314,1759849225.0601504,0.006418943405151367
1759849225.224229,1759849225.2327256,0.008496522903442383
1759849225.2812111,1759849225.2875123,0.006301164627075195
1759849225.4661264,1759849225.4728882,0.006761789321899414
1759849225.4838223,1759849225.4901326,0.006310224533081055
1759849225.6347017,1759849225.6400764,0.0053746700286865234
1759849225.7082896,1759849225.7147307,0.0064411163330078125
1759849225.8839211,1759849225.8916917,0.007770538330078125
1759849225.892357,1759849225.8988419,0.0064847469329833984
1759849226.0629325,1759849226.0694473,0.006514787673950195
1759849226.172731,1759849226.1779845,0.00525355339050293
1759849226.326073,1759849226.33163,0.005557060241699219
1759849226.4179606,1759849226.4254522,0.007491588592529297
1759849226.5858388,1759849226.5918646,0.006025791168212891
1759849226.5997326,1759849226.6060104,0.006277799606323242
1759849226.7770972,1759849226.7832692,0.0061719417572021484
1759849226.8261864,1759849226.8314114,0.005224943161010742
1759849226.9802504,1759849226.986079,0.0058286190032958984
1759849227.0225906,1759849227.0289917,0.00640106201171875
1759849227.2034883,1759849227.210367,0.00687861442565918
1759849227.2252624,1759849227.23095,0.005687713623046875
1759849227.379249,1759849227.3846366,0.005387544631958008
1759849227.4476066,1759849227.454202,0.0065953731536865234
1759849227.621216,1759849227.6267333,0.005517244338989258
1759849227.6290689,1759849227.6354299,0.0063610076904296875
1759849227.7869942,1759849227.7936335,0.006639242172241211
1759849227.8464828,1759849227.8518736,0.00539088249206543
1759849228.0115852,1759849228.0170658,0.005480527877807617
1759849228.050355,1759849228.0569956,0.00664067268371582
1759849228.2595077,1759849228.2651625,0.005654811859130859
1759849228.2930236,1759849228.299617,0.006593465805053711
1759849228.4550633,1759849228.4615252,0.0064618587493896484
1759849228.4925802,1759849228.497938,0.0053577423095703125
1759849228.6408103,1759849228.6472898,0.006479501724243164
1759849228.7056475,1759849228.7121432,0.00649571418762207
1759849228.8893886,1759849228.8960795,0.00669097900390625
1759849228.89503,1759849228.9005427,0.005512714385986328
1759849229.1192958,1759849229.126925,0.0076291561126708984
1759849229.1452723,1759849229.1516159,0.0063436031341552734
1759849229.3140547,1759849229.320578,0.0065233707427978516
1759849229.3540246,1759849229.359327,0.00530242919921875
1759849229.5089126,1759849229.517644,0.008731365203857422
1759849229.5630596,1759849229.5693865,0.006326913833618164
1759849229.7484138,1759849229.7536926,0.005278825759887695
1759849229.7474523,1759849229.7537768,0.0063245296478271484
1759849229.9036894,1759849229.9092731,0.005583763122558594
1759849229.9181406,1759849229.9244595,0.006318807601928711
1759849230.0875564,1759849230.0950675,0.007511138916015625
1759849230.135234,1759849230.1405013,0.005267143249511719
1759849230.292239,1759849230.298992,0.006752967834472656
1759849230.3332746,1759849230.3394997,0.006225109100341797
1759849230.5132048,1759849230.5196733,0.006468534469604492
1759849230.524057,1759849230.5295613,0.0055043697357177734
1759849230.6805909,1759849230.6863098,0.00571894645690918
1759849230.758247,1759849230.7641563,0.005909442901611328
1759849230.9342473,1759849230.9397285,0.005481243133544922
1759849230.960021,1759849230.9703424,0.010321378707885742
1759849231.1662166,1759849231.1735814,0.007364749908447266
1759849231.1968253,1759849231.20299,0.0061647891998291016
1759849231.3800511,1759849231.3862956,0.0062444210052490234
1759849231.4088573,1759849231.4144747,0.005617380142211914
1759849231.5600283,1759849231.5653272,0.0052988529205322266
1759849231.645927,1759849231.651878,0.0059511661529541016
1759849231.84026,1759849231.8474033,0.007143259048461914
1759849231.866501,1759849231.8717027,0.005201578140258789
1759849232.031162,1759849232.037543,0.006381034851074219
1759849232.0890408,1759849232.095973,0.006932258605957031
1759849232.25641,1759849232.2630017,0.006591796875
1759849232.2731462,1759849232.2795148,0.0063686370849609375
1759849232.4429574,1759849232.4485087,0.005551338195800781
1759849232.4927077,1759849232.4984646,0.005756855010986328
1759849232.6677496,1759849232.6735947,0.005845069885253906
1759849232.6882217,1759849232.6939497,0.005728006362915039
1759849232.846224,1759849232.8514788,0.0052547454833984375
1759849232.904295,1759849232.9100652,0.005770206451416016
1759849233.0715406,1759849233.077442,0.005901336669921875
1759849233.0763257,1759849233.0817168,0.005391120910644531
1759849233.2201056,1759849233.2264931,0.006387472152709961
1759849233.3070836,1759849233.313188,0.006104469299316406
1759849233.4917483,1759849233.49819,0.006441593170166016
1759849233.5574071,1759849233.5637784,0.006371259689331055
1759849233.721331,1759849233.7287755,0.007444620132446289
1759849233.7451568,1759849233.7510495,0.005892753601074219
1759849233.9076924,1759849233.9174201,0.009727716445922852
1759849233.9618802,1759849233.9672353,0.005355119705200195
1759849234.1019258,1759849234.1073008,0.005374908447265625
1759849234.2010822,1759849234.2065938,0.00551152229309082
1759849234.3468874,1759849234.3523657,0.005478382110595703
1759849234.4387014,1759849234.4439354,0.0052340030670166016
1759849234.6053011,1759849234.6105206,0.005219459533691406
1759849234.704283,1759849234.7107294,0.006446361541748047
1759849234.8510363,1759849234.8563976,0.005361318588256836
1759849234.9960809,1759849235.001487,0.00540614128112793
1759849235.1566694,1759849235.1647012,0.008031845092773438
1759849235.2162693,1759849235.2217953,0.005526065826416016
1759849235.3889282,1759849235.3961632,0.007235050201416016
1759849235.4133203,1759849235.418444,0.005123615264892578
1759849235.561061,1759849235.5663283,0.00526738166809082
1759849235.617168,1759849235.6261418,0.008973836898803711
1759849235.778376,1759849235.7875702,0.009194135665893555
1759849235.793675,1759849235.7991824,0.005507469177246094
1759849235.9450772,1759849235.9541,0.009022712707519531
1759849236.0121422,1759849236.017465,0.005322933197021484
1759849236.170997,1759849236.178766,0.007769107818603516
1759849236.1914628,1759849236.2004688,0.009006023406982422
1759849236.3430183,1759849236.3509698,0.007951498031616211
1759849236.406325,1759849236.4126906,0.006365537643432617
1759849236.5652442,1759849236.570823,0.005578756332397461
1759849236.5901048,1759849236.5960934,0.005988597869873047
1759849236.742325,1759849236.7476435,0.005318403244018555
1759849236.79396,1759849236.7992952,0.005335092544555664
1759849236.9595373,1759849236.9659543,0.006417036056518555
1759849236.9880574,1759849236.9970992,0.009041786193847656
1759849237.1466749,1759849237.155838,0.009163141250610352
1759849237.247784,1759849237.254171,0.006386995315551758
1759849237.4179718,1759849237.4236016,0.005629777908325195
1759849237.488879,1759849237.4979665,0.009087562561035156
1759849237.6629372,1759849237.668348,0.005410909652709961
1759849237.6665232,1759849237.672043,0.005519866943359375
1759849237.8260872,1759849237.8325312,0.006443977355957031
1759849237.8893554,1759849237.8945467,0.005191326141357422
1759849238.0679727,1759849238.0734355,0.0054628849029541016
1759849238.0957062,1759849238.1009295,0.005223274230957031
1759849238.243461,1759849238.2500212,0.006560325622558594
1759849238.300709,1759849238.3061101,0.005401134490966797
1759849238.465921,1759849238.4741669,0.00824594497680664
1759849238.4824362,1759849238.4876382,0.005202054977416992
1759849238.6469338,1759849238.6561542,0.009220361709594727
1759849238.7052324,1759849238.7114089,0.006176471710205078
1759849238.8729625,1759849238.8783045,0.005342006683349609
1759849238.8764427,1759849238.8817492,0.0053064823150634766
1759849239.0214276,1759849239.026731,0.005303382873535156
1759849239.099187,1759849239.1044848,0.00529789924621582
1759849239.2475724,1759849239.2531266,0.00555419921875
1759849239.258454,1759849239.2637177,0.005263566970825195
1759849239.4076812,1759849239.413071,0.005389690399169922
1759849239.4754777,1759849239.4807844,0.005306720733642578
1759849239.6453454,1759849239.652229,0.0068836212158203125
1759849239.6603673,1759849239.6667867,0.00641942024230957
1759849239.8192394,1759849239.8287523,0.009512901306152344
1759849239.8823514,1759849239.8881392,0.005787849426269531
1759849240.0434244,1759849240.0529635,0.009539127349853516
1759849240.0786152,1759849240.0840209,0.0054056644439697266
1759849240.2342675,1759849240.239406,0.0051386356353759766
1759849240.3253412,1759849240.3305366,0.0051953792572021484
1759849240.482664,1759849240.4881759,0.005511760711669922
1759849240.49058,1759849240.495842,0.005261898040771484
1759849240.638182,1759849240.644622,0.006440162658691406
1759849240.7151358,1759849240.721476,0.0063402652740478516
1759849240.8923733,1759849240.8977938,0.0054204463958740234
1759849240.9271455,1759849240.9327343,0.0055887699127197266
1759849241.0863106,1759849241.0918834,0.005572795867919922
1759849241.1172469,1759849241.1225026,0.005255699157714844
1759849241.265937,1759849241.2712326,0.005295515060424805
1759849241.3173726,1759849241.3226492,0.005276679992675781
1759849241.4616208,1759849241.46698,0.005359172821044922
1759849241.5114205,1759849241.516727,0.0053064823150634766
1759849241.667192,1759849241.6728847,0.005692720413208008
1759849241.7171812,1759849241.7225766,0.005395412445068359
1759849241.8625326,1759849241.8681805,0.005647897720336914
1759849241.9039075,1759849241.9091883,0.005280733108520508
1759849242.053386,1759849242.0605752,0.007189273834228516
1759849242.0900187,1759849242.095422,0.005403280258178711
1759849242.2476847,1759849242.2540672,0.006382465362548828
1759849242.2940228,1759849242.299308,0.0052852630615234375
1759849242.456681,1759849242.463916,0.007235050201416016
1759849242.4965794,1759849242.5021222,0.005542755126953125
1759849242.6551406,1759849242.660628,0.0054874420166015625
1759849242.6985645,1759849242.7045617,0.005997180938720703
1759849242.8930938,1759849242.8996227,0.0065288543701171875
1759849242.9114325,1759849242.9167979,0.0053653717041015625
1759849243.0601208,1759849243.069546,0.009425163269042969
1759849243.1235158,1759849243.129851,0.006335258483886719
1759849243.2928157,1759849243.3007212,0.00790548324584961
1759849243.3229802,1759849243.328294,0.005313873291015625
1759849243.5053213,1759849243.510838,0.005516767501831055
1759849243.5246053,1759849243.530068,0.005462646484375
1759849243.734506,1759849243.7405195,0.006013631820678711
1759849243.7353501,1759849243.740661,0.005310773849487305
1759849243.9037712,1759849243.909275,0.00550389289855957
1759849243.9117403,1759849243.9169865,0.005246162414550781
1759849244.0681305,1759849244.077546,0.009415388107299805
1759849244.1385434,1759849244.143722,0.005178689956665039
1759849244.2896264,1759849244.2954502,0.005823850631713867
1759849244.3139153,1759849244.3207614,0.006846189498901367
1759849244.469395,1759849244.4746609,0.005265951156616211
1759849244.5159683,1759849244.5212255,0.005257129669189453
1759849244.6717455,1759849244.6770647,0.005319118499755859
1759849244.7264497,1759849244.7334523,0.007002592086791992
1759849244.904586,1759849244.9139628,0.009376764297485352
1759849244.9186487,1759849244.9239366,0.005287885665893555
1759849245.0670097,1759849245.0722046,0.005194902420043945
1759849245.1444776,1759849245.1497297,0.00525212287902832
1759849245.3107967,1759849245.316351,0.00555419921875
1759849245.3116133,1759849245.3169281,0.005314826965332031
1759849245.469162,1759849245.476298,0.007136106491088867
1759849245.5919344,1759849245.5982168,0.006282329559326172
1759849245.741746,1759849245.7469847,0.005238771438598633
1759849245.8149917,1759849245.8203192,0.005327463150024414
1759849245.9647543,1759849245.9700904,0.00533604621887207
1759849245.9790077,1759849245.984398,0.005390167236328125
1759849246.1305928,1759849246.137114,0.0065212249755859375
1759849246.1922803,1759849246.1974094,0.005129098892211914
1759849246.3513927,1759849246.361067,0.009674310684204102
1759849246.3728538,1759849246.3781385,0.005284786224365234
1759849246.518119,1759849246.5234115,0.005292415618896484
1759849246.6350791,1759849246.6403375,0.005258321762084961
1759849246.7773015,1759849246.786524,0.00922250747680664
1759849246.8573518,1759849246.8625898,0.005238056182861328
1759849247.0140667,1759849247.019999,0.005932331085205078
1759849247.0178113,1759849247.0267594,0.008948087692260742
1759849247.1753488,1759849247.1843371,0.008988380432128906
1759849247.2430384,1759849247.248971,0.00593256950378418
1759849247.402072,1759849247.410975,0.008903026580810547
1759849247.4350586,1759849247.4441042,0.009045600891113281
1759849247.584888,1759849247.593582,0.008693933486938477
1759849247.6449893,1759849247.6502101,0.005220890045166016
1759849247.7946405,1759849247.8000197,0.005379199981689453
1759849247.8260503,1759849247.8326943,0.006644010543823242
1759849247.9743862,1759849247.979585,0.00519871711730957
1759849248.0317574,1759849248.0374851,0.0057277679443359375
1759849248.179997,1759849248.185307,0.00531005859375
1759849248.205813,1759849248.2110946,0.005281686782836914
1759849248.4282498,1759849248.4336302,0.005380392074584961
1759849248.4340284,1759849248.439386,0.005357503890991211
1759849248.5818357,1759849248.587787,0.0059511661529541016
1759849248.6657183,1759849248.6709123,0.005193948745727539
1759849248.832516,1759849248.8378587,0.005342721939086914
1759849248.8358579,1759849248.8411894,0.005331516265869141
1759849248.9764895,1759849248.9837093,0.007219791412353516
1759849249.0733697,1759849249.0785341,0.005164384841918945
1759849249.229647,1759849249.2361956,0.006548643112182617
1759849249.3218565,1759849249.3269217,0.005065202713012695
1759849249.4783406,1759849249.4839025,0.00556182861328125
1759849249.5663128,1759849249.5715604,0.005247592926025391
1759849249.742388,1759849249.7476714,0.005283355712890625
1759849249.7720532,1759849249.7771316,0.005078315734863281
1759849249.9276004,1759849249.9349177,0.007317304611206055
1759849249.9705346,1759849249.975879,0.005344390869140625
1759849250.1312377,1759849250.1368828,0.005645036697387695
1759849250.1549478,1759849250.1611526,0.006204843521118164
1759849250.3189893,1759849250.3257465,0.006757259368896484
1759849250.3690023,1759849250.3754117,0.006409406661987305
1759849250.5323927,1759849250.5415819,0.009189128875732422
1759849250.5630312,1759849250.5685112,0.005480051040649414
1759849250.7243643,1759849250.7301886,0.00582432746887207
1759849250.7654986,1759849250.7707975,0.0052988529205322266
1759849250.9194252,1759849250.9248204,0.005395174026489258
1759849250.9606223,1759849250.9659781,0.0053558349609375
1759849251.1113338,1759849251.1166055,0.0052716732025146484
1759849251.1487427,1759849251.1540308,0.005288124084472656
1759849251.3465667,1759849251.3559103,0.009343624114990234
1759849251.3779452,1759849251.3833961,0.0054509639739990234
1759849251.5389674,1759849251.5444221,0.0054547786712646484
1759849251.596024,1759849251.6025093,0.0064852237701416016
1759849251.7419527,1759849251.747378,0.005425453186035156
1759849251.7920327,1759849251.7973819,0.005349159240722656
1759849251.9669945,1759849251.9728622,0.005867719650268555
1759849251.9964194,1759849252.001651,0.005231618881225586
1759849252.1455567,1759849252.1533735,0.007816791534423828
1759849252.2024813,1759849252.2077734,0.005292177200317383
1759849252.360565,1759849252.366087,0.005522012710571289
1759849252.383511,1759849252.3887138,0.005202770233154297
1759849252.5953863,1759849252.6017208,0.006334543228149414
1759849252.5988696,1759849252.6055589,0.006689310073852539
1759849252.7482407,1759849252.754551,0.006310224533081055
1759849252.8271058,1759849252.832632,0.005526304244995117
1759849252.97545,1759849252.983461,0.0080108642578125
1759849252.9900231,1759849252.995439,0.005415916442871094
1759849253.1498928,1759849253.1564612,0.006568431854248047
1759849253.208029,1759849253.2139933,0.0059642791748046875
1759849253.362527,1759849253.368226,0.00569915771484375
1759849253.3931003,1759849253.398724,0.005623817443847656
1759849253.5538795,1759849253.5593312,0.005451679229736328
1759849253.591233,1759849253.5966005,0.0053675174713134766
1759849253.75462,1759849253.7601662,0.005546092987060547
1759849253.7913203,1759849253.7977295,0.006409168243408203
1759849253.9692879,1759849253.9747589,0.005470991134643555
1759849253.9970384,1759849254.002535,0.0054967403411865234
1759849254.1576955,1759849254.163365,0.005669355392456055
1759849254.2042696,1759849254.2106214,0.0063517093658447266
1759849254.4057264,1759849254.4121773,0.0064508914947509766
1759849254.4191136,1759849254.4243472,0.0052335262298583984
1759849254.5821903,1759849254.5912638,0.009073495864868164
1759849254.6513302,1759849254.6569407,0.005610466003417969
1759849254.8123317,1759849254.8178387,0.005506992340087891
1759849254.8193996,1759849254.8250816,0.0056819915771484375
1759849254.9671755,1759849254.972539,0.00536346435546875
1759849255.0402536,1759849255.045711,0.005457401275634766
1759849255.224389,1759849255.2301154,0.005726337432861328
1759849255.224598,1759849255.2337153,0.009117364883422852
1759849255.3770988,1759849255.3824005,0.005301713943481445
1759849255.5074713,1759849255.5128858,0.005414485931396484
1759849255.654324,1759849255.6609545,0.006630420684814453
1759849255.717827,1759849255.7233233,0.00549626350402832
1759849255.882569,1759849255.8882701,0.0057010650634765625
1759849255.8873198,1759849255.8931098,0.005789995193481445
1759849256.0338755,1759849256.0413558,0.0074803829193115234
1759849256.1160326,1759849256.121254,0.005221366882324219
1759849256.2965622,1759849256.3020449,0.005482673645019531
1759849256.3010607,1759849256.3065476,0.005486965179443359
1759849256.4528167,1759849256.461971,0.009154319763183594
1759849256.5227542,1759849256.5282278,0.005473613739013672
1759849256.677536,1759849256.684207,0.006670951843261719
1759849256.7026324,1759849256.711842,0.009209632873535156
1759849256.8735492,1759849256.878813,0.005263805389404297
1759849256.9240816,1759849256.9303634,0.006281852722167969
1759849257.0859418,1759849257.0953083,0.009366512298583984
1759849257.122881,1759849257.1296077,0.006726741790771484
1759849257.3458369,1759849257.3535373,0.007700443267822266
1759849257.3602347,1759849257.366967,0.00673222541809082
1759849257.5291922,1759849257.5356605,0.006468296051025391
1759849257.5835605,1759849257.588771,0.0052106380462646484
1759849257.736253,1759849257.7415955,0.0053424835205078125
1759849257.778172,1759849257.7848706,0.0066986083984375
1759849257.9515615,1759849257.962917,0.01135563850402832
1759849257.9789207,1759849257.986024,0.0071032047271728516
1759849258.143346,1759849258.1488354,0.005489349365234375
1759849258.2074249,1759849258.2141395,0.006714582443237305
1759849258.3823435,1759849258.387783,0.0054395198822021484
1759849258.385745,1759849258.3924086,0.00666356086730957
1759849258.5462122,1759849258.553083,0.006870746612548828
1759849258.6618736,1759849258.6683717,0.006498098373413086
1759849258.8188882,1759849258.8258498,0.0069615840911865234
1759849258.9150608,1759849258.921707,0.006646156311035156
1759849259.0802374,1759849259.0901532,0.009915828704833984
1759849259.1591473,1759849259.164344,0.005196809768676758
1759849259.3226967,1759849259.3321948,0.009498119354248047
1759849259.3460522,1759849259.354894,0.008841753005981445
1759849259.5216515,1759849259.5285048,0.006853342056274414
1759849259.5614717,1759849259.5680785,0.0066068172454833984
1759849259.7177775,1759849259.723008,0.005230426788330078
1759849259.7655606,1759849259.773097,0.007536411285400391
1759849259.9511786,1759849259.9614818,0.010303258895874023
1759849259.9740403,1759849259.9792485,0.005208253860473633
1759849260.13409,1759849260.1433337,0.00924372673034668
1759849260.2601178,1759849260.2667162,0.006598472595214844
1759849260.4298208,1759849260.4366543,0.006833553314208984
1759849260.492418,1759849260.498702,0.006283998489379883
1759849260.6549127,1759849260.6601117,0.005198955535888672
1759849260.6869926,1759849260.6934037,0.006411075592041016
1759849260.866227,1759849260.8772671,0.011040210723876953
1759849260.8966029,1759849260.9019005,0.005297660827636719
1759849261.061141,1759849261.0665736,0.005432605743408203
1759849261.1126087,1759849261.1193252,0.006716489791870117
1759849261.2983465,1759849261.306817,0.008470535278320312
1759849261.3135102,1759849261.3188303,0.005320072174072266
1759849261.4593365,1759849261.4646797,0.005343198776245117
1759849261.541084,1759849261.5521853,0.011101245880126953
1759849261.7340672,1759849261.7454326,0.011365413665771484
1759849261.775755,1759849261.7809396,0.005184650421142578
1759849261.9217484,1759849261.9270833,0.0053348541259765625
1759849261.982547,1759849261.993389,0.010841846466064453
1759849262.1718245,1759849262.181417,0.009592533111572266
1759849262.1775029,1759849262.1858277,0.008324861526489258
1759849262.3268013,1759849262.332322,0.00552058219909668
1759849262.4195287,1759849262.4259028,0.0063741207122802734
1759849262.576571,1759849262.5830288,0.006457805633544922
1759849262.5912402,1759849262.597791,0.006550788879394531
1759849262.7636456,1759849262.7715986,0.00795292854309082
1759849262.8165946,1759849262.8218687,0.005274057388305664
1759849262.9864798,1759849262.9919708,0.005491018295288086
1759849263.0326667,1759849263.0390255,0.0063588619232177734
1759849263.2005596,1759849263.2072904,0.006730794906616211
1759849263.2269604,1759849263.2321582,0.005197763442993164
1759849263.3881714,1759849263.3935099,0.005338430404663086
1759849263.510646,1759849263.5187025,0.008056402206420898
1759849263.6828592,1759849263.6890674,0.006208181381225586
1759849263.7448978,1759849263.7501128,0.0052149295806884766
1759849263.906732,1759849263.9161863,0.00945425033569336
1759849263.9507244,1759849263.9572184,0.006494045257568359
1759849264.1392133,1759849264.1476345,0.008421182632446289
1759849264.1612084,1759849264.1673007,0.0060923099517822266
1759849264.323084,1759849264.3286712,0.005587100982666016
1759849264.396511,1759849264.4029913,0.006480216979980469
1759849264.5575397,1759849264.5628486,0.005308866500854492
1759849264.5878575,1759849264.5940902,0.006232738494873047
1759849264.749007,1759849264.7555165,0.006509542465209961
1759849264.8348155,1759849264.8405688,0.005753278732299805
1759849265.018997,1759849265.0265112,0.007514238357543945
1759849265.0291998,1759849265.0358412,0.006641387939453125
1759849265.199642,1759849265.2109678,0.011325836181640625
1759849265.2558668,1759849265.2649677,0.009100914001464844
1759849265.428403,1759849265.4337082,0.005305290222167969
1759849265.46108,1759849265.4689517,0.007871627807617188
1759849265.646643,1759849265.6536424,0.006999492645263672
1759849265.658505,1759849265.6648555,0.006350517272949219
1759849265.809023,1759849265.8183122,0.009289264678955078
1759849265.8939395,1759849265.9005113,0.006571769714355469
1759849266.0655534,1759849266.0709088,0.005355358123779297
1759849266.080508,1759849266.088604,0.008095979690551758
1759849266.2526293,1759849266.2592583,0.006628990173339844
1759849266.2950115,1759849266.3002353,0.005223751068115234
1759849266.442723,1759849266.4481456,0.0054225921630859375
1759849266.546181,1759849266.553024,0.006843090057373047
1759849266.7113223,1759849266.7177837,0.006461381912231445
1759849266.7771542,1759849266.786145,0.008990764617919922
1759849266.9359517,1759849266.945122,0.009170293807983398
1759849266.9564784,1759849266.9628937,0.006415367126464844
1759849267.139905,1759849267.146358,0.006453037261962891
1759849267.1858609,1759849267.1923828,0.006521940231323242
1759849267.3451345,1759849267.3503678,0.005233287811279297
1759849267.3975704,1759849267.403904,0.006333589553833008
1759849267.5616636,1759849267.5703995,0.008735895156860352
1759849267.579548,1759849267.5847013,0.0051534175872802734
1759849267.7897575,1759849267.7953568,0.005599260330200195
1759849267.8102338,1759849267.8164783,0.0062444210052490234
1759849267.9783185,1759849267.9846866,0.006368160247802734
1759849268.0285037,1759849268.0338228,0.005319118499755859
1759849268.175215,1759849268.1818936,0.006678581237792969
1759849268.2325182,1759849268.23911,0.006591796875
1759849268.412329,1759849268.4188068,0.006477832794189453
1759849268.433718,1759849268.4390473,0.0053293704986572266
1759849268.5894437,1759849268.5947397,0.005295991897583008
1759849268.6634476,1759849268.6697643,0.006316661834716797
1759849268.8301125,1759849268.8353746,0.005262136459350586
1759849268.840321,1759849268.8463829,0.0060617923736572266
1759849269.0093575,1759849269.0158048,0.006447315216064453
1759849269.0692968,1759849269.0745924,0.005295515060424805
1759849269.2358563,1759849269.2412462,0.0053899288177490234
1759849269.3237252,1759849269.3309672,0.007241964340209961
1759849269.4819944,1759849269.4884992,0.00650477409362793
1759849269.4931743,1759849269.4991996,0.0060253143310546875
1759849269.6600697,1759849269.6663377,0.006268024444580078
1759849269.711564,1759849269.7169163,0.0053522586822509766
1759849269.8925247,1759849269.8982728,0.00574803352355957
1759849269.907023,1759849269.9139113,0.006888389587402344
1759849270.0869834,1759849270.0932856,0.0063021183013916016
1759849270.1361697,1759849270.1418595,0.005689859390258789
1759849270.3117466,1759849270.3205419,0.00879526138305664
1759849270.3360193,1759849270.3429952,0.006975889205932617
1759849270.5077772,1759849270.5182674,0.010490179061889648
1759849270.5653954,1759849270.5708165,0.005421161651611328
1759849270.738362,1759849270.7436895,0.005327463150024414
1759849270.782075,1759849270.7882,0.006124973297119141
1759849270.957671,1759849270.9639447,0.006273746490478516
1759849271.04988,1759849271.0550792,0.0051991939544677734
1759849271.2059963,1759849271.211584,0.00558781623840332
1759849271.2474277,1759849271.253547,0.006119251251220703
1759849271.4284658,1759849271.4349277,0.0064618587493896484
1759849271.4501832,1759849271.4556873,0.005504131317138672
1759849271.609052,1759849271.6145215,0.005469560623168945
1759849271.6745965,1759849271.6807058,0.0061092376708984375
1759849271.8595552,1759849271.8660564,0.006501197814941406
1759849271.8694715,1759849271.8763459,0.0068743228912353516
1759849272.038277,1759849272.0440273,0.005750417709350586
1759849272.1037886,1759849272.1101024,0.006313800811767578
1759849272.2980194,1759849272.3046825,0.006663084030151367
1759849272.3082402,1759849272.3145177,0.006277561187744141
1759849272.547657,1759849272.5538924,0.006235361099243164
1759849272.5510097,1759849272.55667,0.005660295486450195
1759849272.6973484,1759849272.7029295,0.0055811405181884766
1759849272.7922478,1759849272.7985218,0.006273984909057617
1759849272.9593363,1759849272.9656415,0.006305217742919922
1759849273.0662594,1759849273.072881,0.006621599197387695
1759849273.2179875,1759849273.223569,0.005581378936767578
1759849273.3128984,1759849273.319208,0.00630950927734375
1759849273.4797719,1759849273.4875846,0.007812738418579102
1759849273.5541878,1759849273.5595615,0.005373716354370117
1759849273.7149322,1759849273.724214,0.00928187370300293
1759849273.7485893,1759849273.7550154,0.006426095962524414
1759849273.9362829,1759849273.9450307,0.00874781608581543
1759849273.9581075,1759849273.9672031,0.00909566879272461
1759849274.1155472,1759849274.1210122,0.005465030670166016
1759849274.1847022,1759849274.190822,0.006119728088378906
1759849274.3541765,1759849274.3613415,0.007164955139160156
1759849274.4166312,1759849274.4219074,0.005276203155517578
1759849274.5771368,1759849274.5835876,0.0064508914947509766
1759849274.6243,1759849274.6322765,0.007976531982421875
1759849274.8078806,1759849274.8167856,0.00890493392944336
1759849274.826928,1759849274.832453,0.005525112152099609
1759849274.9732118,1759849274.9786177,0.005405902862548828
1759849275.0624666,1759849275.0688825,0.006415843963623047
1759849275.2312944,1759849275.237672,0.006377696990966797
1759849275.3178167,1759849275.3232782,0.005461454391479492
1759849275.4907737,1759849275.4965112,0.0057375431060791016
1759849275.5048678,1759849275.5124636,0.00759577751159668
1759849275.7244084,1759849275.7300005,0.0055921077728271484
1759849275.7442536,1759849275.750687,0.006433248519897461
1759849275.9307702,1759849275.9380286,0.007258415222167969
1759849275.9819217,1759849275.987388,0.0054662227630615234
1759849276.133959,1759849276.1407363,0.006777286529541016
1759849276.2594607,1759849276.2650292,0.005568504333496094
1759849276.3833964,1759849276.3890593,0.0056629180908203125
1759849276.5052426,1759849276.5106401,0.0053975582122802734
1759849276.6236053,1759849276.6290808,0.005475521087646484
1759849276.7928803,1759849276.7994294,0.00654911994934082
1759850153.355232,1759850153.3630426,0.0078105926513671875
1759850154.5238152,1759850154.5300188,0.006203651428222656
1759850154.498872,1759850154.5065744,0.007702350616455078
1759850155.5757387,1759850155.584554,0.008815288543701172
1759850155.6588416,1759850155.66506,0.006218433380126953
1759850156.718212,1759850156.7264338,0.008221864700317383
1759850156.7755191,1759850156.7831523,0.007633209228515625
1759850157.963452,1759850157.9697645,0.006312370300292969
1759850157.9183106,1759850157.9248831,0.0065724849700927734
1759850159.021815,1759850159.0334446,0.011629581451416016
1759850159.1266766,1759850159.1333036,0.006627082824707031
1759850160.1418178,1759850160.1481137,0.006295919418334961
1759850160.221034,1759850160.227227,0.006192922592163086
1759850161.3564007,1759850161.3784814,0.022080659866333008
1759850161.343475,1759850161.3499868,0.006511688232421875
1759850162.4570255,1759850162.4633331,0.0063076019287109375
1759850162.5481935,1759850162.5548267,0.006633281707763672
1759850163.5892448,1759850163.5960228,0.00677800178527832
1759850163.635613,1759850163.64238,0.0067670345306396484
1759850164.800085,1759850164.8064482,0.0063631534576416016
1759850164.743627,1759850164.7543929,0.010765790939331055
1759850165.8272412,1759850165.837035,0.009793758392333984
1759850165.9277248,1759850165.9344156,0.0066907405853271484
1759850166.943427,1759850166.9500616,0.00663447380065918
1759850167.040621,1759850167.0471182,0.00649714469909668
1759850168.1546948,1759850168.1611774,0.006482601165771484
1759850168.2776992,1759850168.2934637,0.015764474868774414
1759850169.296423,1759850169.3035774,0.0071544647216796875
1759850169.3547127,1759850169.3665318,0.011819124221801758
1759850170.516934,1759850170.5233896,0.006455659866333008
1759850170.49867,1759850170.5051699,0.006499767303466797
1759850171.6535923,1759850171.66015,0.0065577030181884766
1759850171.5937986,1759850171.6047273,0.010928630828857422
1759850172.7130384,1759850172.719722,0.0066835880279541016
1759850172.7103052,1759850172.7175655,0.007260322570800781
1759850173.8468578,1759850173.853598,0.0067403316497802734
1759850173.80425,1759850173.813094,0.00884389877319336
1759850174.9855676,1759850175.0044258,0.01885819435119629
1759850174.8963363,1759850174.904281,0.007944583892822266
1759850175.9929826,1759850176.0037184,0.010735750198364258
1759850176.0567195,1759850176.0628777,0.006158113479614258
1759850176.2934551,1759850176.3006914,0.0072362422943115234
1759850176.3140473,1759850176.3220408,0.007993459701538086
1759850176.4849827,1759850176.4930046,0.008021831512451172
1759850176.5484774,1759850176.5585425,0.010065078735351562
1759850176.737439,1759850176.744709,0.007270097732543945
1759850176.7395768,1759850176.75043,0.010853290557861328
1759850176.9161234,1759850176.922487,0.006363630294799805
1759850177.0020266,1759850177.0099852,0.007958650588989258
1759850177.1791315,1759850177.1858313,0.006699800491333008
1759850177.1806977,1759850177.1865935,0.005895853042602539
1759850177.3437366,1759850177.3509378,0.007201194763183594
1759850177.4241369,1759850177.4308364,0.006699562072753906
1759850177.5926957,1759850177.5988357,0.006139993667602539
1759850177.5975266,1759850177.6040156,0.0064890384674072266
1759850177.757791,1759850177.764613,0.006821870803833008
1759850177.8379202,1759850177.8437433,0.0058231353759765625
1759850177.9954243,1759850178.0036514,0.008227109909057617
1759850178.015835,1759850178.0222974,0.0064623355865478516
1759850178.1925256,1759850178.1992612,0.006735563278198242
1759850178.2291396,1759850178.2350023,0.005862712860107422
1759850178.3914034,1759850178.3974915,0.0060880184173583984
1759850178.4443338,1759850178.4510393,0.006705522537231445
1759850178.616777,1759850178.6235359,0.006758928298950195
1759850178.6370726,1759850178.6436632,0.006590604782104492
1759850178.7972848,1759850178.8043606,0.007075786590576172
1759850178.8620205,1759850178.8683722,0.0063517093658447266
1759850179.0462306,1759850179.057421,0.011190414428710938
1759850179.0905821,1759850179.0959477,0.005365610122680664
1759850179.2527592,1759850179.259521,0.006761789321899414
1759850179.350209,1759850179.357365,0.007155895233154297
1759850179.5113358,1759850179.519171,0.007835149765014648
1759850179.5910695,1759850179.5965135,0.005444049835205078
1759850179.7597172,1759850179.766718,0.00700068473815918
1759850179.765078,1759850179.7727013,0.007623195648193359
1759850179.9250581,1759850179.9315534,0.006495237350463867
1759850179.9918315,1759850179.997137,0.00530552864074707
1759850180.1548734,1759850180.162324,0.007450580596923828
1759850180.1856725,1759850180.1933086,0.007636070251464844
1759850180.3524365,1759850180.3596723,0.00723576545715332
1759850180.3957703,1759850180.401175,0.00540471076965332
1759850180.558047,1759850180.5636346,0.005587577819824219
1759850180.6030633,1759850180.610811,0.007747650146484375
1759850180.7895455,1759850180.796334,0.006788492202758789
1759850180.7992506,1759850180.805642,0.006391286849975586
1759850180.9544601,1759850180.9599843,0.005524158477783203
1759850181.0421555,1759850181.048625,0.0064694881439208984
1759850181.199769,1759850181.209242,0.009473085403442383
1759850181.2212958,1759850181.229223,0.007927179336547852
1759850181.3937845,1759850181.4017909,0.00800633430480957
1759850181.4380953,1759850181.4434056,0.0053102970123291016
1759850181.5992253,1759850181.6057901,0.0065648555755615234
1759850181.6531167,1759850181.6595511,0.006434440612792969
1759850181.8225155,1759850181.8291655,0.006649971008300781
1759850181.8486512,1759850181.8540754,0.0054242610931396484
1759850182.0115974,1759850182.018729,0.0071315765380859375
1759850182.0727572,1759850182.0792737,0.006516456604003906
1759850182.3148408,1759850182.3201435,0.0053026676177978516
1759850182.313979,1759850182.320962,0.006983041763305664
1759850182.472388,1759850182.479104,0.006716012954711914
1759850182.570501,1759850182.575803,0.005301952362060547
1759850182.7158487,1759850182.7244325,0.008583784103393555
1759850182.8196864,1759850182.8261824,0.006495952606201172
1759850182.9919102,1759850183.001514,0.009603738784790039
1759850183.064392,1759850183.0697622,0.005370140075683594
1759850183.213836,1759850183.2193754,0.005539417266845703
1759850183.2759504,1759850183.2822328,0.006282329559326172
1759850183.4508703,1759850183.4564915,0.005621194839477539
1759850183.4644508,1759850183.4756365,0.011185646057128906
1759850183.629397,1759850183.6356828,0.006285905838012695
1759850183.6963115,1759850183.7017162,0.00540471076965332
1759850183.8483922,1759850183.8551822,0.0067899227142333984
1759850183.8773742,1759850183.88459,0.007215738296508789
1759850184.049672,1759850184.0612016,0.011529684066772461
1759850184.0878017,1759850184.0931673,0.005365610122680664
1759850184.2442634,1759850184.251157,0.006893634796142578
1759850184.3106768,1759850184.3172815,0.006604671478271484
1759850184.4704473,1759850184.4789617,0.008514404296875
1759850184.4876237,1759850184.4929554,0.005331754684448242
1759850184.6415234,1759850184.6474223,0.005898952484130859
1759850184.7178752,1759850184.7251623,0.007287025451660156
1759850184.867689,1759850184.8731055,0.0054166316986083984
1759850184.9067857,1759850184.9136183,0.006832599639892578
1759850185.079268,1759850185.089276,0.010008096694946289
1759850185.167736,1759850185.173166,0.005429983139038086
1759850185.3295815,1759850185.3360205,0.0064389705657958984
1759850185.3975675,1759850185.4042158,0.00664830207824707
1759850185.571255,1759850185.5772479,0.005992889404296875
1759850185.5853448,1759850185.5931973,0.007852554321289062
1759850185.757896,1759850185.7685857,0.010689735412597656
1759850185.8066545,1759850185.8119829,0.00532841682434082
1759850185.971751,1759850185.9811494,0.009398460388183594
1759850186.0137703,1759850186.020275,0.00650477409362793
1759850186.1974528,1759850186.2051656,0.007712841033935547
1759850186.2107286,1759850186.2172453,0.006516695022583008
1759850186.3640275,1759850186.3696113,0.005583763122558594
1759850186.4374754,1759850186.4455037,0.008028268814086914
1759850186.5943282,1759850186.599921,0.005592823028564453
1759850186.622978,1759850186.6292708,0.006292819976806641
1759850186.7858853,1759850186.7921674,0.00628209114074707
1759850186.83273,1759850186.8381124,0.0053822994232177734
1759850186.9965744,1759850187.0021157,0.005541324615478516
1759850187.0621839,1759850187.0684776,0.006293773651123047
1759850187.2256155,1759850187.2322547,0.006639242172241211
1759850187.2317166,1759850187.2375624,0.005845785140991211
1759850187.3812003,1759850187.3867111,0.005510807037353516
1759850187.4610963,1759850187.4675848,0.0064885616302490234
1759850187.6259634,1759850187.6324954,0.006531953811645508
1759850187.6422777,1759850187.6501856,0.007907867431640625
1759850187.8091996,1759850187.8200266,0.010827064514160156
1759850187.8671973,1759850187.8726676,0.00547027587890625
1759850188.0720153,1759850188.0814166,0.009401321411132812
1759850188.0908043,1759850188.0961094,0.005305051803588867
1759850188.2407272,1759850188.2461648,0.005437612533569336
1759850188.3678637,1759850188.374015,0.006151437759399414
1759850188.535865,1759850188.5423493,0.006484270095825195
1759850188.6021168,1759850188.6074488,0.005331993103027344
1759850188.7630782,1759850188.770425,0.0073468685150146484
1759850188.7972894,1759850188.8034678,0.006178379058837891
1759850188.9668095,1759850188.9734468,0.0066373348236083984
1759850189.0005262,1759850189.0059621,0.005435943603515625
1759850189.1487339,1759850189.1541524,0.005418539047241211
1759850189.221795,1759850189.2281408,0.0063457489013671875
1759850189.3871942,1759850189.3935802,0.0063860416412353516
1759850189.399536,1759850189.4057155,0.0061795711517333984
1759850189.5628157,1759850189.569547,0.006731271743774414
1759850189.6301715,1759850189.635552,0.005380392074584961
1759850189.7877042,1759850189.7951872,0.007483005523681641
1759850189.8171797,1759850189.8236246,0.0064449310302734375
1759850189.9964519,1759850190.0066245,0.010172605514526367
1759850190.033306,1759850190.038621,0.005315065383911133
1759850190.1850038,1759850190.190507,0.005503177642822266
1759850190.2583148,1759850190.2645433,0.006228446960449219
1759850190.4399607,1759850190.4454982,0.005537509918212891
1759850190.439138,1759850190.44584,0.006701946258544922
1759850190.5983849,1759850190.6061325,0.007747650146484375
1759850190.6320307,1759850190.6399434,0.007912635803222656
1759850190.797729,1759850190.8042972,0.006568193435668945
1759850190.8366892,1759850190.8420436,0.005354404449462891
1759850190.9911244,1759850190.997722,0.0065975189208984375
1759850191.0945108,1759850191.1009512,0.006440401077270508
1759850191.2549982,1759850191.2625632,0.007565021514892578
1759850191.3813426,1759850191.3866208,0.005278110504150391
1759850191.5288415,1759850191.5366144,0.007772922515869141
1759850191.6246715,1759850191.6308095,0.0061380863189697266
1759850191.7771392,1759850191.7834778,0.006338596343994141
1759850191.8696852,1759850191.874926,0.005240917205810547
1759850192.0408986,1759850192.0462918,0.005393266677856445
1759850192.0414097,1759850192.0467644,0.005354642868041992
1759850192.1936867,1759850192.2030973,0.009410619735717773
1759850192.2691011,1759850192.2743976,0.005296468734741211
1759850192.4267507,1759850192.4322164,0.00546574592590332
1759850192.4336295,1759850192.4389079,0.005278348922729492
1759850192.5858276,1759850192.5926952,0.006867647171020508
1759850192.679629,1759850192.6849477,0.005318641662597656
1759850192.832953,1759850192.8387735,0.005820512771606445
1759850192.920682,1759850192.9260485,0.00536656379699707
1759850193.0982664,1759850193.1041331,0.0058667659759521484
1759850193.10057,1759850193.105863,0.005293130874633789
1759850193.2518709,1759850193.257362,0.005491018295288086
1759850193.3362577,1759850193.3416135,0.0053558349609375
1759850193.492838,1759850193.4996014,0.006763458251953125
1759850193.5051095,1759850193.5117283,0.0066187381744384766
1759850193.6640863,1759850193.669568,0.005481719970703125
1759850193.7233968,1759850193.7286208,0.005223989486694336
1759850193.8750312,1759850193.8841965,0.009165287017822266
1759850193.916307,1759850193.9216833,0.005376338958740234
1759850194.081753,1759850194.087252,0.0054988861083984375
1759850194.1694403,1759850194.174663,0.005222797393798828
1759850194.3470798,1759850194.3530364,0.0059566497802734375
1759850194.390422,1759850194.3957014,0.0052793025970458984
1759850194.5447292,1759850194.5505874,0.005858182907104492
1759850194.5794356,1759850194.5848231,0.005387544631958008
1759850194.7362602,1759850194.7417874,0.0055272579193115234
1759850194.781493,1759850194.786912,0.005419015884399414
1759850194.9345298,1759850194.943416,0.008886337280273438
1759850194.9787755,1759850194.9845395,0.005764007568359375
1759850195.134461,1759850195.1410682,0.0066072940826416016
1759850195.1683724,1759850195.1738157,0.0054433345794677734
1759850195.3287823,1759850195.335597,0.006814718246459961
1759850195.3673317,1759850195.3726838,0.005352020263671875
1759850195.5300245,1759850195.5369315,0.006906986236572266
1759850195.5820632,1759850195.5879579,0.005894660949707031
1759850195.7445838,1759850195.7499123,0.00532841682434082
1759850195.7796118,1759850195.7848895,0.0052776336669921875
1759850195.9340508,1759850195.9395,0.0054492950439453125
1759850195.9985464,1759850196.0040402,0.005493879318237305
1759850196.1746159,1759850196.1801767,0.005560874938964844
1759850196.186596,1759850196.192714,0.006118059158325195
1759850196.3381538,1759850196.3434505,0.0052967071533203125
1759850196.4170961,1759850196.4234612,0.006365060806274414
1759850196.5837896,1759850196.5891442,0.005354642868041992
1759850196.5920837,1759850196.5984044,0.0063207149505615234
1759850196.7530477,1759850196.758464,0.005416393280029297
1759850196.8224947,1759850196.828957,0.0064623355865478516
1759850196.9945138,1759850197.0007565,0.0062427520751953125
1759850197.0676005,1759850197.072785,0.0051844120025634766
1759850197.2259712,1759850197.2355602,0.009588956832885742
1759850197.2864869,1759850197.2918632,0.005376338958740234
1759850197.4398887,1759850197.4453695,0.005480766296386719
1759850197.478483,1759850197.483766,0.0052831172943115234
1759850197.6285412,1759850197.637676,0.009134769439697266
1759850197.6670685,1759850197.67238,0.005311489105224609
1759850197.816467,1759850197.8250835,0.008616447448730469
1759850197.8624508,1759850197.8687272,0.006276369094848633
1759850198.0194643,1759850198.0253913,0.005927085876464844
1759850198.0601356,1759850198.0662725,0.006136894226074219
1759850198.218721,1759850198.2260895,0.007368564605712891
1759850198.2527897,1759850198.2580104,0.005220651626586914
1759850198.4099667,1759850198.41707,0.0071032047271728516
1759850198.454019,1759850198.460415,0.006395816802978516
1759850198.6109486,1759850198.6163092,0.005360603332519531
1759850198.6409702,1759850198.646241,0.005270719528198242
1759850198.8017752,1759850198.8081892,0.006413936614990234
1759850198.8475485,1759850198.8528051,0.00525665283203125
1759850199.0075514,1759850199.0130692,0.005517721176147461
1759850199.0425699,1759850199.0501413,0.00757145881652832
1759850199.2174642,1759850199.2242293,0.006765127182006836
1759850199.2690783,1759850199.2743847,0.0053064823150634766
1759850199.4442353,1759850199.4508097,0.006574392318725586
1759850199.4741447,1759850199.4798872,0.005742549896240234
1759850199.627986,1759850199.6333265,0.005340576171875
1759850199.6836529,1759850199.6900642,0.006411314010620117
1759850199.9147606,1759850199.9238923,0.009131669998168945
1759850199.9222217,1759850199.9283993,0.006177663803100586
1759850200.101676,1759850200.110691,0.009015083312988281
1759850200.199099,1759850200.2070212,0.007922172546386719
1759850200.3528638,1759850200.358131,0.005267143249511719
1759850200.4434004,1759850200.4487064,0.0053060054779052734
1759850200.595,1759850200.601454,0.006453990936279297
1759850200.5973952,1759850200.6026552,0.005259990692138672
1759850200.7403505,1759850200.7457485,0.0053980350494384766
1759850200.8402116,1759850200.8454165,0.005204916000366211
1759850200.984729,1759850200.9900813,0.0053522586822509766
1759850201.0825233,1759850201.0878031,0.0052797794342041016
1759850201.2616978,1759850201.2671154,0.005417585372924805
1759850201.334285,1759850201.3409035,0.006618499755859375
1759850201.4890797,1759850201.4966419,0.007562160491943359
1759850201.5072527,1759850201.5125089,0.005256175994873047
1759850201.6841927,1759850201.690029,0.0058362483978271484
1759850201.7193348,1759850201.7245092,0.005174398422241211
1759850201.866497,1759850201.8745072,0.008010149002075195
1759850201.9206436,1759850201.9258645,0.005220890045166016
1759850202.0894997,1759850202.0950277,0.005527973175048828
1759850202.1154683,1759850202.1216156,0.0061473846435546875
1759850202.272642,1759850202.2793472,0.006705284118652344
1759850202.3189926,1759850202.3243968,0.005404233932495117
1759850202.4853892,1759850202.4909527,0.005563497543334961
1759850202.5221288,1759850202.5276368,0.005507946014404297
1759850202.6813624,1759850202.6867921,0.005429744720458984
1759850202.7243583,1759850202.7309453,0.006587028503417969
1759850202.8690841,1759850202.8781226,0.009038448333740234
1759850202.9581285,1759850202.9633856,0.005257129669189453
1759850203.124648,1759850203.1343744,0.009726285934448242
1759850203.1912565,1759850203.1967342,0.0054776668548583984
1759850203.3449519,1759850203.3505337,0.005581855773925781
1759850203.3690684,1759850203.375187,0.0061185359954833984
1759850203.527379,1759850203.534166,0.00678706169128418
1759850203.588402,1759850203.5946786,0.006276607513427734
1759850203.7561927,1759850203.7643025,0.008109807968139648
1759850203.7694285,1759850203.776077,0.006648540496826172
1759850203.9136844,1759850203.919062,0.005377531051635742
1759850204.0046692,1759850204.0111723,0.006503105163574219
1759850204.167238,1759850204.1736448,0.0064067840576171875
1759850204.25873,1759850204.2649906,0.00626063346862793
1759850204.411466,1759850204.4188635,0.007397651672363281
1759850204.4441967,1759850204.4506633,0.00646662712097168
1759850204.6116714,1759850204.6181045,0.006433010101318359
1759850204.652708,1759850204.6579003,0.005192279815673828
1759850204.812593,1759850204.8181589,0.0055658817291259766
1759850204.8659368,1759850204.8740313,0.008094549179077148
1759850205.0480354,1759850205.0560837,0.008048295974731445
1759850205.0628965,1759850205.0680697,0.005173206329345703
1759850205.2189338,1759850205.2253828,0.006448984146118164
1759850205.3190532,1759850205.3253791,0.006325960159301758
1759850205.479246,1759850205.4856415,0.006395578384399414
1759850205.556854,1759850205.5620236,0.00516963005065918
1759850205.71051,1759850205.7158566,0.005346536636352539
1759850205.7281942,1759850205.7349539,0.0067596435546875
1759850205.8988793,1759850205.9072928,0.008413553237915039
1759850205.9931233,1759850205.9983313,0.005208015441894531
1759850206.155718,1759850206.1621845,0.006466388702392578
1759850206.2319329,1759850206.2384956,0.006562709808349609
1759850206.4012756,1759850206.4085002,0.007224559783935547
1759850206.419976,1759850206.426317,0.006340980529785156
1759850206.5938385,1759850206.6130097,0.01917123794555664
1759850206.645788,1759850206.6510339,0.00524592399597168
1759850206.8122747,1759850206.8211966,0.00892186164855957
1759850206.865953,1759850206.8724613,0.006508350372314453
1759850207.0311987,1759850207.0397282,0.008529424667358398
1759850207.0622838,1759850207.067935,0.005651235580444336
1759850207.2239914,1759850207.2291822,0.005190849304199219
1759850207.281783,1759850207.289268,0.007484912872314453
1759850207.4566395,1759850207.4642572,0.0076177120208740234
1759850207.474763,1759850207.4812646,0.006501674652099609
1759850207.6411595,1759850207.6490588,0.007899284362792969
1759850207.6950002,1759850207.7001956,0.0051953792572021484
1759850207.8592808,1759850207.865883,0.006602287292480469
1759850207.8990078,1759850207.9057596,0.0067517757415771484
1759850208.0810153,1759850208.0875351,0.006519794464111328
1759850208.1088889,1759850208.114143,0.005254030227661133
1759850208.274751,1759850208.2813258,0.006574869155883789
1759850208.3304048,1759850208.3412678,0.010863065719604492
1759850208.4996002,1759850208.5112383,0.011638164520263672
1759850208.5246615,1759850208.529771,0.005109548568725586
1759850208.7026396,1759850208.7090855,0.006445884704589844
1759850208.7529325,1759850208.7592978,0.006365299224853516
1759850208.9231634,1759850208.9312747,0.008111238479614258
1759850208.9912593,1759850208.9964905,0.005231142044067383
1759850209.1720808,1759850209.1773846,0.005303859710693359
1759850209.1908765,1759850209.1987038,0.007827281951904297
1759850209.415224,1759850209.4222956,0.007071495056152344
1759850209.442743,1759850209.4489381,0.006195068359375
1759850209.6124675,1759850209.6189559,0.006488323211669922
1759850209.6551402,1759850209.660327,0.005186796188354492
1759850209.8099866,1759850209.8153112,0.005324602127075195
1759850209.860897,1759850209.8671994,0.006302356719970703
1759850210.0345619,1759850210.042101,0.007539033889770508
1759850210.0490081,1759850210.0541568,0.005148649215698242
1759850210.1947927,1759850210.200046,0.005253314971923828
1759850210.2747526,1759850210.2944057,0.0196530818939209
1759850210.450072,1759850210.463823,0.013751029968261719
1759850210.539977,1759850210.545097,0.005120038986206055
1759850210.6930041,1759850210.698292,0.005287885665893555
1759850210.7291846,1759850210.736712,0.007527351379394531
1759850210.9109206,1759850210.917487,0.006566286087036133
1759850210.9341395,1759850210.9405985,0.00645899772644043
1759850211.086164,1759850211.091401,0.005237102508544922
1759850211.1579888,1759850211.1642463,0.006257534027099609
1759850211.3299212,1759850211.335451,0.005529642105102539
1759850211.334808,1759850211.3411503,0.006342172622680664
1759850211.5019026,1759850211.5137875,0.011884927749633789
1759850211.5638814,1759850211.5695,0.005618572235107422
1759850211.729507,1759850211.7358825,0.006375551223754883
1759850211.7775462,1759850211.783932,0.00638580322265625
1759850211.9707026,1759850211.9783363,0.007633686065673828
1759850212.0221138,1759850212.02742,0.005306243896484375
1759850212.1767683,1759850212.1822054,0.005437135696411133
1759850212.210493,1759850212.217696,0.007202863693237305
1759850212.424823,1759850212.4302602,0.005437135696411133
1759850212.4439902,1759850212.450514,0.006523847579956055
1759850212.6169162,1759850212.6239114,0.006995201110839844
1759850212.6619244,1759850212.667147,0.0052225589752197266
1759850212.821402,1759850212.826679,0.005276918411254883
1759850212.8765824,1759850212.8829849,0.006402492523193359
1759850213.056039,1759850213.0651371,0.009098052978515625
1759850213.0675216,1759850213.0738726,0.006350994110107422
1759850213.2389116,1759850213.2464693,0.00755763053894043
1759850213.2929943,1759850213.3018684,0.008874177932739258
1759850213.4636946,1759850213.4689794,0.005284786224365234
1759850213.5182073,1759850213.5246353,0.0064280033111572266
1759850213.700871,1759850213.707365,0.006494045257568359
1759850213.7187943,1759850213.7240508,0.0052564144134521484
1759850213.8955605,1759850213.9043276,0.008767127990722656
1759850213.9520335,1759850213.958464,0.006430387496948242
1759850214.1396163,1759850214.1470928,0.0074765682220458984
1759850214.1494467,1759850214.1557658,0.0063190460205078125
1759850214.309882,1759850214.3151932,0.005311250686645508
1759850214.409073,1759850214.415568,0.006494998931884766
1759850214.581467,1759850214.593009,0.011542081832885742
1759850214.6498394,1759850214.6551301,0.0052907466888427734
1759850214.8208966,1759850214.8262904,0.0053937435150146484
1759850214.8418136,1759850214.8486657,0.006852149963378906
1759850215.0214415,1759850215.0279338,0.0064923763275146484
1759850215.110699,1759850215.1172004,0.006501436233520508
1759850215.27258,1759850215.2812977,0.008717775344848633
1759850215.3360364,1759850215.3428745,0.006838083267211914
1759850215.5099995,1759850215.5164678,0.006468296051025391
1759850215.5172822,1759850215.522511,0.005228757858276367
1759850215.6964555,1759850215.7018197,0.005364179611206055
1759850215.7566905,1759850215.7646554,0.007964849472045898
1759850215.9324374,1759850215.9392633,0.006825923919677734
1759850215.9452047,1759850215.9502687,0.0050640106201171875
1759850216.0941076,1759850216.1005273,0.006419658660888672
1759850216.1843243,1759850216.1910863,0.006762027740478516
1759850216.3431106,1759850216.3486328,0.005522251129150391
1759850216.357311,1759850216.3634934,0.006182432174682617
1759850216.524398,1759850216.5346494,0.010251283645629883
1759850216.578979,1759850216.584232,0.0052530765533447266
1759850216.7411392,1759850216.7466722,0.005532979965209961
1759850216.7876892,1759850216.7947934,0.007104158401489258
1759850216.9746337,1759850216.9810472,0.006413459777832031
1759850216.9757128,1759850216.9809318,0.005218982696533203
1759850217.1474326,1759850217.1539578,0.006525278091430664
1759850217.151966,1759850217.163011,0.011044979095458984
1759850217.3242145,1759850217.3307798,0.0065653324127197266
1759850217.3898509,1759850217.3961062,0.006255388259887695
1759850217.5544758,1759850217.5635867,0.00911092758178711
1759850217.5765228,1759850217.5827255,0.00620269775390625
1759850217.7479827,1759850217.755215,0.007232189178466797
1759850217.7934859,1759850217.7986462,0.005160331726074219
1759850218.004138,1759850218.010395,0.006257057189941406
1759850218.0154812,1759850218.0206077,0.005126476287841797
1759850218.1710796,1759850218.1763537,0.005274057388305664
1759850218.3001182,1759850218.3063564,0.006238222122192383
1759850218.4754353,1759850218.4817827,0.0063474178314208984
1759850218.521353,1759850218.5264993,0.0051462650299072266
1759850218.6846027,1759850218.6905954,0.0059926509857177734
1759850218.7470841,1759850218.7538192,0.006735086441040039
1759850218.9054801,1759850218.9122553,0.0067751407623291016
1759850218.934826,1759850218.9400957,0.005269765853881836
1759850219.0888474,1759850219.0942554,0.005408048629760742
1759850219.1588051,1759850219.1652439,0.006438732147216797
1759850219.3367143,1759850219.3432794,0.006565093994140625
1759850219.3417583,1759850219.3470454,0.00528717041015625
1759850219.4907622,1759850219.4959545,0.005192279815673828
1759850219.580472,1759850219.5870795,0.006607532501220703
1759850219.7677681,1759850219.77457,0.0068018436431884766
1759850219.8305244,1759850219.8367062,0.0061817169189453125
1759850219.997752,1759850220.0036256,0.005873680114746094
1759850220.0213132,1759850220.028928,0.007614850997924805
1759850220.1854432,1759850220.2012846,0.01584148406982422
1759850220.2412617,1759850220.2464507,0.005188941955566406
1759850220.3932745,1759850220.3983867,0.005112171173095703
1759850220.4492373,1759850220.4555545,0.006317138671875
1759850220.6389978,1759850220.6452973,0.006299495697021484
1759850220.6464229,1759850220.6515436,0.005120754241943359
1759850220.855031,1759850220.8603854,0.005354404449462891
1759850220.8830566,1759850220.8908234,0.0077667236328125
1759850221.0538037,1759850221.0653358,0.011532068252563477
1759850221.0889592,1759850221.0942073,0.005248069763183594
1759850221.2384694,1759850221.2441623,0.005692958831787109
1759850221.3573933,1759850221.3640409,0.006647586822509766
1759850221.530492,1759850221.5371087,0.0066165924072265625
1759850221.577249,1759850221.5824683,0.005219221115112305
1759850221.7432117,1759850221.748607,0.005395174026489258
1759850221.7814217,1759850221.7881625,0.0067408084869384766
1759850221.9625454,1759850221.9694865,0.006941080093383789
1759850221.980424,1759850221.9874408,0.007016897201538086
1759850222.1376824,1759850222.1429086,0.00522613525390625
1759850222.2064083,1759850222.2133048,0.006896495819091797
1759850222.390646,1759850222.3984303,0.007784366607666016
1759850222.4094224,1759850222.4158232,0.0064008235931396484
1759850222.5540996,1759850222.5593526,0.0052530765533447266
1759850222.6336923,1759850222.6400487,0.006356477737426758
1759850222.7956982,1759850222.8031924,0.007494211196899414
1759850222.8124769,1759850222.8202558,0.00777888298034668
1759850222.981788,1759850222.9913638,0.009575843811035156
1759850223.0252979,1759850223.0304809,0.005182981491088867
1759850223.180679,1759850223.1857955,0.005116462707519531
1759850223.2252922,1759850223.2317843,0.006492137908935547
1759850223.4119833,1759850223.4183588,0.006375551223754883
1759850223.4312563,1759850223.4364495,0.005193233489990234
1759850223.5800683,1759850223.5891664,0.009098052978515625
1759850223.6539576,1759850223.6601603,0.00620269775390625
1759850223.8296602,1759850223.8397884,0.010128259658813477
1759850223.830415,1759850223.8406281,0.010213136672973633
1759850224.0001771,1759850224.0065184,0.006341218948364258
1759850224.123939,1759850224.1300645,0.006125450134277344
1759850224.2860906,1759850224.2923267,0.006236076354980469
1759850224.361227,1759850224.3674612,0.006234169006347656
1759850224.5360067,1759850224.5421169,0.006110191345214844
1759850224.5835721,1759850224.5897963,0.006224155426025391
1759850224.7675703,1759850224.774156,0.006585836410522461
1759850224.821233,1759850224.8272276,0.005994558334350586
1759850224.9965572,1759850225.0028017,0.0062444210052490234
1759850225.0338414,1759850225.040208,0.006366729736328125
1759850225.2202637,1759850225.2312763,0.011012554168701172
1759850225.2507975,1759850225.2560105,0.005213022232055664
1759850225.4064496,1759850225.4140205,0.007570981979370117
1759850225.4846969,1759850225.4919794,0.0072824954986572266
1759850225.6577487,1759850225.664556,0.0068073272705078125
1759850225.6676788,1759850225.6727774,0.005098581314086914
1759850225.8114915,1759850225.8168092,0.00531768798828125
1759850225.9293811,1759850225.9363377,0.006956577301025391
1759850226.0979283,1759850226.1042674,0.006339073181152344
1759850226.170564,1759850226.176862,0.006298065185546875
1759850226.3312821,1759850226.3365083,0.00522613525390625
1759850226.360168,1759850226.366418,0.006249904632568359
1759850226.5310953,1759850226.5373976,0.006302356719970703
1759850226.5689716,1759850226.57416,0.005188465118408203
1759850226.7243423,1759850226.7294729,0.0051305294036865234
1759850226.7886167,1759850226.7963426,0.007725954055786133
1759850226.9771912,1759850226.9840121,0.0068209171295166016
1759850226.9862757,1759850226.9914882,0.005212545394897461
1759850227.200927,1759850227.2084525,0.007525444030761719
1759850227.2336354,1759850227.240071,0.0064356327056884766
1759850227.4246309,1759850227.4311764,0.006545543670654297
1759850227.4525757,1759850227.4579515,0.005375862121582031
1759850227.620156,1759850227.62925,0.009093999862670898
1759850227.680747,1759850227.687168,0.00642085075378418
1759850227.8603637,1759850227.8672178,0.006854057312011719
1759850227.9137557,1759850227.9202857,0.006530046463012695
1759850228.0917315,1759850228.1002018,0.008470296859741211
1759850228.0990267,1759850228.1043665,0.005339860916137695
1759850228.24522,1759850228.2505014,0.0052814483642578125
1759850228.3453274,1759850228.3518302,0.006502866744995117
1759850228.5089233,1759850228.515437,0.0065135955810546875
1759850228.583953,1759850228.5890381,0.0050852298736572266
1759850228.733792,1759850228.7393181,0.005526065826416016
1759850228.7555091,1759850228.7632124,0.007703304290771484
1759850228.9195514,1759850228.9261653,0.006613969802856445
1759850228.9731927,1759850228.979793,0.006600379943847656
1759850229.1495886,1759850229.155413,0.00582432746887207
1759850229.1873305,1759850229.195254,0.007923603057861328
1759850229.3706605,1759850229.3770978,0.0064373016357421875
1759850229.4000647,1759850229.405577,0.005512237548828125
1759850229.5736866,1759850229.5798907,0.006204128265380859
1759850229.6173868,1759850229.6240377,0.0066509246826171875
1759850229.8029244,1759850229.809437,0.006512641906738281
1759850229.828687,1759850229.8347223,0.006035327911376953
1759850230.0510957,1759850230.0578895,0.0067937374114990234
1759850230.0616062,1759850230.067792,0.006185770034790039
1759850230.230121,1759850230.2368786,0.0067577362060546875
1759850230.2995226,1759850230.3057888,0.006266117095947266
1759850230.4911025,1759850230.4969704,0.005867958068847656
1759850230.490683,1759850230.4970036,0.006320476531982422
1759850230.670034,1759850230.67606,0.006026029586791992
1759850230.7168686,1759850230.7232213,0.006352663040161133
1759850230.8912332,1759850230.8990388,0.007805585861206055
1759850230.921935,1759850230.9280765,0.0061414241790771484
1759850231.0825386,1759850231.0891802,0.0066416263580322266
1759850231.1623137,1759850231.168925,0.006611347198486328
1759850231.3325753,1759850231.3436253,0.011049985885620117
1759850231.3452234,1759850231.3510394,0.005815982818603516
1759850231.5800095,1759850231.5864809,0.006471395492553711
1759850236.5585322,1759850236.564869,0.006336688995361328
1759850236.6991286,1759850236.7052875,0.0061588287353515625
1759850236.8291948,1759850236.8360643,0.00686955451965332
1759850236.9591,1759850236.9657369,0.006636857986450195
1759850237.103159,1759850237.1096573,0.0064983367919921875
1759850237.2329538,1759850237.240323,0.007369279861450195
1759850237.365074,1759850237.3756268,0.01055288314819336
1759850237.5149603,1759850237.5224183,0.0074579715728759766
1759850237.6445673,1759850237.6526823,0.008115053176879883
1759850237.8497562,1759850237.8559582,0.006201982498168945
1759850237.9966218,1759850238.0029104,0.0062885284423828125
1759850238.1240287,1759850238.1302042,0.006175518035888672
1759850238.2527616,1759850238.2591913,0.0064296722412109375
1759850238.3786302,1759850238.3849158,0.006285667419433594
1759850238.507119,1759850238.513582,0.006463050842285156
1759850238.6350646,1759850238.641661,0.00659632682800293
1759850238.764943,1759850238.7714527,0.0065097808837890625
1759850238.892488,1759850238.8988147,0.0063266754150390625
1759850239.0209177,1759850239.0284855,0.007567882537841797
1759850239.1617517,1759850239.1682189,0.006467103958129883
1759850239.2911997,1759850239.2976775,0.006477832794189453
1759850239.4199734,1759850239.4279902,0.008016824722290039
1759850239.5500631,1759850239.558139,0.008075952529907227
1759850239.7341936,1759850239.742028,0.007834434509277344
1759850239.8633173,1759850239.8697479,0.006430625915527344
1759850239.9960568,1759850240.003772,0.0077152252197265625
1759850240.124847,1759850240.1309464,0.0060994625091552734
1759850240.254555,1759850240.2612066,0.006651639938354492
1759850240.385859,1759850240.392387,0.006527900695800781
1759850240.5150082,1759850240.5218368,0.0068285465240478516
1759850240.6452425,1759850240.6515024,0.006259918212890625
1759850240.7754247,1759850240.7820415,0.006616830825805664
1759850240.9050598,1759850240.922817,0.017757177352905273
1759850241.0452852,1759850241.0515904,0.006305217742919922
1759850241.1741848,1759850241.1806083,0.006423473358154297
1759850241.303641,1759850241.310642,0.007000923156738281
1759850241.4374137,1759850241.4441605,0.006746768951416016
1759850241.6220722,1759850241.6284735,0.0064013004302978516
1759855873.5102725,1759855873.5182333,0.007960796356201172
1759855873.7365623,1759855873.7486901,0.012127876281738281
1759855874.5540557,1759855874.5605125,0.006456851959228516
1759855874.746049,1759855874.7572367,0.01118779182434082
1759855875.5494075,1759855875.5608382,0.011430740356445312
1759855875.8079321,1759855875.8142667,0.006334543228149414
1759855876.5586617,1759855876.565086,0.0064241886138916016
1759855876.8000677,1759855876.8065805,0.006512880325317383
1759855877.5887015,1759855877.5950274,0.006325960159301758
1759855877.7989206,1759855877.8057258,0.0068051815032958984
1759855878.576424,1759855878.5827138,0.006289958953857422
1759855878.796646,1759855878.8029938,0.00634765625
1759855879.5617623,1759855879.5681715,0.006409168243408203
1759855879.7914243,1759855879.7979634,0.006539106369018555
1759855880.536523,1759855880.543442,0.006918907165527344
1759855880.761235,1759855880.767858,0.006623029708862305
1759855881.512591,1759855881.5188863,0.006295442581176758
1759855881.7407513,1759855881.74739,0.006638765335083008
1759855882.500086,1759855882.506368,0.006281852722167969
1759855882.7251747,1759855882.7319958,0.006821155548095703
1759855883.4855442,1759855883.492418,0.0068738460540771484
1759855884.47395,1759855884.4807465,0.006796598434448242
1759855883.74434,1759855883.7510662,0.006726264953613281
1759855884.6524208,1759855884.6603115,0.007890701293945312
1759855884.748303,1759855884.7550468,0.006743907928466797
1759855884.918855,1759855884.9302132,0.011358261108398438
1759855885.017352,1759855885.023955,0.0066030025482177734
1759855885.1934106,1759855885.2045832,0.01117253303527832
1759855885.1979394,1759855885.204598,0.0066585540771484375
1759855885.3949502,1759855885.4018939,0.006943702697753906
1759855885.4397564,1759855885.446416,0.006659507751464844
1759855885.6217713,1759855885.6286807,0.006909370422363281
1759855885.6627128,1759855885.6692872,0.006574392318725586
1759855885.839133,1759855885.8457317,0.006598711013793945
1759855885.8760147,1759855885.882518,0.00650334358215332
1759855886.0504649,1759855886.0571084,0.006643533706665039
1759855886.147523,1759855886.154114,0.006591081619262695
1759855886.3314824,1759855886.3380344,0.006551980972290039
1759855886.4045641,1759855886.411183,0.006618976593017578
1759855886.5833728,1759855886.5937226,0.010349750518798828
1759855886.6013868,1759855886.6073925,0.006005764007568359
1759855886.7723348,1759855886.7800283,0.00769352912902832
1759855886.8381839,1759855886.8447266,0.006542682647705078
1759855887.0371675,1759855887.0468109,0.009643316268920898
1759855887.04678,1759855887.0530324,0.006252288818359375
1759855887.221617,1759855887.2278035,0.006186485290527344
1759855887.2806554,1759855887.2871177,0.0064623355865478516
1759855887.4532237,1759855887.4603097,0.007086038589477539
1759855887.474586,1759855887.480969,0.006382942199707031
1759855887.6454394,1759855887.6512845,0.005845069885253906
1759855887.7063386,1759855887.7128227,0.006484031677246094
1759855887.9016285,1759855887.9129145,0.011286020278930664
1759855887.9197185,1759855887.9255438,0.0058252811431884766
1759855888.1023457,1759855888.1124823,0.010136604309082031
1759855888.1633265,1759855888.1700733,0.006746768951416016
1759855888.347788,1759855888.354785,0.006996870040893555
1759855888.3715422,1759855888.377248,0.005705833435058594
1759855888.523467,1759855888.5289612,0.005494117736816406
1759855888.6537604,1759855888.6603975,0.006637096405029297
1759855888.8165653,1759855888.8230798,0.006514549255371094
1759855888.8752584,1759855888.8808856,0.005627155303955078
1759855889.070345,1759855889.0773046,0.006959676742553711
1759855889.0997388,1759855889.1070166,0.007277727127075195
1759855889.2628055,1759855889.2683456,0.005540132522583008
1759855889.330368,1759855889.3379958,0.007627725601196289
1759855889.517214,1759855889.5229938,0.005779743194580078
1759855889.5361514,1759855889.5427768,0.00662541389465332
1759855889.7151506,1759855889.7230685,0.00791788101196289
1759855889.7725284,1759855889.7778592,0.005330801010131836
1759855889.929583,1759855889.9361832,0.006600141525268555
1759855889.9699285,1759855889.976223,0.0062944889068603516
1759855890.1445594,1759855890.151021,0.006461620330810547
1759855890.1836047,1759855890.1888402,0.005235433578491211
1759855890.3378332,1759855890.3443239,0.0064907073974609375
1759855890.3848972,1759855890.3919432,0.0070459842681884766
1759855890.5497308,1759855890.5563743,0.006643533706665039
1759855890.5804052,1759855890.5869532,0.0065479278564453125
1759855890.7404194,1759855890.7459657,0.0055463314056396484
1759855890.8071773,1759855890.8151495,0.007972240447998047
1759855890.9940531,1759855891.0005476,0.0064945220947265625
1759855890.9968734,1759855891.0023413,0.005467891693115234
1759855891.1484134,1759855891.1553028,0.00688934326171875
1759855891.23472,1759855891.2411842,0.006464242935180664
1759855891.4109821,1759855891.4162924,0.0053102970123291016
1759855891.410358,1759855891.4169455,0.006587505340576172
1759855891.6364536,1759855891.6430278,0.006574153900146484
1759855891.6457021,1759855891.6521292,0.00642704963684082
1759855891.869373,1759855891.8760235,0.006650447845458984
1759855891.8906224,1759855891.897179,0.006556510925292969
1759855892.0617146,1759855892.072333,0.010618448257446289
1759855892.099216,1759855892.1046743,0.005458354949951172
1759855892.2451718,1759855892.2541444,0.008972644805908203
1759855892.3060617,1759855892.3137465,0.0076847076416015625
1759855892.4832995,1759855892.493794,0.010494470596313477
1759855892.4846675,1759855892.4938903,0.009222745895385742
1759855892.6590474,1759855892.668497,0.00944972038269043
1759855892.6738975,1759855892.6804752,0.006577730178833008
1759855892.8443916,1759855892.8508658,0.00647425651550293
1759855892.8957062,1759855892.9014208,0.0057146549224853516
1759855893.0623329,1759855893.0680385,0.005705595016479492
1759855893.098336,1759855893.1060996,0.00776362419128418
1759855893.2691226,1759855893.2803738,0.011251211166381836
1759855893.2960675,1759855893.3014708,0.005403280258178711
1759855893.4454353,1759855893.4508007,0.0053653717041015625
1759855893.5185583,1759855893.5295668,0.011008501052856445
1759855893.6851397,1759855893.69464,0.009500265121459961
1759855893.7027755,1759855893.7140472,0.01127171516418457
1759855893.892564,1759855893.899584,0.007019996643066406
1759855893.9270318,1759855893.9322734,0.0052416324615478516
1759855894.082266,1759855894.0877426,0.005476474761962891
1759855894.1389043,1759855894.1501634,0.011259078979492188
1759855894.3293822,1759855894.3347166,0.005334377288818359
1759855894.3244987,1759855894.3358548,0.011356115341186523
1759855894.4945383,1759855894.501962,0.0074236392974853516
1759855894.5713036,1759855894.5786104,0.007306814193725586
1759855894.8118834,1759855894.8172219,0.005338430404663086
1759855894.8192346,1759855894.8252513,0.006016731262207031
1759855894.9909356,1759855895.001746,0.010810375213623047
1759855895.049469,1759855895.0547245,0.005255460739135742
1759855895.2044804,1759855895.210008,0.005527496337890625
1759855895.2477715,1759855895.2537694,0.005997896194458008
1759855895.4179847,1759855895.424585,0.006600379943847656
1759855895.4403877,1759855895.4461389,0.005751132965087891
1759855895.6003573,1759855895.6057305,0.005373239517211914
1759855895.662371,1759855895.668545,0.0061740875244140625
1759855895.8317246,1759855895.8383157,0.006591081619262695
1759855895.8433485,1759855895.8496864,0.006337881088256836
1759855895.9996374,1759855896.0091107,0.009473323822021484
1759855896.0799303,1759855896.0874982,0.007567882537841797
1759855896.2626736,1759855896.2697513,0.007077693939208984
1759855896.2683651,1759855896.2747145,0.006349325180053711
1759855896.442997,1759855896.4497097,0.006712675094604492
1759855896.5010462,1759855896.506339,0.0052928924560546875
1759855896.672454,1759855896.6778831,0.00542902946472168
1759855896.7000735,1759855896.7066495,0.006576061248779297
1759855896.8881202,1759855896.8948827,0.006762504577636719
1759855896.9143112,1759855896.9198096,0.005498409271240234
1759855897.0718572,1759855897.0816672,0.00980997085571289
1759855897.1412435,1759855897.1476915,0.006448030471801758
1759855897.3247018,1759855897.330112,0.005410194396972656
1759855897.3227797,1759855897.331097,0.008317232131958008
1759855897.5112615,1759855897.5191426,0.00788116455078125
1759855897.5628412,1759855897.5681076,0.005266427993774414
1759855897.7263753,1759855897.7316368,0.005261421203613281
1759855897.8254342,1759855897.8321505,0.006716251373291016
1759855897.999443,1759855898.00609,0.006646871566772461
1759855898.1173148,1759855898.122596,0.005281209945678711
1759855898.265497,1759855898.27089,0.005393028259277344
1759855898.3593519,1759855898.3671563,0.007804393768310547
1759855898.5238693,1759855898.530461,0.006591796875
1759855898.6052222,1759855898.6105776,0.005355358123779297
1759855898.7787488,1759855898.7862222,0.007473468780517578
1759855898.7879004,1759855898.7944608,0.006560325622558594
1759855898.9451141,1759855898.956539,0.011424779891967773
1759855899.0109518,1759855899.0163453,0.005393505096435547
1759855899.1778982,1759855899.185396,0.0074977874755859375
1759855899.205657,1759855899.211913,0.006256103515625
1759855899.3890233,1759855899.3956573,0.0066339969635009766
1759855899.414522,1759855899.4205742,0.006052255630493164
1759855899.5720303,1759855899.5775144,0.005484104156494141
1759855899.6372075,1759855899.6453383,0.008130788803100586
1759855899.8101459,1759855899.8187044,0.008558511734008789
1759855899.8175213,1759855899.8230767,0.005555391311645508
1759855899.9730895,1759855899.978452,0.005362510681152344
1759855900.063073,1759855900.069366,0.006293058395385742
1759855900.231241,1759855900.2393034,0.008062362670898438
1759855900.3371923,1759855900.3425677,0.005375385284423828
1759855900.495194,1759855900.5005825,0.005388498306274414
1759855900.5834544,1759855900.5899808,0.006526470184326172
1759855900.7547877,1759855900.7657793,0.010991573333740234
1759855900.8359573,1759855900.8412244,0.005267143249511719
1759855900.9944415,1759855901.0009973,0.006555795669555664
1759855901.0676396,1759855901.074214,0.006574392318725586
1759855901.2351463,1759855901.2416713,0.0065250396728515625
1759855901.2947583,1759855901.3000019,0.005243539810180664
1759855901.4607198,1759855901.4683893,0.0076694488525390625
1759855901.489534,1759855901.4959705,0.006436586380004883
1759855901.6641228,1759855901.670788,0.006665229797363281
1759855901.7158287,1759855901.7211554,0.005326747894287109
1759855901.8645363,1759855901.8700378,0.005501508712768555
1759855901.914952,1759855901.9214911,0.006539106369018555
1759855902.0965402,1759855902.104098,0.007557868957519531
1759855902.1169024,1759855902.1225681,0.005665779113769531
1759855902.2767918,1759855902.282263,0.005471229553222656
1759855902.3439434,1759855902.3552449,0.011301517486572266
1759855902.532717,1759855902.5393991,0.006682157516479492
1759855902.5387127,1759855902.5439456,0.005232810974121094
1759855902.7013044,1759855902.7077398,0.006435394287109375
1759855902.7787633,1759855902.7853727,0.006609439849853516
1759855902.9462633,1759855902.9517813,0.0055179595947265625
1759855902.9476626,1759855902.9540083,0.0063457489013671875
1759855903.1251807,1759855903.1316085,0.006427764892578125
1759855903.1758535,1759855903.1810558,0.005202293395996094
1759855903.3388724,1759855903.348442,0.009569644927978516
1759855903.3745742,1759855903.381021,0.00644683837890625
1759855903.5409236,1759855903.5496771,0.008753538131713867
1759855903.5794356,1759855903.5848722,0.00543665885925293
1759855903.7558215,1759855903.7612412,0.005419731140136719
1759855903.7889395,1759855903.7955413,0.006601810455322266
1759855903.990592,1759855903.9960642,0.0054721832275390625
1759855904.0101428,1759855904.0163693,0.006226539611816406
1759855904.181704,1759855904.1895158,0.007811784744262695
1759855904.2756765,1759855904.2810822,0.0054056644439697266
1759855904.4234526,1759855904.4288368,0.005384206771850586
1759855904.5273206,1759855904.533636,0.006315469741821289
1759855904.6919343,1759855904.7034597,0.011525392532348633
1759855904.7657766,1759855904.772224,0.006447315216064453
1759855904.9385414,1759855904.9454522,0.006910800933837891
1759855904.9635427,1759855904.9701068,0.006564140319824219
1759855905.1383114,1759855905.1459775,0.007666110992431641
1759855905.1713097,1759855905.1766303,0.005320549011230469
1759855905.329333,1759855905.334754,0.0054209232330322266
1759855905.3882537,1759855905.3943138,0.006060123443603516
1759855905.5629666,1759855905.5688217,0.005855083465576172
1759855905.5716674,1759855905.5790803,0.007412910461425781
1759855905.7388115,1759855905.7450647,0.006253242492675781
1759855905.8081524,1759855905.8143408,0.006188392639160156
1759855905.9869308,1759855905.9922695,0.0053386688232421875
1759855906.0115385,1759855906.0186498,0.007111310958862305
1759855906.1821084,1759855906.1883907,0.006282329559326172
1759855906.233732,1759855906.2390356,0.005303621292114258
1759855906.4016,1759855906.4069748,0.005374908447265625
1759855906.4593217,1759855906.4656765,0.006354808807373047
1759855906.6274476,1759855906.637002,0.009554386138916016
1759855906.645961,1759855906.6512702,0.005309104919433594
1759855906.8048933,1759855906.8103251,0.0054318904876708984
1759855906.8703568,1759855906.876498,0.006141185760498047
1759855907.0437937,1759855907.0491714,0.005377769470214844
1759855907.0898993,1759855907.0970502,0.007150888442993164
1759855907.2537932,1759855907.2600896,0.006296396255493164
1759855907.2754023,1759855907.2806716,0.005269289016723633
1759855907.4852347,1759855907.4906585,0.005423784255981445
1759855907.5045443,1759855907.511889,0.007344722747802734
1759855907.6721275,1759855907.6788995,0.006772041320800781
1759855907.7185192,1759855907.723742,0.005222797393798828
1759855907.8675666,1759855907.873908,0.006341457366943359
1759855907.9036117,1759855907.9089684,0.005356788635253906
1759855908.0613782,1759855908.0667,0.0053217411041259766
1759855908.1075482,1759855908.1138022,0.006253957748413086
1759855908.2849228,1759855908.2942464,0.009323596954345703
1759855908.3011246,1759855908.3064003,0.005275726318359375
1759855908.4518557,1759855908.4571362,0.005280494689941406
1759855908.552765,1759855908.5600622,0.0072972774505615234
1759855908.7219748,1759855908.729682,0.007707118988037109
1759855908.7897294,1759855908.7962313,0.006501913070678711
1759855908.972509,1759855908.9790957,0.006586790084838867
1759855908.9793618,1759855908.9846363,0.005274534225463867
1759855909.1363413,1759855909.1438894,0.007548093795776367
1759855909.208922,1759855909.2141953,0.005273342132568359
1759855909.3693779,1759855909.3747373,0.0053594112396240234
1759855909.389156,1759855909.3943279,0.005171775817871094
1759855909.5446193,1759855909.552192,0.007572650909423828
1759855909.6172378,1759855909.6225388,0.005300998687744141
1759855909.7857015,1759855909.7924266,0.0067250728607177734
1759855909.7889512,1759855909.7945685,0.005617380142211914
1759855909.936257,1759855909.9415734,0.005316495895385742
1759855910.0610158,1759855910.0662656,0.005249738693237305
1759855910.2101202,1759855910.2191608,0.009040594100952148
1759855910.3266978,1759855910.331983,0.0052852630615234375
1759855910.479156,1759855910.484603,0.005446910858154297
1759855910.555124,1759855910.5605855,0.005461454391479492
1759855910.7213182,1759855910.726633,0.005314826965332031
1759855910.719984,1759855910.7274752,0.007491111755371094
1759855910.8734648,1759855910.878929,0.005464076995849609
1759855910.9466088,1759855910.9519107,0.005301952362060547
1759855911.096847,1759855911.104243,0.00739598274230957
1759855911.1192982,1759855911.125784,0.006485700607299805
1759855911.2741663,1759855911.2802718,0.0061054229736328125
1759855911.3336906,1759855911.3389916,0.005300998687744141
1759855911.4904702,1759855911.4986596,0.00818943977355957
1759855911.5144665,1759855911.520902,0.006435394287109375
1759855911.6777465,1759855911.6832118,0.005465269088745117
1759855911.7197654,1759855911.7250597,0.005294322967529297
1759855911.8878272,1759855911.897432,0.009604930877685547
1759855911.9266632,1759855911.9337282,0.0070650577545166016
1759855912.1076052,1759855912.1140497,0.006444454193115234
1759855912.1362753,1759855912.141424,0.005148649215698242
1759855912.3031032,1759855912.3094952,0.006392002105712891
1759855912.3512385,1759855912.358577,0.007338523864746094
1759855912.5438178,1759855912.5544837,0.0106658935546875
1759855912.5506887,1759855912.5576758,0.006987094879150391
1759855912.7085187,1759855912.7139468,0.0054280757904052734
1759855912.787542,1759855912.7937317,0.006189584732055664
1759855912.9532743,1759855912.9589634,0.005689144134521484
1759855912.9678988,1759855912.9743233,0.006424427032470703
1759855913.2048805,1759855913.2107875,0.0059070587158203125
1759855913.2481403,1759855913.2533596,0.005219221115112305
1759855913.414618,1759855913.4200916,0.005473613739013672
1759855913.4542959,1759855913.460668,0.006372213363647461
1759855913.6270206,1759855913.6337934,0.006772756576538086
1759855913.6483984,1759855913.6537287,0.005330324172973633
1759855913.807095,1759855913.8129234,0.005828380584716797
1759855913.888204,1759855913.8956475,0.007443428039550781
1759855914.055005,1759855914.0605376,0.005532503128051758
1759855914.076948,1759855914.0834806,0.0065326690673828125
1759855914.2459612,1759855914.253678,0.0077168941497802734
1759855914.2864552,1759855914.291735,0.0052797794342041016
1759855914.4451396,1759855914.4504676,0.005327939987182617
1759855914.4929395,1759855914.500422,0.0074825286865234375
1759855914.674234,1759855914.680765,0.0065310001373291016
1759855914.6820917,1759855914.6884909,0.0063991546630859375
1759855914.8405933,1759855914.8459342,0.0053408145904541016
1759855914.917366,1759855914.9239857,0.006619691848754883
1759855915.086693,1759855915.0943131,0.007620096206665039
1759855915.0974164,1759855915.1056063,0.008189916610717773
1759855915.278493,1759855915.2865663,0.00807332992553711
1759855915.3324318,1759855915.33782,0.0053882598876953125
1759855915.4803338,1759855915.489783,0.009449243545532227
1759855915.5285196,1759855915.5362353,0.007715702056884766
1759855915.717172,1759855915.723532,0.006360054016113281
1759855915.7384365,1759855915.743582,0.005145549774169922
1759855915.8965204,1759855915.902251,0.005730628967285156
1759855915.9642148,1759855915.9705057,0.006290912628173828
1759855916.1948473,1759855916.2024872,0.007639884948730469
1759855916.207984,1759855916.2142563,0.006272315979003906
1759855916.386251,1759855916.3928797,0.006628751754760742
1759855916.4300966,1759855916.4353654,0.00526881217956543
1759855916.5856104,1759855916.5910544,0.005444049835205078
1759855916.6311233,1759855916.637608,0.0064847469329833984
1759855916.820692,1759855916.8280382,0.007346153259277344
1759855916.8266046,1759855916.832602,0.005997419357299805
1759855916.9838686,1759855916.9894605,0.005591869354248047
1759855917.078806,1759855917.0852509,0.0064449310302734375
1759855917.245107,1759855917.2562025,0.011095523834228516
1759855917.3423886,1759855917.3484395,0.006050825119018555
1759855917.5003903,1759855917.50577,0.005379676818847656
1759855917.6261082,1759855917.6325371,0.006428956985473633
1759855917.814655,1759855917.8209941,0.006339073181152344
1759855917.8550627,1759855917.8609142,0.0058515071868896484
1759855918.0116508,1759855918.0171673,0.005516529083251953
1759855918.0584517,1759855918.0669146,0.008462905883789062
1759855918.2503817,1759855918.258577,0.00819540023803711
1759855918.2591434,1759855918.2657394,0.006596088409423828
1759855918.415103,1759855918.4262156,0.011112689971923828
1759855918.5003057,1759855918.506728,0.006422281265258789
1759855918.6780803,1759855918.685082,0.007001638412475586
1759855918.683902,1759855918.6904485,0.006546497344970703
1759855918.850019,1759855918.8563113,0.0062923431396484375
1759855918.9130914,1759855918.918382,0.005290508270263672
1759855919.1382747,1759855919.1458607,0.007586002349853516
1759855919.1738272,1759855919.1812642,0.007436990737915039
1759855919.3563116,1759855919.3675418,0.011230230331420898
1759855919.3831728,1759855919.3892336,0.00606083869934082
1759855919.540718,1759855919.5475986,0.006880521774291992
1759855919.6169264,1759855919.623148,0.0062215328216552734
1759855919.78545,1759855919.7927284,0.0072784423828125
1759855919.7966049,1759855919.8029952,0.00639033317565918
1759855919.9840074,1759855919.990061,0.0060536861419677734
1759855920.021891,1759855920.0277925,0.005901336669921875
1759855920.187444,1759855920.193296,0.0058519840240478516
1759855920.2442288,1759855920.2506378,0.0064089298248291016
1759855920.4292083,1759855920.4363139,0.007105588912963867
1759855920.4309688,1759855920.4362557,0.0052869319915771484
1759855920.6211965,1759855920.6277568,0.006560325622558594
1759855920.6243443,1759855920.6296954,0.005351066589355469
1759855920.7726004,1759855920.7780187,0.005418300628662109
1759855920.8634768,1759855920.8698127,0.0063359737396240234
1759855921.0345726,1759855921.0411053,0.0065326690673828125
1759855921.0415792,1759855921.0482275,0.00664830207824707
1759855921.2105203,1759855921.2165558,0.006035566329956055
1759855921.2707732,1759855921.2760644,0.0052912235260009766
1759855921.4372306,1759855921.4437892,0.006558656692504883
1759855921.4620652,1759855921.4681723,0.0061070919036865234
1759855921.6513543,1759855921.662989,0.011634588241577148
1759855921.6841743,1759855921.6895642,0.0053899288177490234
1759855921.8522317,1759855921.857826,0.0055942535400390625
1759855921.9195786,1759855921.9258728,0.00629425048828125
1759855922.1051185,1759855922.1131244,0.008005857467651367
1759855922.111749,1759855922.1182516,0.006502628326416016
1759855922.3382761,1759855922.3527837,0.014507532119750977
1759855922.4046957,1759855922.4138198,0.009124040603637695
1759855922.5672224,1759855922.5738752,0.00665283203125
1759855922.6034012,1759855922.6099408,0.006539583206176758
1759855922.7889779,1759855922.7960093,0.007031440734863281
1759855922.8124373,1759855922.817819,0.00538182258605957
1759855922.9736705,1759855922.9792912,0.005620718002319336
1759855923.0414658,1759855923.0492618,0.007796049118041992
1759855923.2175303,1759855923.2229888,0.0054585933685302734
1759855923.2210462,1759855923.2278204,0.006774187088012695
1759855923.3815856,1759855923.3930626,0.011476993560791016
1759855923.468701,1759855923.4740772,0.005376338958740234
1759855923.6405163,1759855923.6458707,0.005354404449462891
1759855923.6617434,1759855923.6681018,0.00635838508605957
1759855923.8483894,1759855923.8595634,0.01117396354675293
1759855923.885448,1759855923.8907814,0.005333423614501953
1759855924.0532448,1759855924.05866,0.005415201187133789
1759855924.1167445,1759855924.1231263,0.0063817501068115234
1759855924.2893245,1759855924.2946494,0.005324840545654297
1759855924.296798,1759855924.303066,0.006268024444580078
1759855924.4696703,1759855924.480566,0.010895729064941406
1759855924.53157,1759855924.5368793,0.005309343338012695
1759855924.688275,1759855924.6939652,0.005690097808837891
1759855924.7224984,1759855924.7292843,0.006785869598388672
1759855924.894803,1759855924.9011664,0.006363391876220703
1759855924.9226365,1759855924.9280026,0.005366086959838867
1759855925.0726173,1759855925.0809698,0.008352518081665039
1759855925.1914725,1759855925.1980345,0.006561994552612305
1759855925.366716,1759855925.3729522,0.00623631477355957
1759855925.4712873,1759855925.4766285,0.005341291427612305
1759855925.627637,1759855925.6331508,0.005513906478881836
1759855925.722895,1759855925.7307425,0.00784754753112793
1759855925.8964229,1759855925.9073284,0.01090550422668457
1759855925.9756706,1759855925.9810488,0.005378246307373047
1759855926.144077,1759855926.1496274,0.005550384521484375
1759855926.1721983,1759855926.1796353,0.007436990737915039
1759855926.3518918,1759855926.3580265,0.006134748458862305
1759855926.39191,1759855926.3972323,0.00532221794128418
1759855926.5592952,1759855926.5653691,0.006073951721191406
1759855926.5938687,1759855926.6008224,0.006953716278076172
1759855926.7755454,1759855926.7838879,0.008342504501342773
1759855926.798143,1759855926.8034463,0.005303382873535156
1759855926.9467003,1759855926.9519396,0.005239248275756836
1759855927.0184455,1759855927.0248158,0.0063703060150146484
1759855927.1963787,1759855927.201793,0.005414247512817383
1759855927.2116487,1759855927.2179055,0.006256818771362305
1759855927.3907914,1759855927.402051,0.01125955581665039
1759855927.444479,1759855927.4505405,0.006061553955078125
1759855927.6078303,1759855927.6132298,0.005399465560913086
1759855927.6478398,1759855927.654047,0.00620722770690918
1759855927.827835,1759855927.8343537,0.00651860237121582
1759855927.8498995,1759855927.8550842,0.005184650421142578
1759855928.0016944,1759855928.0071032,0.005408763885498047
1759855928.0789294,1759855928.0848937,0.0059642791748046875
1759855928.3176944,1759855928.327871,0.010176658630371094
1759855992.0726151,1759855992.0789573,0.006342172622680664
1759855993.080332,1759855993.089642,0.009310007095336914
1759855994.0697649,1759855994.0759954,0.006230592727661133
1759855994.3363118,1759855994.3468804,0.010568618774414062
1759855994.608809,1759855994.6150513,0.006242275238037109
1759855994.766317,1759855994.7732813,0.006964445114135742
1759855995.0239213,1759855995.0342052,0.010283946990966797
1759855995.25702,1759855995.2631342,0.00611424446105957
1759855995.4264574,1759855995.4341705,0.0077130794525146484
1759855995.7122972,1759855995.7187893,0.006492137908935547
1759855995.9674158,1759855995.974801,0.00738525390625
1759855996.1678789,1759855996.1743367,0.006457805633544922
1759855996.4336638,1759855996.4400117,0.0063478946685791016
1759855996.6048634,1759855996.613194,0.008330583572387695
1759855996.8796418,1759855996.8875504,0.00790858268737793
1759855997.1363802,1759855997.1440322,0.0076520442962646484
1759855997.3186467,1759855997.3295102,0.010863542556762695
1759855997.4881687,1759855997.4957798,0.00761103630065918
1759855997.8444524,1759855997.8510969,0.006644487380981445
1759855998.026367,1759855998.0340743,0.007707357406616211
1759855998.2887087,1759855998.2951055,0.006396770477294922
1759855998.537711,1759855998.5454478,0.007736921310424805
1759855998.7044458,1759855998.7110105,0.006564617156982422
1759855998.9582858,1759855998.965075,0.006789207458496094
1759855999.1342707,1759855999.1420813,0.0078105926513671875
1759855999.4082682,1759855999.414922,0.006653785705566406
1759855999.5825438,1759855999.5889714,0.0064275264739990234
1759855999.8468626,1759855999.8563926,0.009530067443847656
1759856000.0203073,1759856000.0268638,0.006556510925292969
1759856000.279048,1759856000.285434,0.0063860416412353516
1759856000.453718,1759856000.460226,0.0065081119537353516
1759856000.7061176,1759856000.7123904,0.006272792816162109
1759856000.872183,1759856000.8802109,0.008027791976928711
1759856001.2391794,1759856001.249534,0.01035451889038086
1759856001.471528,1759856001.4777427,0.006214618682861328
1759856001.6519144,1759856001.66067,0.008755683898925781
1759856001.9086175,1759856001.9150736,0.006456136703491211
1759856002.0733,1759856002.079831,0.0065310001373291016
1759856002.3428254,1759856002.353586,0.01076054573059082
1759856002.5113246,1759856002.5230706,0.011745929718017578
1759856002.7839806,1759856002.7915633,0.007582664489746094
1759856002.9619527,1759856002.968304,0.0063512325286865234
1759856003.239093,1759856003.2455225,0.006429433822631836
1759856003.4180315,1759856003.4247122,0.006680727005004883
1759856003.6772413,1759856003.6833775,0.006136178970336914
1759856003.8573673,1759856003.8638043,0.006437063217163086
1759856004.1093915,1759856004.1158874,0.006495952606201172
1759856004.3613892,1759856004.3676329,0.006243705749511719
1759856004.5569608,1759856004.5635722,0.006611347198486328
1759856004.8592045,1759856004.8659291,0.00672459602355957
1759856005.0375178,1759856005.0454798,0.00796198844909668
1759856005.3066185,1759856005.3159246,0.009306192398071289
1759856005.4735093,1759856005.4850276,0.011518239974975586
1759856005.747356,1759856005.754949,0.0075931549072265625
1759856005.9291718,1759856005.9402153,0.011043548583984375
1759856006.1783268,1759856006.1860983,0.007771492004394531
1759856006.3540382,1759856006.3609571,0.006918907165527344
1759856006.6148252,1759856006.6256554,0.010830163955688477
1759856006.7902582,1759856006.7968729,0.00661468505859375
1759856007.0466702,1759856007.0534592,0.006788969039916992
1759856007.290731,1759856007.2971654,0.006434440612792969
1759856007.4697583,1759856007.4763725,0.006614208221435547
1759856007.7824564,1759856007.7887414,0.006284952163696289
1759856007.949739,1759856007.956235,0.006495952606201172
1759856008.2105083,1759856008.2171147,0.006606340408325195
1759856008.4600623,1759856008.4678833,0.007821083068847656
1759856008.6349733,1759856008.6465218,0.011548519134521484
1759856008.896648,1759856008.9029715,0.006323575973510742
1759856009.072954,1759856009.0792248,0.006270885467529297
1759856009.318299,1759856009.3247445,0.006445407867431641
1759856009.506367,1759856009.5146408,0.008273839950561523
1759856009.760236,1759856009.7663743,0.006138324737548828
1759856009.9411583,1759856009.947589,0.006430625915527344
1759856010.1949255,1759856010.203299,0.008373498916625977
1759856010.4458282,1759856010.452178,0.006349802017211914
1759856010.6094954,1759856010.6170986,0.007603168487548828
1759856010.915986,1759856010.922291,0.00630497932434082
1759856011.1039987,1759856011.1118138,0.007815122604370117
1759856011.3476439,1759856011.3558419,0.008198022842407227
1759856011.533509,1759856011.540604,0.0070950984954833984
1759856011.7863386,1759856011.7929883,0.00664973258972168
1759856011.9686553,1759856011.97495,0.006294727325439453
1759856012.2506099,1759856012.2571714,0.0065615177154541016
1759856012.4144714,1759856012.4219353,0.007463932037353516
1759856012.687859,1759856012.6942596,0.006400585174560547
1759856012.868062,1759856012.8764212,0.008359193801879883
1759856363.6437454,1759856363.6501658,0.0064203739166259766
1759856364.669617,1759856364.68122,0.011603116989135742
1759856364.7312489,1759856364.7393272,0.008078336715698242
1759856365.7429347,1759856365.749347,0.0064122676849365234
1759856365.7988343,1759856365.8052366,0.006402254104614258
1759856366.8313696,1759856366.837463,0.006093263626098633
1759856366.8703785,1759856366.8765218,0.006143331527709961
1759856367.8823118,1759856367.8885348,0.006222963333129883
1759856367.9236944,1759856367.9302864,0.0065920352935791016
1759856368.9191234,1759856368.9257176,0.006594181060791016
1759856368.9692998,1759856368.9755032,0.006203413009643555
1759856370.0162714,1759856370.02242,0.006148576736450195
1759856370.024188,1759856370.0306501,0.00646209716796875
1759856371.0768795,1759856371.0832264,0.006346940994262695
1759856371.133291,1759856371.1398137,0.006522655487060547
1759856372.163821,1759856372.1747718,0.010950803756713867
1759856372.1681392,1759856372.174831,0.006691694259643555
1759856373.1639056,1759856373.1743598,0.010454177856445312
1759856373.2865882,1759856373.2931402,0.006551980972290039
1759856374.2805648,1759856374.2874804,0.006915569305419922
1759856374.302853,1759856374.309315,0.0064618587493896484
1759856375.3037603,1759856375.3150706,0.011310338973999023
1759856375.336387,1759856375.342768,0.006381034851074219
1759856376.3312778,1759856376.337918,0.006640195846557617
1759856376.415758,1759856376.4221058,0.0063478946685791016
1759856377.4368794,1759856377.4481847,0.01130533218383789
1759856377.5278108,1759856377.534251,0.006440162658691406
1759856378.545381,1759856378.5523744,0.006993293762207031
1759856378.5729887,1759856378.5802913,0.007302522659301758
1759856379.5760133,1759856379.582653,0.006639719009399414
1759856379.6247694,1759856379.6312373,0.0064678192138671875
1759856380.6199818,1759856380.6313891,0.01140737533569336
1759856380.6769388,1759856380.6833162,0.006377458572387695
1759856381.7273114,1759856381.733869,0.0065577030181884766
1759856381.8126094,1759856381.8193028,0.006693363189697266
1759856382.8003616,1759856382.8067555,0.006393909454345703
1759856382.808288,1759856382.814779,0.006490945816040039
1759856383.9213297,1759856383.9325898,0.011260032653808594
1759856383.8148382,1759856383.8212771,0.0064389705657958984
1759856384.788757,1759856384.7953708,0.006613731384277344
1759856384.8637273,1759856384.8700264,0.006299018859863281
1759856385.0344284,1759856385.041293,0.0068645477294921875
1759856385.05936,1759856385.066596,0.007236003875732422
1759856385.2429397,1759856385.249718,0.006778240203857422
1759856385.2853394,1759856385.2913997,0.006060361862182617
1759856385.4721622,1759856385.4785795,0.006417274475097656
1759856385.5086892,1759856385.515315,0.0066258907318115234
1759856385.681014,1759856385.6902306,0.009216547012329102
1759856385.731299,1759856385.7375035,0.0062046051025390625
1759856385.9022503,1759856385.908784,0.006533622741699219
1759856385.9329627,1759856385.9395738,0.0066111087799072266
1759856386.113332,1759856386.1198883,0.006556272506713867
1759856386.149216,1759856386.155178,0.0059621334075927734
1759856386.3133523,1759856386.319388,0.006035566329956055
1759856386.3588,1759856386.3650215,0.0062215328216552734
1759856386.5460386,1759856386.5524948,0.006456136703491211
1759856386.57708,1759856386.582748,0.005667924880981445
1759856386.7432468,1759856386.7489603,0.005713462829589844
1759856386.8549302,1759856386.8622508,0.0073206424713134766
1759856387.0502229,1759856387.0566409,0.006417989730834961
1759856387.0953593,1759856387.100804,0.005444765090942383
1759856387.2455242,1759856387.250945,0.0054209232330322266
1759856387.2991164,1759856387.305841,0.00672459602355957
1759856387.4825766,1759856387.489556,0.006979465484619141
1759856387.505065,1759856387.5151737,0.010108709335327148
1759856387.6797159,1759856387.688496,0.008780241012573242
1759856387.7321427,1759856387.7385933,0.006450653076171875
1759856387.906886,1759856387.915341,0.00845479965209961
1759856387.9800024,1759856387.9853454,0.005342960357666016
1759856388.1608007,1759856388.1662467,0.005445957183837891
1759856388.1632564,1759856388.1722524,0.008996009826660156
1759856388.3437967,1759856388.3520303,0.00823354721069336
1759856388.4046774,1759856388.4099088,0.005231380462646484
1759856388.5745454,1759856388.5840344,0.009489059448242188
1759856388.6138053,1759856388.6203861,0.006580829620361328
1759856388.7901616,1759856388.7964776,0.006315946578979492
1759856388.8194098,1759856388.8247733,0.00536346435546875
1759856388.9898937,1759856388.9952466,0.005352973937988281
1759856389.034854,1759856389.046015,0.011161088943481445
1759856389.2207162,1759856389.227705,0.0069887638092041016
1759856389.2465248,1759856389.2530975,0.006572723388671875
1759856389.4055953,1759856389.4116302,0.00603485107421875
1759856389.4629078,1759856389.4694712,0.006563425064086914
1759856389.646772,1759856389.6561208,0.009348869323730469
1759856389.6544082,1759856389.6597435,0.005335330963134766
1759856389.8086689,1759856389.814211,0.00554203987121582
1759856389.9403694,1759856389.946831,0.006461620330810547
1759856390.120235,1759856390.1284454,0.008210420608520508
1759856390.1644695,1759856390.171004,0.006534576416015625
1759856390.3240898,1759856390.3297093,0.005619525909423828
1759856390.3648167,1759856390.3727207,0.007904052734375
1759856390.5359726,1759856390.542338,0.006365299224853516
1759856390.5644572,1759856390.5710833,0.006626129150390625
1759856390.7248857,1759856390.7307732,0.005887508392333984
1759856390.782226,1759856390.7898529,0.007626771926879883
1759856390.9579897,1759856390.9644804,0.0064907073974609375
1759856391.022468,1759856391.0290756,0.006607532501220703
1759856391.200102,1759856391.2073393,0.00723719596862793
1759856391.2141712,1759856391.2205656,0.006394386291503906
1759856391.3782701,1759856391.3849497,0.006679534912109375
1759856391.4389117,1759856391.4454987,0.006587028503417969
1759856391.6036534,1759856391.6129966,0.009343147277832031
1759856391.6374092,1759856391.6442878,0.00687861442565918
1759856391.8105457,1759856391.81718,0.006634235382080078
1759856391.8408074,1759856391.8461387,0.005331277847290039
1759856392.0057578,1759856392.0110898,0.005331993103027344
1759856392.0800107,1759856392.0865197,0.006509065628051758
1759856392.2575493,1759856392.2640944,0.006545066833496094
1759856392.2642345,1759856392.269626,0.005391359329223633
1759856392.4141898,1759856392.420587,0.006397247314453125
1759856392.5066442,1759856392.5177352,0.011090993881225586
1759856392.7366447,1759856392.74405,0.007405281066894531
1759856392.7691195,1759856392.7783196,0.009200096130371094
1759856392.9307585,1759856392.939911,0.009152412414550781
1759856392.9924104,1759856392.998751,0.006340503692626953
1759856393.1851237,1759856393.1944816,0.009357929229736328
1759856393.1996114,1759856393.2059598,0.006348371505737305
1759856393.3563461,1759856393.361973,0.0056269168853759766
1759856393.4375548,1759856393.4451675,0.007612705230712891
1759856393.5978892,1759856393.6037807,0.005891561508178711
1759856393.6304977,1759856393.637016,0.006518363952636719
1759856393.790957,1759856393.7986734,0.00771641731262207
1759856393.8427737,1759856393.8492005,0.006426811218261719
1759856394.0076356,1759856394.017004,0.009368419647216797
1759856394.068867,1759856394.075306,0.0064389705657958984
1759856394.252115,1759856394.260333,0.008218050003051758
1759856394.267964,1759856394.2731755,0.005211591720581055
1759856394.4783242,1759856394.4837568,0.005432605743408203
1759856394.5012722,1759856394.5077517,0.006479501724243164
1759856394.6631806,1759856394.669415,0.006234407424926758
1759856394.7210248,1759856394.7263498,0.0053250789642333984
1759856394.8908746,1759856394.898674,0.007799386978149414
1759856394.92958,1759856394.936007,0.00642704963684082
1759856395.0955071,1759856395.101877,0.006369829177856445
1759856395.1293383,1759856395.1347506,0.00541234016418457
1759856395.2986822,1759856395.305159,0.006476879119873047
1759856395.363079,1759856395.3709722,0.007893085479736328
1759856395.5341785,1759856395.539498,0.0053195953369140625
1759856395.5549476,1759856395.5610101,0.006062507629394531
1759856395.7250097,1759856395.732287,0.007277250289916992
1759856395.7659888,1759856395.771379,0.005390167236328125
1759856395.9375648,1759856395.9433646,0.005799770355224609
1759856396.0436068,1759856396.051896,0.008289337158203125
1759856396.2084014,1759856396.2147887,0.006387233734130859
1759856396.2756705,1759856396.2809021,0.005231618881225586
1759856396.4291127,1759856396.4344678,0.005355119705200195
1759856396.472762,1759856396.4790606,0.006298542022705078
1759856396.6586118,1759856396.6646802,0.00606846809387207
1759856396.6673715,1759856396.6727102,0.0053386688232421875
1759856396.816311,1759856396.8216925,0.005381584167480469
1759856396.8936043,1759856396.8997676,0.006163358688354492
1759856397.0663624,1759856397.0728555,0.006493091583251953
1759856397.1241598,1759856397.129524,0.005364179611206055
1759856397.2981017,1759856397.3037698,0.005668163299560547
1759856397.338799,1759856397.3483198,0.009520769119262695
1759856397.5168793,1759856397.5280704,0.011191129684448242
1759856397.5461879,1759856397.5525324,0.00634455680847168
1759856397.7022932,1759856397.7076197,0.005326509475708008
1759856397.761044,1759856397.7673624,0.006318330764770508
1759856397.9457157,1759856397.9523454,0.0066297054290771484
1759856397.9463856,1759856397.9555953,0.009209632873535156
1759856398.1031384,1759856398.112564,0.009425640106201172
1759856398.1865735,1759856398.1929913,0.006417751312255859
1759856398.3624332,1759856398.3718145,0.009381294250488281
1759856398.3769321,1759856398.383377,0.0064449310302734375
1759856398.5600379,1759856398.5704584,0.010420560836791992
1759856398.6016235,1759856398.6069114,0.005287885665893555
1759856398.750817,1759856398.756184,0.0053670406341552734
1759856398.8694043,1759856398.8754516,0.006047248840332031
1759856399.0381386,1759856399.046141,0.008002281188964844
1759856399.105823,1759856399.112295,0.006471872329711914
1759856399.278302,1759856399.284208,0.005906105041503906
1759856399.3050072,1759856399.3115566,0.006549358367919922
1759856399.4688122,1759856399.4756062,0.006793975830078125
1759856399.508287,1759856399.5136297,0.005342721939086914
1759856399.6947541,1759856399.7041984,0.009444236755371094
1759856399.7142909,1759856399.7202375,0.005946636199951172
1759856399.8850868,1759856399.895651,0.010564327239990234
1759856399.9359474,1759856399.9411886,0.0052411556243896484
1759856400.1189334,1759856400.126645,0.007711648941040039
1759856400.1366274,1759856400.1472113,0.010583877563476562
1759856400.3155334,1759856400.3258693,0.010335922241210938
1759856400.401837,1759856400.4072788,0.0054416656494140625
1759856400.5621758,1759856400.567573,0.005397319793701172
1759856400.5810695,1759856400.5868149,0.005745410919189453
1759856400.7370653,1759856400.7424483,0.005383014678955078
1759856400.7898226,1759856400.7950752,0.0052525997161865234
1759856400.9490473,1759856400.954642,0.005594730377197266
1759856401.0061138,1759856401.0113935,0.0052797794342041016
1759856401.1764822,1759856401.181903,0.005420684814453125
1759856401.2078316,1759856401.2143476,0.006515979766845703
1759856401.3753119,1759856401.3804939,0.005182027816772461
1759856401.42851,1759856401.4338639,0.0053539276123046875
1759856401.5992596,1759856401.6046257,0.005366086959838867
1759856401.6313345,1759856401.636503,0.005168437957763672
1759856401.833441,1759856401.838836,0.005394935607910156
1759856401.840752,1759856401.8459117,0.005159854888916016
1759856401.9940603,1759856401.9995282,0.005467891693115234
1759856402.0649474,1759856402.0703018,0.005354404449462891
1759856402.2343276,1759856402.2408297,0.0065021514892578125
1759856402.2498505,1759856402.2552118,0.005361318588256836
1759856402.409869,1759856402.4155607,0.0056917667388916016
1759856402.4633896,1759856402.4686856,0.005295991897583008
1759856402.6121764,1759856402.6175475,0.00537109375
1759856402.664834,1759856402.669941,0.005106925964355469
1759856402.8289104,1759856402.837498,0.00858759880065918
1759856402.8725543,1759856402.8784034,0.005849123001098633
1759856403.0743287,1759856403.083359,0.009030342102050781
1759856403.0828068,1759856403.0882087,0.0054018497467041016
1759856403.23998,1759856403.246924,0.006943941116333008
1759856403.3082173,1759856403.3133826,0.0051653385162353516
1759856403.4595468,1759856403.465355,0.005808115005493164
1759856403.4862292,1759856403.491646,0.0054168701171875
1759856403.6393626,1759856403.6447148,0.0053522586822509766
1759856403.689715,1759856403.6949627,0.005247831344604492
1759856403.8552008,1759856403.860513,0.005312204360961914
1759856403.907507,1759856403.9128616,0.005354642868041992
1759856404.0644736,1759856404.0698333,0.005359649658203125
1759856404.099744,1759856404.1050658,0.0053217411041259766
1759856404.275659,1759856404.2811255,0.005466461181640625
1759856404.2991376,1759856404.304419,0.0052814483642578125
1759856404.4638233,1759856404.4705508,0.006727457046508789
1759856404.510465,1759856404.5169697,0.00650477409362793
1759856404.7023468,1759856404.7097967,0.0074498653411865234
1759856404.7219927,1759856404.7284532,0.006460428237915039
1759856404.8796651,1759856404.8860295,0.006364345550537109
1759856404.9326658,1759856404.9380264,0.005360603332519531
1759856405.1114454,1759856405.1169631,0.005517721176147461
1759856405.1403496,1759856405.1455026,0.00515294075012207
1759856405.29968,1759856405.3050535,0.005373477935791016
1759856405.354575,1759856405.3598652,0.00529026985168457
1759856405.51975,1759856405.525463,0.005712985992431641
1759856405.5442536,1759856405.5503957,0.006142139434814453
1759856405.7053173,1759856405.7135005,0.00818324089050293
1759856405.8085055,1759856405.813733,0.005227565765380859
1759856405.9584038,1759856405.9637764,0.005372524261474609
1759856406.0459986,1759856406.051105,0.005106449127197266
1759856406.2098958,1759856406.2153952,0.005499362945556641
1759856406.211805,1759856406.2172744,0.005469322204589844
1759856406.3600204,1759856406.3651743,0.0051538944244384766
1759856406.434228,1759856406.439436,0.005208015441894531
1759856406.5934732,1759856406.5989127,0.0054395198822021484
1759856406.5975852,1759856406.6031156,0.005530357360839844
1759856406.7459853,1759856406.7531638,0.007178544998168945
1759856406.8217275,1759856406.8270915,0.005363941192626953
1759856406.980222,1759856406.9856498,0.005427837371826172
1759856406.991612,1759856406.9968708,0.005258798599243164
1759856407.146923,1759856407.1523087,0.005385637283325195
1759856407.2182543,1759856407.2234368,0.005182504653930664
1759856407.3796866,1759856407.3857021,0.0060155391693115234
1759856407.3933718,1759856407.398467,0.005095243453979492
1759856407.5501573,1759856407.5565178,0.006360530853271484
1759856407.6042037,1759856407.6094143,0.0052106380462646484
1759856407.771042,1759856407.7764404,0.005398273468017578
1759856407.8397758,1759856407.8450284,0.0052525997161865234
1759856408.007516,1759856408.016775,0.00925898551940918
1759856408.0179465,1759856408.023231,0.005284547805786133
1759856408.1729147,1759856408.1781654,0.005250692367553711
1759856408.2419698,1759856408.2470255,0.005055665969848633
1759856408.400498,1759856408.4080298,0.007531881332397461
1759856408.4201324,1759856408.425399,0.005266666412353516
1759856408.6312838,1759856408.6369944,0.005710601806640625
1759856408.6396601,1759856408.644796,0.005135774612426758
1759856408.7950141,1759856408.8014288,0.006414651870727539
1759856408.891193,1759856408.8974988,0.0063059329986572266
1759856409.0438404,1759856409.05356,0.009719610214233398
1759856409.1357296,1759856409.1407974,0.0050678253173828125
1759856409.3082304,1759856409.314588,0.006357669830322266
1759856409.3097231,1759856409.3149853,0.005262136459350586
1759856409.4818668,1759856409.4876752,0.005808353424072266
1759856409.483554,1759856409.490154,0.006600141525268555
1759856409.6487625,1759856409.658069,0.00930643081665039
1759856409.7392585,1759856409.7445707,0.005312204360961914
1759856409.9092731,1759856409.914939,0.005665779113769531
1759856409.909157,1759856409.9158983,0.00674128532409668
1759856410.0604873,1759856410.0669444,0.006457090377807617
1759856410.1384401,1759856410.1438377,0.0053975582122802734
1759856410.3034086,1759856410.3101618,0.006753206253051758
1759856410.3085895,1759856410.3138502,0.0052607059478759766
1759856410.4702606,1759856410.4756098,0.005349159240722656
1759856410.5829582,1759856410.5885906,0.0056324005126953125
1759856410.7301853,1759856410.7353487,0.005163431167602539
1759856410.8277264,1759856410.8329418,0.00521540641784668
1759856410.9751167,1759856410.980543,0.005426168441772461
1759856411.0661979,1759856411.0713253,0.005127429962158203
1759856411.2238855,1759856411.2296176,0.005732059478759766
1759856411.317993,1759856411.3245182,0.006525278091430664
1759856411.4709194,1759856411.4764655,0.005546092987060547
1759856411.572483,1759856411.5785015,0.006018400192260742
1759856411.7389536,1759856411.7483435,0.009389877319335938
1759856411.8665729,1759856411.8721771,0.005604267120361328
1759856412.0242443,1759856412.030235,0.005990743637084961
1759856412.0849092,1759856412.0901678,0.0052585601806640625
1759856412.2521076,1759856412.257356,0.005248308181762695
1759856412.2764723,1759856412.281747,0.005274772644042969
1759856412.4352975,1759856412.444729,0.009431600570678711
1759856412.487576,1759856412.4927702,0.005194187164306641
1759856412.6607432,1759856412.666416,0.0056726932525634766
1759856412.6899374,1759856412.697452,0.0075147151947021484
1759856412.8745828,1759856412.8808386,0.0062558650970458984
1759856412.8972895,1759856412.9023979,0.005108356475830078
1759856413.0502772,1759856413.059205,0.00892782211303711
1759856413.1153777,1759856413.1219845,0.0066068172454833984
1759856413.2793717,1759856413.2906368,0.011265039443969727
1759856413.299347,1759856413.3044515,0.005104541778564453
1759856413.4609878,1759856413.4678128,0.006824970245361328
1759856413.533097,1759856413.5435917,0.010494709014892578
1759856413.7123635,1759856413.724147,0.011783599853515625
1759856413.7544231,1759856413.7606883,0.006265163421630859
1759856413.9261453,1759856413.9327333,0.006587982177734375
1759856413.978826,1759856413.9899373,0.011111259460449219
1759856414.161046,1759856414.172788,0.011741876602172852
1759856414.1732805,1759856414.182234,0.008953571319580078
1759856414.3318326,1759856414.3371334,0.005300760269165039
1759856414.4120681,1759856414.4185362,0.006468057632446289
1759856414.58085,1759856414.58783,0.006980180740356445
1759856414.5839176,1759856414.589064,0.0051462650299072266
1759856414.7307754,1759856414.7360868,0.005311489105224609
1759856414.874689,1759856414.8822694,0.007580280303955078
1759856415.0628936,1759856415.0698855,0.006991863250732422
1759856415.0958357,1759856415.1010525,0.005216836929321289
1759856415.257352,1759856415.262601,0.0052487850189208984
1759856415.308899,1759856415.315294,0.006395101547241211
1759856415.4819343,1759856415.4886382,0.006703853607177734
1759856415.4951258,1759856415.5003452,0.005219459533691406
1759856415.6529224,1759856415.6622767,0.009354352951049805
1759856415.7256336,1759856415.7321777,0.0065441131591796875
1759856415.8950474,1759856415.9044347,0.00938725471496582
1759856415.9185977,1759856415.9261193,0.007521629333496094
1759856416.1016464,1759856416.1081984,0.006551980972290039
1759856416.147525,1759856416.1527097,0.005184650421142578
1759856416.3182673,1759856416.3240137,0.005746364593505859
1759856416.3679373,1759856416.3743002,0.0063629150390625
1759856416.54697,1759856416.5563703,0.009400367736816406
1759856416.5555482,1759856416.5611959,0.0056476593017578125
1759856416.765231,1759856416.77065,0.005419015884399414
1759856416.7967954,1759856416.8034503,0.006654977798461914
1759856416.9831774,1759856416.992372,0.009194612503051758
1759856417.007695,1759856417.0140767,0.0063817501068115234
1759856417.1762714,1759856417.181756,0.005484580993652344
1759856417.244839,1759856417.2527885,0.007949590682983398
1759856417.4285305,1759856417.4366717,0.008141279220581055
1759856417.4320767,1759856417.4374213,0.0053446292877197266
1759856417.5834122,1759856417.588878,0.00546574592590332
1759856417.686293,1759856417.6928895,0.006596565246582031
1759856417.8564708,1759856417.8679574,0.011486530303955078
1759856417.9407191,1759856417.9458609,0.005141735076904297
1759856418.0972466,1759856418.1025121,0.005265474319458008
1759856418.170362,1759856418.1784801,0.008118152618408203
1759856418.3506193,1759856418.3580308,0.007411479949951172
1759856418.3630095,1759856418.369558,0.006548643112182617
1759856418.5295105,1759856418.540932,0.011421442031860352
1759856418.5889552,1759856418.5941584,0.0052032470703125
1759856418.7572465,1759856418.7630434,0.005796909332275391
1759856418.794897,1759856418.8013048,0.006407737731933594
1759856418.9658635,1759856418.972741,0.006877422332763672
1759856418.9939969,1759856419.0006845,0.006687641143798828
1759856419.154467,1759856419.1597235,0.0052564144134521484
1759856419.212516,1759856419.2204838,0.007967710494995117
1759856419.3898184,1759856419.3981242,0.008305788040161133
1759856419.3997443,1759856419.4059658,0.0062215328216552734
1759856419.562046,1759856419.5684965,0.0064504146575927734
1759856419.6474135,1759856419.6537585,0.006345033645629883
1759856419.8249311,1759856419.8329628,0.008031606674194336
1759856419.9570591,1759856419.9622374,0.005178213119506836
1759856420.1205816,1759856420.1258736,0.005291938781738281
1759856420.1982489,1759856420.2060056,0.007756710052490234
1759856420.3742359,1759856420.380628,0.006392240524291992
1759856420.4709756,1759856420.4773688,0.0063931941986083984
1759856420.627237,1759856420.6324878,0.005250692367553711
1759856420.7256577,1759856420.732102,0.006444215774536133
1759856420.892875,1759856420.8991528,0.006277799606323242
1759856420.9633317,1759856420.9693758,0.006044149398803711
1759856421.1328247,1759856421.1389706,0.006145954132080078
1759856421.2133257,1759856421.2210622,0.0077364444732666016
1759856421.392921,1759856421.3993518,0.006430864334106445
1759856421.4157448,1759856421.4221606,0.006415843963623047
1759856421.5877109,1759856421.5939875,0.006276607513427734
1759856421.625863,1759856421.6309536,0.005090475082397461
1759856421.7805843,1759856421.785831,0.005246639251708984
1759856421.848671,1759856421.8565805,0.007909536361694336
1759856422.0344636,1759856422.0415585,0.007094860076904297
1759856422.040524,1759856422.0472631,0.006739139556884766
1759856422.2207627,1759856422.2280588,0.007296085357666016
1759856422.2715127,1759856422.276769,0.005256175994873047
1759856422.429403,1759856422.4346044,0.0052013397216796875
1759856422.4764163,1759856422.4884903,0.012073993682861328
1759856422.656047,1759856422.662724,0.006676912307739258
1759856422.6690123,1759856422.6751587,0.006146430969238281
1759856422.821279,1759856422.826516,0.00523686408996582
1759856422.9204426,1759856422.9267397,0.006297111511230469
1759856423.0790792,1759856423.085526,0.00644683837890625
1759856423.2164254,1759856423.2216287,0.0052032470703125
1759856423.3699088,1759856423.379306,0.009397268295288086
1759856423.4462864,1759856423.4531121,0.006825685501098633
1759856423.6163278,1759856423.62397,0.007642269134521484
1759856423.6395648,1759856423.646799,0.007234334945678711
1759856423.8172047,1759856423.823751,0.0065462589263916016
1759856423.858841,1759856423.8650007,0.006159782409667969
1759856424.0278106,1759856424.0330005,0.0051898956298828125
1759856424.0782814,1759856424.0844905,0.006209135055541992
1759856424.2772374,1759856424.2836828,0.006445407867431641
1759856424.2884345,1759856424.2974057,0.008971214294433594
1759856424.4532316,1759856424.459899,0.006667375564575195
1759856424.5728848,1759856424.579446,0.006561279296875
1759856424.7494886,1759856424.7562864,0.00679779052734375
1759856424.8062572,1759856424.8119483,0.005691051483154297
1759856424.9738917,1759856424.9791536,0.005261898040771484
1759856425.017779,1759856425.028556,0.010776996612548828
1759856425.2103434,1759856425.2193575,0.009014129638671875
1759856425.2245164,1759856425.2297072,0.005190849304199219
1759856425.3724682,1759856425.3776674,0.0051991939544677734
1759856425.4613972,1759856425.4728844,0.011487245559692383
1759856425.6283941,1759856425.6352372,0.006843090057373047
1759856425.7072663,1759856425.7128232,0.005556821823120117
1759856425.8824353,1759856425.8898995,0.007464170455932617
1759856425.911534,1759856425.9179142,0.0063800811767578125
1759856426.0856578,1759856426.0920665,0.00640869140625
1759856426.1195767,1759856426.124789,0.005212306976318359
1759856426.3424222,1759856426.348959,0.006536722183227539
1759856426.345894,1759856426.350985,0.005090951919555664
1759856426.5000508,1759856426.5068161,0.0067653656005859375
1759856426.5860543,1759856426.5924237,0.006369352340698242
1759856426.7514818,1759856426.7588894,0.007407665252685547
1759856426.776908,1759856426.7844543,0.007546424865722656
1759856426.9694955,1759856426.98059,0.01109457015991211
1759856426.9958322,1759856427.0025039,0.0066716670989990234
1759856427.1731763,1759856427.1803844,0.007208108901977539
1759856427.2471879,1759856427.2579184,0.010730504989624023
1759856427.4389296,1759856427.4455786,0.006649017333984375
1759856427.482295,1759856427.4884639,0.006168842315673828
1759856427.658585,1759856427.664896,0.006310939788818359
1759856427.686094,1759856427.6912127,0.005118608474731445
1759856427.850562,1759856427.855835,0.005272865295410156
1759856427.9064214,1759856427.9124534,0.006031990051269531
1759856428.0750065,1759856428.0829968,0.007990360260009766
1759856428.0987487,1759856428.1038823,0.005133628845214844
1759856428.2517576,1759856428.2611825,0.009424924850463867
1759856428.3210568,1759856428.327578,0.0065212249755859375
1759856428.4957793,1759856428.5027676,0.0069882869720458984
1759856428.505781,1759856428.5108676,0.005086660385131836
1759856428.6572862,1759856428.666257,0.00897073745727539
1759856428.737992,1759856428.74445,0.0064580440521240234
1759856428.8971815,1759856428.9062414,0.009059906005859375
1759856428.9138737,1759856428.9213462,0.007472515106201172
1759856429.0989418,1759856429.105313,0.006371259689331055
1759856429.133005,1759856429.1381912,0.005186319351196289
1759856429.3490343,1759856429.357975,0.008940696716308594
1759856429.34749,1759856429.3584256,0.010935544967651367
1759856429.531177,1759856429.5373814,0.006204366683959961
1759856429.5464706,1759856429.5531795,0.006708860397338867
1759856429.7320673,1759856429.7384079,0.006340503692626953
1759856429.7640061,1759856429.769129,0.0051229000091552734
1759856429.9335496,1759856429.9427683,0.009218692779541016
1759856429.9912288,1759856429.9987895,0.00756072998046875
1759856430.180271,1759856430.18562,0.005349159240722656
1759856430.1810374,1759856430.1872597,0.006222248077392578
1759856430.347317,1759856430.3589375,0.011620521545410156
1759856430.4150145,1759856430.4201477,0.005133152008056641
1759856430.582171,1759856430.5873146,0.005143642425537109
1759856430.662906,1759856430.6693237,0.006417751312255859
1759856430.839383,1759856430.8445225,0.005139589309692383
1759856430.8548706,1759856430.862816,0.007945537567138672
1759856431.0379095,1759856431.0445852,0.00667572021484375
1759856431.0791214,1759856431.0842235,0.0051021575927734375
1759856431.234532,1759856431.2407079,0.0061757564544677734
1759856431.284429,1759856431.2910526,0.006623506546020508
1759856431.4647403,1759856431.4717824,0.0070421695709228516
1759856431.4868922,1759856431.4919198,0.0050275325775146484
1759856431.641058,1759856431.650356,0.009298086166381836
1759856431.7104096,1759856431.7170973,0.006687641143798828
1759856431.8935292,1759856431.9000096,0.00648045539855957
1759856431.8974211,1759856431.902609,0.00518798828125
1759856432.061716,1759856432.070647,0.00893092155456543
1759856432.175373,1759856432.1819994,0.0066263675689697266
1759856432.3539302,1759856432.3619347,0.008004426956176758
1759856432.40872,1759856432.415249,0.006529092788696289
1759856432.6304288,1759856432.6399624,0.00953364372253418
1759856432.6504407,1759856432.655834,0.005393266677856445
1759856432.807727,1759856432.8171847,0.009457588195800781
1759856432.8805041,1759856432.8872468,0.006742715835571289
1759856433.0705817,1759856433.0794415,0.008859872817993164
1759856433.078851,1759856433.0850348,0.0061838626861572266
1759856433.2639735,1759856433.2703693,0.006395816802978516
1759856433.3170774,1759856433.3233364,0.006258964538574219
1759856433.4831982,1759856433.4896226,0.006424427032470703
1759856433.5625896,1759856433.568717,0.006127357482910156
1759856433.7344916,1759856433.7404866,0.005995035171508789
1759856433.7506135,1759856433.7568038,0.006190299987792969
1759856433.9270222,1759856433.9330585,0.006036281585693359
1759856433.9893467,1759856433.9954345,0.006087779998779297
1759856434.1796966,1759856434.1873434,0.007646799087524414
1759856434.1817298,1759856434.1877933,0.0060634613037109375
1759856434.3484845,1759856434.3564758,0.007991313934326172
1759856434.4303927,1759856434.4366484,0.006255626678466797
1759856434.6106205,1759856434.616603,0.005982398986816406
1759856434.6128316,1759856434.6190753,0.006243705749511719
1759856434.7848017,1759856434.79107,0.00626826286315918
1759856434.8579152,1759856434.8640728,0.006157636642456055
1759856435.0506005,1759856435.0568142,0.006213665008544922
1759856435.0565825,1759856435.063047,0.006464481353759766
1759856435.2331166,1759856435.2393987,0.00628209114074707
1759856435.2993042,1759856435.3043373,0.005033016204833984
1759856435.483898,1759856435.4898558,0.005957841873168945
1759856435.504378,1759856435.5107622,0.006384134292602539
1759856435.668364,1759856435.6751156,0.006751537322998047
1759856435.7617483,1759856435.770507,0.008758783340454102
1759856435.9205902,1759856435.9257185,0.005128383636474609
1759856436.021318,1759856436.027324,0.006006002426147461
1759856436.190545,1759856436.1982453,0.007700204849243164
1759856436.26635,1759856436.2715,0.0051500797271728516
1759856436.4249144,1759856436.431236,0.00632166862487793
1759856436.4616673,1759856436.4684875,0.006820201873779297
1759856436.67775,1759856436.6830862,0.00533604621887207
1759856436.6884947,1759856436.6947558,0.006261110305786133
1759856436.8532124,1759856436.859454,0.006241559982299805
1759856436.9188328,1759856436.9253306,0.006497859954833984
1759856437.0925653,1759856437.0993464,0.006781101226806641
1759856437.1272137,1759856437.133364,0.006150245666503906
1759856437.2920194,1759856437.3000886,0.008069276809692383
1759856437.3258483,1759856437.331156,0.005307674407958984
1759856437.4844587,1759856437.4900544,0.005595684051513672
1759856437.5438,1759856437.5517564,0.007956266403198242
1759856437.7287514,1759856437.7343695,0.005618095397949219
1759856437.7373974,1759856437.7440493,0.006651878356933594
1759856437.9078672,1759856437.9170465,0.009179353713989258
1759856437.9596944,1759856437.9650316,0.005337238311767578
1759856438.1174955,1759856438.1234381,0.005942583084106445
1759856438.1640964,1759856438.1705284,0.006432056427001953
1759856438.340546,1759856438.3521092,0.011563301086425781
1759856438.3876076,1759856438.3939118,0.006304264068603516
1759856438.5988963,1759856438.6055753,0.006679058074951172
1759856438.6159039,1759856438.6219378,0.006033897399902344
1759856438.7975264,1759856438.8034651,0.00593876838684082
1759856438.8534849,1759856438.859798,0.0063130855560302734
1759856439.0437245,1759856439.0525367,0.008812189102172852
1759856439.0806282,1759856439.088154,0.007525920867919922
1759856439.2633617,1759856439.2718148,0.008453130722045898
1759856439.3212974,1759856439.3277998,0.006502389907836914
1759856439.49272,1759856439.4990838,0.006363868713378906
1759856439.5225177,1759856439.52877,0.006252288818359375
1759856439.690506,1759856439.6999774,0.009471416473388672
1759856439.795536,1759856439.8032744,0.007738351821899414
1759856439.9696515,1759856439.975794,0.006142616271972656
1759856440.0471578,1759856440.054453,0.007295131683349609
1759856440.2299302,1759856440.2359476,0.006017446517944336
1759856440.2373354,1759856440.2435267,0.006191253662109375
1759856440.4043725,1759856440.415518,0.011145591735839844
1759856440.473927,1759856440.4798682,0.005941152572631836
1759856440.646112,1759856440.653488,0.007375955581665039
1759856440.66612,1759856440.672403,0.0062830448150634766
1759856440.848589,1759856440.8549695,0.006380558013916016
1759856440.890999,1759856440.8968596,0.005860567092895508
1759856441.0695927,1759856441.0767415,0.00714874267578125
1759856441.1109955,1759856441.1171536,0.006158113479614258
1759856441.2978675,1759856441.305808,0.007940530776977539
1759856446.2905886,1759856446.2983055,0.0077168941497802734
1759856446.4319544,1759856446.4381518,0.006197452545166016
1759856446.556254,1759856446.56209,0.005836009979248047
1759856446.687683,1759856446.6948795,0.0071964263916015625
1759856446.8196104,1759856446.826426,0.006815671920776367
1759856446.9519749,1759856446.9592435,0.007268667221069336
1759856447.136659,1759856447.143047,0.006388187408447266
1759856447.2719877,1759856447.2782588,0.0062711238861083984
1759856447.4027696,1759856447.4092934,0.006523847579956055
1759856447.5338216,1759856447.5402865,0.006464958190917969
1759856447.6865914,1759856447.6930912,0.006499767303466797
1759856447.8185368,1759856447.8250036,0.006466865539550781
1759856447.9462488,1759856447.9524093,0.0061604976654052734
1759856448.0829709,1759856448.0891957,0.006224870681762695
1759856448.2147384,1759856448.2211344,0.006396055221557617
1759856448.3512533,1759856448.35761,0.006356716156005859
1759856448.4965098,1759856448.5060437,0.009533882141113281
1759856448.6392555,1759856448.6470892,0.007833719253540039
1759856448.7750833,1759856448.7861269,0.011043548583984375
1759856448.9158776,1759856448.9268754,0.010997772216796875
1759856449.0640469,1759856449.070614,0.006567239761352539
1759856449.257859,1759856449.265831,0.007972002029418945
1759856449.3904161,1759856449.396936,0.006519794464111328
1759856449.5214078,1759856449.5293276,0.007919788360595703
1759856449.6539996,1759856449.6647604,0.010760784149169922
1759856449.7883182,1759856449.794917,0.006598949432373047
1759856449.9219491,1759856449.9286225,0.006673336029052734
1759856450.0523746,1759856450.0630174,0.010642766952514648
1759856450.1925411,1759856450.2037153,0.011174201965332031
1759856450.3270242,1759856450.3337467,0.006722450256347656
1759856450.457029,1759856450.4634576,0.00642848014831543
1759856450.5879285,1759856450.594353,0.006424427032470703
1759856450.7172408,1759856450.7247658,0.007524967193603516
1759856450.8488934,1759856450.8553116,0.0064182281494140625
1759856450.9785426,1759856450.9850638,0.0065212249755859375
1759856451.1693168,1759856451.1802504,0.010933637619018555
1759856451.3128917,1759856451.3239546,0.011062860488891602
1759856451.444352,1759856451.45217,0.007817983627319336
1759856451.5798533,1759856451.5861745,0.0063211917877197266
1759856891.0532022,1759856891.0593748,0.006172657012939453
1759856892.0718315,1759856892.07838,0.006548643112182617
1759856892.151734,1759856892.1580465,0.006312370300292969
1759856893.239255,1759856893.2458239,0.00656890869140625
1759856893.2417114,1759856893.2483323,0.006620883941650391
1759856894.3313289,1759856894.3376753,0.006346464157104492
1759856894.3381138,1759856894.3492033,0.011089563369750977
1759856895.4606614,1759856895.4670715,0.006410121917724609
1759856895.4866276,1759856895.4930816,0.006453990936279297
1759856896.5005534,1759856896.5082304,0.0076770782470703125
1759856896.5981479,1759856896.6045218,0.006373882293701172
1759856897.6564562,1759856897.6632645,0.006808280944824219
1759856897.7321637,1759856897.7426214,0.010457754135131836
1759856898.8003957,1759856898.8068292,0.0064334869384765625
1759856898.8319967,1759856898.8386595,0.006662845611572266
1759856899.8672404,1759856899.873861,0.006620645523071289
1759856899.9194345,1759856899.926024,0.006589412689208984
1759856900.9079154,1759856900.9152231,0.007307767868041992
1759856901.0045938,1759856901.0110521,0.006458282470703125
1759856902.0633178,1759856902.0703504,0.007032632827758789
1759856902.0989232,1759856902.105349,0.0064258575439453125
1759856903.230898,1759856903.23747,0.00657200813293457
1759856903.2369971,1759856903.2436512,0.006654024124145508
1759856904.2909563,1759856904.297272,0.006315708160400391
1759856904.3151507,1759856904.3222604,0.007109642028808594
1759856905.382516,1759856905.3891108,0.00659489631652832
1759856905.4295988,1759856905.436423,0.0068242549896240234
1759856906.4745643,1759856906.481476,0.006911754608154297
1759856906.5341043,1759856906.540676,0.006571769714355469
1759856907.5420854,1759856907.5487986,0.006713151931762695
1759856907.627364,1759856907.6391897,0.011825799942016602
1759856908.767766,1759856908.7741404,0.006374359130859375
1759856908.637384,1759856908.6439729,0.006588935852050781
1759856909.696117,1759856909.7029805,0.006863594055175781
1759856909.709822,1759856909.7163672,0.006545305252075195
1759856910.795933,1759856910.802285,0.006351947784423828
1759856910.7838218,1759856910.7903981,0.0065762996673583984
1759856911.8371594,1759856911.8438716,0.006712198257446289
1759856911.853141,1759856911.8594744,0.006333351135253906
1759856912.0784643,1759856912.0845125,0.0060482025146484375
1759856912.1306381,1759856912.1368957,0.006257534027099609
1759856912.326974,1759856912.3337626,0.006788730621337891
1759856912.4075384,1759856912.4159472,0.008408784866333008
1759856912.6969163,1759856912.707409,0.010492563247680664
1759856912.6975563,1759856912.7084672,0.010910987854003906
1759856912.949855,1759856912.9560573,0.006202220916748047
1759856912.9850917,1759856912.9929175,0.007825851440429688
1759856913.2022889,1759856913.2129207,0.010631799697875977
1759856913.2536116,1759856913.2598782,0.006266593933105469
1759856913.4489658,1759856913.4551814,0.006215572357177734
1759856913.5212452,1759856913.5278685,0.006623268127441406
1759856913.6915584,1759856913.6977022,0.006143808364868164
1759856913.7884364,1759856913.79477,0.006333589553833008
1759856914.0476217,1759856914.0577288,0.010107040405273438
1759856914.0604658,1759856914.066907,0.0064411163330078125
1759856914.2828825,1759856914.292583,0.009700536727905273
1759856914.337951,1759856914.3444905,0.006539583206176758
1759856914.53017,1759856914.5356588,0.005488872528076172
1759856914.6172752,1759856914.6237648,0.00648951530456543
1759856914.8921657,1759856914.9043143,0.012148618698120117
1759856914.9300013,1759856914.9362824,0.006281137466430664
1759856915.1811745,1759856915.1869924,0.005817890167236328
1759856915.2041478,1759856915.2105088,0.0063610076904296875
1759856915.4211164,1759856915.426444,0.005327701568603516
1759856915.4901273,1759856915.4965556,0.006428241729736328
1759856915.6590776,1759856915.6659145,0.006836891174316406
1759856915.762704,1759856915.769173,0.006469011306762695
1759856915.996327,1759856916.0020168,0.005689859390258789
1759856916.0328476,1759856916.0391703,0.006322622299194336
1759856916.2337248,1759856916.2393107,0.005585908889770508
1759856916.2966812,1759856916.3043282,0.007647037506103516
1759856916.472525,1759856916.4782972,0.00577235221862793
1759856916.5661762,1759856916.572519,0.006342887878417969
1759856916.8286443,1759856916.834482,0.005837678909301758
1759856916.8447242,1759856916.8512514,0.0065271854400634766
1759856917.0583718,1759856917.0676856,0.009313821792602539
1759856917.1096249,1759856917.1159744,0.0063495635986328125
1759856917.2973907,1759856917.3027313,0.005340576171875
1759856917.393219,1759856917.3997316,0.006512641906738281
1759856917.6357045,1759856917.6411588,0.005454301834106445
1759856917.6587718,1759856917.665431,0.006659269332885742
1759856917.8753912,1759856917.8806157,0.005224466323852539
1759856917.9366345,1759856917.9430895,0.006454944610595703
1759856918.1016955,1759856918.107071,0.005375385284423828
1759856918.22233,1759856918.2288978,0.006567716598510742
1759856918.4899855,1759856918.4967341,0.006748676300048828
1759856918.5013099,1759856918.50654,0.0052301883697509766
1759856918.7534294,1759856918.7602463,0.006816864013671875
1759856918.7887287,1759856918.794959,0.006230354309082031
1759856918.9893777,1759856918.995842,0.006464242935180664
1759856919.0529368,1759856919.0593073,0.00637054443359375
1759856919.2122579,1759856919.2180073,0.00574946403503418
1759856919.3156319,1759856919.3232152,0.0075833797454833984
1759856919.5811663,1759856919.58706,0.005893707275390625
1759856919.6065707,1759856919.6127837,0.006212949752807617
1759856919.830581,1759856919.8360562,0.005475282669067383
1759856919.8945825,1759856919.9011154,0.006532907485961914
1759856920.0663085,1759856920.071725,0.005416393280029297
1759856920.1614451,1759856920.1694243,0.007979154586791992
1759856920.4044645,1759856920.41069,0.0062255859375
1759856920.4304464,1759856920.4367127,0.006266355514526367
1759856920.6420627,1759856920.6474729,0.005410194396972656
1759856920.7125816,1759856920.7189012,0.006319522857666016
1759856920.8655312,1759856920.8749273,0.009396076202392578
1759856920.9742677,1759856920.9808934,0.006625652313232422
1759856921.206147,1759856921.2126415,0.0064945220947265625
1759856921.2476697,1759856921.254022,0.00635218620300293
1759856921.4325469,1759856921.4422472,0.009700298309326172
1759856921.5134902,1759856921.5199928,0.006502628326416016
1759856921.6799414,1759856921.6887312,0.008789777755737305
1759856921.786092,1759856921.7936532,0.007561206817626953
1759856922.0307431,1759856922.036559,0.005815982818603516
1759856922.0634973,1759856922.0700443,0.006546974182128906
1759856922.3316433,1759856922.337558,0.0059146881103515625
1759856922.3445168,1759856922.3523066,0.0077898502349853516
1759856922.5659661,1759856922.5713606,0.005394458770751953
1759856922.673895,1759856922.6806302,0.006735324859619141
1759856922.9206405,1759856922.9273052,0.006664752960205078
1759856922.9614022,1759856922.9680793,0.006677150726318359
1759856923.1506343,1759856923.1560555,0.005421161651611328
1759856923.2262495,1759856923.2326705,0.006421089172363281
1759856923.38793,1759856923.3932896,0.005359649658203125
1759856923.4936018,1759856923.5005994,0.006997585296630859
1759856923.731679,1759856923.7384367,0.0067577362060546875
1759856923.7702758,1759856923.7766132,0.006337404251098633
1759856923.9624631,1759856923.9678988,0.0054357051849365234
1759856924.0435104,1759856924.0499003,0.0063898563385009766
1759856924.299719,1759856924.305141,0.005421876907348633
1759856924.322798,1759856924.3306735,0.007875442504882812
1759856924.5504954,1759856924.5587795,0.00828409194946289
1759856924.6089911,1759856924.6171315,0.008140325546264648
1759856924.782478,1759856924.7923172,0.009839057922363281
1759856924.8728092,1759856924.8802261,0.007416963577270508
1759856925.123781,1759856925.1329944,0.009213447570800781
1759856925.1466784,1759856925.1530418,0.006363391876220703
1759856925.3701,1759856925.3765385,0.006438493728637695
1759856925.4144607,1759856925.4228826,0.008421897888183594
1759856925.601277,1759856925.6111596,0.009882450103759766
1759856925.6830184,1759856925.6892798,0.006261348724365234
1759856925.850232,1759856925.8557181,0.005486249923706055
1759856925.9440908,1759856925.9505515,0.006460666656494141
1759856926.2257397,1759856926.2323277,0.006587982177734375
1759856926.2553613,1759856926.2619565,0.006595134735107422
1759856926.5095227,1759856926.516812,0.007289409637451172
1759856926.532932,1759856926.5436604,0.01072835922241211
1759856926.7576587,1759856926.7636917,0.0060329437255859375
1759856926.8192928,1759856926.82678,0.007487297058105469
1759856926.9970088,1759856927.0033278,0.0063190460205078125
1759856927.088097,1759856927.0957577,0.007660627365112305
1759856927.3470037,1759856927.352363,0.0053594112396240234
1759856927.365644,1759856927.3766556,0.011011600494384766
1759856927.5925229,1759856927.5993805,0.006857633590698242
1759856927.6368153,1759856927.6480727,0.011257410049438477
1759856927.829322,1759856927.8356771,0.0063550472259521484
1759856927.9097815,1759856927.9162543,0.00647282600402832
1759856928.1736796,1759856928.1829996,0.00932002067565918
1759856928.182842,1759856928.1892657,0.0064237117767333984
1759856928.43144,1759856928.4383206,0.006880521774291992
1759856928.449638,1759856928.4606273,0.01098942756652832
1759856928.6583738,1759856928.6637833,0.0054094791412353516
1759856928.7221694,1759856928.732994,0.01082468032836914
1759856928.9029255,1759856928.9095416,0.006616115570068359
1759856928.9908562,1759856928.9983833,0.00752711296081543
1759856929.260267,1759856929.267024,0.006757020950317383
1759856929.2603025,1759856929.2679698,0.0076673030853271484
1759856929.4921587,1759856929.501273,0.009114265441894531
1759856929.5381212,1759856929.5493598,0.011238574981689453
1759856929.7267005,1759856929.7384634,0.011762857437133789
1759856929.811902,1759856929.8200347,0.008132696151733398
1759856930.0918047,1759856930.0973794,0.005574703216552734
1759856930.105886,1759856930.1122265,0.006340503692626953
1759856930.3858247,1759856930.3964062,0.010581493377685547
1759856930.431567,1759856930.4380295,0.006462574005126953
1759856930.6172209,1759856930.6226208,0.005399942398071289
1759856930.6938524,1759856930.701662,0.007809638977050781
1759856930.9791005,1759856930.9884667,0.009366273880004883
1759856930.992476,1759856930.9991286,0.0066525936126708984
1759856931.2363358,1759856931.2417197,0.005383968353271484
1759856931.2630162,1759856931.2695003,0.006484031677246094
1759856931.477487,1759856931.4832268,0.005739688873291016
1759856931.534501,1759856931.5411544,0.006653308868408203
1759856931.7098126,1759856931.7153628,0.0055501461029052734
1759856931.8034103,1759856931.8096714,0.006261110305786133
1759856932.0816507,1759856932.0871406,0.005489826202392578
1759856932.092314,1759856932.0986772,0.0063631534576416016
1759856932.3022225,1759856932.3112414,0.009018898010253906
1759856932.3527787,1759856932.3588922,0.006113529205322266
1759856932.564274,1759856932.5696855,0.005411386489868164
1759856932.6263664,1759856932.632911,0.006544589996337891
1759856932.8046765,1759856932.8130465,0.008369922637939453
1759856932.8804152,1759856932.8856661,0.0052509307861328125
1759856933.0470107,1759856933.052388,0.005377292633056641
1759856933.1327937,1759856933.1380587,0.005264997482299805
1759856933.38581,1759856933.3927462,0.006936311721801758
1759856933.3938887,1759856933.399343,0.005454301834106445
1759856933.640763,1759856933.646705,0.005941867828369141
1759856933.6573708,1759856933.6626182,0.005247354507446289
1759856933.8801997,1759856933.8855457,0.005346059799194336
1759856933.928287,1759856933.9336324,0.005345344543457031
1759856934.1100314,1759856934.1155796,0.005548238754272461
1759856934.2329807,1759856934.2383354,0.005354642868041992
1759856934.4841425,1759856934.4896746,0.005532026290893555
1759856934.5204759,1759856934.5262249,0.0057489871978759766
1759856934.7169752,1759856934.7224221,0.005446910858154297
1759856934.7709386,1759856934.7762718,0.0053331851959228516
1759856934.957592,1759856934.967128,0.009536027908325195
1759856935.0195515,1759856935.0249977,0.005446195602416992
1759856935.1935148,1759856935.1991916,0.005676746368408203
1759856935.2862365,1759856935.2915475,0.005311012268066406
1759856935.5363998,1759856935.541941,0.005541086196899414
1759856935.540631,1759856935.5464413,0.005810260772705078
1759856935.762146,1759856935.7675548,0.005408763885498047
1759856935.7961247,1759856935.8013883,0.005263566970825195
1759856936.0003688,1759856936.0089371,0.008568286895751953
1759856936.0436764,1759856936.0508807,0.007204294204711914
1759856936.23319,1759856936.2396402,0.006450176239013672
1759856936.308027,1759856936.3133779,0.005350828170776367
1759856936.4696593,1759856936.4760926,0.006433248519897461
1759856936.5563538,1759856936.5615537,0.005199909210205078
1759856936.8382978,1759856936.8438113,0.005513429641723633
1759856936.842192,1759856936.8474202,0.005228281021118164
1759856937.066107,1759856937.071526,0.005419015884399414
1759856937.1055253,1759856937.1146936,0.009168386459350586
1759856937.2992787,1759856937.304998,0.005719184875488281
1759856937.3751187,1759856937.3808992,0.005780458450317383
1759856937.541235,1759856937.5467653,0.005530357360839844
1759856937.636721,1759856937.642511,0.005789995193481445
1759856937.949209,1759856937.9546003,0.005391359329223633
1759856937.9720106,1759856937.9777863,0.0057756900787353516
1759856938.1804948,1759856938.1858308,0.00533604621887207
1759856938.2223573,1759856938.2275763,0.005218982696533203
1759856938.4114912,1759856938.4169455,0.005454301834106445
1759856938.4931755,1759856938.499515,0.006339550018310547
1759856938.7511315,1759856938.7569497,0.00581812858581543
1759856938.7530704,1759856938.7583504,0.005280017852783203
1759856938.9814606,1759856938.9867876,0.005326986312866211
1759856939.0013711,1759856939.0066457,0.005274534225463867
1759856939.2061722,1759856939.2115722,0.005399942398071289
1759856939.2519376,1759856939.2572803,0.005342721939086914
1759856939.452732,1759856939.4581523,0.005420207977294922
1759856939.5112019,1759856939.5164752,0.005273342132568359
1759856939.6910949,1759856939.6975741,0.0064792633056640625
1759856939.768088,1759856939.773371,0.005282878875732422
1759856940.0338411,1759856940.0392082,0.0053670406341552734
1759856940.039589,1759856940.044942,0.005352973937988281
1759856940.2672973,1759856940.2741177,0.0068204402923583984
1759856940.2943444,1759856940.3002386,0.005894184112548828
1759856940.5062091,1759856940.5124767,0.006267547607421875
1759856940.555518,1759856940.560899,0.005381107330322266
1759856940.744386,1759856940.7498384,0.005452394485473633
1759856940.8081326,1759856940.813452,0.005319356918334961
1759856940.9823494,1759856940.9900107,0.007661342620849609
1759856941.0591352,1759856941.0643773,0.005242109298706055
1759856941.2351856,1759856941.2405453,0.005359649658203125
1759856941.319599,1759856941.3248694,0.005270481109619141
1759856941.6430743,1759856941.64838,0.005305767059326172
1759856941.6452606,1759856941.6510787,0.00581812858581543
1759856941.8751464,1759856941.8804688,0.005322456359863281
1759856941.9001586,1759856941.9053278,0.0051691532135009766
1759856942.1086802,1759856942.115163,0.006482839584350586
1759856942.1645153,1759856942.1698372,0.005321979522705078
1759856942.35029,1759856942.3560596,0.005769491195678711
1759856942.412265,1759856942.4177551,0.00549006462097168
1759856942.5853772,1759856942.5907137,0.0053365230560302734
1759856942.6600358,1759856942.6654582,0.005422353744506836
1759856942.9432495,1759856942.948588,0.005338430404663086
1759856942.9449956,1759856942.9504516,0.005455970764160156
1759856943.1918504,1759856943.1973212,0.005470752716064453
1759856943.2053075,1759856943.210486,0.0051784515380859375
1759856943.4297547,1759856943.4351854,0.005430698394775391
1759856943.4665987,1759856943.4720712,0.005472421646118164
1759856943.6643362,1759856943.6727223,0.00838613510131836
1759856943.719093,1759856943.724527,0.005433797836303711
1759856943.8999457,1759856943.9054446,0.0054988861083984375
1759856943.9688885,1759856943.9744701,0.00558161735534668
1759856944.1352243,1759856944.1441643,0.008939981460571289
1759856944.2267606,1759856944.2320898,0.005329132080078125
1759856944.4824638,1759856944.487872,0.005408048629760742
1759856944.4895868,1759856944.4951007,0.005513906478881836
1759856944.7170532,1759856944.7238512,0.0067980289459228516
1759856944.8155193,1759856944.8209105,0.005391120910644531
1759856945.0656333,1759856945.0727184,0.007085084915161133
1759856945.070142,1759856945.0755117,0.005369663238525391
1759856945.3386018,1759856945.3439028,0.005300998687744141
1759856945.3684003,1759856945.3737342,0.005333900451660156
1759856945.5755887,1759856945.5808516,0.005262851715087891
1759856945.641165,1759856945.6465042,0.005339145660400391
1759856945.8224862,1759856945.827797,0.005310773849487305
1759856945.8930624,1759856945.8983114,0.0052490234375
1759856946.0689995,1759856946.0754228,0.006423234939575195
1759856946.145697,1759856946.1511028,0.0054056644439697266
1759856946.3213565,1759856946.3277113,0.006354808807373047
1759856946.3963394,1759856946.4055028,0.009163379669189453
1759856946.5660517,1759856946.5749967,0.008944988250732422
1759856946.648292,1759856946.653497,0.005204916000366211
1759856946.8124492,1759856946.8215156,0.009066343307495117
1759856946.8915648,1759856946.896828,0.005263090133666992
1759856947.0524461,1759856947.0576787,0.005232572555541992
1759856947.1401758,1759856947.1453998,0.005223989486694336
1759856947.4096453,1759856947.4150305,0.005385160446166992
1759856947.4130692,1759856947.4184108,0.005341529846191406
1759856947.6524265,1759856947.6577578,0.005331277847290039
1759856947.6626644,1759856947.668424,0.005759477615356445
1759856947.8793602,1759856947.8861887,0.0068285465240478516
1759856947.9204757,1759856947.9257169,0.0052411556243896484
1759856948.1081588,1759856948.1172109,0.009052038192749023
1759856948.1739383,1759856948.1791773,0.005239009857177734
1759856948.3414774,1759856948.3468592,0.00538182258605957
1759856948.487654,1759856948.4927945,0.005140542984008789
1759856948.6876857,1759856948.6931813,0.005495548248291016
1759856948.741293,1759856948.7464802,0.005187273025512695
1759856949.005616,1759856949.0128608,0.00724482536315918
1759856949.0287423,1759856949.0338159,0.00507354736328125
1759856949.2358177,1759856949.2422981,0.00648045539855957
1759856949.2786224,1759856949.2838016,0.005179166793823242
1759856949.4678748,1759856949.4771712,0.009296417236328125
1759856949.5346699,1759856949.5398746,0.005204677581787109
1759856949.699354,1759856949.7054937,0.0061397552490234375
1759856949.7909741,1759856949.7961316,0.005157470703125
1759856950.0376742,1759856950.0430572,0.005383014678955078
1759856950.0438757,1759856950.0490544,0.005178689956665039
1759856950.2704408,1759856950.278891,0.00845026969909668
1759856950.30178,1759856950.3070614,0.0052814483642578125
1759856950.5139074,1759856950.5234945,0.00958704948425293
1759856950.5639884,1759856950.5694335,0.005445003509521484
1759856950.7539036,1759856950.7604947,0.006591081619262695
1759856950.8255754,1759856950.8318958,0.006320476531982422
1759856950.9820366,1759856950.9883833,0.006346702575683594
1759856951.0735292,1759856951.0785935,0.005064249038696289
1759856951.328869,1759856951.3341584,0.005289316177368164
1759856951.3377562,1759856951.344478,0.0067217350006103516
1759856951.5729182,1759856951.578445,0.00552678108215332
1759856951.5956895,1759856951.600871,0.005181550979614258
1759856951.8069968,1759856951.816252,0.009255170822143555
1759856951.8743353,1759856951.8798273,0.005491971969604492
1759856952.045468,1759856952.050784,0.005316019058227539
1759856952.177596,1759856952.1829255,0.0053293704986572266
1759856952.3911037,1759856952.3964229,0.005319118499755859
1759856952.4267802,1759856952.432031,0.005250692367553711
1759856952.6837897,1759856952.6901531,0.006363391876220703
1759856952.6883163,1759856952.693716,0.0053997039794921875
1759856952.91779,1759856952.9230177,0.005227804183959961
1759856952.9536643,1759856952.9589155,0.005251169204711914
1759856953.154164,1759856953.1594248,0.0052607059478759766
1759856953.2163653,1759856953.2215698,0.005204439163208008
1759856953.4043875,1759856953.4104617,0.006074190139770508
1759856953.4735944,1759856953.4799085,0.00631403923034668
1759856953.641858,1759856953.6471097,0.005251646041870117
1759856953.7258081,1759856953.732112,0.0063037872314453125
1759856953.9761362,1759856953.9816864,0.0055501461029052734
1759856953.9837823,1759856953.989572,0.005789756774902344
1759856954.206592,1759856954.2159898,0.009397745132446289
1759856954.2403092,1759856954.2461052,0.005795955657958984
1759856954.4363477,1759856954.4417698,0.005422115325927734
1759856954.4989884,1759856954.5043058,0.0053174495697021484
1759856954.6717486,1759856954.6772301,0.0054814815521240234
1759856954.756611,1759856954.761758,0.005146980285644531
1759856955.0161805,1759856955.021382,0.005201578140258789
1759856955.0241063,1759856955.0311954,0.007089138031005859
1759856955.250475,1759856955.2579122,0.007437229156494141
1759856955.2795334,1759856955.284694,0.00516057014465332
1759856955.481864,1759856955.4870722,0.005208253860473633
1759856955.5526178,1759856955.5589929,0.00637507438659668
1759856955.7722712,1759856955.7817717,0.009500503540039062
1759856955.8044248,1759856955.8095186,0.005093812942504883
1759856956.0128174,1759856956.018162,0.0053446292877197266
1759856956.0549357,1759856956.0602458,0.00531005859375
1759856956.2475586,1759856956.2527483,0.005189657211303711
1759856956.370098,1759856956.376552,0.006453990936279297
1759856956.6022377,1759856956.6080532,0.0058155059814453125
1759856956.6517386,1759856956.6570406,0.005301952362060547
1759856956.8415067,1759856956.8477957,0.006289005279541016
1759856956.9043283,1759856956.9095473,0.005218982696533203
1759856957.0729396,1759856957.0792842,0.00634455680847168
1759856957.1473198,1759856957.1526983,0.0053784847259521484
1759856957.3085506,1759856957.313717,0.005166292190551758
1759856957.4034128,1759856957.4096649,0.0062520503997802734
1759856957.674661,1759856957.680231,0.005570173263549805
1759856957.6947536,1759856957.7017608,0.007007122039794922
1759856957.9060512,1759856957.9119248,0.005873680114746094
1759856957.9452894,1759856957.9505508,0.005261421203613281
1759856958.1450477,1759856958.1521368,0.007089138031005859
1759856958.201979,1759856958.2072666,0.005287647247314453
1759856958.380003,1759856958.3853025,0.005299568176269531
1759856958.4697492,1759856958.4749942,0.0052449703216552734
1759856958.7251372,1759856958.7314582,0.006320953369140625
1759856958.729076,1759856958.7343714,0.005295515060424805
1759856958.9579778,1759856958.9643877,0.006409883499145508
1759856958.9904268,1759856958.9967792,0.006352424621582031
1759856959.19826,1759856959.2034986,0.005238533020019531
1759856959.256639,1759856959.262918,0.00627899169921875
1759856959.439835,1759856959.4489317,0.009096622467041016
1759856959.5084183,1759856959.5138087,0.0053904056549072266
1759856959.7355676,1759856959.7408748,0.005307197570800781
1759856959.7700672,1759856959.7753675,0.005300283432006836
1759856959.9698775,1759856959.975224,0.005346536636352539
1759856960.0734696,1759856960.0786417,0.005172014236450195
1759856960.315044,1759856960.322485,0.007441043853759766
1759856960.331277,1759856960.3364658,0.005188941955566406
1759856960.5517576,1759856960.5572577,0.005500078201293945
1759856960.581508,1759856960.5867712,0.005263328552246094
1759856960.7893631,1759856960.7946122,0.0052490234375
1759856960.8607666,1759856960.8669043,0.0061376094818115234
1759856961.0290515,1759856961.0345912,0.005539655685424805
1759856961.1086187,1759856961.1138496,0.005230903625488281
1759856961.359749,1759856961.367204,0.007454872131347656
1759856961.377302,1759856961.3835773,0.0062754154205322266
1759856961.6039727,1759856961.6105103,0.006537675857543945
1759856961.6627972,1759856961.6680048,0.005207538604736328
1759856961.835514,1759856961.8408468,0.0053327083587646484
1759856961.91141,1759856961.9164639,0.00505375862121582
1759856962.0709074,1759856962.0762515,0.0053441524505615234
1759856962.164875,1759856962.17009,0.0052149295806884766
1759856962.418778,1759856962.4241874,0.0054094791412353516
1759856962.4301007,1759856962.4388793,0.008778572082519531
1759856962.6539316,1759856962.6591136,0.005182027816772461
1759856962.7151215,1759856962.7203808,0.005259275436401367
1759856962.8874712,1759856962.892742,0.005270719528198242
1759856962.9643385,1759856962.9694963,0.0051577091217041016
1759856963.1176722,1759856963.123951,0.0062787532806396484
1759856963.2065895,1759856963.2118397,0.005250215530395508
1759856963.460013,1759856963.465302,0.0052890777587890625
1759856963.4630637,1759856963.4684367,0.0053730010986328125
1759856963.7486212,1759856963.753852,0.00523066520690918
1759856963.789266,1759856963.794722,0.005455970764160156
1759856963.9825492,1759856963.989044,0.006494760513305664
1759856964.043211,1759856964.04864,0.00542902946472168
1759856964.2185483,1759856964.224267,0.005718708038330078
1759856964.2947605,1759856964.30019,0.005429506301879883
1759856964.4483669,1759856964.4536247,0.005257844924926758
1759856964.5395188,1759856964.5447357,0.005216836929321289
1759856964.8042877,1759856964.8096912,0.0054035186767578125
1759856964.8063872,1759856964.8115635,0.0051763057708740234
1759856965.0322437,1759856965.0374653,0.00522160530090332
1759856965.076435,1759856965.0815477,0.005112648010253906
1759856965.262082,1759856965.2695916,0.007509469985961914
1759856965.3237376,1759856965.3288724,0.0051348209381103516
1759856965.502805,1759856965.5085459,0.0057408809661865234
1759856965.569128,1759856965.5743175,0.005189418792724609
1759856965.7365704,1759856965.742997,0.006426572799682617
1759856965.8195632,1759856965.8251538,0.005590677261352539
1759856966.0829434,1759856966.0895743,0.006630897521972656
1759856966.086334,1759856966.092543,0.006208896636962891
1759856966.3093584,1759856966.3145223,0.005163908004760742
1759856966.3548896,1759856966.362684,0.007794380187988281
1759856966.5439453,1759856966.5493703,0.005424976348876953
1759856966.6257856,1759856966.6320179,0.006232261657714844
1759856966.7889,1759856966.794583,0.005683183670043945
1759856966.889051,1759856966.8953931,0.006342172622680664
1759856967.1700416,1759856967.1770594,0.007017850875854492
1759856967.2132103,1759856967.2185178,0.005307435989379883
1759856967.4745777,1759856967.4799035,0.005325794219970703
1759856967.5004387,1759856967.5068817,0.006443023681640625
1759856967.7159216,1759856967.7213106,0.005388975143432617
1759856967.7651174,1759856967.7718613,0.006743907928466797
1759856967.946956,1759856967.9534268,0.006470918655395508
1759856968.0341525,1759856968.042113,0.00796055793762207
1759856968.3004668,1759856968.3079352,0.007468461990356445
1759856968.3161867,1759856968.3225448,0.006358146667480469
1759856968.525755,1759856968.530985,0.0052301883697509766
1759856968.5848105,1759856968.5910592,0.0062487125396728516
1759856968.7575016,1759856968.7626967,0.005195140838623047
1759856968.8594532,1759856968.8657904,0.006337165832519531
1759856969.1012082,1759856969.1064408,0.005232572555541992
1759856969.1256974,1759856969.1320612,0.006363868713378906
1759856969.3270564,1759856969.3322756,0.005219221115112305
1759856969.4087598,1759856969.4161696,0.007409811019897461
1759856969.6706915,1759856969.678799,0.008107423782348633
1759856969.6742291,1759856969.6794362,0.005207061767578125
1759856969.9085872,1759856969.9150271,0.006439924240112305
1759856969.9344969,1759856969.9402297,0.00573277473449707
1759856970.1501937,1759856970.160881,0.01068735122680664
1759856970.1912796,1759856970.196387,0.005107402801513672
1759856970.406369,1759856970.4126177,0.0062487125396728516
1759856970.4501894,1759856970.45544,0.005250692367553711
1759856970.6612048,1759856970.6690872,0.007882356643676758
1759856970.7546945,1759856970.7599545,0.005259990692138672
1759856971.0097833,1759856971.0152676,0.005484342575073242
1759856971.066911,1759856971.0732548,0.006343841552734375
1759856971.2390091,1759856971.2444131,0.005403995513916016
1759856971.33069,1759856971.3373487,0.006658792495727539
1759856971.5915778,1759856971.597813,0.0062351226806640625
1759856971.605377,1759856971.611588,0.006211042404174805
1759856971.844421,1759856971.8521883,0.007767438888549805
1759856971.8784344,1759856971.8862355,0.007801055908203125
1759856972.09317,1759856972.099068,0.005897998809814453
1759856972.147694,1759856972.154193,0.006498813629150391
1759856972.3390167,1759856972.3463364,0.00731968879699707
1759856972.4408307,1759856972.4469435,0.006112813949584961
1759856972.6916769,1759856972.6983209,0.006644010543823242
1759856972.7146401,1759856972.7208855,0.00624537467956543
1759856972.930256,1759856972.9404807,0.01022481918334961
1759856972.9858499,1759856972.9920247,0.006174802780151367
1759856973.1825972,1759856973.1963534,0.013756275177001953
1759856973.2602375,1759856973.2662966,0.006059169769287109
1759856973.4308167,1759856973.4369862,0.006169557571411133
1759856973.518591,1759856973.5245984,0.00600743293762207
1759856973.8024993,1759856973.808655,0.006155729293823242
1759856973.8032658,1759856973.8097239,0.0064580440521240234
1759856974.060118,1759856974.0690634,0.008945465087890625
1759856974.081947,1759856974.088126,0.006178855895996094
1759856974.290346,1759856974.2955658,0.005219936370849609
1759856974.3441658,1759856974.3514447,0.007278919219970703
1759856974.5888793,1759856974.597977,0.009097576141357422
1759856974.627488,1759856974.6352682,0.007780313491821289
1759856974.8291233,1759856974.834587,0.005463838577270508
1759856974.949254,1759856974.9553564,0.006102323532104492
1759856975.1711013,1759856975.179989,0.008887767791748047
1759856975.2229297,1759856975.229021,0.00609135627746582
1759856975.405874,1759856975.4112618,0.005387783050537109
1759856975.4928071,1759856975.4995968,0.006789684295654297
1759856975.7543898,1759856975.759722,0.005332231521606445
1759856975.7707264,1759856975.7770107,0.006284236907958984
1759856975.9816236,1759856975.9890864,0.007462739944458008
1759856976.0357559,1759856976.042238,0.006482124328613281
1759856976.215325,1759856976.2207258,0.005400657653808594
1759856976.3078568,1759856976.315439,0.007582187652587891
1759856976.570241,1759856976.5757854,0.005544424057006836
1759856976.5902817,1759856976.5979757,0.0076940059661865234
1759856976.8025744,1759856976.8080611,0.005486726760864258
1759856976.873697,1759856976.88157,0.007873058319091797
1759856977.0497258,1759856977.0550795,0.005353689193725586
1759856977.1525505,1759856977.1602418,0.007691383361816406
1759856977.3997831,1759856977.4053357,0.005552530288696289
1759856977.4237213,1759856977.4299803,0.006258964538574219
1759856977.6368399,1759856977.6434424,0.00660252571105957
1759856977.7110841,1759856977.718407,0.007322788238525391
1759856977.8746252,1759856977.8801486,0.0055234432220458984
1759856977.9727607,1759856977.9794672,0.0067064762115478516
1759856978.2491422,1759856978.2558246,0.006682395935058594
1759856978.283265,1759856978.289296,0.0060307979583740234
1759856978.5022614,1759856978.5088935,0.006632089614868164
1759856978.5701733,1759856978.5762355,0.00606226921081543
1759856978.744013,1759856978.7504053,0.006392240524291992
1759856978.8546464,1759856978.8606462,0.00599980354309082
1759856979.1428216,1759856979.149233,0.006411552429199219
1759856979.1752005,1759856979.1814978,0.00629734992980957
1759856979.392964,1759856979.4006631,0.007699251174926758
1759856979.4380386,1759856979.4456463,0.007607698440551758
1759856979.6412067,1759856979.6471877,0.005980968475341797
1759856979.7029922,1759856979.70938,0.0063877105712890625
1759856979.8830204,1759856979.8943427,0.011322259902954102
1759856979.9701016,1759856979.9782188,0.008117198944091797
1759856980.2467635,1759856980.2530916,0.006328105926513672
1759856980.2520304,1759856980.2579615,0.00593113899230957
1759856980.4924047,1759856980.5020404,0.009635686874389648
1759856980.5287309,1759856980.5347555,0.006024599075317383
1759856980.7435253,1759856980.7498538,0.006328582763671875
1759856980.7948117,1759856980.800916,0.006104230880737305
1759856981.006562,1759856981.0129592,0.006397247314453125
1759856981.0582225,1759856981.064174,0.005951404571533203
1759856981.258478,1759856981.2646973,0.006219387054443359
1759856981.3264422,1759856981.332394,0.005951642990112305
1759856981.5076632,1759856981.519216,0.011552810668945312
1759856981.597471,1759856981.6034555,0.00598454475402832
1759856981.877534,1759856981.8842404,0.0067064762115478516
1759856981.8829527,1759856981.8903372,0.007384538650512695
1759856982.1374726,1759856982.1440716,0.006598949432373047
1759856987.1166697,1759856987.1227033,0.006033658981323242
1759856987.3489835,1759856987.3563418,0.0073583126068115234
1759856987.6336458,1759856987.6396677,0.006021976470947266
1759856987.8668365,1759856987.8729947,0.006158113479614258
1759856988.0991273,1759856988.1053011,0.006173849105834961
1759856988.3327718,1759856988.3386219,0.005850076675415039
1759856988.5706267,1759856988.5769181,0.006291389465332031
1759856988.803533,1759856988.8108473,0.007314205169677734
1759856989.03665,1759856989.0425634,0.005913496017456055
1759856989.2694635,1759856989.2758958,0.006432294845581055
1759856989.5052311,1759856989.5113451,0.006114006042480469
1759856989.7467723,1759856989.75416,0.007387638092041016
1759856989.9770749,1759856989.9836984,0.006623506546020508
1759856990.2129126,1759856990.219181,0.006268501281738281
1759856990.4505587,1759856990.458034,0.007475376129150391
1759856990.7506158,1759856990.7584634,0.00784754753112793
1759856990.991587,1759856990.9999213,0.00833439826965332
1759856991.2295587,1759856991.237536,0.00797724723815918
1759856991.4707758,1759856991.4790456,0.008269786834716797
1759856991.7081544,1759856991.7143166,0.006162166595458984
1759856991.9451582,1759856991.9532268,0.008068561553955078
1759856992.1823208,1759856992.1888368,0.006515979766845703
1759856992.416653,1759856992.422932,0.00627899169921875
1759856992.65192,1759856992.6584334,0.006513357162475586
1759856992.8858292,1759856992.8922637,0.006434440612792969
1759856993.1235752,1759856993.129992,0.006416797637939453
1759856993.356683,1759856993.3674111,0.010728120803833008
1759856993.6033947,1759856993.6148696,0.011474847793579102
1759856993.8481202,1759856993.854652,0.006531715393066406
1759856994.0813994,1759856994.0877743,0.006374835968017578
1759856994.3733227,1759856994.38087,0.0075473785400390625
1759856994.620881,1759856994.626925,0.006043910980224609
1759856994.860194,1759856994.8662877,0.006093740463256836
1759856995.091605,1759856995.0976076,0.006002664566040039
1759856995.3228045,1759856995.3289073,0.006102800369262695
1759856995.5584805,1759856995.564877,0.00639653205871582
1759856995.7922928,1759856995.7986448,0.006351947784423828
1759856996.027829,1759856996.034083,0.006253957748413086
1759856996.2621853,1759856996.2680953,0.005909919738769531
1759856996.4942987,1759856996.5049572,0.010658502578735352
1759856996.7332354,1759856996.7406383,0.007402896881103516
1759856996.9679627,1759856996.978641,0.010678291320800781
1759856997.2050471,1759856997.2128327,0.0077855587005615234
1759856997.4424667,1759856997.4488802,0.006413459777832031
1759856997.739419,1759856997.7459118,0.0064928531646728516
1759856997.968528,1759856997.9750984,0.006570339202880859
1759857630.091264,1759857630.0982656,0.007001638412475586
1759857787.0223374,1759857787.0296187,0.007281303405761719
1759857868.8578572,1759857868.8645847,0.006727457046508789
1759857871.3582664,1759857871.4085038,0.050237417221069336
1759857873.1294374,1759857873.1366355,0.0071980953216552734
1759857876.370602,1759857876.3771443,0.0065424442291259766
1759857876.4108145,1759857876.4172878,0.0064733028411865234
1759857881.4531326,1759857881.4597857,0.0066530704498291016
1759857881.4675684,1759857881.4749968,0.007428407669067383
1759857886.5081234,1759857886.5145054,0.006381988525390625
1759857886.53079,1759857886.5371878,0.006397724151611328
1759857891.530147,1759857891.5382285,0.008081436157226562
1759857891.5680804,1759857891.5742083,0.006127834320068359
1759857896.5767395,1759857896.5868592,0.01011967658996582
1759857896.5923285,1759857896.5987697,0.0064411163330078125
1759857901.5352962,1759857901.5464873,0.011191129684448242
1759857901.65232,1759857901.6593754,0.007055521011352539
1759857906.6104996,1759857906.6194184,0.00891876220703125
1759857906.633418,1759857906.639806,0.006387948989868164
1759857911.6763144,1759857911.6842003,0.007885932922363281
1759857911.6974704,1759857911.7038956,0.006425142288208008
1759857916.7397296,1759857916.7507248,0.010995149612426758
1759857916.7572165,1759857916.7651193,0.007902860641479492
1759857921.7928958,1759857921.7997088,0.00681304931640625
1759857921.8220756,1759857921.8286395,0.006563901901245117
1759857926.8409226,1759857926.847608,0.006685495376586914
1759857926.882988,1759857926.889527,0.006539106369018555
1759857931.8821955,1759857931.8888261,0.006630659103393555
1759857931.9469402,1759857931.9534676,0.006527423858642578
1759857936.9037054,1759857936.9114556,0.007750272750854492
1759857936.953513,1759857936.9599037,0.006390810012817383
1759857941.9489613,1759857941.9569077,0.007946491241455078
1759857941.9995797,1759857942.0061445,0.0065648555755615234
1759857947.0189915,1759857947.0258887,0.0068972110748291016
1759857947.0403142,1759857947.0464747,0.0061604976654052734
1759857952.0767345,1759857952.0860972,0.00936269760131836
1759857952.0860257,1759857952.0973706,0.01134490966796875
1759857957.104134,1759857957.1107998,0.006665706634521484
1759857957.1606097,1759857957.1671376,0.006527900695800781
1759857962.1536624,1759857962.1604033,0.0067408084869384766
1759857962.1848793,1759857962.1915278,0.006648540496826172
1759857967.1436496,1759857967.1550589,0.011409282684326172
1759857967.221637,1759857967.2281244,0.006487369537353516
1759857972.2146406,1759857972.2212548,0.006614208221435547
1759857972.271252,1759857972.2776568,0.006404876708984375
1759857977.293883,1759857977.3006194,0.006736278533935547
1759857977.3199346,1759857977.3265996,0.00666499137878418
1759857982.3462062,1759857982.3528225,0.006616353988647461
1759857982.3632493,1759857982.3715782,0.008328914642333984
1759857987.415074,1759857987.4230044,0.007930278778076172
1759857987.43015,1759857987.436756,0.006605863571166992
1759857992.4778478,1759857992.4845314,0.0066835880279541016
1759857992.4772127,1759857992.4840486,0.0068359375
1759857997.5145278,1759857997.5229263,0.00839853286743164
1759857997.5494442,1759857997.5557642,0.006319999694824219
1759858002.5745602,1759858002.5811327,0.0065724849700927734
1759858002.5877578,1759858002.5991852,0.01142740249633789
1759858007.5547683,1759858007.561279,0.006510734558105469
1759858007.6041322,1759858007.6107602,0.0066280364990234375
1759858012.6468706,1759858012.6579297,0.011059045791625977
1759858012.6291115,1759858012.638137,0.00902557373046875
1759858017.700667,1759858017.707236,0.0065691471099853516
1759858017.7089138,1759858017.7158184,0.00690460205078125
1759858022.6425138,1759858022.654069,0.011555194854736328
1759858022.7946477,1759858022.8007004,0.006052732467651367
1759858027.7238698,1759858027.7346253,0.010755538940429688
1759858027.7632713,1759858027.7707102,0.0074388980865478516
1759858032.717489,1759858032.7254374,0.00794839859008789
1759858032.7792485,1759858032.7865045,0.007256031036376953
1759858037.7735498,1759858037.779731,0.006181240081787109
1759858037.7539837,1759858037.7627733,0.008789539337158203
1759858042.7960453,1759858042.8068616,0.010816335678100586
1759858042.888516,1759858042.8942869,0.00577092170715332
1759858047.8548687,1759858047.8614047,0.006536006927490234
1759858047.9183657,1759858047.924328,0.005962371826171875
1759858052.9199758,1759858052.9266465,0.006670713424682617
1759858052.9678545,1759858052.9738002,0.005945682525634766
1759858057.9834468,1759858057.989924,0.0064771175384521484
1759858058.0144985,1759858058.0200949,0.0055963993072509766
1759858063.0044038,1759858063.0098076,0.005403757095336914
1759858063.0314727,1759858063.0378952,0.006422519683837891
1759858068.0074713,1759858068.012863,0.005391597747802734
1759858068.065298,1759858068.0723233,0.007025241851806641
1759858073.1038198,1759858073.1151907,0.01137089729309082
1759858073.1257021,1759858073.1308756,0.005173444747924805
1759858078.1449127,1759858078.1537614,0.00884866714477539
1759858078.1629243,1759858078.1694396,0.0065152645111083984
1759858083.1477382,1759858083.1574547,0.009716510772705078
1759858083.2078123,1759858083.214055,0.0062427520751953125
1759858088.1595998,1759858088.165022,0.005422115325927734
1759858088.320554,1759858088.3315198,0.010965824127197266
1759858093.266611,1759858093.2732964,0.0066852569580078125
1759858093.328175,1759858093.3335505,0.005375385284423828
1759858098.2972457,1759858098.3050268,0.007781028747558594
1759858098.3459227,1759858098.3520198,0.006097078323364258
1759858103.3542094,1759858103.361954,0.007744550704956055
1759858103.4355216,1759858103.4419153,0.0063936710357666016
1759858108.4860919,1759858108.4953392,0.009247303009033203
1759858108.488033,1759858108.4944844,0.00645136833190918
1759858113.5071127,1759858113.5136845,0.006571769714355469
1759858113.5179489,1759858113.5245104,0.0065615177154541016
1759858118.4938974,1759858118.499233,0.005335569381713867
1759858118.5663726,1759858118.572838,0.006465435028076172
1759858123.625477,1759858123.6307142,0.005237102508544922
1759858123.6152413,1759858123.6249511,0.009709835052490234
1759858128.6342442,1759858128.643449,0.009204864501953125
1759858128.662181,1759858128.668681,0.0065000057220458984
1759858133.6526453,1759858133.6592922,0.006646871566772461
1759858133.7113984,1759858133.7234795,0.012081146240234375
1759858138.7644405,1759858138.7711236,0.0066831111907958984
1759858138.793634,1759858138.799033,0.005398988723754883
1759858143.8113887,1759858143.8181844,0.006795644760131836
1759858143.8256967,1759858143.8320525,0.006355762481689453
1759858148.8309948,1759858148.8362253,0.005230426788330078
1759858148.8848076,1759858148.8910265,0.006218910217285156
1759858153.8410878,1759858153.8464067,0.005318880081176758
1759858153.8175542,1759858153.8240623,0.0065081119537353516
1759858158.867474,1759858158.8764815,0.009007453918457031
1759858158.908639,1759858158.9150574,0.006418466567993164
1759858163.8914413,1759858163.8967223,0.005280971527099609
1759858163.9979901,1759858164.00909,0.011099815368652344
1759858169.0145411,1759858169.0212145,0.006673336029052734
1759858169.047282,1759858169.0536277,0.0063457489013671875
1759858174.0129104,1759858174.022319,0.009408712387084961
1759858174.0935354,1759858174.0999124,0.006376981735229492
1759858179.0408745,1759858179.0474102,0.006535768508911133
1759858179.125496,1759858179.13313,0.007634162902832031
1759858184.160226,1759858184.1656175,0.005391359329223633
1759858184.1620684,1759858184.168207,0.00613856315612793
1759858189.1728866,1759858189.1783707,0.005484104156494141
1759858189.2046957,1759858189.2107773,0.006081581115722656
1759858194.1618001,1759858194.1670978,0.005297660827636719
1759858194.2255712,1759858194.232219,0.006647825241088867
1759858199.2581365,1759858199.2638266,0.005690097808837891
1759858199.266336,1759858199.2726042,0.00626826286315918
1759858204.2689822,1759858204.2742875,0.005305290222167969
1759858204.311395,1759858204.3176482,0.006253242492675781
1759858209.3788865,1759858209.3862948,0.0074083805084228516
1759858209.4176807,1759858209.4258218,0.008141040802001953
1759858214.3419752,1759858214.3482153,0.006240129470825195
1759858214.387258,1759858214.3928237,0.005565643310546875
1759858219.4575276,1759858219.4626875,0.005159854888916016
1759858219.4979024,1759858219.5058289,0.007926464080810547
1759858224.4171708,1759858224.4234595,0.006288766860961914
1759858224.485748,1759858224.4919767,0.00622868537902832
1759858229.474306,1759858229.481083,0.0067768096923828125
1759858229.499825,1759858229.5051508,0.005325794219970703
1759858234.509182,1759858234.516311,0.00712895393371582
1759858239.5347643,1759858239.541507,0.006742715835571289
1759858244.621569,1759858244.6279595,0.006390571594238281
1759858890.404329,1759858890.4112384,0.006909370422363281
1759858892.7837844,1759858892.7907877,0.007003307342529297
1759858897.8451364,1759858897.8520706,0.006934165954589844
1759858897.8744845,1759858897.8812106,0.00672602653503418
1759858902.8578987,1759858902.8697178,0.011819124221801758
1759858902.9213762,1759858902.9361465,0.014770269393920898
1759858907.8749692,1759858907.8823204,0.0073511600494384766
1759858907.9589515,1759858907.9714835,0.01253199577331543
1759858912.9677894,1759858912.9770548,0.009265422821044922
1759858912.9961798,1759858913.0026264,0.0064465999603271484
1759858917.9967542,1759858918.003027,0.006272792816162109
1759858918.05408,1759858918.0607302,0.006650209426879883
1759858923.0565274,1759858923.0634496,0.006922245025634766
1759858923.1032507,1759858923.109935,0.006684303283691406
1759858928.1923013,1759858928.1998646,0.007563352584838867
1759858928.1685567,1759858928.1782718,0.009715080261230469
1759858933.130309,1759858933.1388307,0.008521556854248047
1759858933.2387538,1759858933.244968,0.006214141845703125
1759858938.1784902,1759858938.1875854,0.009095191955566406
1759858938.2048595,1759858938.2112215,0.006361961364746094
1759858943.2277956,1759858943.2342696,0.006474018096923828
1759858943.2752779,1759858943.2818472,0.006569385528564453
1759858948.2655678,1759858948.276741,0.011173248291015625
1759858948.3561141,1759858948.3625386,0.006424427032470703
1759858953.317823,1759858953.3241687,0.0063457489013671875
1759858953.3161528,1759858953.3227427,0.0065898895263671875
1759858958.3775263,1759858958.3836124,0.006086111068725586
1759858958.3660765,1759858958.3740003,0.00792384147644043
1759858963.420092,1759858963.4264014,0.0063092708587646484
1759858963.434062,1759858963.4403875,0.006325483322143555
1759858968.478566,1759858968.4850922,0.00652623176574707
1759858968.5487132,1759858968.555303,0.0065898895263671875
1759858973.5328994,1759858973.5391026,0.006203174591064453
1759858973.5972326,1759858973.603417,0.00618433952331543
1759858978.632791,1759858978.6420345,0.009243488311767578
1759858978.6495972,1759858978.657511,0.007913827896118164
1759858983.610026,1759858983.6177263,0.007700443267822266
1759858983.721246,1759858983.7275114,0.006265401840209961
1759858988.6659184,1759858988.6723788,0.006460428237915039
1759858988.678159,1759858988.6856866,0.007527589797973633
1759858993.6422045,1759858993.6499927,0.007788181304931641
1759858993.7162921,1759858993.7283454,0.012053251266479492
1759858998.7105649,1759858998.7188616,0.008296728134155273
1759858998.7791755,1759858998.7868943,0.007718801498413086
1759859003.739667,1759859003.7462544,0.006587505340576172
1759859003.790548,1759859003.797431,0.006882905960083008
1759859008.784,1759859008.7924857,0.008485794067382812
1759859008.8570683,1759859008.8633714,0.006303071975708008
1759859013.8164082,1759859013.8248734,0.008465290069580078
1759859013.8727782,1759859013.8796446,0.006866455078125
1759859018.911415,1759859018.9177942,0.006379127502441406
1759859018.8869982,1759859018.8964338,0.009435653686523438
1759859023.9517288,1759859023.9597847,0.008055925369262695
1759859023.9345307,1759859023.9407847,0.006253957748413086
1759859028.979111,1759859028.989315,0.010204076766967773
1759859028.9923918,1759859029.0040083,0.01161646842956543
1759859033.9494712,1759859033.9558923,0.006421089172363281
1759859034.015907,1759859034.022389,0.00648188591003418
1759859039.006074,1759859039.017503,0.011429071426391602
1759859039.064791,1759859039.0711532,0.006362199783325195
1759859044.0978248,1759859044.1042264,0.006401538848876953
1759859044.128124,1759859044.1344023,0.006278276443481445
1759859049.0722528,1759859049.0789971,0.006744384765625
1759859049.1965728,1759859049.2029755,0.006402730941772461
1759859054.134659,1759859054.1405442,0.005885124206542969
1759859054.1505466,1759859054.157015,0.006468534469604492
1759859059.1787102,1759859059.1849375,0.006227254867553711
1759859059.2178621,1759859059.224457,0.00659489631652832
1759859064.2187343,1759859064.2289603,0.010226011276245117
1759859064.2823994,1759859064.2903345,0.007935047149658203
1759859069.2564013,1759859069.2633493,0.006947994232177734
1759859069.2478704,1759859069.2566493,0.008778810501098633
1759859074.3209703,1759859074.3269668,0.0059964656829833984
1759859074.3312368,1759859074.3378005,0.006563663482666016
1759859079.3862822,1759859079.3928466,0.00656437873840332
1759859079.3910403,1759859079.40432,0.01327967643737793
1759859084.3419974,1759859084.348717,0.0067195892333984375
1759859084.4432192,1759859084.4535084,0.010289192199707031
1759859089.4157767,1759859089.422585,0.006808280944824219
1759859089.473429,1759859089.4799576,0.006528615951538086
1759859094.4749565,1759859094.4828916,0.007935047149658203
1759859094.505605,1759859094.5120745,0.0064694881439208984
1759859099.5134375,1759859099.5187862,0.005348682403564453
1759859099.545738,1759859099.5521014,0.006363391876220703
1759859104.5181031,1759859104.5234478,0.0053446292877197266
1759859104.6347957,1759859104.6412194,0.0064237117767333984
1759859109.5731647,1759859109.579662,0.006497383117675781
1759859109.6922553,1759859109.7017732,0.009517908096313477
1759859114.597175,1759859114.6047552,0.007580280303955078
1759859114.629513,1759859114.6360738,0.006560802459716797
1759859119.677928,1759859119.6850402,0.007112264633178711
1759859119.7069988,1759859119.712789,0.005790233612060547
1759859124.724469,1759859124.7297804,0.005311489105224609
1759859124.7409089,1759859124.7490096,0.008100748062133789
1759859129.8302033,1759859129.8355122,0.005308866500854492
1759859129.7903724,1759859129.7970858,0.006713390350341797
1759859134.8268495,1759859134.8360212,0.009171724319458008
1759859134.841098,1759859134.8475387,0.006440639495849609
1759859139.947158,1759859139.9523063,0.005148172378540039
1759859139.9124508,1759859139.9189663,0.0065155029296875
1759859144.9496522,1759859144.954994,0.005341768264770508
1759859144.9689667,1759859144.9754746,0.00650787353515625
1759859150.0246317,1759859150.0311525,0.006520748138427734
1759859150.0696785,1759859150.0749059,0.005227327346801758
1759859155.0767345,1759859155.082136,0.0054013729095458984
1759859155.0780973,1759859155.085705,0.007607698440551758
1759859160.1091788,1759859160.1157308,0.006551980972290039
1759859160.1988237,1759859160.2047546,0.005930900573730469
1759859165.1980867,1759859165.203426,0.005339145660400391
1759859165.3096979,1759859165.316275,0.006577014923095703
1759859170.1944542,1759859170.2011843,0.006730079650878906
1759859170.2534566,1759859170.2596009,0.006144285202026367
1759859175.285027,1759859175.2915854,0.006558418273925781
1759859175.3571646,1759859175.3624365,0.00527191162109375
1759859180.2364306,1759859180.2450473,0.00861668586730957
1759859180.3508463,1759859180.3589678,0.008121490478515625
1759859185.3605733,1759859185.3660972,0.0055239200592041016
1759859185.4046044,1759859185.4110034,0.006398916244506836
1759859190.3861775,1759859190.394307,0.008129358291625977
1759859190.4613202,1759859190.4675589,0.006238698959350586
1759859195.526131,1759859195.531701,0.005570173263549805
1759859195.5191488,1759859195.5256321,0.006483316421508789
1759859200.5417893,1759859200.5471616,0.005372285842895508
1759859200.5518856,1759859200.557956,0.006070375442504883
1759859205.5512798,1759859205.556808,0.00552821159362793
1759859205.6097481,1759859205.61622,0.006471872329711914
1759859210.6512256,1759859210.6566525,0.005426883697509766
1759859210.6511943,1759859210.6618793,0.010684967041015625
1759859215.621503,1759859215.628899,0.00739598274230957
1759859215.681855,1759859215.688268,0.006412982940673828
1759859220.6959102,1759859220.702562,0.006651878356933594
1759859220.7361996,1759859220.7415833,0.005383729934692383
1759859225.7754226,1759859225.7807975,0.005374908447265625
1759859225.793952,1759859225.8020608,0.008108854293823242
1759859230.8045576,1759859230.8123374,0.007779836654663086
1759859230.8158486,1759859230.8220794,0.006230831146240234
1759859235.837455,1759859235.8429778,0.005522727966308594
1759859235.8901322,1759859235.8992236,0.009091377258300781
1759859240.853031,1759859240.8620915,0.00906062126159668
1759859240.8831477,1759859240.8887901,0.005642414093017578
1759859245.9091947,1759859245.9158084,0.006613731384277344
1759859245.9535604,1759859245.9624836,0.00892329216003418
1759859250.9854207,1759859250.9949527,0.009531974792480469
1759859250.9627311,1759859250.9692652,0.006534099578857422
1759859256.0165825,1759859256.0232735,0.00669097900390625
1759859256.0336442,1759859256.0408807,0.007236480712890625
1759859261.0704508,1759859261.0769086,0.006457805633544922
1759859266.1075833,1759859266.114201,0.00661778450012207
1759859271.102554,1759859271.109616,0.007061958312988281
