1757162216.3940117,1757162216.4685855,0.07457375526428223
1757162217.4257007,1757162217.511581,0.08588027954101562
1757162217.4283159,1757162217.5161343,0.08781838417053223
1757162218.5015643,1757162218.5702,0.06863570213317871
1757162218.5825093,1757162218.6589878,0.07647848129272461
1757162219.5357864,1757162219.6285691,0.09278273582458496
1757162219.5356944,1757162219.632777,0.09708261489868164
1757162220.4810371,1757162220.5437348,0.0626976490020752
1757162220.556786,1757162220.6263201,0.0695340633392334
1757162221.4846356,1757162221.5547879,0.07015228271484375
1757162221.5794415,1757162221.6471794,0.06773781776428223
1757162222.4952188,1757162222.5621061,0.06688737869262695
1757162222.5865319,1757162222.6552768,0.06874489784240723
1757162223.503028,1757162223.5830789,0.08005094528198242
1757162223.5030658,1757162223.6513896,0.14832377433776855
1757162224.5166845,1757162224.6162145,0.09952998161315918
1757162224.5219312,1757162224.620976,0.0990447998046875
1757162225.464249,1757162225.5325499,0.06830096244812012
1757162225.5625877,1757162225.6253545,0.06276679039001465
1757162226.4764738,1757162226.5390034,0.0625295639038086
1757162226.5638819,1757162226.6309907,0.0671088695526123
1757162227.4683464,1757162227.5583823,0.09003591537475586
1757162227.4726317,1757162227.5629642,0.0903325080871582
1757162228.3966181,1757162228.4629855,0.06636738777160645
1757162228.4716244,1757162228.5384512,0.06682682037353516
1757162229.3760865,1757162229.44924,0.07315349578857422
1757162229.393739,1757162229.470868,0.07712912559509277
1757162230.3056188,1757162230.3694873,0.06386852264404297
1757162230.3717592,1757162230.46411,0.09235072135925293
1757162231.324715,1757162231.410347,0.0856320858001709
1757162231.3112853,1757162231.4121568,0.10087156295776367
1757162232.2749946,1757162232.3380623,0.06306767463684082
1757162232.3562238,1757162232.418658,0.06243419647216797
1757162233.2519462,1757162233.3393247,0.08737850189208984
1757162233.2720695,1757162233.3602743,0.08820486068725586
1757162234.1865878,1757162234.2553995,0.06881165504455566
1757162234.2487378,1757162234.3179388,0.06920099258422852
1757162235.1529174,1757162235.2254148,0.07249736785888672
1757162235.1711142,1757162235.2522395,0.08112525939941406
1757162236.0895936,1757162236.1575377,0.06794404983520508
1757162236.1457164,1757162236.2150178,0.06930136680603027
1757162237.0527422,1757162237.1275916,0.07484936714172363
1757162237.068504,1757162237.20581,0.13730597496032715
1757162238.04207,1757162238.1289647,0.08689475059509277
1757162238.0420997,1757162238.1321037,0.09000396728515625
1757162238.9547644,1757162239.0225954,0.06783103942871094
1757162239.0410478,1757162239.1271603,0.08611249923706055
1757162239.9840975,1757162240.0671058,0.0830082893371582
1757162239.981282,1757162240.0733323,0.09205031394958496
1757162240.911913,1757162240.9769728,0.06505990028381348
1757162240.99495,1757162241.0620973,0.06714725494384766
1757162241.9154592,1757162241.9834194,0.06796026229858398
1757162242.012524,1757162242.0816162,0.0690922737121582
1757162242.9250398,1757162242.9942353,0.06919550895690918
1757162243.0252173,1757162243.0924938,0.0672764778137207
1757162243.93334,1757162244.0021374,0.06879734992980957
1757162244.018816,1757162244.098562,0.07974600791931152
1757162244.9694116,1757162245.0389154,0.0695037841796875
1757162245.0671191,1757162245.136656,0.06953692436218262
1757162245.9915092,1757162246.0612566,0.0697474479675293
1757162246.0808244,1757162246.1504505,0.0696260929107666
1757162246.9861724,1757162247.0639071,0.07773470878601074
1757162247.0080748,1757162247.101116,0.09304118156433105
1757162247.9385529,1757162248.0071518,0.06859898567199707
1757162247.997173,1757162248.0644078,0.06723475456237793
1757162248.8992205,1757162248.9692657,0.07004523277282715
1757162248.9219809,1757162249.0042424,0.08226156234741211
1757162249.8274956,1757162249.8988206,0.07132506370544434
1757162249.8863344,1757162249.9551675,0.0688331127166748
1757162250.812182,1757162250.8873324,0.0751504898071289
1757162250.8342316,1757162250.9299743,0.09574270248413086
1757162251.7732112,1757162251.853987,0.08077573776245117
1757162251.8092892,1757162251.8780236,0.06873440742492676
1757162252.708593,1757162252.7753193,0.0667264461517334
1757162252.7761993,1757162252.8541317,0.07793235778808594
1757162253.6898067,1757162253.7757728,0.08596611022949219
1757162253.6927097,1757162253.7870317,0.09432196617126465
1757162254.6168709,1757162254.681227,0.06435608863830566
1757162254.699126,1757162254.7922068,0.09308075904846191
1757162255.6411605,1757162255.7301028,0.08894228935241699
1757162255.6410627,1757162255.7341063,0.09304356575012207
1757162256.575153,1757162256.6626387,0.08748555183410645
1757162256.5751607,1757162256.7030358,0.12787508964538574
1757162257.612384,1757162257.680591,0.0682070255279541
1757162257.5492163,1757162257.6167593,0.06754302978515625
1757162258.504785,1757162258.5732496,0.06846451759338379
1757162258.5922835,1757162258.6575959,0.06531238555908203
1757162258.8013895,1757162258.8874972,0.08610773086547852
1757162258.802096,1757162258.9037006,0.10160470008850098
1757162259.0523052,1757162259.1219966,0.06969141960144043
1757162259.1210098,1757162259.1837153,0.06270551681518555
1757162259.326405,1757162259.412677,0.08627200126647949
1757162259.3512974,1757162259.4421644,0.0908670425415039
1757162259.585877,1757162259.6508074,0.06493043899536133
1757162259.646578,1757162259.7140076,0.0674295425415039
1757162259.8820293,1757162259.9536614,0.07163214683532715
1757162259.8581834,1757162259.9937904,0.13560700416564941
1757162260.1370437,1757162260.207615,0.0705711841583252
1757162260.1827068,1757162260.2562468,0.07353997230529785
1757162260.4097104,1757162260.4818585,0.07214808464050293
1757162260.4362636,1757162260.5135314,0.07726788520812988
1757162260.6562107,1757162260.7246377,0.06842708587646484
1757162260.711818,1757162260.7802494,0.06843137741088867
1757162260.9342773,1757162261.0110912,0.07681393623352051
1757162260.956039,1757162261.0333476,0.07730865478515625
1757162261.176065,1757162261.24421,0.0681450366973877
1757162261.2444754,1757162261.3053243,0.06084895133972168
1757162261.4507442,1757162261.532687,0.08194279670715332
1757162261.4747002,1757162261.5633378,0.0886375904083252
1757162261.7059546,1757162261.7745519,0.06859731674194336
1757162261.7670963,1757162261.8318179,0.06472158432006836
1757162261.976591,1757162262.0629196,0.08632850646972656
1757162262.0082161,1757162262.0851407,0.07692456245422363
1757162262.238594,1757162262.3038445,0.06525039672851562
1757162262.2977977,1757162262.3642747,0.06647706031799316
1757162262.5076873,1757162262.5767,0.06901264190673828
1757162262.5369375,1757162262.6080723,0.07113480567932129
1757162262.75043,1757162262.8192854,0.06885528564453125
1757162262.8110402,1757162262.8946288,0.0835886001586914
1757162263.0483665,1757162263.1341126,0.08574604988098145
1757162263.0449421,1757162263.134165,0.08922290802001953
1757162263.277476,1757162263.3456664,0.06819033622741699
1757162263.3624983,1757162263.4292345,0.06673622131347656
1757162263.572372,1757162263.6455412,0.07316923141479492
1757162263.575661,1757162263.7138076,0.13814663887023926
1757162263.8586173,1757162263.9274547,0.06883740425109863
1757162263.8740387,1757162263.9525986,0.07855987548828125
1757162264.0971038,1757162264.1652927,0.06818890571594238
1757162264.1618135,1757162264.2254121,0.0635986328125
1757162264.3752143,1757162264.4436274,0.06841301918029785
1757162264.3964076,1757162264.4742818,0.07787418365478516
1757162264.6195903,1757162264.6893506,0.06976032257080078
1757162264.6740708,1757162264.742187,0.0681161880493164
1757162264.891618,1757162264.9601197,0.06850171089172363
1757162264.9201581,1757162264.9919448,0.07178664207458496
1757162265.1347668,1757162265.2024636,0.06769680976867676
1757162265.1888542,1757162265.2543924,0.06553816795349121
1757162265.4064562,1757162265.4739106,0.06745433807373047
1757162265.4313192,1757162265.5081499,0.07683062553405762
1757162265.6564388,1757162265.7242844,0.06784558296203613
1757162265.7065527,1757162265.7798676,0.07331490516662598
1757162265.9367852,1757162265.9961426,0.059357404708862305
1757162265.9530294,1757162266.0343013,0.08127188682556152
1757162266.183856,1757162266.2531054,0.06924939155578613
1757162266.2239516,1757162266.2830153,0.05906367301940918
1757162266.4284742,1757162266.4869194,0.05844521522521973
1757162266.4858415,1757162266.5467756,0.06093406677246094
1757162266.695896,1757162266.7893097,0.0934138298034668
1757162266.7157614,1757162266.7941575,0.07839608192443848
1757162266.940678,1757162266.9958618,0.05518388748168945
1757162267.0189557,1757162267.0796156,0.06065988540649414
1757162267.2417543,1757162267.3055856,0.06383132934570312
1757162267.334876,1757162267.387203,0.05232691764831543
1757162267.5388985,1757162267.6238492,0.08495068550109863
1757162267.5388985,1757162267.633752,0.09485363960266113
1757162267.7884924,1757162267.8526537,0.06416130065917969
1757162267.8558125,1757162267.9066694,0.050856828689575195
1757162268.0487611,1757162268.1174397,0.06867861747741699
1757162268.0813527,1757162268.1562576,0.0749049186706543
1757162268.3457499,1757162268.4262338,0.08048391342163086
1757162268.2982574,1757162268.4498606,0.15160322189331055
1757162268.5936322,1757162268.6584058,0.0647735595703125
1757162268.655077,1757162268.72094,0.06586313247680664
1757162268.8692458,1757162268.9254613,0.056215524673461914
1757162268.8897305,1757162268.9603665,0.07063603401184082
1757162269.1022441,1757162269.16875,0.06650590896606445
1757162269.15321,1757162269.206883,0.05367302894592285
1757162269.348343,1757162269.4008589,0.05251598358154297
1757162269.3971481,1757162269.4631686,0.06602048873901367
1757162269.6071734,1757162269.6775773,0.0704038143157959
1757162269.6285014,1757162269.6921232,0.06362175941467285
1757162269.8349755,1757162269.8876958,0.05272030830383301
1757162269.908065,1757162269.9726627,0.06459760665893555
1757162270.1205456,1757162270.1934247,0.07287907600402832
1757162270.1205385,1757162270.1999478,0.07940936088562012
1757162270.341843,1757162270.4070632,0.06522035598754883
1757162270.420771,1757162270.476627,0.05585622787475586
1757162270.6245227,1757162270.7020261,0.07750344276428223
1757162270.6362486,1757162270.7281132,0.09186458587646484
1757162270.8757164,1757162270.9409945,0.0652780532836914
1757162270.9310203,1757162270.996693,0.06567263603210449
1757162271.142719,1757162271.21105,0.06833100318908691
1757162271.170417,1757162271.2414846,0.07106757164001465
1757162271.3893342,1757162271.4475307,0.0581965446472168
1757162271.4389498,1757162271.4988062,0.059856414794921875
1757162271.646749,1757162271.702108,0.05535888671875
1757162271.6788588,1757162271.7403007,0.061441898345947266
1757162271.8860502,1757162271.944432,0.05838179588317871
1757162271.9298475,1757162272.0414355,0.1115880012512207
1757162272.1839705,1757162272.2398884,0.055917978286743164
1757162272.2835348,1757162272.3376935,0.054158687591552734
1757162272.4800186,1757162272.534729,0.05471038818359375
1757162272.5776248,1757162272.6285772,0.05095243453979492
1757162272.7701707,1757162272.8372486,0.0670778751373291
1757162272.7703981,1757162272.8391,0.06870174407958984
1757162272.9832702,1757162273.0369136,0.05364346504211426
1757162273.067309,1757162273.1215806,0.054271697998046875
1757162273.2712593,1757162273.3585854,0.0873260498046875
1757162273.2712348,1757162273.357228,0.08599328994750977
1757162273.5010567,1757162273.5728173,0.07176065444946289
1757162273.5010357,1757162273.571587,0.07055139541625977
1757162273.7173946,1757162273.7726817,0.05528712272644043
1757162273.80017,1757162273.854006,0.05383610725402832
1757162273.9956899,1757162274.0624568,0.06676697731018066
1757162273.9997995,1757162274.0668032,0.06700372695922852
1757162274.2084785,1757162274.2609193,0.05244088172912598
1757162274.2930384,1757162274.3470113,0.05397295951843262
1757162274.4933927,1757162274.5556076,0.06221485137939453
1757162274.493412,1757162274.5678403,0.07442831993103027
1757162274.711059,1757162274.7652745,0.054215431213378906
1757162274.7851906,1757162274.8551636,0.06997299194335938
1757162275.0045047,1757162275.0591795,0.05467486381530762
1757162275.1026917,1757162275.1542068,0.05151510238647461
1757162275.3015726,1757162275.3610423,0.05946969985961914
1757162275.3986197,1757162275.4529865,0.0543668270111084
1757162275.5953965,1757162275.679503,0.0841064453125
1757162275.5953887,1757162275.6792405,0.08385181427001953
1757162275.8294134,1757162275.9140399,0.08462643623352051
1757162275.8294306,1757162275.91398,0.0845494270324707
1757162276.0595243,1757162276.1142654,0.05474114418029785
1757162276.1416998,1757162276.1951604,0.05346059799194336
1757162276.3441486,1757162276.4319477,0.087799072265625
1757162276.3458552,1757162276.433878,0.08802270889282227
1757162276.5823972,1757162276.634588,0.05219078063964844
1757162276.6598613,1757162276.711007,0.05114579200744629
1757162276.863065,1757162276.9264822,0.06341719627380371
1757162276.8576803,1757162276.9274468,0.06976652145385742
1757162277.0796006,1757162277.1445403,0.06493973731994629
1757162277.1540582,1757162277.2066565,0.05259823799133301
1757162277.3586178,1757162277.421152,0.06253433227539062
1757162277.3717587,1757162277.4348943,0.06313562393188477
1757162277.5762677,1757162277.6331472,0.056879520416259766
1757162277.6506822,1757162277.7026677,0.05198550224304199
1757162277.8519075,1757162277.9180138,0.06610631942749023
1757162277.8605044,1757162277.9325855,0.07208108901977539
1757162278.0745866,1757162278.1308577,0.05627107620239258
1757162278.1460564,1757162278.1973157,0.05125927925109863
1757162278.3486269,1757162278.4050896,0.056462764739990234
1757162278.3580282,1757162278.4202514,0.062223196029663086
1757162278.5743854,1757162278.631466,0.05708050727844238
1757162278.6351962,1757162278.688618,0.053421735763549805
1757162278.830981,1757162278.8880656,0.05708456039428711
1757162278.8599193,1757162278.9835417,0.12362241744995117
1757162279.1275256,1757162279.182303,0.05477738380432129
1757162279.2264504,1757162279.2898958,0.0634453296661377
1757162279.4375346,1757162279.4932272,0.05569267272949219
1757162279.5213578,1757162279.5742178,0.05286002159118652
1757162279.7226171,1757162279.8050692,0.08245205879211426
1757162279.7227442,1757162279.807898,0.08515381813049316
1757162279.9534233,1757162280.008603,0.05517983436584473
1757162280.034608,1757162280.0864391,0.05183124542236328
1757162280.2324753,1757162280.3163884,0.08391308784484863
1757162280.236014,1757162280.3241134,0.08809947967529297
1757162280.4695513,1757162280.524743,0.055191755294799805
1757162280.5474856,1757162280.5990162,0.05153059959411621
1757162280.7464588,1757162280.8337297,0.08727097511291504
1757162280.7520113,1757162280.8412762,0.0892648696899414
1757162280.9835393,1757162281.0397604,0.05622100830078125
1757162281.0613177,1757162281.1128438,0.05152606964111328
1757162281.259142,1757162281.3226352,0.06349325180053711
1757162281.2685435,1757162281.3342676,0.06572413444519043
1757162281.4753218,1757162281.528842,0.05352020263671875
1757162281.5522993,1757162281.6033273,0.05102801322937012
1757162281.74512,1757162281.821437,0.07631683349609375
1757162281.7569475,1757162281.8370106,0.0800631046295166
1757162281.9785883,1757162282.0331244,0.05453610420227051
1757162282.0490074,1757162282.1025052,0.0534977912902832
1757162282.2618515,1757162282.3232107,0.06135916709899902
1757162282.2524154,1757162282.3234138,0.0709984302520752
1757162282.464422,1757162282.5257223,0.06130027770996094
1757162282.4644933,1757162282.5917523,0.1272590160369873
1757162282.7404587,1757162282.7956383,0.055179595947265625
1757162282.753051,1757162282.813218,0.06016707420349121
1757162282.9539647,1757162283.0058749,0.0519101619720459
1757162283.0250149,1757162283.0759337,0.0509188175201416
1757162283.2369466,1757162283.2969909,0.060044288635253906
1757162283.2237384,1757162283.2963943,0.07265591621398926
1757162283.4383876,1757162283.5207849,0.0823972225189209
1757162283.438478,1757162283.5234044,0.08492636680603027
1757162283.6650724,1757162283.7203586,0.05528616905212402
1757162283.750355,1757162283.8025475,0.05219244956970215
1757162283.9507968,1757162284.038093,0.0872962474822998
1757162283.9507785,1757162284.0404096,0.0896310806274414
1757162284.1868887,1757162284.2722063,0.08531761169433594
1757162284.1869516,1757162284.2711363,0.08418464660644531
1757162284.4181554,1757162284.474345,0.056189537048339844
1757162284.4993403,1757162284.5514946,0.0521543025970459
1757162284.702126,1757162284.7732718,0.07114577293395996
1757162284.7020774,1757162284.7737148,0.07163739204406738
1757162284.91565,1757162284.969002,0.05335211753845215
1757162285.000554,1757162285.054192,0.05363798141479492
1757162285.2006252,1757162285.267887,0.06726193428039551
1757162285.2006156,1757162285.2676272,0.06701159477233887
1757162285.4096253,1757162285.494164,0.08453869819641113
1757162285.409613,1757162285.4943533,0.08474040031433105
1757162285.6361244,1757162285.7065277,0.0704033374786377
1757162285.6361241,1757162285.7088768,0.07275271415710449
1757162285.8500938,1757162285.905272,0.055178165435791016
1757162285.933692,1757162285.9852817,0.0515897274017334
1757162286.1263387,1757162286.1969552,0.07061648368835449
1757162286.1327205,1757162286.2021778,0.0694572925567627
1757162286.3444955,1757162286.3987758,0.05428028106689453
1757162286.4241338,1757162286.477836,0.05370211601257324
1757162286.6195,1757162286.6894193,0.06991934776306152
1757162286.6259835,1757162286.6920965,0.06611299514770508
1757162286.8339267,1757162286.8895743,0.05564761161804199
1757162286.9167907,1757162286.9711819,0.05439114570617676
1757162287.1166475,1757162287.1850514,0.06840395927429199
1757162287.1144493,1757162287.1865904,0.07214117050170898
1757162287.332105,1757162287.3875108,0.05540585517883301
1757162287.4155798,1757162287.4701397,0.054559946060180664
1757162287.6108575,1757162287.670311,0.059453487396240234
1757162287.6159856,1757162287.7005806,0.0845949649810791
1757162287.8412569,1757162287.8951008,0.05384397506713867
1757162287.8988209,1757162287.9515631,0.05274224281311035
1757162288.1007528,1757162288.1587431,0.057990312576293945
1757162288.123913,1757162288.2438664,0.11995339393615723
1757162288.3892512,1757162288.4545074,0.06525611877441406
1757162288.3873937,1757162288.4609613,0.07356762886047363
1757162288.6023688,1757162288.6578925,0.05552363395690918
1757162288.6823032,1757162288.7354503,0.053147077560424805
1757162288.881652,1757162288.9627285,0.08107638359069824
1757162288.8865185,1757162288.9701579,0.08363938331604004
1757162289.1174781,1757162289.1699777,0.05249953269958496
1757162289.192334,1757162289.2430258,0.050691843032836914
1757162289.3886752,1757162289.4516826,0.06300735473632812
1757162289.397165,1757162289.4819407,0.08477568626403809
1757162289.625983,1757162289.6887112,0.0627281665802002
1757162289.6790438,1757162289.7304182,0.05137443542480469
1757162289.8750372,1757162289.9285452,0.05350804328918457
1757162289.9197636,1757162289.9943912,0.07462763786315918
1757162290.141565,1757162290.2217393,0.08017420768737793
1757162290.159827,1757162290.230313,0.07048606872558594
1757162290.3755279,1757162290.4288154,0.053287506103515625
1757162290.452944,1757162290.504674,0.05172991752624512
1757162290.6563737,1757162290.7197502,0.06337642669677734
1757162290.6564047,1757162290.7325864,0.07618165016174316
1757162290.8734374,1757162290.9269245,0.05348706245422363
1757162290.9488044,1757162291.0006852,0.051880836486816406
1757162291.1433508,1757162291.209855,0.06650424003601074
1757162291.1565442,1757162291.225816,0.06927180290222168
1757162291.3700001,1757162291.4226506,0.05265045166015625
1757162291.4413056,1757162291.4935796,0.05227398872375488
1757162291.63491,1757162291.7030036,0.06809353828430176
1757162291.6502512,1757162291.773201,0.12294983863830566
1757162291.9200668,1757162291.9754348,0.05536794662475586
1757162291.9305851,1757162292.007349,0.07676386833190918
1757162292.1569736,1757162292.229992,0.07301831245422363
1757162292.2047946,1757162292.260055,0.055260419845581055
1757162292.4038143,1757162292.459115,0.05530071258544922
1757162292.4574811,1757162292.524099,0.06661796569824219
1757162292.6675003,1757162292.7221746,0.054674386978149414
1757162292.6885664,1757162292.7616112,0.0730447769165039
1757162292.9112618,1757162292.983781,0.07251930236816406
1757162292.9495904,1757162293.0055478,0.05595731735229492
1757162293.1519253,1757162293.2076666,0.055741310119628906
1757162293.2154014,1757162293.2880223,0.07262086868286133
1757162293.4411578,1757162293.5093348,0.0681769847869873
1757162293.4411695,1757162293.5108812,0.06971168518066406
1757162293.655705,1757162293.7094314,0.0537264347076416
1757162293.737165,1757162293.7893817,0.05221676826477051
1757162293.9355328,1757162294.0031545,0.06762170791625977
1757162293.9374616,1757162294.012009,0.07454729080200195
1757162294.1615427,1757162294.215099,0.05355644226074219
1757162294.2309291,1757162294.283218,0.05228877067565918
1757162294.4245944,1757162294.4880273,0.06343293190002441
1757162294.443415,1757162294.5093114,0.06589651107788086
1757162294.6514485,1757162294.7049768,0.0535283088684082
1757162294.7158191,1757162294.768061,0.05224180221557617
1757162294.9090595,1757162294.9701312,0.06107163429260254
1757162294.9320257,1757162294.991718,0.0596923828125
1757162295.1367533,1757162295.1898026,0.053049325942993164
1757162295.1975996,1757162295.2507172,0.05311751365661621
1757162295.3976138,1757162295.458762,0.06114816665649414
1757162295.4176261,1757162295.4799683,0.062342166900634766
1757162295.6226113,1757162295.6780143,0.05540299415588379
1757162295.6924057,1757162295.7445745,0.052168846130371094
1757162295.8921497,1757162295.9549885,0.06283879280090332
1757162295.9050343,1757162295.9710715,0.06603717803955078
1757162296.111592,1757162296.1672406,0.0556485652923584
1757162296.183886,1757162296.2456076,0.0617215633392334
1757162296.387548,1757162296.4487576,0.061209678649902344
1757162296.3958037,1757162296.4573944,0.06159067153930664
1757162296.5990448,1757162296.6526644,0.0536196231842041
1757162296.6781745,1757162296.7307622,0.05258774757385254
1757162296.8715563,1757162296.9381833,0.06662702560424805
1757162296.8797238,1757162296.9455266,0.06580281257629395
1757162297.0865657,1757162297.1433794,0.056813716888427734
1757162297.1655264,1757162297.2180245,0.05249810218811035
1757162297.3644679,1757162297.4242475,0.05977964401245117
1757162297.3716557,1757162297.4371068,0.06545114517211914
1757162297.5785053,1757162297.6357703,0.05726504325866699
1757162297.6556902,1757162297.7066789,0.05098867416381836
1757162297.8533156,1757162297.9204338,0.06711816787719727
1757162297.8642032,1757162297.933596,0.06939268112182617
1757162298.075326,1757162298.1319687,0.056642770767211914
1757162298.148359,1757162298.2018135,0.05345439910888672
1757162298.3435166,1757162298.4087603,0.06524372100830078
1757162298.3628833,1757162298.4865124,0.12362909317016602
1757162298.6364007,1757162298.7008064,0.06440567970275879
1757162298.6319928,1757162298.6976957,0.06570291519165039
1757162298.8472853,1757162298.905262,0.057976722717285156
1757162298.9280713,1757162298.9815679,0.053496599197387695
1757162299.1272361,1757162299.1987166,0.07148051261901855
1757162299.1337802,1757162299.2004793,0.06669902801513672
1757162299.3555295,1757162299.409702,0.054172515869140625
1757162299.4296246,1757162299.483579,0.053954362869262695
1757162299.6247897,1757162299.690153,0.06536316871643066
1757162299.6382844,1757162299.700578,0.06229352951049805
1757162299.843062,1757162299.8981254,0.055063486099243164
1757162299.919418,1757162299.9720438,0.05262565612792969
1757162300.1177328,1757162300.183721,0.06598830223083496
1757162300.1254485,1757162300.1916726,0.0662240982055664
1757162300.332285,1757162300.385328,0.05304312705993652
1757162300.4151628,1757162300.4689603,0.05379748344421387
1757162300.6137116,1757162300.6816318,0.06792020797729492
1757162300.610327,1757162300.6903687,0.08004164695739746
1757162300.83168,1757162300.8878303,0.056150197982788086
1757162300.9088266,1757162300.9614732,0.052646636962890625
1757162301.1033068,1757162301.186398,0.08309125900268555
1757162301.1150281,1757162301.1945374,0.07950925827026367
1757162301.3365068,1757162301.390136,0.053629159927368164
1757162301.4137068,1757162301.4665213,0.052814483642578125
1757162301.6089337,1757162301.6901689,0.08123517036437988
1757162301.617738,1757162301.700944,0.0832059383392334
1757162301.8435829,1757162301.9746428,0.13105988502502441
1757162301.9207463,1757162301.9894097,0.06866335868835449
1757162302.1315053,1757162302.185412,0.05390667915344238
1757162302.20625,1757162302.2590466,0.05279660224914551
1757162302.4124792,1757162302.4852865,0.07280731201171875
1757162302.410139,1757162302.4879494,0.07781028747558594
1757162302.629262,1757162302.6886427,0.05938076972961426
1757162302.7128088,1757162302.7847779,0.07196903228759766
1757162302.9309444,1757162302.9890587,0.05811429023742676
1757162303.027983,1757162303.0798972,0.051914215087890625
1757162303.229406,1757162303.2895713,0.0601651668548584
1757162303.3274462,1757162303.3811586,0.05371236801147461
1757162303.5229607,1757162303.582239,0.059278249740600586
1757162303.5229733,1757162303.6092288,0.08625555038452148
1757162303.7497668,1757162303.8260472,0.07628035545349121
1757162303.81166,1757162303.8769405,0.06528043746948242
1757162304.0195875,1757162304.0751472,0.055559635162353516
1757162304.0546072,1757162304.1301637,0.07555651664733887
1757162304.27169,1757162304.3463645,0.07467460632324219
1757162304.3024318,1757162304.3592494,0.05681753158569336
1757162304.5005622,1757162304.5564976,0.05593538284301758
1757162304.5758061,1757162304.6395307,0.06372451782226562
1757162304.7827322,1757162304.8731327,0.09040045738220215
1757162304.7838647,1757162304.878596,0.09473133087158203
1757162305.0200176,1757162305.0759704,0.05595278739929199
1757162305.1013627,1757162305.1526089,0.05124616622924805
1757162305.294963,1757162305.361657,0.06669402122497559
1757162305.3033473,1757162305.3716533,0.06830596923828125
1757162305.5135627,1757162305.567722,0.05415940284729004
1757162305.5914466,1757162305.6425316,0.05108499526977539
1757162305.784828,1757162305.8469718,0.062143802642822266
1757162305.7950459,1757162305.8812222,0.08617639541625977
1757162306.0228395,1757162306.0918617,0.06902217864990234
1757162306.0741184,1757162306.1390164,0.06489801406860352
1757162306.2794359,1757162306.3343642,0.05492830276489258
1757162306.3235483,1757162306.377049,0.05350065231323242
1757162306.5179446,1757162306.5738087,0.05586409568786621
1757162306.5617948,1757162306.6799006,0.11810588836669922
1757162306.821671,1757162306.8782625,0.05659151077270508
1757162306.9152157,1757162306.9671357,0.05191993713378906
1757162307.1198895,1757162307.1740866,0.054197072982788086
1757162307.2170162,1757162307.2711496,0.05413341522216797
1757162307.4193254,1757162307.475771,0.05644559860229492
1757162307.51371,1757162307.5653145,0.051604509353637695
1757162307.7144365,1757162307.8047729,0.09033632278442383
1757162307.7144594,1757162307.80763,0.0931706428527832
1757162307.949454,1757162308.0060103,0.05655622482299805
1757162308.0327053,1757162308.0879357,0.05523037910461426
1757162308.2350006,1757162308.3186903,0.08368968963623047
1757162308.235005,1757162308.3190608,0.08405590057373047
1757162308.4645567,1757162308.5210097,0.05645298957824707
1757162308.5495808,1757162308.6007798,0.05119895935058594
1757162308.7495549,1757162308.8164732,0.06691837310791016
1757162308.746748,1757162308.826743,0.07999491691589355
1757162308.9675624,1757162309.0277011,0.060138702392578125
1757162309.0440085,1757162309.0990524,0.055043935775756836
1757162309.2422845,1757162309.3021317,0.059847116470336914
1757162309.2588973,1757162309.321732,0.0628347396850586
1757162309.4640577,1757162309.5190117,0.05495405197143555
1757162309.5323853,1757162309.5877,0.05531454086303711
1757162309.7400024,1757162309.810536,0.07053351402282715
1757162309.7474263,1757162309.8133228,0.06589651107788086
1757162309.9549775,1757162310.0097787,0.054801225662231445
1757162310.037897,1757162310.0919456,0.05404853820800781
1757162310.2369676,1757162310.3112361,0.07426857948303223
1757162310.2356653,1757162310.3700542,0.13438892364501953
1757162310.5208633,1757162310.590519,0.0696556568145752
1757162310.5406623,1757162310.6220026,0.08134031295776367
1757162310.7662535,1757162310.829238,0.06298446655273438
1757162310.8196359,1757162310.877471,0.05783510208129883
1757162311.0217674,1757162311.077452,0.055684566497802734
1757162311.061638,1757162311.1348062,0.07316803932189941
1757162311.2838576,1757162311.34421,0.060352325439453125
1757162311.3090084,1757162311.370839,0.061830759048461914
1757162311.512662,1757162311.5678551,0.055193185806274414
1757162311.5755637,1757162311.6295838,0.05402016639709473
1757162311.7769544,1757162311.835017,0.05806255340576172
1757162311.7952812,1757162311.8561196,0.06083846092224121
1757162311.9975922,1757162312.0517547,0.05416250228881836
1757162312.0644782,1757162312.1192775,0.05479931831359863
1757162312.2658348,1757162312.3248107,0.058975934982299805
1757162312.2793407,1757162312.3422472,0.06290650367736816
1757162312.4904718,1757162312.5449202,0.05444836616516113
1757162312.5537078,1757162312.6076615,0.05395364761352539
1757162312.7500327,1757162312.8150132,0.06498050689697266
1757162312.7724607,1757162312.8385727,0.06611204147338867
1757162312.9816628,1757162313.0367384,0.055075645446777344
1757162313.0462527,1757162313.0987277,0.0524749755859375
1757162313.2468202,1757162313.3273249,0.0805046558380127
1757162313.265951,1757162313.3445327,0.0785818099975586
1757162313.493475,1757162313.5505056,0.057030677795410156
1757162313.5546992,1757162313.6080694,0.05337023735046387
1757162313.751225,1757162313.8120086,0.06078362464904785
1757162313.7795527,1757162313.8438408,0.06428813934326172
1757162313.9863977,1757162314.0416102,0.05521249771118164
1757162314.0393186,1757162314.0944588,0.05514025688171387
1757162314.240911,1757162314.29715,0.05623888969421387
1757162314.2724552,1757162314.3348076,0.06235241889953613
1757162314.481034,1757162314.5347128,0.05367875099182129
1757162314.5278106,1757162314.58506,0.05724930763244629
1757162314.7285924,1757162314.815591,0.08699870109558105
1757162314.7641904,1757162314.8265846,0.062394142150878906
1757162314.968079,1757162315.0284677,0.06038856506347656
1757162315.044408,1757162315.1113653,0.06695723533630371
1757162315.2576175,1757162315.3253324,0.06771492958068848
1757162315.2569928,1757162315.327171,0.07017827033996582
1757162315.46893,1757162315.5228212,0.05389118194580078
1757169138.0332353,1757169138.1663835,0.133148193359375
1757169139.108244,1757169139.1861095,0.0778656005859375
1757169139.9753911,1757169140.0471795,0.07178831100463867
1757169140.2764988,1757169140.3525648,0.0760660171508789
1757169140.4938867,1757169140.5612097,0.06732296943664551
1757169140.7892907,1757169140.8687825,0.07949185371398926
1757169141.0106862,1757169141.0754747,0.0647885799407959
1757169141.3035157,1757169141.3847337,0.08121800422668457
1757169381.145978,1757169381.2268858,0.08090782165527344
1757169382.1959803,1757169382.2930703,0.09709000587463379
1757169383.108439,1757169383.193156,0.0847170352935791
1757169383.4244418,1757169383.4883804,0.06393861770629883
1757169383.6312988,1757169383.7005827,0.06928396224975586
1757169383.932093,1757169383.9973676,0.06527471542358398
1757169384.1441286,1757169384.2306073,0.08647871017456055
1757169384.4615772,1757169384.5284748,0.06689763069152832
1757169384.6721635,1757169384.7479978,0.07583427429199219
1757169384.9823134,1757169385.050544,0.06823062896728516
1757169385.1945875,1757169385.2604845,0.06589698791503906
1757169385.4903533,1757169385.5580692,0.06771588325500488
1757169385.7000737,1757169385.7641773,0.06410360336303711
1757169385.9922104,1757169386.0626495,0.07043910026550293
1757169386.2045212,1757169386.2601767,0.055655479431152344
1757169386.5977356,1757169386.6514537,0.05371809005737305
1757169386.799471,1757169386.8658893,0.06641840934753418
1757169387.096001,1757169387.1515656,0.05556464195251465
1757169387.2955503,1757169387.3581493,0.06259894371032715
1757169387.5857973,1757169387.6438432,0.05804586410522461
1757169387.7853875,1757169387.8412852,0.05589771270751953
1757169388.0688276,1757169388.1499429,0.0811152458190918
1757169388.292773,1757169388.3487144,0.05594134330749512
1757169388.5854316,1757169388.6750944,0.08966279029846191
1757169388.9027064,1757169388.9846215,0.08191514015197754
1757169389.1324027,1757169389.2179282,0.0855255126953125
1757169389.447796,1757169389.49934,0.0515439510345459
1757169389.6457784,1757169389.7157192,0.06994080543518066
1757169389.9457345,1757169390.0010777,0.0553431510925293
1757169390.1455967,1757169390.201223,0.05562615394592285
1757169390.4289358,1757169390.4997616,0.07082581520080566
1757169390.7271824,1757169390.784047,0.05686450004577637
1757169390.9266562,1757169390.986937,0.060280799865722656
1757169391.2149582,1757169391.279652,0.06469392776489258
1757169391.4246757,1757169391.481115,0.05643939971923828
1757169391.7113497,1757169391.7819972,0.0706474781036377
1757169391.9236887,1757169391.978881,0.05519223213195801
1757169392.2137632,1757169392.3005903,0.08682703971862793
1757169392.44236,1757169392.4963608,0.0540008544921875
1757169392.7311475,1757169392.871936,0.14078855514526367
1757169393.0198934,1757169393.0777414,0.05784797668457031
1757169393.3072264,1757169393.3623164,0.05508995056152344
1757169393.512871,1757169393.56937,0.05649900436401367
1757169393.8012297,1757169393.8724604,0.07123064994812012
1757169394.0184746,1757169394.0722835,0.05380892753601074
1757169394.3005419,1757169394.385264,0.08472204208374023
1757169394.6142309,1757169394.6773372,0.06310629844665527
1757169394.8189955,1757169394.8822453,0.06324982643127441
1757169395.1100042,1757169395.1756544,0.06565022468566895
1757169395.321764,1757169395.378236,0.056472063064575195
1757169395.6057086,1757169395.6906676,0.08495903015136719
1757169395.9220665,1757169395.9744651,0.052398681640625
1757169396.122662,1757169396.1819043,0.05924224853515625
1757169396.4094682,1757169396.478332,0.0688638687133789
1757169396.6283948,1757169396.682837,0.05444216728210449
1757169396.9109402,1757169396.9894614,0.0785212516784668
1757169397.1322813,1757169397.188594,0.05631279945373535
1757169397.5276499,1757169397.5808003,0.05315041542053223
1757169397.7297235,1757169397.8116875,0.08196401596069336
1757169398.0393772,1757169398.0919917,0.052614450454711914
1757169398.2411747,1757169398.3060005,0.06482577323913574
1757169398.5348694,1757169398.5933506,0.05848121643066406
1757169398.735971,1757169398.7895994,0.05362844467163086
1757169399.018143,1757169399.0805433,0.06240034103393555
1757169399.2371578,1757169399.290984,0.053826093673706055
1757169399.5186841,1757169399.5817003,0.06301617622375488
1757169399.8095138,1757169399.8770983,0.06758451461791992
1757169400.019346,1757169400.0775554,0.05820941925048828
1757169400.4163246,1757169400.4711199,0.054795265197753906
1757169400.6178062,1757169400.6833384,0.06553220748901367
1757169400.9136438,1757169400.972242,0.05859827995300293
1757169401.1303928,1757169401.2628472,0.13245439529418945
1757169401.409968,1757169401.4669242,0.05695629119873047
1757169401.69444,1757169401.7589514,0.06451153755187988
1757169401.9919367,1757169402.0447516,0.05281496047973633
1757169402.1969728,1757169402.2586007,0.061627864837646484
1757169402.4883347,1757169402.5455215,0.05718684196472168
1757169402.6875312,1757169402.7416031,0.054071903228759766
1757169402.9730191,1757169403.0503483,0.07732915878295898
1757169403.1946685,1757169403.261449,0.06678056716918945
1757169403.4895244,1757169403.5617466,0.07222223281860352
1757169403.7059178,1757169403.7606094,0.05469155311584473
1757169403.98888,1757169404.0720625,0.08318257331848145
1757169404.2999606,1757169404.3507469,0.05078625679016113
1757169404.4921575,1757169404.5711756,0.07901811599731445
1757169404.8012376,1757169404.8579357,0.05669808387756348
1757169405.001964,1757169405.0585144,0.05655026435852051
1757169405.2867336,1757169405.3528256,0.06609201431274414
1757169405.5835962,1757169405.6365478,0.05295157432556152
1757169405.7797508,1757169405.8447986,0.0650477409362793
1757169406.0735762,1757169406.1352918,0.06171560287475586
1757169406.2769752,1757169406.3338552,0.05687999725341797
1757169406.5610764,1757169406.6516733,0.09059691429138184
1757169406.7945526,1757169406.850326,0.05577349662780762
1757169407.1889112,1757169407.2563121,0.06740093231201172
1757169407.4039574,1757169407.458857,0.05489969253540039
1757169407.7965379,1757169407.8493083,0.052770376205444336
1757169407.9960663,1757169408.06138,0.06531357765197754
1757169408.289644,1757169408.3558302,0.06618618965148926
1757169408.583474,1757169408.6382086,0.05473470687866211
1757169408.7856333,1757169408.8512306,0.0655972957611084
1757169409.0790846,1757169409.144046,0.06496143341064453
1757169409.288346,1757169409.356628,0.06828188896179199
1757169409.58408,1757169409.6564665,0.07238650321960449
1757169409.8023977,1757169409.8741672,0.07176947593688965
1757169410.1025982,1757169410.1720846,0.06948637962341309
1757169410.314613,1757169410.3725543,0.05794119834899902
1757169410.7106018,1757169410.7636554,0.05305361747741699
1757169410.908239,1757169410.9946003,0.08636140823364258
1757169411.2239542,1757169411.2812743,0.05732011795043945
1757169411.4297345,1757169411.4885728,0.0588383674621582
1757169411.7166405,1757169411.777338,0.06069755554199219
1757169411.9192753,1757169412.061023,0.14174771308898926
1757169412.2033393,1757169412.283286,0.07994675636291504
1757169412.5135255,1757169412.5672593,0.05373382568359375
1757169412.7167542,1757169412.7892268,0.07247257232666016
1757169413.0177374,1757169413.0770512,0.05931377410888672
1757169413.222829,1757169413.2799995,0.05717039108276367
1757169413.5078084,1757169413.5731227,0.06531429290771484
1757169413.7141602,1757169413.7670228,0.05286264419555664
1757169414.1050105,1757169414.156678,0.05166745185852051
1757169414.302245,1757169414.376569,0.07432413101196289
1757169414.6058266,1757169414.6634164,0.05758976936340332
1757169414.8063095,1757169414.8858829,0.07957339286804199
1757169415.1313884,1757169415.1915824,0.06019401550292969
1757169415.3365092,1757169415.3939416,0.05743241310119629
1757169415.621615,1757169415.6907454,0.06913042068481445
1757169415.8367248,1757169415.8925095,0.05578470230102539
1757169416.12145,1757169416.208885,0.08743500709533691
1757169416.4367867,1757169416.4910913,0.05430459976196289
1757169416.6324017,1757169416.6902199,0.05781817436218262
1757169416.9177947,1757169417.0031319,0.08533716201782227
1757169417.231001,1757169417.2857475,0.05474662780761719
1757169417.4337552,1757169417.5162723,0.08251714706420898
1757169417.7444842,1757169417.8078697,0.0633854866027832
1757169417.950079,1757169418.0066633,0.05658435821533203
1757169418.234249,1757169418.3062687,0.07201957702636719
1757169418.5342667,1757169418.5868113,0.052544593811035156
1757169418.7297544,1757169418.7895615,0.05980706214904785
1757169419.1276956,1757169419.1805985,0.052902936935424805
1757169419.3293684,1757169419.4077606,0.07839226722717285
1757169419.635922,1757169419.6891875,0.05326557159423828
1757169419.8311398,1757169419.902337,0.0711972713470459
1757169420.1317255,1757169420.2073958,0.07567024230957031
1757169420.3494666,1757169420.4042654,0.05479884147644043
1757169420.6416373,1757169420.7145298,0.07289242744445801
1757169420.9419851,1757169421.001211,0.05922579765319824
1757169421.1436355,1757169421.2019467,0.05831122398376465
1757169421.4296238,1757169421.5005755,0.07095170021057129
1757169421.6424696,1757169421.7615337,0.1190640926361084
1757169421.9913058,1757169422.0540943,0.06278848648071289
1757169422.198477,1757169422.2550116,0.056534528732299805
1757169422.4838088,1757169422.567611,0.0838022232055664
1757169422.799259,1757169422.852869,0.05361008644104004
1757169422.9990327,1757169423.062722,0.0636892318725586
1757169423.292546,1757169423.3492858,0.05673980712890625
1757169423.5067675,1757169423.581359,0.07459139823913574
1757169423.8144188,1757169423.8789053,0.06448650360107422
1757169424.0254323,1757169424.0808287,0.055396318435668945
1757169424.3083656,1757169424.3707633,0.06239771842956543
1757169424.5184484,1757169424.5724115,0.05396318435668945
1757169424.8015268,1757169424.8892176,0.08769083023071289
1757169425.0393305,1757169425.1229305,0.08360004425048828
1757169425.3518338,1757169425.4270048,0.07517099380493164
1757169425.584951,1757169425.6605694,0.07561850547790527
1757169425.8907323,1757169425.9602432,0.06951093673706055
1757169426.110303,1757169426.186959,0.07665610313415527
1757169426.417029,1757169426.4808967,0.06386780738830566
1757169426.6233354,1757169426.6807277,0.05739235877990723
1757169426.9125817,1757169426.9983406,0.08575892448425293
1757169427.1430204,1757169427.2174935,0.07447314262390137
1757169427.4465086,1757169427.5142963,0.06778764724731445
1757169427.6561518,1757169427.71019,0.054038286209106445
1757169427.9378471,1757169428.018563,0.08071589469909668
1757169428.2466247,1757169428.298928,0.052303314208984375
1757169428.4472952,1757169428.514037,0.0667417049407959
1757169428.8525088,1757169428.9039388,0.05142998695373535
1757169429.0547848,1757169429.1353214,0.0805366039276123
1757169429.3640547,1757169429.4200487,0.05599403381347656
1757169429.5626504,1757169429.6179495,0.05529904365539551
1757169429.8471732,1757169429.9148316,0.0676584243774414
1757169430.0573008,1757169430.1142807,0.05697989463806152
1757169430.349881,1757169430.4423661,0.09248518943786621
1757169430.6713772,1757169430.727555,0.05617785453796387
1757169430.874005,1757169430.930458,0.05645298957824707
1757169431.1581633,1757169431.2285092,0.07034587860107422
1757169431.3754826,1757169431.4349747,0.05949211120605469
1757169431.6664882,1757169431.7241874,0.05769920349121094
1757169431.8682976,1757169431.9234614,0.05516386032104492
1757169432.1511185,1757169432.238021,0.08690237998962402
1757169432.3854861,1757169432.5462677,0.1607816219329834
1757169432.776913,1757169432.8457575,0.06884455680847168
1757169432.992419,1757169433.0534656,0.061046600341796875
1757169433.2816556,1757169433.3768444,0.09518885612487793
1757169433.520739,1757169433.5796556,0.058916568756103516
1757169433.8116243,1757169433.8969288,0.08530449867248535
1757169434.1247673,1757169434.1779122,0.05314493179321289
1757169434.3205693,1757169434.3832483,0.06267905235290527
1757169434.6115541,1757169434.6839228,0.07236862182617188
1757169434.8311777,1757169434.9036572,0.0724794864654541
1757169435.1311734,1757169435.2036576,0.07248425483703613
1757169435.3478277,1757169435.4026334,0.054805755615234375
1757169435.6343622,1757169435.723326,0.08896374702453613
1757169435.9507442,1757169436.0043087,0.05356454849243164
1757169436.14824,1757169436.221666,0.0734260082244873
1757169436.45427,1757169436.5118413,0.0575714111328125
1757169436.6547647,1757169436.7118502,0.057085514068603516
1757169436.9396822,1757169437.0031493,0.06346702575683594
1757169437.1449704,1757169437.2005153,0.05554485321044922
1757169437.4343145,1757169437.5308452,0.09653067588806152
1757169437.691963,1757169437.747264,0.05530095100402832
1757169437.9757903,1757169438.0462165,0.07042622566223145
1757169438.2737343,1757169438.328028,0.05429363250732422
1757169438.4699273,1757169438.535146,0.06521868705749512
1757169438.767189,1757169438.8394964,0.07230734825134277
1757169438.9873378,1757169439.045792,0.058454275131225586
1757169439.2739363,1757169439.3321931,0.05825686454772949
1757169439.5600498,1757169439.6239238,0.0638740062713623
1757169439.7657223,1757169439.8224385,0.056716203689575195
1757169874.1419673,1757169874.2059586,0.06399130821228027
1757169874.4474936,1757169874.5177617,0.07026815414428711
1757169875.1921203,1757169875.2579834,0.06586313247680664
1757169875.4172468,1757169875.5080056,0.0907588005065918
1757169876.2914724,1757169876.358825,0.0673525333404541
1757169876.5277052,1757169876.633247,0.10554170608520508
1757169877.3326163,1757169877.4076455,0.07502913475036621
1757169877.5641766,1757169877.6277516,0.06357502937316895
1757169878.4290264,1757169878.4947636,0.06573724746704102
1757169878.5560186,1757169878.6213613,0.06534266471862793
1757169879.3669257,1757169879.4335287,0.06660294532775879
1757169879.651259,1757169879.7166817,0.06542277336120605
1757169880.437771,1757169880.5043738,0.06660270690917969
1757169880.6602013,1757169880.7263675,0.06616616249084473
1757169881.4949994,1757169881.5610182,0.06601881980895996
1757169881.746283,1757169881.8136766,0.06739354133605957
1757169882.550812,1757169882.6169806,0.06616854667663574
1757169882.7729964,1757169882.8384073,0.06541085243225098
1757169883.60972,1757169883.674137,0.06441712379455566
1757169883.8570056,1757169883.9248223,0.06781673431396484
1757169884.6670375,1757169884.7341793,0.06714177131652832
1757169884.9566267,1757169885.0274527,0.07082605361938477
1757169885.732467,1757169885.79903,0.06656312942504883
1757169885.948273,1757169886.0286713,0.0803983211517334
1757169885.9482384,1757169886.0375488,0.0893104076385498
1757169886.1801496,1757169886.2351935,0.055043935775756836
1757169886.2573829,1757169886.3188112,0.06142830848693848
1757169886.4689956,1757169886.5330954,0.06409978866577148
1757169886.4693086,1757169886.553031,0.08372235298156738
1757169886.7003021,1757169886.765573,0.06527090072631836
1757169886.7614386,1757169886.8132286,0.05178999900817871
1757169886.955761,1757169887.0187547,0.06299376487731934
1757169886.9958696,1757169887.0617516,0.06588196754455566
1757169887.2047205,1757169887.2716331,0.06691265106201172
1757169887.246218,1757169887.3075912,0.061373233795166016
1757169887.451852,1757169887.5086036,0.05675148963928223
1757169887.5005803,1757169887.5628119,0.06223154067993164
1757169887.708551,1757169887.7764933,0.06794238090515137
1757169887.736054,1757169887.7998369,0.06378293037414551
1757169887.9456625,1757169888.016666,0.07100343704223633
1757169888.0068352,1757169888.072419,0.06558370590209961
1757169888.2283413,1757169888.3021922,0.07385087013244629
1757169888.2483048,1757169888.3200428,0.07173800468444824
1757169888.4641666,1757169888.5198212,0.05565452575683594
1757169888.5338743,1757169888.6499214,0.11604714393615723
1757169888.792585,1757169888.8559034,0.06331849098205566
1757169888.8574848,1757169888.912099,0.05461406707763672
1757169889.0607827,1757169889.122327,0.06154441833496094
1757169889.0880542,1757169889.1637375,0.0756833553314209
1757169889.3112986,1757169889.3776994,0.06640076637268066
1757169889.3544056,1757169889.4114587,0.0570530891418457
1757169889.5541112,1757169889.6103764,0.05626511573791504
1757169889.6110034,1757169889.6747692,0.0637657642364502
1757169889.8177645,1757169889.888972,0.07120752334594727
1757169889.8377876,1757169889.9114187,0.07363104820251465
1757169890.0542903,1757169890.1053166,0.051026344299316406
1757169890.1219149,1757169890.1864727,0.06455779075622559
1757169890.3318455,1757169890.4150915,0.08324599266052246
1757169890.3325858,1757169890.417034,0.08444809913635254
1757169890.5582733,1757169890.6120076,0.05373430252075195
1757169890.6433408,1757169890.7033632,0.06002235412597656
1757169890.8452346,1757169890.9294753,0.08424067497253418
1757169890.845509,1757169890.9386582,0.09314918518066406
1757169891.0810575,1757169891.1449103,0.06385278701782227
1757169891.160714,1757169891.2119153,0.05120134353637695
1757169891.3534992,1757169891.4304478,0.07694864273071289
1757169891.3730555,1757169891.4563315,0.08327603340148926
1757169891.600954,1757169891.659915,0.058960914611816406
1757169891.6578493,1757169891.7105756,0.05272626876831055
1757169891.851622,1757169891.9061594,0.054537296295166016
1757169891.8890224,1757169891.954011,0.06498861312866211
1757169892.0962803,1757169892.153134,0.0568537712097168
1757169892.13354,1757169892.1910207,0.057480812072753906
1757169892.3360114,1757169892.3951163,0.05910491943359375
1757169892.3808722,1757169892.4536507,0.07277846336364746
1757169892.6040604,1757169892.666222,0.06216168403625488
1757169892.622615,1757169892.696433,0.07381796836853027
1757169892.8411121,1757169892.9132836,0.07217144966125488
1757169892.894838,1757169892.9519844,0.057146310806274414
1757169893.0976276,1757169893.1615646,0.06393694877624512
1757169893.1420681,1757169893.2578104,0.11574220657348633
1757169893.406139,1757169893.4590015,0.05286264419555664
1757169893.499478,1757169893.553827,0.05434894561767578
1757169893.7005942,1757169893.7578306,0.057236433029174805
1757169893.7976649,1757169893.8737783,0.07611346244812012
1757169894.019286,1757169894.074646,0.05536007881164551
1757169894.0956254,1757169894.1497447,0.05411934852600098
1757169894.2982094,1757169894.3826041,0.08439469337463379
1757169894.3020148,1757169894.4175177,0.11550283432006836
1757169894.5655603,1757169894.6244571,0.058896780014038086
1757169894.6112375,1757169894.6658888,0.05465126037597656
1757169894.80786,1757169894.8655922,0.057732343673706055
1757169894.852036,1757169894.9207547,0.06871867179870605
1757169895.0632703,1757169895.1228638,0.05959343910217285
1757169895.0932832,1757169895.1621442,0.06886100769042969
1757169895.3083408,1757169895.3638754,0.05553460121154785
1757169895.3551068,1757169895.4254782,0.07037138938903809
1757169895.573455,1757169895.634918,0.0614628791809082
1757169895.5914078,1757169895.6556134,0.06420564651489258
1757169895.7983057,1757169895.851986,0.0536801815032959
1757169895.8661346,1757169895.9188995,0.052764892578125
1757169896.0704901,1757169896.1361058,0.06561565399169922
1757169896.0793104,1757169896.1489406,0.06963014602661133
1757169896.2904034,1757169896.342785,0.05238151550292969
1757169896.3661978,1757169896.417517,0.051319122314453125
1757169896.5633106,1757169896.632848,0.06953740119934082
1757169896.57003,1757169896.6379857,0.06795573234558105
1757169896.7799563,1757169896.8356912,0.055734872817993164
1757169896.8618414,1757169896.9137433,0.051901817321777344
1757169897.0633872,1757169897.130791,0.06740379333496094
1757169897.0604014,1757169897.1328228,0.07242131233215332
1757169897.2747853,1757169897.3287613,0.05397605895996094
1757169897.35889,1757169897.4138238,0.054933786392211914
1757169897.5614626,1757169897.6307383,0.0692756175994873
1757169897.561712,1757169897.6351793,0.07346725463867188
1757169897.7771127,1757169897.83091,0.053797245025634766
1757169897.857994,1757169897.922118,0.06412386894226074
1757169898.06469,1757169898.147648,0.08295798301696777
1757169898.0642715,1757169898.1496696,0.08539819717407227
1757169898.2919385,1757169898.3484492,0.05651068687438965
1757169898.3752913,1757169898.4285257,0.05323433876037598
1757169898.5776312,1757169898.6601074,0.08247613906860352
1757169898.574498,1757169898.6618228,0.08732485771179199
1757169898.810461,1757169898.865188,0.05472683906555176
1757169898.8910215,1757169898.943398,0.052376508712768555
1757169899.09365,1757169899.170069,0.07641887664794922
1757169899.084643,1757169899.2085414,0.12389850616455078
1757169899.3501036,1757169899.4077313,0.05762767791748047
1757169899.398765,1757169899.4537559,0.05499076843261719
1757169899.5955834,1757169899.6521282,0.05654478073120117
1757169899.635281,1757169899.7002723,0.06499123573303223
1757169899.8437722,1757169899.898659,0.054886817932128906
1757169899.8795292,1757169899.9442284,0.06469917297363281
1757169900.0984716,1757169900.1604302,0.06195855140686035
1757169900.1308482,1757169900.2062216,0.07537341117858887
1757169900.3509607,1757169900.4150374,0.06407666206359863
1757169900.388,1757169900.4578474,0.06984734535217285
1757169900.605058,1757169900.6782455,0.07318758964538574
1757169900.6427217,1757169900.7010584,0.058336734771728516
1757169900.8433907,1757169900.8999739,0.05658316612243652
1757169900.90716,1757169900.967535,0.06037497520446777
1757169901.1091847,1757169901.1668835,0.057698726654052734
1757169901.1278553,1757169901.1907203,0.06286501884460449
1757169901.3329036,1757169901.3858137,0.05291008949279785
1757169901.3941975,1757169901.4471898,0.05299234390258789
1757169901.595681,1757169901.66424,0.06855893135070801
1757169901.6145887,1757169901.6772444,0.06265568733215332
1757169901.8229132,1757169901.8785,0.055586814880371094
1757169901.8949583,1757169901.9454596,0.050501346588134766
1757169902.0876355,1757169902.1451166,0.05748105049133301
1757169902.1056979,1757169902.1689725,0.06327462196350098
1757169902.3102367,1757169902.3675346,0.05729794502258301
1757169902.3726017,1757169902.4759855,0.10338377952575684
1757169902.6252828,1757169902.7338703,0.10858750343322754
1757169902.7051353,1757169902.7646313,0.05949592590332031
1757169902.906469,1757169902.9592311,0.05276203155517578
1757169902.9657817,1757169903.0177736,0.051991939544677734
1757169903.1602957,1757169903.2154043,0.05510854721069336
1757169903.1893692,1757169903.2516007,0.06223154067993164
1757169903.3936007,1757169903.450959,0.0573582649230957
1757169903.4432387,1757169903.497815,0.05457615852355957
1757169903.6390383,1757169903.698452,0.05941367149353027
1757169903.6825652,1757169903.7404966,0.05793142318725586
1757169903.8850296,1757169903.9431698,0.05814027786254883
1757169903.927228,1757169903.982469,0.05524110794067383
1757169904.1242905,1757169904.17902,0.054729461669921875
1757169904.1707206,1757169904.2257688,0.055048227310180664
1757169904.3675668,1757169904.4235976,0.0560307502746582
1757169904.4063637,1757169904.464171,0.057807207107543945
1757169904.6089125,1757169904.6631782,0.054265737533569336
1757169904.6526058,1757169904.7073307,0.054724931716918945
1757169904.8548396,1757169904.9103963,0.0555567741394043
1757169904.890571,1757169904.949117,0.058545827865600586
1757169905.0914826,1757169905.1454115,0.05392885208129883
1757169905.142601,1757169905.193911,0.051310062408447266
1757169905.3420045,1757169905.3970242,0.05501961708068848
1757169905.3731036,1757169905.4366748,0.06357121467590332
1757169905.5848343,1757169905.6402297,0.05539536476135254
1757169905.6291325,1757169905.684742,0.05560946464538574
1757169905.8296146,1757169905.8915412,0.06192660331726074
1757169905.8716269,1757169905.9477644,0.07613754272460938
1757169906.0947926,1757169906.153254,0.05846142768859863
1757169906.1192613,1757169906.1882052,0.06894397735595703
1757169906.3299286,1757169906.3844097,0.05448102951049805
1757169906.3851519,1757169906.4384038,0.05325198173522949
1757169906.5813887,1757169906.6429675,0.06157875061035156
1757169906.613424,1757169906.6811996,0.06777548789978027
1757169906.8267457,1757169906.8806813,0.05393552780151367
1757169906.8766,1757169906.9325514,0.05595135688781738
1757169907.0840337,1757169907.1485546,0.06452083587646484
1757169907.1118715,1757169907.234715,0.12284350395202637
1757169907.380692,1757169907.444576,0.06388401985168457
1757169907.3811088,1757169907.4519885,0.07087969779968262
1757169907.596653,1757169907.6507707,0.054117679595947266
1757169907.6718853,1757169907.7264423,0.054557085037231445
1757169907.8702013,1757169907.9521067,0.08190536499023438
1757169907.8802214,1757169907.961332,0.08111071586608887
1757169908.1029782,1757169908.1571743,0.05419611930847168
1757169908.1819496,1757169908.2344916,0.05254197120666504
1757169908.3772652,1757169908.455227,0.07796168327331543
1757169908.3844483,1757169908.4626842,0.07823586463928223
1757169908.6066697,1757169908.6606367,0.05396699905395508
1757169908.6832368,1757169908.7353792,0.05214238166809082
1757169908.8774655,1757169908.9422204,0.06475496292114258
1757169908.8897047,1757169908.958097,0.06839227676391602
1757169909.1046808,1757169909.1572263,0.05254554748535156
1757169909.171599,1757169909.223478,0.051879167556762695
1757169909.372467,1757169909.430288,0.057821035385131836
1757169909.3845496,1757169909.4492872,0.06473755836486816
1757169909.5936837,1757169909.6456475,0.05196380615234375
1757169909.6636102,1757169909.7158513,0.05224108695983887
1757169909.8574328,1757169909.9258077,0.0683748722076416
1757169909.8730037,1757169909.9421728,0.0691690444946289
1757169910.0841196,1757169910.1388886,0.054769039154052734
1757169910.1573758,1757169910.2101512,0.05277538299560547
1757169910.3559103,1757169910.425485,0.06957459449768066
1757169910.3664558,1757169910.4325185,0.06606268882751465
1757169910.5736601,1757169910.6283467,0.054686546325683594
1757169910.6536453,1757169910.7074118,0.053766489028930664
1757169910.8519282,1757169910.9282353,0.07630705833435059
1757169910.8555622,1757169910.9290736,0.07351136207580566
1757169911.0741253,1757169911.1452475,0.0711221694946289
1757169911.1589677,1757169911.2114313,0.052463531494140625
1757169911.3635786,1757169911.4260142,0.06243562698364258
1757169911.3725429,1757169911.4554029,0.08285999298095703
1757169911.5994322,1757169911.6544771,0.05504488945007324
1757169911.6534584,1757169911.7066472,0.05318880081176758
1757169911.855466,1757169911.9168897,0.06142377853393555
1757169911.8830247,1757169911.966381,0.08335638046264648
1757169912.1125414,1757169912.1745718,0.06203031539916992
1757169912.1458766,1757169912.2049212,0.059044599533081055
1757169912.3470044,1757169912.4025471,0.055542707443237305
1757169912.4022677,1757169912.4545372,0.05226945877075195
1757169912.600497,1757169912.6625159,0.06201887130737305
1757169912.631619,1757169912.7435935,0.11197447776794434
1757169912.890768,1757169912.9577498,0.06698179244995117
1757169912.891122,1757169913.0067692,0.1156470775604248
1757169913.1619973,1757169913.2176323,0.05563497543334961
1757169913.1849778,1757169913.2462234,0.06124567985534668
1757169913.3901467,1757169913.444767,0.05462026596069336
1757169913.4455128,1757169913.4981499,0.05263710021972656
1757169913.638981,1757169913.6998553,0.060874223709106445
1757169913.6723483,1757169913.7334073,0.061058998107910156
1757169913.8786595,1757169913.9324088,0.05374932289123535
1757169913.9311955,1757169913.9864814,0.05528593063354492
1757169914.131898,1757169914.1909132,0.05901527404785156
1757169914.162336,1757169914.2221062,0.05977010726928711
1757169914.3680136,1757169914.4232407,0.055227041244506836
1757169914.418534,1757169914.4710193,0.05248522758483887
1757169914.617034,1757169914.687089,0.07005500793457031
1757169914.6529336,1757169914.7183511,0.06541752815246582
1757169914.869255,1757169914.9277024,0.05844736099243164
1757169914.9152236,1757169914.9715762,0.05635261535644531
1757169915.1179998,1757169915.173744,0.055744171142578125
1757169915.1591291,1757169915.2159863,0.05685710906982422
1757169915.3614893,1757169915.4183352,0.056845903396606445
1757169915.4014463,1757169915.4580882,0.05664181709289551
1757169915.607246,1757169915.663045,0.055799007415771484
1757169915.645707,1757169915.7020247,0.056317806243896484
1757169915.846733,1757169915.900945,0.05421185493469238
1757169915.894711,1757169915.9497297,0.05501866340637207
1757169916.0953045,1757169916.1596239,0.06431937217712402
1757169916.1295846,1757169916.1899204,0.06033587455749512
1757169916.3324096,1757169916.3863988,0.05398917198181152
1757169916.387114,1757169916.4437468,0.05663275718688965
1757169916.5937002,1757169916.6506968,0.05699658393859863
1757169916.6157482,1757169916.6753573,0.059609174728393555
1757169916.8205793,1757169916.8743634,0.05378413200378418
1757169916.87959,1757169916.9316192,0.05202913284301758
1757169917.0817964,1757169917.1472673,0.06547093391418457
1757169917.1019108,1757169917.1697202,0.0678093433380127
1757169917.311816,1757169917.4520183,0.14020228385925293
1757169917.3787718,1757169917.4583166,0.0795447826385498
1757169917.6042798,1757169917.6569927,0.05271291732788086
1757169917.6810045,1757169917.7312942,0.05028963088989258
1757169917.8760579,1757169917.9325438,0.056485891342163086
1757169917.8841877,1757169917.9668374,0.08264970779418945
1757169918.114293,1757169918.1885798,0.07428669929504395
1757169918.1600075,1757169918.2167366,0.05672907829284668
1757169918.3619168,1757169918.4140356,0.052118778228759766
1757169918.4160378,1757169918.4699593,0.05392146110534668
1757169918.612778,1757169918.6752932,0.0625152587890625
1757169918.6419277,1757169918.7031305,0.0612027645111084
1757169918.8467748,1757169918.901103,0.054328203201293945
1757169918.9026604,1757169918.9554086,0.05274820327758789
1757169919.096893,1757169919.1583633,0.06147027015686035
1757169919.128464,1757169919.1925213,0.0640573501586914
1757169919.336283,1757169919.3899932,0.053710222244262695
1757169919.3904488,1757169919.4436774,0.05322861671447754
1757169919.5848615,1757169919.6469004,0.06203889846801758
1757169919.6206205,1757169919.6921935,0.07157301902770996
1757169919.839967,1757169919.8944955,0.05452847480773926
1757169919.8759286,1757169919.9492784,0.0733497142791748
1757169920.0955806,1757169920.169525,0.0739443302154541
1757169920.1220663,1757169920.1809385,0.058872222900390625
1757169920.3328006,1757169920.3872786,0.05447793006896973
1757169920.3992124,1757169920.450603,0.051390647888183594
1757169920.5931134,1757169920.6503327,0.05721926689147949
1757169920.6161704,1757169920.6960173,0.07984685897827148
1757169920.8374977,1757169920.8973663,0.059868574142456055
1757169920.8776457,1757169920.9846005,0.10695481300354004
1757169921.1332073,1757169921.2275965,0.09438920021057129
1757169921.1328378,1757169921.2299888,0.09715104103088379
1757169921.37162,1757169921.426132,0.05451202392578125
1757169921.4550061,1757169921.5080326,0.053026437759399414
1757169921.654821,1757169921.723213,0.06839203834533691
1757169921.6548822,1757169921.7277355,0.07285332679748535
1757169921.8686838,1757169921.9504583,0.08177447319030762
1757169921.9510798,1757169922.051656,0.10057616233825684
1757169922.2020082,1757169922.2574718,0.055463552474975586
1757169922.2893324,1757169922.3504517,0.06111931800842285
1757169922.4987085,1757169922.5513449,0.05263638496398926
1757169922.595331,1757169922.6480024,0.05267143249511719
1757169922.7919347,1757169922.8457167,0.053781986236572266
1757169922.889257,1757169922.9452574,0.056000471115112305
1757169923.095929,1757169923.156656,0.06072711944580078
1757169923.1832983,1757169923.2410438,0.05774545669555664
1757169923.3899417,1757169923.4581773,0.06823563575744629
1757169923.390422,1757169923.4617145,0.07129240036010742
1757169923.6041896,1757169923.661384,0.05719447135925293
1757169923.6867177,1757169923.7431068,0.05638909339904785
1757169923.88632,1757169923.9441667,0.0578465461730957
1757169923.8927221,1757169923.964816,0.07209396362304688
1757169924.1070766,1757169924.1610918,0.054015159606933594
1757169924.173999,1757169924.2261102,0.052111148834228516
1757169924.3698375,1757169924.426584,0.056746482849121094
1757169924.3895388,1757169924.450572,0.06103324890136719
1757169924.5956926,1757169924.650452,0.05475926399230957
1757170173.117395,1757170173.2046964,0.08730149269104004
1757170174.1674378,1757170174.2421505,0.07471275329589844
1757170174.1699114,1757170174.2645917,0.0946803092956543
1757170175.2511554,1757170175.3281457,0.07699036598205566
1757170175.286311,1757170175.3809595,0.09464859962463379
1757170176.3155284,1757170176.4022179,0.08668947219848633
1757173036.640004,1757173036.7049153,0.0649113655090332
1757173037.6794791,1757173037.7434826,0.06400346755981445
1757173038.55059,1757173038.615228,0.06463789939880371
1757173038.8442008,1757173038.9430137,0.09881281852722168
1757173039.0870316,1757173039.2300358,0.1430041790008545
1757173039.46174,1757173039.5290549,0.06731486320495605
1757173039.6792328,1757173039.766012,0.08677911758422852
1757173039.9953353,1757173040.0583503,0.06301498413085938
1757173040.2085965,1757173040.2980635,0.08946704864501953
1757173040.4414768,1757173040.5087838,0.0673069953918457
1757173040.73804,1757173040.818616,0.08057594299316406
1757173041.0476408,1757173041.1020062,0.05436539649963379
1757173041.2449625,1757173041.3098114,0.0648488998413086
1757173041.5386946,1757173041.5935407,0.05484604835510254
1757173041.7370353,1757173041.7934442,0.05640888214111328
1757173042.0213792,1757173042.0934653,0.07208609580993652
1757173042.2362216,1757173042.3069606,0.0707390308380127
1757173042.5360103,1757173042.6002035,0.0641932487487793
1757173042.7423103,1757173042.8136902,0.0713798999786377
1757173043.0455291,1757173043.1291316,0.0836024284362793
1757173043.3604772,1757173043.411601,0.051123857498168945
1757173043.553076,1757173043.6266317,0.07355570793151855
1757173043.8585935,1757173043.9118452,0.05325174331665039
1757173044.0580733,1757173044.119631,0.061557769775390625
1757173044.459227,1757173044.5122333,0.05300617218017578
1757173044.6596553,1757173044.717007,0.05735158920288086
1757173044.9487991,1757173045.0032656,0.05446648597717285
1757173045.1448343,1757173045.2001674,0.05533313751220703
1757173045.4278216,1757173045.495706,0.06788444519042969
1757173045.7240887,1757173045.7761602,0.052071571350097656
1757173045.9169466,1757173045.9784615,0.061514854431152344
1757173046.2061942,1757173046.261236,0.05504179000854492
1757173046.4088635,1757173046.4633834,0.0545198917388916
1757173046.6912286,1757173046.7539957,0.06276702880859375
1757173046.8953252,1757173046.9500318,0.054706573486328125
1757173047.1774704,1757173047.2460067,0.06853628158569336
1757173047.4735513,1757173047.5345118,0.06096053123474121
1757173047.6776984,1757173047.7404397,0.06274127960205078
1757173047.9684942,1757173048.0340745,0.06558036804199219
1757173048.1804023,1757173048.2441173,0.06371498107910156
1757173048.471758,1757173048.5340772,0.062319278717041016
1757173048.6758459,1757173048.730045,0.05419921875
1757173048.9594018,1757173049.0277264,0.06832456588745117
1757173049.2555888,1757173049.3081434,0.05255460739135742
1757173049.451536,1757173049.5132964,0.06176042556762695
1757173049.743312,1757173049.866928,0.12361621856689453
1757173050.0096252,1757173050.074971,0.06534576416015625
1757173050.3049877,1757173050.3585773,0.053589582443237305
1757173050.5015886,1757173050.5556452,0.054056644439697266
1757173050.7877688,1757173050.8669305,0.0791616439819336
1757173051.0986505,1757173051.1512556,0.05260515213012695
1757173051.2937613,1757173051.357295,0.06353378295898438
1757173051.5897028,1757173051.6603024,0.07059955596923828
1757173051.801581,1757173051.8556995,0.05411863327026367
1757173052.0834808,1757173052.1532047,0.06972384452819824
1757173052.3825958,1757173052.4361014,0.053505659103393555
1757173052.584291,1757173052.6491446,0.06485366821289062
1757173052.8794448,1757173052.933727,0.054282188415527344
1757173053.0754247,1757173053.140091,0.0646662712097168
1757173053.368231,1757173053.4314299,0.06319880485534668
1757173053.5732965,1757173053.625251,0.05195450782775879
1757173053.8553724,1757173053.9269025,0.07153010368347168
1757173054.1546085,1757173054.2185147,0.06390619277954102
1757173054.360684,1757173054.416496,0.05581212043762207
1757173054.644457,1757173054.7097268,0.06526970863342285
1757173054.9374983,1757173055.004194,0.0666956901550293
1757173055.2316723,1757173055.2852793,0.05360698699951172
1757173055.427221,1757173055.489947,0.06272602081298828
1757173055.7176335,1757173055.79276,0.07512640953063965
1757173055.9358342,1757173056.0112152,0.07538104057312012
1757173056.2403624,1757173056.297978,0.05761551856994629
1757173056.440184,1757173056.497476,0.05729198455810547
1757173056.7253044,1757173056.7939932,0.06868886947631836
1757173056.9421933,1757173056.9979923,0.055799007415771484
1757173057.225714,1757173057.2949662,0.06925225257873535
1757173057.52504,1757173057.5774145,0.05237460136413574
1757173057.7187304,1757173057.7800531,0.061322689056396484
1757176420.1216834,1757176420.1874738,0.06579041481018066
1757176420.359117,1757176420.4538212,0.09470415115356445
1757176421.2105336,1757176421.279661,0.06912732124328613
1757176421.439053,1757176421.517169,0.07811594009399414
1757176422.2874358,1757176422.3544948,0.06705904006958008
1757176422.563676,1757176422.6468084,0.08313226699829102
1757176423.3415515,1757176423.4082963,0.06674480438232422
1757176423.5685287,1757176423.6374462,0.06891751289367676
1757176424.406876,1757176424.4747298,0.06785368919372559
1757176424.6866474,1757176424.7552571,0.06860971450805664
1757176425.4635587,1757176425.5326338,0.06907510757446289
1757176425.6822283,1757176425.7516227,0.06939435005187988
1757176426.5271816,1757176426.5936832,0.06650161743164062
1757176426.8106492,1757176426.9356198,0.12497067451477051
1757176427.5816514,1757176427.6470292,0.06537771224975586
1757176427.7920065,1757176427.8821054,0.09009885787963867
1757176428.641296,1757176428.7079647,0.06666874885559082
1757176428.860857,1757176428.9362311,0.07537412643432617
1757176429.7264504,1757176429.7932763,0.06682586669921875
1757176430.0162477,1757176430.0857415,0.06949377059936523
1757176430.785715,1757176430.8512378,0.06552267074584961
1757176431.0028217,1757176431.0718584,0.06903672218322754
1757176431.8472772,1757176431.9631922,0.11591506004333496
1757176432.122696,1757176432.1931295,0.0704336166381836
1757176432.9543164,1757176433.0562248,0.10190844535827637
1757176433.257708,1757176433.326768,0.06905984878540039
1757176434.0646648,1757176434.130032,0.06536722183227539
1757176434.2832031,1757176434.3524184,0.06921529769897461
1757176435.1283581,1757176435.1955962,0.06723809242248535
1757176435.4230475,1757176435.4965532,0.07350564002990723
1757176436.2082658,1757176436.2745967,0.0663309097290039
1757176436.4191504,1757176436.4863038,0.0671534538269043
1757176437.2601388,1757176437.326309,0.06617021560668945
1757176437.5210617,1757176437.5890908,0.06802916526794434
1757176438.3200119,1757176438.3863554,0.06634354591369629
1757176438.5398874,1757176438.6045926,0.06470513343811035
1757176439.3862026,1757176439.4522135,0.06601095199584961
1757176439.6603215,1757176439.7267005,0.06637907028198242
1757176440.4395509,1757176440.50787,0.06831908226013184
1757176440.659036,1757176440.726903,0.06786704063415527
1757176441.4982579,1757176441.5630627,0.0648047924041748
1757176441.7768302,1757176441.8436558,0.06682562828063965
1757176442.5388184,1757176442.6039507,0.06513237953186035
1757176442.7556944,1757176442.822626,0.06693172454833984
1757176443.5974643,1757176443.6638331,0.06636881828308105
1757176443.8115149,1757176443.8807092,0.06919431686401367
1757176444.6596882,1757176444.7271686,0.06748032569885254
1757176444.9468067,1757176445.0103335,0.06352686882019043
1757176445.6925092,1757176445.757309,0.06479978561401367
1757176445.908197,1757176445.9745052,0.06630825996398926
1757176446.7884712,1757176446.891291,0.10281968116760254
1757176447.1084712,1757176447.1718051,0.06333398818969727
1757176447.8894186,1757176447.9538908,0.06447219848632812
1757176448.1005967,1757176448.1655672,0.06497049331665039
1757176448.9450235,1757176449.011619,0.06659555435180664
1757176449.2210722,1757176449.2838323,0.0627601146697998
1757176450.0142705,1757176450.0794091,0.06513857841491699
1757176450.2255638,1757176450.31236,0.08679628372192383
1757176450.2257636,1757176450.3162303,0.09046673774719238
1757176450.4616117,1757176450.5318868,0.07027506828308105
1757176450.5424922,1757176450.605524,0.06303191184997559
1757176450.750793,1757176450.8179955,0.06720256805419922
1757176450.7605355,1757176450.8401768,0.07964134216308594
1757176450.9838343,1757176451.0524056,0.06857132911682129
1757176451.0462227,1757176451.1101916,0.06396889686584473
1757176451.2525992,1757176451.3199203,0.0673210620880127
1757176451.2860818,1757176451.379305,0.09322309494018555
1757176451.5483475,1757176451.6312184,0.0828709602355957
1757176451.528801,1757176451.647861,0.11906003952026367
1757176451.7914212,1757176451.8701005,0.07867932319641113
1757176451.859548,1757176451.9203398,0.060791730880737305
1757176452.065624,1757176452.122887,0.05726289749145508
1757176452.0987654,1757176452.1797743,0.0810089111328125
1757176452.323949,1757176452.3985548,0.07460570335388184
1757176452.350467,1757176452.4164946,0.06602764129638672
1757176452.5614932,1757176452.6184022,0.05690908432006836
1757176452.6306376,1757176452.694694,0.064056396484375
1757176452.853454,1757176452.9230814,0.06962728500366211
1757176452.852919,1757176452.9807785,0.12785935401916504
1757176453.125462,1757176453.1862261,0.06076407432556152
1757176453.1519935,1757176453.2496371,0.09764361381530762
1757176453.4161897,1757176453.4883208,0.07213115692138672
1757176453.3945212,1757176453.496757,0.10223579406738281
1757176453.6407762,1757176453.7069116,0.06613540649414062
1757176453.7160115,1757176453.7702165,0.05420494079589844
1757176453.9144776,1757176453.9834757,0.06899809837341309
1757176453.935705,1757176454.019745,0.08404016494750977
1757176454.1645079,1757176454.2292476,0.06473970413208008
1757176454.2161617,1757176454.2724752,0.056313514709472656
1757176454.4183142,1757176454.4774172,0.05910301208496094
1757176454.4579077,1757176454.5267036,0.06879591941833496
1757176454.6732306,1757176454.7524807,0.07925009727478027
1757176454.7065625,1757176454.7757852,0.06922268867492676
1757176454.923116,1757176454.9791026,0.055986642837524414
1757176454.981485,1757176455.0471241,0.06563925743103027
1757176455.1929908,1757176455.26962,0.0766291618347168
1757176455.2068274,1757176455.2717798,0.06495237350463867
1757176455.4150898,1757176455.4705653,0.055475473403930664
1757176455.4982257,1757176455.5621092,0.06388354301452637
1757176455.7127259,1757176455.780209,0.06748318672180176
1757176455.8090487,1757176455.863718,0.05466938018798828
1757176456.0126846,1757176456.0953748,0.08269023895263672
1757176456.012343,1757176456.1061282,0.09378528594970703
1757176456.2501922,1757176456.3581684,0.10797619819641113
1757176456.323797,1757176456.380569,0.05677199363708496
1757176456.524067,1757176456.5777416,0.05367469787597656
1757176456.592997,1757176456.6948838,0.10188674926757812
1757176456.845978,1757176456.9081075,0.06212949752807617
1757176456.917248,1757176456.9699805,0.05273246765136719
1757176457.1174488,1757176457.1800113,0.06256246566772461
1757176457.1391418,1757176457.2196736,0.08053183555603027
1757176457.3645983,1757176457.4348512,0.07025289535522461
1757176457.4124532,1757176457.482774,0.07032084465026855
1757176457.6309376,1757176457.703479,0.07254147529602051
1757176457.6654084,1757176457.7344813,0.06907296180725098
1757176457.8819494,1757176457.9508564,0.06890702247619629
1757176457.9319491,1757176457.9920323,0.06008315086364746
1757176458.1434999,1757176458.2020633,0.0585634708404541
1757176458.1839087,1757176458.2567985,0.07288980484008789
1757176458.4093776,1757176458.4749763,0.06559872627258301
1757176458.4313061,1757176458.503413,0.07210683822631836
1757176458.6461146,1757176458.700403,0.054288387298583984
1757176458.7088952,1757176458.7666001,0.057704925537109375
1757176458.9176784,1757176459.0004582,0.0827798843383789
1757176458.9295082,1757176459.0141773,0.08466911315917969
1757176459.158109,1757176459.210049,0.051939964294433594
1757176459.2325988,1757176459.2851977,0.05259895324707031
1757176459.429151,1757176459.5019255,0.07277441024780273
1757176459.4393327,1757176459.5049398,0.06560707092285156
1757176459.6477227,1757176459.700866,0.05314326286315918
1757176459.7304773,1757176459.800147,0.06966972351074219
1757176459.9462543,1757176460.0037227,0.057468414306640625
1757176460.038751,1757176460.0896943,0.05094337463378906
1757176460.2327256,1757176460.3155043,0.0827786922454834
1757176460.2327588,1757176460.3165035,0.08374476432800293
1757176460.4603257,1757176460.5462477,0.0859220027923584
1757176460.460337,1757176460.5462427,0.08590579032897949
1757176460.6931632,1757176460.7454703,0.05230712890625
1757176460.7736702,1757176460.8256147,0.05194449424743652
1757176460.9765174,1757176461.0586371,0.08211970329284668
1757176460.9769163,1757176461.0600662,0.08314990997314453
1757176461.2113485,1757176461.29029,0.07894158363342285
1757176461.2867172,1757176461.3432248,0.05650758743286133
1757176461.4877188,1757176461.5429003,0.05518150329589844
1757176461.518025,1757176461.594936,0.07691097259521484
1757176461.7438326,1757176461.8176665,0.07383394241333008
1757176461.7708204,1757176461.832032,0.061211585998535156
1757176461.9745057,1757176462.0313163,0.056810617446899414
1757176462.0478106,1757176462.0992086,0.05139803886413574
1757176462.2477145,1757176462.3134341,0.0657196044921875
1757176462.2590444,1757176462.3859649,0.12692046165466309
1757176462.5343785,1757176462.5899634,0.05558490753173828
1757176462.5414212,1757176462.6158757,0.07445454597473145
1757176462.7660112,1757176462.827703,0.0616917610168457
1757176462.8178363,1757176462.8715475,0.0537111759185791
1757176463.0152397,1757176463.0763223,0.06108260154724121
1757176463.0553918,1757176463.111384,0.05599212646484375
1757176463.253946,1757176463.3111978,0.057251691818237305
1757176463.3045182,1757176463.3726766,0.06815838813781738
1757176463.5228138,1757176463.595991,0.07317709922790527
1757176463.5401394,1757176463.6128414,0.07270193099975586
1757176463.7565331,1757176463.8106961,0.05416297912597656
1757176463.825414,1757176463.876553,0.051139116287231445
1757176464.024495,1757176464.1068628,0.0823678970336914
1757176464.0397995,1757176464.122551,0.08275151252746582
1757176464.2705746,1757176464.3247173,0.05414271354675293
1757176464.338023,1757176464.3886042,0.05058121681213379
1757176464.5326655,1757176464.6130588,0.08039331436157227
1757176464.552189,1757176464.6307197,0.07853055000305176
1757176464.7808115,1757176464.8967786,0.1159670352935791
1757176464.8450282,1757176464.90735,0.06232190132141113
1757176465.0544019,1757176465.10948,0.05507802963256836
1757176465.1246226,1757176465.1766806,0.05205798149108887
1757176465.3206031,1757176465.3945014,0.0738983154296875
1757176465.3372269,1757176465.411984,0.07475709915161133
1757176465.5562124,1757176465.6080756,0.05186319351196289
1757176465.6248736,1757176465.676675,0.051801443099975586
1757176465.8356745,1757176465.9176764,0.08200192451477051
1757176465.833206,1757176465.957812,0.12460613250732422
1757176466.1050127,1757176466.16186,0.056847333908081055
1757176466.1454618,1757176466.204168,0.05870628356933594
1757176466.3542109,1757176466.4112937,0.0570828914642334
1757176466.389737,1757176466.4495156,0.059778690338134766
1757176466.5960922,1757176466.6518974,0.055805206298828125
1757176466.6395524,1757176466.704443,0.06489062309265137
1757176466.8487482,1757176466.9040756,0.055327415466308594
1757176466.8813567,1757176466.9387236,0.05736684799194336
1757176467.0849771,1757176467.143005,0.05802774429321289
1757176467.1326005,1757176467.1882575,0.05565690994262695
1757176467.3364155,1757176467.3925977,0.056182146072387695
1757176467.3710358,1757176467.4282706,0.057234764099121094
1757176467.5749726,1757176467.630073,0.055100440979003906
1757176467.8579788,1757176467.924289,0.06631016731262207
1757176468.0499747,1757176468.1264646,0.07648992538452148
1757176468.2480292,1757176468.303659,0.055629730224609375
1757176468.423816,1757176468.4789543,0.055138349533081055
1757176468.5955198,1757176468.6504304,0.05491065979003906
1759846850.3314934,1759846850.4632187,0.13172531127929688
1759846851.363162,1759846851.4898407,0.1266787052154541
1759846852.3278337,1759846852.4841723,0.15633869171142578
1759846852.6025395,1759846852.7815616,0.17902207374572754
1759846852.817177,1759846852.9881117,0.17093467712402344
1759846853.1086392,1759846853.2413528,0.13271355628967285
1759846853.2770357,1759846853.4587946,0.18175888061523438
1759846853.5770524,1759846853.7495332,0.17248082160949707
1759846853.783572,1759846853.985371,0.2017991542816162
1759846854.1035898,1759846854.2313695,0.12777972221374512
1759846854.264273,1759846854.4666517,0.2023787498474121
1759846854.585192,1759846854.7392747,0.1540827751159668
1759846854.7807455,1759846854.9601107,0.1793651580810547
1759846855.0798113,1759846855.2350962,0.15528488159179688
1759846855.2735457,1759846855.4637878,0.19024205207824707
1759846855.5822046,1759846855.7201188,0.13791418075561523
1759846855.7560027,1759846855.9517403,0.19573760032653809
1759846855.9893565,1759846856.1731372,0.18378067016601562
1759846856.2926614,1759846856.437952,0.14529061317443848
1759846856.4706216,1759846856.6688988,0.19827723503112793
1759846856.7878659,1759846856.9231544,0.13528847694396973
1759846856.9567983,1759846857.1572363,0.2004380226135254
1759846857.2774076,1759846857.4046922,0.12728452682495117
1759846857.4377186,1759846857.6160047,0.17828607559204102
1759846857.7371285,1759846857.8641577,0.1270291805267334
1759846857.900302,1759846858.0857038,0.18540191650390625
1759846858.204655,1759846858.3311007,0.12644577026367188
1759846858.3764577,1759846858.551271,0.17481327056884766
1759846858.6701694,1759846858.8014538,0.13128447532653809
1759846858.8404524,1759846859.0328295,0.19237709045410156
1759846859.1577566,1759846859.3598988,0.20214223861694336
1759846859.3923829,1759846859.58075,0.18836712837219238
1759846859.699534,1759846859.8336253,0.13409137725830078
1759846859.8670466,1759846860.0717597,0.2047131061553955
1759846860.1901646,1759846860.33632,0.14615535736083984
1759846860.3747592,1759846860.5082567,0.1334974765777588
1759846860.631272,1759846860.7779467,0.14667463302612305
1759846860.8167815,1759846860.9957764,0.17899489402770996
1759846861.1141393,1759846861.2473128,0.13317346572875977
1759846861.2844806,1759846861.4828691,0.19838857650756836
1759846861.6014082,1759846861.7381036,0.13669538497924805
1759846861.7770376,1759846861.9557304,0.17869281768798828
1759846862.0767705,1759846862.2120402,0.1352696418762207
1759846862.2481413,1759846862.4406807,0.19253945350646973
1759846862.5595787,1759846862.7431583,0.183579683303833
1759846862.776604,1759846862.9590065,0.1824026107788086
1759846863.0779226,1759846863.2357287,0.1578061580657959
1759846863.2687967,1759846863.4740715,0.2052748203277588
1759846863.5939195,1759846863.7532954,0.15937590599060059
1759846863.7861505,1759846863.9852457,0.1990952491760254
1759846864.1037102,1759846864.240209,0.13649892807006836
1759846864.2734895,1759846864.4480968,0.1746072769165039
1759846864.5688236,1759846864.7048206,0.13599705696105957
1759846864.742479,1759846864.929755,0.18727588653564453
1759846865.0499072,1759846865.1842825,0.13437533378601074
1759846865.2225022,1759846865.3933868,0.1708846092224121
1759846865.51674,1759846865.648551,0.13181090354919434
1759846865.68685,1759846865.8478124,0.16096234321594238
1759846865.9770494,1759846866.154593,0.17754364013671875
1759846866.1881654,1759846866.3532455,0.16508007049560547
1759846866.4716606,1759846866.6015527,0.12989211082458496
1759846866.639838,1759846866.7820363,0.1421983242034912
1759846866.9003725,1759846867.0541255,0.15375304222106934
1759846867.1748607,1759846867.3053324,0.13047170639038086
1759846867.342661,1759846867.524203,0.18154215812683105
1759846867.6426392,1759846867.777587,0.1349477767944336
1759846867.8163989,1759846867.9580288,0.14162993431091309
1759846868.076377,1759846868.2431135,0.16673660278320312
1759846868.2762444,1759846868.406,0.12975549697875977
1759846868.5246074,1759846868.682339,0.1577315330505371
1759846868.8025107,1759846868.939614,0.13710331916809082
1759846868.9728036,1759846869.10604,0.13323640823364258
1759846869.224196,1759846869.4059799,0.18178391456604004
1759846869.4388833,1759846869.5736492,0.1347658634185791
1759846869.6924653,1759846869.8282702,0.1358048915863037
1759846869.8617413,1759846870.0153105,0.15356922149658203
1759846870.13723,1759846870.2781699,0.14093995094299316
1759846870.3157246,1759846870.452482,0.13675737380981445
1759846870.5749393,1759846870.7125933,0.13765406608581543
1759846870.7511854,1759846870.8972027,0.14601731300354004
1759846871.0155306,1759846871.146463,0.13093233108520508
1759846871.1855493,1759846871.3247519,0.13920259475708008
1759846871.4430912,1759846871.5828488,0.13975763320922852
1759846871.6174338,1759846871.7469356,0.1295018196105957
1759846871.8685474,1759846872.0229018,0.15435433387756348
1759846872.0612755,1759846872.2580447,0.19676923751831055
1759846872.3793828,1759846872.5131924,0.13380956649780273
1759846872.5473716,1759846872.686377,0.13900542259216309
1759846872.805123,1759846872.9391353,0.13401222229003906
1759846872.9738867,1759846873.117358,0.14347124099731445
1759846873.2367198,1759846873.373026,0.1363060474395752
1759846873.4085448,1759846873.5544133,0.14586853981018066
1759846873.6762419,1759846873.839906,0.1636641025543213
1759846873.873744,1759846874.03141,0.15766596794128418
1759846874.0665333,1759846874.1935356,0.12700223922729492
1759846874.3116515,1759846874.4544454,0.14279389381408691
1759846874.4969964,1759846874.6530132,0.15601682662963867
1759846874.771249,1759846874.9011555,0.12990641593933105
1759846874.933053,1759846875.0754917,0.14243865013122559
1759846875.1937788,1759846875.3932722,0.199493408203125
1759846875.43181,1759846875.5663326,0.1345226764678955
1759846875.6849697,1759846875.8287883,0.14381861686706543
1759846875.8624952,1759846876.0037956,0.14130043983459473
1759846876.1271384,1759846876.2595813,0.13244295120239258
1759846876.3068552,1759846876.450062,0.14320683479309082
1759846876.572182,1759846876.6989877,0.12680578231811523
1759846876.8184507,1759846876.9439156,0.12546491622924805
1759846876.97793,1759846877.115379,0.13744902610778809
1759846877.2347052,1759846877.3755643,0.14085912704467773
1759846877.4153206,1759846877.5644104,0.14908981323242188
1759846877.682902,1759846877.8376937,0.15479159355163574
1759848974.651582,1759848974.778412,0.1268301010131836
1759848975.6560686,1759848975.7805939,0.12452530860900879
1759848975.703972,1759848975.858599,0.15462684631347656
1759848976.7211635,1759848976.8633635,0.14219999313354492
1759848976.7415802,1759848976.8843777,0.14279747009277344
1759848977.761723,1759848977.8867874,0.12506437301635742
1759848977.8234649,1759848978.0168962,0.19343137741088867
1759848978.8891525,1759848979.0165753,0.12742280960083008
1759848978.9670568,1759848979.1130612,0.14600443840026855
1759848979.9796665,1759848980.1123378,0.13267135620117188
1759848980.0565927,1759848980.1766691,0.12007641792297363
1759848981.0233033,1759848981.1669664,0.1436631679534912
1759848981.045557,1759848981.2015874,0.15603041648864746
1759848982.0758667,1759848982.209608,0.1337413787841797
1759848982.0941527,1759848982.2384398,0.144287109375
1759848983.0935807,1759848983.2291768,0.13559603691101074
1759848983.1692994,1759848983.3002446,0.13094520568847656
1759848984.1841912,1759848984.3108978,0.12670660018920898
1759848984.2722669,1759848984.393643,0.12137603759765625
1759848985.2599063,1759848985.3932343,0.13332796096801758
1759848985.276955,1759848985.4675238,0.1905689239501953
1759848986.3426883,1759848986.491433,0.1487445831298828
1759848986.3459315,1759848986.4937847,0.14785313606262207
1759848987.3510835,1759848987.4775536,0.12647008895874023
1759848987.4422908,1759848987.5814083,0.13911747932434082
1759848988.4435399,1759848988.5663211,0.12278127670288086
1759848988.5326557,1759848988.6802702,0.1476144790649414
1759848989.5444338,1759848989.6686182,0.12418437004089355
1759848989.5327892,1759848989.6759756,0.14318633079528809
1759848990.528094,1759848990.711676,0.18358182907104492
1759848990.6088831,1759848990.7457495,0.13686633110046387
1759848991.610425,1759848991.7526371,0.1422121524810791
1759848991.6618903,1759848991.7918112,0.12992095947265625
1759848992.6437993,1759848992.7789507,0.13515138626098633
1759848992.6802201,1759848992.825574,0.1453537940979004
1759848993.6858754,1759848993.8267024,0.14082694053649902
1759848993.7192304,1759848993.8797343,0.16050386428833008
1759848994.7328556,1759848994.872532,0.13967633247375488
1759848994.7679448,1759848994.9293022,0.16135740280151367
1759848995.803255,1759848995.9419677,0.13871264457702637
1759848995.8272018,1759848995.9693804,0.14217853546142578
1759848996.8445983,1759848996.9709988,0.12640047073364258
1759848996.91627,1759848997.042324,0.126054048538208
1759848997.8978312,1759848998.040294,0.14246273040771484
1759848997.904224,1759848998.0423126,0.13808870315551758
1759848998.9145093,1759848999.0366056,0.12209630012512207
1759848998.9931998,1759848999.162213,0.16901326179504395
1759849000.0229273,1759849000.152323,0.1293957233428955
1759849000.081926,1759849000.2070642,0.1251380443572998
1759849001.0752008,1759849001.2239122,0.1487114429473877
1759849001.1041093,1759849001.2471364,0.14302706718444824
1759849002.1183224,1759849002.2553785,0.1370561122894287
1759849002.1758592,1759849002.2972484,0.12138915061950684
1759849003.1580436,1759849003.2895703,0.13152670860290527
1759849003.2051132,1759849003.3291512,0.1240379810333252
1759849004.255137,1759849004.4371517,0.18201470375061035
1759849004.2179415,1759849004.3510447,0.1331031322479248
1759849005.1861632,1759849005.3189638,0.13280057907104492
1759849005.252093,1759849005.3770514,0.12495827674865723
1759849005.4150257,1759849005.55928,0.14425420761108398
1759849005.43724,1759849005.582669,0.14542913436889648
1759849005.6168005,1759849005.7486672,0.1318666934967041
1759849005.6771917,1759849005.8186936,0.14150190353393555
1759849005.856662,1759849005.9925928,0.13593077659606934
1759849005.8670878,1759849005.9952726,0.12818479537963867
1759849006.0424201,1759849006.173863,0.13144278526306152
1759849006.1118076,1759849006.249137,0.1373293399810791
1759849006.2888088,1759849006.4172852,0.12847638130187988
1759849006.2921023,1759849006.448834,0.15673160552978516
1759849006.489265,1759849006.6144378,0.12517285346984863
1759849006.537934,1759849006.6629274,0.12499332427978516
1759849006.698418,1759849006.82222,0.12380218505859375
1759849006.7328336,1759849006.9126167,0.17978310585021973
1759849006.9461918,1759849007.0844362,0.1382443904876709
1759849006.9460635,1759849007.096644,0.15058040618896484
1759849007.1334257,1759849007.2781339,0.14470815658569336
1759849007.2019515,1759849007.3273735,0.12542200088500977
1759849007.3597302,1759849007.4750962,0.11536598205566406
1759849007.3964605,1759849007.5331407,0.13668012619018555
1759849007.567625,1759849007.7139454,0.14632034301757812
1759849007.5922809,1759849007.7326965,0.14041566848754883
1759849007.7666473,1759849007.8943799,0.127732515335083
1759849007.832474,1759849007.962856,0.13038206100463867
1759849007.996779,1759849008.1336148,0.13683581352233887
1759849008.0157888,1759849008.201576,0.18578720092773438
1759849008.234182,1759849008.3674612,0.13327932357788086
1759849008.253472,1759849008.3803236,0.12685155868530273
1759849008.4136956,1759849008.5328796,0.11918401718139648
1759849008.4874163,1759849008.630859,0.14344263076782227
1759849008.670576,1759849008.7859356,0.11535954475402832
1759849008.7623503,1759849008.8799577,0.11760735511779785
1759849008.9135246,1759849009.0543795,0.1408548355102539
1759849008.9135091,1759849009.0594537,0.14594459533691406
1759849009.0932043,1759849009.2226431,0.1294388771057129
1759849009.1716099,1759849009.2940392,0.12242937088012695
1759849009.3300836,1759849009.462881,0.1327974796295166
1759849009.3405538,1759849009.4869366,0.14638280868530273
1759849009.5256634,1759849009.6613097,0.13564634323120117
1759849009.5813172,1759849009.7102509,0.12893366813659668
1759849009.7440271,1759849009.85803,0.11400294303894043
1759849009.7810423,1759849009.966907,0.18586468696594238
1759849010.0066712,1759849010.133205,0.12653374671936035
1759849010.0855985,1759849010.2094944,0.12389588356018066
1759849010.2520328,1759849010.3833385,0.13130569458007812
1759849010.2523315,1759849010.4057908,0.1534593105316162
1759849010.4391947,1759849010.5852835,0.1460888385772705
1759849010.5007234,1759849010.628517,0.127793550491333
1759849010.6609957,1759849010.7942579,0.13326215744018555
1759849010.70885,1759849010.841301,0.13245105743408203
1759849010.8807874,1759849011.007828,0.12704062461853027
1759849010.9127166,1759849011.0341175,0.12140083312988281
1759849011.0672126,1759849011.261837,0.1946244239807129
1759849011.1266415,1759849011.2774172,0.15077567100524902
1759849011.3118925,1759849011.4492807,0.1373882293701172
1759849011.3794057,1759849011.496752,0.11734628677368164
1759849011.5321045,1759849011.6492503,0.11714577674865723
1759849011.567735,1759849011.693324,0.12558913230895996
1759849011.726914,1759849011.860452,0.13353800773620605
1759849011.7664301,1759849011.8902373,0.12380719184875488
1759849011.922983,1759849012.0418084,0.11882543563842773
1759849011.9786973,1759849012.1082911,0.1295938491821289
1759849012.159197,1759849012.2712383,0.11204123497009277
1759849012.143026,1759849012.3081863,0.1651601791381836
1759849012.3436887,1759849012.4765604,0.1328716278076172
1759849012.3904545,1759849012.511475,0.12102055549621582
1759849012.547217,1759849012.6740236,0.12680673599243164
1759849012.5955074,1759849012.7325232,0.13701581954956055
1759849012.7689145,1759849012.9088538,0.1399393081665039
1759849012.7923093,1759849012.9260004,0.13369107246398926
1759849012.960447,1759849013.071992,0.11154484748840332
1759849013.0275176,1759849013.211854,0.18433642387390137
1759849013.2482438,1759849013.3925998,0.14435601234436035
1759849013.2996993,1759849013.4328983,0.13319897651672363
1759849013.4664805,1759849013.587451,0.12097048759460449
1759849013.5113773,1759849013.6419182,0.1305408477783203
1759849013.6763206,1759849013.8197007,0.14338016510009766
1759849013.7048934,1759849013.8484185,0.1435251235961914
1759849013.8838398,1759849014.0559225,0.17208266258239746
1759849013.945352,1759849014.0697534,0.12440133094787598
1759849014.1074739,1759849014.2365112,0.12903738021850586
1759849014.1734843,1759849014.2923613,0.11887693405151367
1759849014.3276255,1759849014.4504218,0.12279629707336426
1759849014.3545647,1759849014.4870894,0.13252472877502441
1759849014.5282214,1759849014.666316,0.13809466361999512
1759849014.5689323,1759849014.6875868,0.11865448951721191
1759849014.72063,1759849014.8432283,0.12259840965270996
1759849014.7853682,1759849014.914228,0.1288597583770752
1759849014.9618018,1759849015.0849862,0.1231844425201416
1759849014.9477527,1759849015.0899553,0.14220261573791504
1759849015.125556,1759849015.2476473,0.12209129333496094
1759849015.2064219,1759849015.3239455,0.1175236701965332
1759849015.3606918,1759849015.4821632,0.12147140502929688
1759849015.3674986,1759849015.5024521,0.13495349884033203
1759849015.545085,1759849015.6723359,0.12725090980529785
1759849015.5995026,1759849015.7294285,0.12992596626281738
1759849015.7644687,1759849015.88237,0.11790132522583008
1759849015.7905886,1759849015.9187217,0.12813305854797363
1759849015.9997706,1759849016.12194,0.12216925621032715
1759849015.9579515,1759849016.155079,0.1971273422241211
1759849016.1886866,1759849016.329132,0.14044547080993652
1759849016.2400367,1759849016.3618097,0.12177300453186035
1759849016.39445,1759849016.5138993,0.11944937705993652
1759849016.447185,1759849016.5716605,0.12447547912597656
1759849016.6088915,1759849016.751607,0.1427154541015625
1759849016.6337073,1759849016.7676024,0.1338951587677002
1759849016.8010852,1759849016.9191377,0.11805248260498047
1759849016.870037,1759849016.99273,0.12269282341003418
1759849017.0322704,1759849017.1657362,0.13346576690673828
1759849017.0365896,1759849017.2209854,0.18439579010009766
1759849017.2572656,1759849017.3709764,0.11371088027954102
1759849017.287279,1759849017.418923,0.13164401054382324
1759849017.4587197,1759849017.6035786,0.14485883712768555
1759849017.488574,1759849017.610204,0.12162995338439941
1759849017.6470265,1759849017.7669659,0.11993932723999023
1759849017.721612,1759849017.84522,0.12360811233520508
1759849017.8842812,1759849018.0196533,0.13537216186523438
1759849017.8800962,1759849018.025089,0.14499282836914062
1759849018.0645905,1759849018.187597,0.12300658226013184
1759849018.1391714,1759849018.2530499,0.11387848854064941
1759849018.285609,1759849018.4112518,0.1256427764892578
1759849018.3068871,1759849018.4369001,0.13001298904418945
1759849018.4701786,1759849018.5988753,0.12869668006896973
1759849018.5302284,1759849018.6526158,0.12238740921020508
1759849018.6849794,1759849018.8236978,0.1387183666229248
1759849018.7166924,1759849018.8633053,0.14661288261413574
1759849018.9423177,1759849019.068087,0.12576937675476074
1759849018.8966103,1759849019.0846555,0.18804526329040527
1759849019.131267,1759849019.2670288,0.13576173782348633
1759849019.1897032,1759849019.3208985,0.1311953067779541
1759849019.3556118,1759849019.481307,0.12569522857666016
1759849019.384665,1759849019.5243664,0.13970136642456055
1759849019.5589955,1759849019.6868064,0.12781095504760742
1759849019.5984228,1759849019.7177846,0.11936187744140625
1759849019.7507195,1759849019.8821616,0.13144207000732422
1759849019.8046758,1759849019.9348042,0.1301283836364746
1759849019.967772,1759849020.1008284,0.1330564022064209
1759849020.0000412,1759849020.1800156,0.17997431755065918
1759849020.2133973,1759849020.3546858,0.14128851890563965
1759849020.2192883,1759849020.3603728,0.1410844326019287
1759849020.3930442,1759849020.507406,0.11436176300048828
1759849020.4721959,1759849020.5947452,0.12254929542541504
1759849020.634201,1759849020.7528682,0.1186671257019043
1759849020.6341817,1759849020.759227,0.1250452995300293
1759849020.7920988,1759849020.9061573,0.1140584945678711
1759849020.8707938,1759849020.980162,0.10936808586120605
1759849021.01434,1759849021.1478896,0.13354969024658203
1759849021.028122,1759849021.1557083,0.12758636474609375
1759849021.1888561,1759849021.3074934,0.1186373233795166
1759849021.2666597,1759849021.375736,0.10907626152038574
1759849021.410776,1759849021.534607,0.12383103370666504
1759849021.4264176,1759849021.5546236,0.1282060146331787
1759849021.5869293,1759849021.7066069,0.11967754364013672
1759849021.6517518,1759849021.8132598,0.16150808334350586
1759849021.8457763,1759849021.9657922,0.12001585960388184
1759849021.934386,1759849022.0526333,0.11824727058410645
1759849022.085798,1759849022.214251,0.12845301628112793
1759849022.0860078,1759849022.2299666,0.14395880699157715
1759849022.263784,1759849022.369259,0.10547518730163574
1759849022.3330698,1759849022.456889,0.12381911277770996
1759849022.4919431,1759849022.6288335,0.13689041137695312
1759849022.4919415,1759849022.6393607,0.14741921424865723
1759849022.674289,1759849022.7935894,0.11930036544799805
1759849022.7463894,1759849022.8594189,0.11302947998046875
1759849022.8939078,1759849023.007114,0.11320614814758301
1759849022.9112926,1759849023.100106,0.1888134479522705
1759849023.132896,1759849023.2824774,0.1495814323425293
1759849023.1327686,1759849023.2880979,0.15532922744750977
1759849023.3253481,1759849023.4363441,0.11099600791931152
1759849023.3999636,1759849023.519743,0.11977934837341309
1759849023.557821,1759849023.6784768,0.12065577507019043
1759849023.557858,1759849023.6969697,0.13911175727844238
1759849023.7355678,1759849023.8550727,0.11950492858886719
1759849023.796221,1759849023.9147239,0.11850285530090332
1759849023.954212,1759849024.0826602,0.1284482479095459
1759849023.976289,1759849024.1103852,0.1340961456298828
1759849024.1482666,1759849024.2828605,0.13459396362304688
1759849024.2002854,1759849024.316172,0.11588644981384277
1759849024.400425,1759849024.5170164,0.1165914535522461
1759849024.351886,1759849024.527125,0.17523884773254395
1759849024.5595956,1759849024.6850982,0.1255025863647461
1759849024.6344483,1759849024.7533734,0.11892509460449219
1759849024.7913952,1759849024.929502,0.1381068229675293
1759849024.8024049,1759849024.9341073,0.13170242309570312
1759849024.972538,1759849025.089032,0.11649394035339355
1759849025.0469666,1759849025.1653929,0.11842632293701172
1759849025.2082338,1759849025.3299055,0.12167167663574219
1759849025.1986153,1759849025.3344088,0.13579344749450684
1759849025.367487,1759849025.487153,0.11966609954833984
1759849025.448048,1759849025.5721347,0.12408661842346191
1759849025.6047006,1759849025.7350566,0.1303560733795166
1759849025.6058726,1759849025.7458544,0.13998174667358398
1759849025.7782779,1759849025.9022737,0.12399578094482422
1759849025.852364,1759849025.9645276,0.11216354370117188
1759849026.0021732,1759849026.117053,0.11487984657287598
1759849026.021612,1759849026.1889985,0.16738653182983398
1759849026.223629,1759849026.354451,0.13082194328308105
1759849026.2340634,1759849026.3784792,0.14441585540771484
1759849026.418096,1759849026.5500853,0.1319892406463623
1759849026.47174,1759849026.601832,0.13009190559387207
1759849026.636002,1759849026.7623153,0.1263132095336914
1759849026.671161,1759849026.7986588,0.12749791145324707
1759849026.831355,1759849026.9502878,0.11893272399902344
1759849026.8804681,1759849027.000393,0.11992478370666504
1759849027.0353572,1759849027.163092,0.12773466110229492
1759849027.0682068,1759849027.212142,0.1439352035522461
1759849027.2446506,1759849027.362376,0.11772537231445312
1759849027.280162,1759849027.3969612,0.11679911613464355
1759849027.4365416,1759849027.554195,0.11765336990356445
1759849027.4812417,1759849027.6381516,0.15690994262695312
1759849027.6784434,1759849027.7967117,0.11826825141906738
1759849027.6784132,1759849027.808705,0.13029193878173828
1759849027.8467803,1759849027.9545705,0.10779023170471191
1759849027.9182599,1759849028.0280073,0.10974740982055664
1759849028.075281,1759849028.1997228,0.12444186210632324
1759849028.0739634,1759849028.2095168,0.13555335998535156
1759849028.24285,1759849028.360371,0.11752104759216309
1759849028.318487,1759849028.4295118,0.11102485656738281
1759849028.470739,1759849028.592614,0.12187504768371582
1759849028.4774945,1759849028.6062927,0.128798246383667
1759849028.6426513,1759849028.824601,0.18194961547851562
1759849028.7139769,1759849028.8351896,0.12121272087097168
1759849028.8730276,1759849028.9794493,0.10642170906066895
1759849028.9445376,1759849029.051917,0.10737943649291992
1759849029.0849707,1759849029.2122688,0.12729811668395996
1759849029.0965261,1759849029.2225587,0.12603259086608887
1759849029.2608151,1759849029.3787198,0.1179046630859375
1759849029.3296015,1759849029.449748,0.12014651298522949
1759849029.4882553,1759849029.6168396,0.1285843849182129
1759849029.495854,1759849029.6221724,0.12631845474243164
1759849029.6559434,1759849029.7652137,0.10927033424377441
1759849029.7368371,1759849029.8491988,0.11236166954040527
1759849029.8855762,1759849030.006415,0.12083864212036133
1759849029.8854196,1759849030.01079,0.12537050247192383
1759849030.0431356,1759849030.1504583,0.10732269287109375
1759849030.1255252,1759849030.2336805,0.1081552505493164
1759849030.2660606,1759849030.3981912,0.13213062286376953
1759849030.2677345,1759849030.4658751,0.19814062118530273
1759849030.5036824,1759849030.625754,0.12207174301147461
1759849030.5152948,1759849030.6502187,0.13492393493652344
1759849030.6956997,1759849030.807731,0.11203122138977051
1759849030.7435608,1759849030.8579552,0.1143944263458252
1759849030.89048,1759849031.007168,0.11668801307678223
1759849030.9257636,1759849031.0370567,0.11129307746887207
1759849031.0728297,1759849031.19487,0.1220402717590332
1759849031.125863,1759849031.2592807,0.13341760635375977
1759849031.2985904,1759849031.4353483,0.13675785064697266
1759849031.3151898,1759849031.447366,0.13217616081237793
1759849031.485218,1759849031.6783524,0.19313430786132812
1759849031.5558329,1759849031.690036,0.13420319557189941
1759849031.7278695,1759849031.8386886,0.11081910133361816
1759849031.7955623,1759849031.912048,0.1164858341217041
1759849031.9460607,1759849032.0689893,0.12292861938476562
1759849031.959968,1759849032.0877578,0.12778973579406738
1759849032.1250854,1759849032.2410216,0.115936279296875
1759849032.1886697,1759849032.316184,0.12751436233520508
1759849032.3582847,1759849032.5661235,0.207838773727417
1759849032.3548543,1759849032.563477,0.20862269401550293
1759849032.605075,1759849032.7206187,0.11554384231567383
1759849032.683997,1759849032.7933547,0.10935783386230469
1759849032.831583,1759849032.9490576,0.11747455596923828
1759849032.840411,1759849032.963303,0.12289214134216309
1759849033.0023258,1759849033.1176202,0.1152944564819336
1759849033.0662909,1759849033.1932936,0.12700271606445312
1759849033.2361262,1759849033.3709767,0.13485050201416016
1759849033.2260451,1759849033.4237502,0.19770503044128418
1759849033.462445,1759849033.584786,0.12234091758728027
1759849033.4888117,1759849033.6220407,0.13322901725769043
1759849033.6546795,1759849033.7882469,0.13356733322143555
1759849033.7020679,1759849033.8251026,0.12303471565246582
1759849033.85776,1759849033.9846482,0.12688827514648438
1759849033.9056962,1759849034.0245202,0.11882400512695312
1759849034.0578773,1759849034.1759899,0.11811256408691406
1759849034.1026,1759849034.2184732,0.11587309837341309
1759849034.250874,1759849034.3620317,0.11115765571594238
1759849034.2932022,1759849034.463249,0.17004680633544922
1759849034.4955091,1759849034.6154895,0.1199803352355957
1759849034.5934873,1759849034.7043045,0.11081719398498535
1759849034.7366683,1759849034.8555825,0.11891412734985352
1759849034.7365956,1759849034.8717856,0.13519001007080078
1759849034.9125881,1759849035.0253947,0.11280655860900879
1759849034.9744525,1759849035.0849319,0.11047935485839844
1759849035.1199417,1759849035.2411714,0.12122964859008789
1759849035.1425004,1759849035.2611475,0.11864709854125977
1759849035.3020635,1759849035.4184153,0.11635184288024902
1759849035.3585238,1759849035.4911838,0.132659912109375
1759849035.523365,1759849035.6516168,0.1282517910003662
1759849035.535558,1759849035.6563582,0.12080025672912598
1759849035.6912158,1759849035.7999308,0.10871505737304688
1759849035.7689674,1759849035.8756044,0.10663700103759766
1759849035.9079814,1759849036.0422072,0.13422584533691406
1759849035.916918,1759849036.044763,0.12784504890441895
1759849036.0801587,1759849036.2544744,0.1743156909942627
1759849036.1594589,1759849036.2865431,0.12708425521850586
1759849036.326704,1759849036.4567451,0.13004112243652344
1759849036.3723433,1759849036.5009673,0.12862396240234375
1759849036.5368116,1759849036.6628902,0.12607860565185547
1759849036.5753727,1759849036.7030025,0.12762975692749023
1759849036.7439065,1759849036.8870428,0.14313626289367676
1759849036.780021,1759849036.8919,0.11187911033630371
1759849036.9249504,1759849037.0322566,0.10730624198913574
1759849037.0083525,1759849037.1210954,0.11274290084838867
1759849037.1591969,1759849037.283958,0.12476110458374023
1759849037.1592424,1759849037.341833,0.18259072303771973
1759849037.379193,1759849037.5001678,0.12097477912902832
1759849037.4012663,1759849037.5177627,0.11649632453918457
1759849037.5569901,1759849037.6731431,0.11615300178527832
1759849037.617404,1759849037.7340894,0.11668539047241211
1759849037.7685926,1759849037.9042222,0.13562965393066406
1759849037.7915757,1759849037.922856,0.13128042221069336
1759849037.956894,1759849038.0760837,0.11918973922729492
1759849038.024204,1759849038.1432273,0.11902332305908203
1759849038.1759276,1759849038.3170114,0.1410837173461914
1759849038.194542,1759849038.3327453,0.13820338249206543
1759849038.3672392,1759849038.4831815,0.11594223976135254
1759849038.4357104,1759849038.552383,0.11667251586914062
1759849038.5914018,1759849038.7098083,0.11840653419494629
1759849038.6047394,1759849038.734605,0.1298656463623047
1759849038.7672126,1759849038.87561,0.1083974838256836
1759849038.8273008,1759849038.9384599,0.11115908622741699
1759849038.973692,1759849039.0933588,0.11966681480407715
1759849038.9930506,1759849039.1352553,0.14220476150512695
1759849039.2105703,1759849039.3439937,0.1334233283996582
1759849039.1727543,1759849039.3640463,0.19129204750061035
1759849039.3991394,1759849039.5472991,0.14815974235534668
1759849039.4631512,1759849039.5842888,0.12113761901855469
1759849039.6223319,1759849039.744978,0.12264609336853027
1759849039.6648808,1759849039.7775128,0.11263203620910645
1759849039.8198617,1759849039.9443996,0.12453794479370117
1759849039.8660123,1759849039.9841394,0.11812710762023926
1759849040.023259,1759849040.1993558,0.17609691619873047
1759849040.0658045,1759849040.2008538,0.13504934310913086
1759849040.2377882,1759849040.3467052,0.1089169979095459
1759849040.3200395,1759849040.43216,0.11212038993835449
1759849040.4758914,1759849040.601328,0.12543654441833496
1759849040.5739887,1759849040.6869156,0.11292695999145508
1759849040.7309701,1759849040.8486397,0.11766958236694336
1759849040.8287883,1759849040.9444356,0.1156473159790039
1759849040.9782262,1759849041.0998158,0.12158966064453125
1759849040.9782977,1759849041.1069486,0.12865090370178223
1759849041.1491706,1759849041.271946,0.12277531623840332
1759849041.2193065,1759849041.3454993,0.12619280815124512
1759849041.379181,1759849041.5095947,0.13041377067565918
1759849041.389663,1759849041.5188744,0.12921142578125
1759849041.5547848,1759849041.6839511,0.1291663646697998
1759849041.627312,1759849041.740406,0.11309409141540527
1759849041.7761908,1759849041.8911564,0.11496567726135254
1759849041.801138,1759849041.9270296,0.12589168548583984
1759849042.0082788,1759849042.1260438,0.11776494979858398
1759849041.9601135,1759849042.1478765,0.18776297569274902
1759849042.1838405,1759849042.3110826,0.1272420883178711
1759849042.2433872,1759849042.362453,0.11906576156616211
1759849042.4004898,1759849042.528191,0.1277012825012207
1759849042.428941,1759849042.5708063,0.14186525344848633
1759849042.6044016,1759849042.7367337,0.13233208656311035
1759849042.645298,1759849042.7629426,0.1176445484161377
1759849042.8073416,1759849042.9931998,0.18585824966430664
1759849042.8572626,1759849042.9923985,0.13513588905334473
1759849043.0327044,1759849043.1598394,0.1271350383758545
1759849043.1101806,1759849043.2286901,0.11850953102111816
1759849043.265053,1759849043.3945832,0.1295301914215088
1759849043.2782993,1759849043.4183826,0.14008331298828125
1759849043.4554708,1759849043.5843046,0.12883377075195312
1759849043.5159585,1759849043.6276233,0.1116647720336914
1759849043.6632297,1759849043.7867565,0.12352681159973145
1759849043.7027855,1759849043.8297117,0.12692618370056152
1759849043.868329,1759849044.0071194,0.13879036903381348
1759849043.9051914,1759849044.0199943,0.11480283737182617
1759849044.056654,1759849044.172687,0.11603307723999023
1759849044.1255298,1759849044.2468524,0.1213226318359375
1759849044.284657,1759849044.412926,0.12826895713806152
1759849044.2897983,1759849044.4148874,0.12508916854858398
1759849044.4477313,1759849044.5618587,0.11412739753723145
1759849044.5319836,1759849044.6558282,0.12384462356567383
1759849044.6936374,1759849044.8125978,0.11896038055419922
1759849044.7895977,1759849044.9035523,0.11395454406738281
1759849044.9391804,1759849045.058737,0.11955666542053223
1759849044.9390614,1759849045.1216,0.18253850936889648
1759849045.1599486,1759849045.2953897,0.13544106483459473
1759849045.180033,1759849045.3073266,0.12729358673095703
1759849045.3480022,1759849045.461701,0.11369872093200684
1759849045.4138887,1759849045.5346649,0.12077617645263672
1759849045.5683804,1759849045.7093415,0.1409611701965332
1759849045.5789294,1759849045.7812715,0.20234203338623047
1759849045.8161402,1759849045.934582,0.11844182014465332
1759849045.8276563,1759849045.9671195,0.13946318626403809
1759849045.9995964,1759849046.1328008,0.13320446014404297
1759849046.0545132,1759849046.1798177,0.1253044605255127
1759849046.2172878,1759849046.3430026,0.12571477890014648
1759849046.2529364,1759849046.4024267,0.1494903564453125
1759849046.4360313,1759849046.5656304,0.12959909439086914
1759849046.4602635,1759849046.5884728,0.12820935249328613
1759849046.622894,1759849046.736178,0.11328387260437012
1759849046.6838374,1759849046.8250122,0.1411747932434082
1759849046.86325,1759849046.9926186,0.12936854362487793
1759849046.8631427,1759849047.006644,0.14350128173828125
1759849047.045723,1759849047.18067,0.1349470615386963
1759849047.1102858,1759849047.2322426,0.12195682525634766
1759849047.2696073,1759849047.3905792,0.1209719181060791
1759849047.3004913,1759849047.432064,0.13157272338867188
1759849047.4693658,1759849047.6117396,0.14237380027770996
1759849047.5089443,1759849047.6489296,0.1399853229522705
1759849047.6872041,1759849047.8001854,0.11298131942749023
1759849047.7300785,1759849047.9133506,0.183272123336792
1759849047.949636,1759849048.078756,0.1291201114654541
1759849048.0285387,1759849048.1371193,0.1085805892944336
1759849048.1710014,1759849048.301021,0.1300196647644043
1759849048.1989086,1759849048.3490136,0.15010499954223633
1759849048.3845444,1759849048.5422273,0.1576828956604004
1759849048.418439,1759849048.5483685,0.1299295425415039
1759849048.5839648,1759849048.7663403,0.18237543106079102
1759849048.660723,1759849048.8004823,0.13975930213928223
1759849048.841263,1759849048.9718835,0.13062047958374023
1759849048.8861768,1759849049.0153742,0.129197359085083
1759849049.053006,1759849049.173971,0.12096500396728516
1759849049.0918837,1759849049.2374928,0.14560914039611816
1759849049.2917852,1759849049.4074278,0.11564254760742188
1759849049.2760916,1759849049.440578,0.16448640823364258
1759849049.4792802,1759849049.6275692,0.14828896522521973
1759849049.5256119,1759849049.6448915,0.11927962303161621
1759849049.68687,1759849049.813096,0.12622594833374023
1759849049.746295,1759849049.8868947,0.14059972763061523
1759849049.9202304,1759849050.070321,0.15009069442749023
1759849049.930388,1759849050.0836577,0.15326976776123047
1759849050.129762,1759849050.2576857,0.12792372703552246
1759849050.18937,1759849050.3179302,0.12856030464172363
1759849050.357241,1759849050.4951527,0.13791179656982422
1759849050.3752744,1759849050.5139563,0.13868188858032227
1759849050.5514352,1759849050.691088,0.13965272903442383
1759849050.614162,1759849050.8088522,0.19469022750854492
1759849050.8485065,1759849050.9866872,0.13818073272705078
1759849050.9188104,1759849051.050788,0.13197755813598633
1759849051.0878236,1759849051.2173483,0.12952470779418945
1759849051.105539,1759849051.250179,0.1446399688720703
1759849051.285003,1759849051.4281316,0.1431286334991455
1759849051.3367622,1759849051.4644573,0.12769508361816406
1759849051.4973626,1759849051.6182811,0.12091851234436035
1759849051.5509467,1759849051.6805139,0.12956714630126953
1759849051.7187448,1759849051.844563,0.12581825256347656
1759849051.73942,1759849051.915383,0.1759631633758545
1759849051.950166,1759849052.0741966,0.12403059005737305
1759849051.9627633,1759849052.0961566,0.1333932876586914
1759849052.1298032,1759849052.2919497,0.16214656829833984
1759849052.1917322,1759849052.3056176,0.11388540267944336
1759849052.3405292,1759849052.455078,0.1145486831665039
1759849052.4129734,1759849052.547518,0.13454461097717285
1759849052.5803132,1759849052.714057,0.1337437629699707
1759849052.5802824,1759849052.7274435,0.14716100692749023
1759849052.7616804,1759849052.8902245,0.12854409217834473
1759849052.8313837,1759849052.952656,0.12127232551574707
1759849052.9851258,1759849053.1066546,0.12152886390686035
1759849053.0085688,1759849053.1374526,0.12888383865356445
1759849053.1747062,1759849053.3061707,0.13146448135375977
1759849053.2257833,1759849053.3510013,0.12521791458129883
1759849053.3927517,1759849053.5324144,0.1396627426147461
1759849053.428559,1759849053.555267,0.1267080307006836
1759849053.6505852,1759849053.78175,0.1311647891998291
1759849053.5927358,1759849053.7814095,0.188673734664917
1759849053.8201675,1759849053.9719784,0.151810884475708
1759849053.8989465,1759849054.0237586,0.12481212615966797
1759849054.0578592,1759849054.1799912,0.1221320629119873
1759849054.0901856,1759849054.2281542,0.1379685401916504
1759849054.2615435,1759849054.3918326,0.13028907775878906
1759849054.301078,1759849054.4158025,0.11472439765930176
1759849054.4487033,1759849054.560589,0.11188578605651855
1759849054.5098226,1759849054.6310074,0.1211848258972168
1759849054.675261,1759849054.8092797,0.1340186595916748
1759849054.679024,1759849054.849454,0.17042994499206543
1759849054.8875303,1759849055.0029516,0.11542129516601562
1759849054.9309697,1759849055.0560353,0.12506556510925293
1759849055.0987425,1759849055.2348762,0.13613367080688477
1759849055.123354,1759849055.2499676,0.12661361694335938
1759849055.2891264,1759849055.4265687,0.13744235038757324
1759849055.3532565,1759849055.485352,0.1320955753326416
1759849055.544264,1759849055.6603138,0.11604976654052734
1759849055.5212417,1759849055.6617124,0.1404707431793213
1759849055.701561,1759849055.8262596,0.12469863891601562
1759849055.7786908,1759849055.8920755,0.11338472366333008
1759849055.9294043,1759849056.0680115,0.13860726356506348
1759849055.944591,1759849056.0930583,0.1484673023223877
1759849056.1320584,1759849056.2767859,0.14472746849060059
1759849056.1858966,1759849056.3116698,0.12577319145202637
1759849056.344666,1759849056.4684613,0.1237952709197998
1759849056.395578,1759849056.5177746,0.12219667434692383
1759849056.5894654,1759849056.7080262,0.118560791015625
1759849056.5530672,1759849056.7351804,0.1821131706237793
1759849056.7706203,1759849056.8980553,0.12743496894836426
1759849056.827605,1759849056.9442897,0.1166846752166748
1759849056.9785018,1759849057.0989864,0.12048459053039551
1759849057.021254,1759849057.1669471,0.14569306373596191
1759849057.2161224,1759849057.3439565,0.12783408164978027
1759849057.2058012,1759849057.3712158,0.16541457176208496
1759849057.4076896,1759849057.551273,0.1435835361480713
1759849057.463243,1759849057.6303692,0.16712617874145508
1759849057.6658635,1759849057.796088,0.13022446632385254
1759849057.673023,1759849057.8226085,0.14958548545837402
1759849057.856894,1759849058.0007155,0.14382147789001465
1759849057.9157345,1759849058.0388854,0.12315082550048828
1759849058.07629,1759849058.2032144,0.1269245147705078
1759849058.11875,1759849058.270427,0.15167689323425293
1759849058.3061645,1759849058.4416137,0.13544917106628418
1759849058.3205276,1759849058.4532197,0.1326920986175537
1759849058.487194,1759849058.600147,0.11295294761657715
1759849058.5608218,1759849058.686733,0.12591123580932617
1759849058.7197995,1759849058.8480935,0.1282939910888672
1759849058.719693,1759849058.8577728,0.13807988166809082
1759849058.893472,1759849059.0175984,0.12412643432617188
1759849058.96536,1759849059.0788686,0.11350870132446289
1759849059.113944,1759849059.2363675,0.12242341041564941
1759849059.1359327,1759849059.2775779,0.14164519309997559
1759849059.354335,1759849059.473008,0.11867284774780273
1759849059.313314,1759849059.4975595,0.18424558639526367
1759849059.5302513,1759849059.662969,0.13271784782409668
1759849059.5942807,1759849059.7105606,0.11627984046936035
1759849059.7448595,1759849059.8642159,0.11935639381408691
1759849059.785283,1759849059.91334,0.12805700302124023
1759849059.9465098,1759849060.0852518,0.13874197006225586
1759849059.9816363,1759849060.1054025,0.12376618385314941
1759849060.1375577,1759849060.2631288,0.12557101249694824
1759849060.207576,1759849060.3336043,0.12602829933166504
1759849060.3730898,1759849060.5144281,0.14133834838867188
1759849060.3816977,1759849060.5686917,0.18699407577514648
1759849060.607497,1759849060.735204,0.12770700454711914
1759849060.642239,1759849060.7821822,0.13994312286376953
1759849060.8208134,1759849060.9499056,0.12909221649169922
1759849060.852732,1759849060.9726708,0.11993885040283203
1759849061.0101373,1759849061.144768,0.13463068008422852
1759849061.0676165,1759849061.2077816,0.14016509056091309
1759849061.2456884,1759849061.3920305,0.14634203910827637
1759849061.2637625,1759849061.402918,0.13915562629699707
1759849061.4425242,1759849061.5621638,0.11963963508605957
1759849061.5106297,1759849061.646533,0.13590335845947266
1759849061.6837626,1759849061.8344545,0.15069198608398438
1759849061.6836193,1759849061.8639638,0.1803445816040039
1759849061.9007823,1759849062.0254834,0.12470102310180664
1759849061.9558163,1759849062.0731132,0.11729693412780762
1759849062.1153054,1759849062.239659,0.12435364723205566
1759849062.1443417,1759849062.2871141,0.14277243614196777
1759849062.3614707,1759849062.4791546,0.11768388748168945
1759849062.3207445,1759849062.5131724,0.1924278736114502
1759849062.550872,1759849062.6872988,0.13642668724060059
1759849062.599787,1759849062.71573,0.11594295501708984
1759849062.7479558,1759849062.882626,0.13467025756835938
1759849062.8053133,1759849062.9300847,0.1247713565826416
1759849062.9677496,1759849063.0913126,0.12356305122375488
1759849062.9999256,1759849063.1212404,0.12131476402282715
1759849063.1644418,1759849063.2863097,0.12186789512634277
1759849063.209587,1759849063.351131,0.14154386520385742
1759849063.404722,1759849063.5250056,0.12028360366821289
1759849063.3904614,1759849063.5365386,0.14607715606689453
1759849063.5710819,1759849063.6929615,0.12187957763671875
1759849063.6442637,1759849063.8125076,0.1682438850402832
1759849063.8477645,1759849063.9827242,0.13495969772338867
1759849063.9261496,1759849064.0484312,0.12228155136108398
1759849064.1041443,1759849064.216963,0.11281871795654297
1759849064.086219,1759849064.2282794,0.1420602798461914
1759849064.264052,1759849064.3906658,0.12661385536193848
1759849064.3364954,1759849064.4551237,0.11862826347351074
1759849064.493621,1759849064.6226876,0.12906646728515625
1759849064.5126414,1759849064.65227,0.13962864875793457
1759849064.6848233,1759849064.8078053,0.12298202514648438
1759849064.7412157,1759849064.8533103,0.11209464073181152
1759849064.8856645,1759849065.0267384,0.14107394218444824
1759849064.9276197,1759849065.054649,0.1270294189453125
1759849065.092767,1759849065.2219763,0.12920928001403809
1759849065.145304,1759849065.2709186,0.12561464309692383
1759849065.3055665,1759849065.4228187,0.11725211143493652
1759849070.394174,1759849070.5009859,0.1068117618560791
1759849070.5088477,1759849070.6185393,0.10969161987304688
1759849070.6263394,1759849070.7355087,0.10916924476623535
1759849070.7434928,1759849070.863993,0.12050008773803711
1759849070.8720837,1759849071.0347328,0.16264915466308594
1759849071.0431485,1759849071.1596074,0.11645889282226562
1759849071.1675436,1759849071.2779417,0.1103980541229248
1759849071.2860403,1759849071.3959227,0.10988235473632812
1759849071.4038908,1759849071.5299947,0.12610387802124023
1759849071.5376935,1759849071.647784,0.11009049415588379
1759849071.655754,1759849071.7663202,0.1105661392211914
1759849071.7743986,1759849071.8849914,0.11059284210205078
1759849071.8930104,1759849072.0025523,0.1095418930053711
1759849072.0105734,1759849072.1206882,0.11011481285095215
1759849072.1298146,1759849072.241413,0.11159849166870117
1759849072.2507722,1759849072.3598669,0.10909461975097656
1759849072.3678596,1759849072.4786754,0.11081576347351074
1759849072.4869788,1759849072.6451867,0.15820789337158203
1759849072.6531892,1759849072.7626102,0.1094210147857666
1759849072.7708306,1759849072.8808134,0.10998272895812988
1759849072.8888888,1759849073.005306,0.11641716957092285
1759849073.0139225,1759849073.1186523,0.10472989082336426
1759849073.1266072,1759849073.2391171,0.11250996589660645
1759849073.247301,1759849073.3569481,0.10964703559875488
1759849073.36495,1759849073.4735732,0.10862326622009277
1759849073.4813983,1759849073.6019,0.12050175666809082
1759849073.6098711,1759849073.721296,0.11142492294311523
1759849073.729288,1759849073.8399322,0.11064410209655762
1759849073.847795,1759849073.9579313,0.11013627052307129
1759849073.9657004,1759849074.0836687,0.11796832084655762
1759849074.092052,1759849074.202869,0.11081695556640625
1759849074.211822,1759849074.3735664,0.1617443561553955
1759849074.3820577,1759849074.4868968,0.10483908653259277
1759849074.496027,1759849074.610385,0.11435794830322266
1759849074.6183085,1759849074.72799,0.10968136787414551
1759849074.737097,1759849074.8484714,0.1113743782043457
1759849074.8563263,1759849074.9644282,0.10810184478759766
1759849074.9723084,1759849075.0810132,0.10870480537414551
1759849075.0887933,1759849075.2061136,0.11732029914855957
1759849075.2140055,1759849075.3228004,0.1087949275970459
1759849075.3307183,1759849075.4400148,0.10929656028747559
1759849075.447825,1759849075.564367,0.11654210090637207
1759849075.572642,1759849075.6814773,0.10883522033691406
1759849075.6894727,1759849075.798202,0.10872936248779297
1759849075.8061254,1759849075.9625456,0.15642023086547852
1759849075.9705238,1759849076.0838046,0.1132807731628418
1759849076.0916069,1759849076.2023826,0.11077570915222168
1759849076.2104235,1759849076.3219118,0.11148834228515625
1759849076.3298368,1759849076.4410622,0.11122536659240723
1759849076.4495509,1759849076.5620003,0.11244940757751465
1759849076.5699184,1759849076.6791213,0.10920286178588867
1759849076.6871207,1759849076.797313,0.11019229888916016
1759849076.8054922,1759849076.9119291,0.10643696784973145
1759849076.9199262,1759849077.0304782,0.11055207252502441
1759849077.0384088,1759849077.143973,0.10556435585021973
1759849077.1530833,1759849077.2638698,0.11078643798828125
1759849077.2715955,1759849077.3851955,0.11360001564025879
1759849077.3931587,1759849077.5029366,0.10977792739868164
1759849077.5120468,1759849077.622976,0.11092925071716309
1759849077.6309006,1759849077.790699,0.15979838371276855
1759849077.7985225,1759849077.9072247,0.10870218276977539
1759849077.9153905,1759849078.027464,0.11207342147827148
1759849078.0353832,1759849078.143555,0.10817170143127441
1759849078.1516755,1759849078.2617018,0.11002635955810547
1759849078.269594,1759849078.3802345,0.1106405258178711
1759849078.3880742,1759849078.4973438,0.10926961898803711
1759849078.5052836,1759849078.6151297,0.10984611511230469
1759849078.6231692,1759849078.7357426,0.11257338523864746
1759849078.744469,1759849078.8534164,0.1089475154876709
1759849078.86138,1759849078.9738522,0.1124720573425293
1759849078.9817572,1759849079.0904028,0.10864567756652832
1759849079.0994768,1759849079.209137,0.10966014862060547
1759849079.2170298,1759849079.325502,0.10847210884094238
1759849079.3334749,1759849079.4936204,0.16014552116394043
1759849079.5015943,1759849079.6112738,0.1096794605255127
1759849079.6191998,1759849079.7288053,0.10960555076599121
1759849079.7378404,1759849079.8460038,0.10816335678100586
1759849079.8538845,1759849079.963405,0.10952043533325195
1759849079.971334,1759849080.1087685,0.1374344825744629
1759849080.1167805,1759849080.2332077,0.11642718315124512
1759849080.2418194,1759849080.3483734,0.10655403137207031
1759849080.3563256,1759849080.4663208,0.10999512672424316
1759849080.4741144,1759849080.5839458,0.10983133316040039
1759849080.5918903,1759849080.7008643,0.10897397994995117
1759849080.7089074,1759849080.8198206,0.11091327667236328
1759849080.82765,1759849080.9365575,0.10890746116638184
1759849080.944442,1759849081.073334,0.1288919448852539
1759849081.0817535,1759849081.2573452,0.17559170722961426
1759849081.2653394,1759849081.38176,0.11642050743103027
1759849081.3898027,1759849081.5065675,0.11676478385925293
1759849081.5146792,1759849081.6232018,0.10852265357971191
1759849081.6310797,1759849081.7400398,0.10896015167236328
1759849081.7480962,1759849081.8603768,0.11228060722351074
1759849081.8684316,1759849081.978122,0.10969042778015137
1759849081.9861076,1759849082.0956075,0.10949993133544922
1759849082.104205,1759849082.2333205,0.12911558151245117
1759849082.2413952,1759849082.3516917,0.11029648780822754
1759849082.3595502,1759849082.4811087,0.12155842781066895
1759849082.4894025,1759849082.5997913,0.11038875579833984
1759849082.6075342,1759849082.7194076,0.11187338829040527
1759849188.0569577,1759849188.1912117,0.13425397872924805
1759849189.0759022,1759849189.1949067,0.11900448799133301
1759849189.1492834,1759849189.2761068,0.12682342529296875
1759849190.1426263,1759849190.2762196,0.13359332084655762
1759849190.1426256,1759849190.2847114,0.14208579063415527
1759849191.1547804,1759849191.3438,0.18901968002319336
1759849191.2390158,1759849191.3886657,0.14964985847473145
1759849192.2677493,1759849192.4084482,0.14069890975952148
1759849192.2893188,1759849192.4244955,0.1351766586303711
1759849193.2883904,1759849193.4346404,0.14625000953674316
1759849193.3545957,1759849193.4858696,0.13127398490905762
1759849194.3399236,1759849194.475037,0.13511347770690918
1759849194.3695536,1759849194.5092685,0.13971495628356934
1759849195.388654,1759849195.523389,0.134735107421875
1759849195.4144316,1759849195.590297,0.17586541175842285
1759849196.4438403,1759849196.586098,0.1422576904296875
1759849196.4747741,1759849196.612106,0.13733196258544922
1759849197.4937615,1759849197.633346,0.13958454132080078
1759849197.5422838,1759849197.695868,0.15358424186706543
1759849198.5541089,1759849198.7003076,0.14619874954223633
1759849198.5918791,1759849198.7329493,0.14107012748718262
1759849199.5991542,1759849199.7363927,0.1372385025024414
1759849199.649081,1759849199.7982943,0.14921331405639648
1759849200.6636777,1759849200.7874467,0.12376904487609863
1759849200.6767523,1759849200.8094397,0.13268733024597168
1759849201.6634707,1759849201.8008718,0.13740110397338867
1759849201.7215374,1759849201.8531814,0.13164401054382324
1759849202.7371097,1759849202.883874,0.14676427841186523
1759849202.7373755,1759849202.8897114,0.15233588218688965
1759849203.756059,1759849203.8861349,0.13007593154907227
1759849203.8311894,1759849203.9588785,0.12768912315368652
1759849204.8104174,1759849204.9391565,0.1287391185760498
1759849204.880039,1759849205.060329,0.18028998374938965
1759849205.9303079,1759849206.0673344,0.13702654838562012
1759849206.014333,1759849206.144956,0.13062310218811035
1759849207.0251205,1759849207.152773,0.12765240669250488
1759849207.1188934,1759849207.252059,0.13316559791564941
1759849208.1105266,1759849208.2540436,0.14351701736450195
1759849208.121637,1759849208.3219604,0.20032334327697754
1759849209.1732712,1759849209.3148074,0.14153623580932617
1759849209.1821694,1759849209.334191,0.1520216464996338
1759849210.1999004,1759849210.319627,0.11972665786743164
1759849210.264576,1759849210.4045942,0.14001822471618652
1759849211.290721,1759849211.4372234,0.14650249481201172
1759849211.2908595,1759849211.4455173,0.15465784072875977
1759849212.3029933,1759849212.425885,0.12289166450500488
1759849212.3799143,1759849212.5266094,0.14669513702392578
1759849213.3984308,1759849213.5162096,0.11777877807617188
1759849213.486881,1759849213.6173244,0.13044333457946777
1759849214.5275998,1759849214.659434,0.1318342685699463
1759849214.6056323,1759849214.7649338,0.1593015193939209
1759849215.6256328,1759849215.7596378,0.13400506973266602
1759849215.669839,1759849215.8030534,0.13321447372436523
1759849216.692399,1759849216.8374484,0.1450493335723877
1759849216.7240088,1759849216.8667388,0.1427299976348877
1759849217.7694077,1759849217.903759,0.13435125350952148
1759849217.7373755,1759849217.870851,0.13347554206848145
1759849218.7045667,1759849218.8347147,0.13014793395996094
1759849218.7234335,1759849218.9167266,0.19329309463500977
1759849218.957321,1759849219.1067917,0.14947080612182617
1759849218.9572952,1759849219.10655,0.14925479888916016
1759849219.14959,1759849219.2752857,0.12569570541381836
1759849219.2287183,1759849219.3499632,0.12124490737915039
1759849219.3822896,1759849219.5291603,0.14687061309814453
1759849219.3983557,1759849219.5537157,0.15535998344421387
1759849219.592435,1759849219.7512264,0.15879154205322266
1759849219.6470988,1759849219.821808,0.17470932006835938
1759849219.860384,1759849219.9819388,0.12155485153198242
1759849219.8692439,1759849220.0048277,0.13558387756347656
1759849220.0436938,1759849220.1723704,0.1286766529083252
1759849220.0997055,1759849220.2128935,0.11318802833557129
1759849220.2482238,1759849220.370456,0.12223219871520996
1759849220.2905731,1759849220.4221778,0.13160467147827148
1759849220.462176,1759849220.6085117,0.14633560180664062
1759849220.4877245,1759849220.619426,0.13170146942138672
1759849220.6558647,1759849220.76958,0.11371517181396484
1759849220.7271583,1759849220.8522916,0.12513327598571777
1759849220.888266,1759849221.0126529,0.12438678741455078
1759849220.888266,1759849221.0439224,0.1556563377380371
1759849221.0837553,1759849221.21255,0.12879467010498047
1759849221.1299572,1759849221.2418585,0.11190128326416016
1759849221.2793229,1759849221.3973033,0.1179804801940918
1759849221.331407,1759849221.4586606,0.12725353240966797
1759849221.4974217,1759849221.639516,0.14209437370300293
1759849221.516076,1759849221.6560483,0.13997220993041992
1759849221.6900148,1759849221.8045552,0.11454033851623535
1759849221.7582674,1759849221.940793,0.182525634765625
1759849221.9770005,1759849222.1279545,0.150954008102417
1759849222.0320094,1759849222.1762168,0.14420747756958008
1759849222.2145722,1759849222.341163,0.12659072875976562
1759849222.246285,1759849222.394973,0.14868807792663574
1759849222.4282482,1759849222.5737977,0.14554953575134277
1759849222.4583557,1759849222.582618,0.12426233291625977
1759849222.6238692,1759849222.7388124,0.11494326591491699
1759849222.693542,1759849222.8276033,0.13406133651733398
1759849222.867807,1759849222.989052,0.12124514579772949
1759849222.9663625,1759849223.131907,0.1655445098876953
1759849223.1687799,1759849223.2925708,0.12379097938537598
1759849223.2181594,1759849223.3525796,0.13442015647888184
1759849223.4108849,1759849223.5283518,0.11746692657470703
1759849223.3881946,1759849223.5276396,0.13944506645202637
1759849223.5613358,1759849223.691323,0.12998723983764648
1759849223.6455238,1759849223.7625651,0.11704134941101074
1759849223.8094344,1759849223.9343653,0.12493085861206055
1759849223.7963715,1759849223.936152,0.13978052139282227
1759849223.9746306,1759849224.0881445,0.11351394653320312
1759849224.0530386,1759849224.1808732,0.12783455848693848
1759849224.2180538,1759849224.3585944,0.14054059982299805
1759849224.3157003,1759849224.446412,0.13071179389953613
1759849224.482445,1759849224.5905287,0.10808372497558594
1759849224.4838004,1759849224.6299932,0.1461927890777588
1759849224.6664233,1759849224.8103619,0.14393854141235352
1759849224.7077394,1759849224.8295639,0.12182450294494629
1759849224.8616366,1759849224.971867,0.1102304458618164
1759849224.931227,1759849225.0537314,0.12250447273254395
1759849225.0923436,1759849225.2242289,0.13188529014587402
1759849225.0919907,1759849225.2812111,0.18922042846679688
1759849225.3166509,1759849225.466126,0.14947509765625
1759849225.344733,1759849225.483822,0.13908910751342773
1759849225.517859,1759849225.6347015,0.11684250831604004
1759849225.5848308,1759849225.7082894,0.1234586238861084
1759849225.751925,1759849225.883921,0.13199591636657715
1759849225.742235,1759849225.892357,0.15012216567993164
1759849225.9309962,1759849226.0629323,0.13193607330322266
1759849226.0037744,1759849226.172731,0.16895651817321777
1759849226.207435,1759849226.3260727,0.1186378002166748
1759849226.2916317,1759849226.4179606,0.1263289451599121
1759849226.4529393,1759849226.5858388,0.13289952278137207
1759849226.4529433,1759849226.5997324,0.1467890739440918
1759849226.637997,1759849226.777097,0.1391000747680664
1759849226.7036943,1759849226.8261864,0.12249207496643066
1759849226.864078,1759849226.9802504,0.11617231369018555
1759849226.8952758,1759849227.0225904,0.12731456756591797
1759849227.0613568,1759849227.2034883,0.14213156700134277
1759849227.097922,1759849227.2252622,0.12734007835388184
1759849227.2637062,1759849227.379249,0.11554288864135742
1759849227.3222184,1759849227.4476063,0.12538790702819824
1759849227.4965096,1759849227.6212158,0.12470626831054688
1759849227.4837031,1759849227.6290686,0.14536547660827637
1759849227.662966,1759849227.786994,0.12402796745300293
1759849227.738584,1759849227.8464828,0.10789871215820312
1759849227.883529,1759849228.011585,0.12805604934692383
1759849227.9054453,1759849228.0503547,0.14490938186645508
1759849228.1290498,1759849228.2595074,0.13045763969421387
1759849228.088582,1759849228.2930233,0.20444130897521973
1759849228.3276553,1759849228.455063,0.12740778923034668
1759849228.3770845,1759849228.49258,0.11549544334411621
1759849228.5269222,1759849228.6408103,0.11388802528381348
1759849228.573426,1759849228.705647,0.13222098350524902
1759849228.74526,1759849228.8893883,0.14412832260131836
1759849228.759149,1759849228.8950298,0.135880708694458
1759849228.9330876,1759849229.1192956,0.18620800971984863
1759849229.007963,1759849229.145272,0.13730907440185547
1759849229.182698,1759849229.3140545,0.13135647773742676
1759849229.2388208,1759849229.3540244,0.1152036190032959
1759849229.388417,1759849229.5089123,0.12049531936645508
1759849229.4324195,1759849229.5630596,0.13064002990722656
1759849229.6295097,1759849229.7484133,0.11890363693237305
1759849229.598733,1759849229.747452,0.14871907234191895
1759849229.7817118,1759849229.9036894,0.12197756767272949
1759849229.781848,1759849229.9181406,0.1362926959991455
1759849229.956902,1759849230.0875561,0.13065409660339355
1759849230.0211253,1759849230.1352339,0.11410856246948242
1759849230.1723359,1759849230.2922385,0.1199026107788086
1759849230.2069683,1759849230.3332744,0.12630605697631836
1759849230.371832,1759849230.5132046,0.1413726806640625
1759849230.4109194,1759849230.524057,0.11313748359680176
1759849230.5591047,1759849230.6805909,0.12148618698120117
1759849230.6314673,1759849230.7582467,0.12677931785583496
1759849230.800332,1759849230.934247,0.13391494750976562
1759849230.8002658,1759849230.9600208,0.15975499153137207
1759849231.0516226,1759849231.1662164,0.1145937442779541
1759849231.003169,1759849231.196825,0.19365596771240234
1759849231.2301173,1759849231.380051,0.1499335765838623
1759849231.2854772,1759849231.4088573,0.12338018417358398
1759849231.443823,1759849231.560028,0.11620497703552246
1759849231.4981763,1759849231.6459267,0.1477503776550293
1759849231.678368,1759849231.8402598,0.16189169883728027
1759849231.6783893,1759849231.866501,0.1881117820739746
1759849231.904247,1759849232.0311618,0.12691473960876465
1759849231.9595215,1759849232.0890408,0.12951922416687012
1759849232.1277292,1759849232.2564096,0.12868046760559082
1759849232.149436,1759849232.2731462,0.12371015548706055
1759849232.3097014,1759849232.4429572,0.1332557201385498
1759849232.3748815,1759849232.4927077,0.11782622337341309
1759849232.5273108,1759849232.6677494,0.14043855667114258
1759849232.5603747,1759849232.6882215,0.12784671783447266
1759849232.7268965,1759849232.8462238,0.11932730674743652
1759849232.7854526,1759849232.904295,0.11884236335754395
1759849232.9387143,1759849233.0715406,0.1328263282775879
1759849232.963507,1759849233.0763254,0.11281847953796387
1759849233.110329,1759849233.2201052,0.10977625846862793
1759849233.18926,1759849233.3070834,0.11782336235046387
1759849233.354336,1759849233.491748,0.13741207122802734
1759849233.448711,1759849233.5574071,0.10869622230529785
1759849233.5913136,1759849233.721331,0.13001728057861328
1759849233.6101809,1759849233.7451568,0.13497591018676758
1759849233.7784326,1759849233.9076924,0.12925982475280762
1759849233.8406742,1759849233.9618802,0.12120604515075684
1759849233.994919,1759849234.1019258,0.10700678825378418
1759849234.0301936,1759849234.2010818,0.17088818550109863
1759849234.233614,1759849234.346887,0.11327314376831055
1759849234.329478,1759849234.4387012,0.1092231273651123
1759849234.474384,1759849234.6053011,0.13091707229614258
1759849234.574503,1759849234.7042825,0.12977957725524902
1759849234.7424119,1759849234.8510363,0.10862445831298828
1759849234.8326705,1759849234.9960809,0.16341042518615723
1759849235.030168,1759849235.1566691,0.12650108337402344
1759849235.0786633,1759849235.216269,0.1376056671142578
1759849235.2509665,1759849235.388928,0.13796138763427734
1759849235.276472,1759849235.4133203,0.13684821128845215
1759849235.4452066,1759849235.561061,0.11585426330566406
1759849235.5081074,1759849235.6171677,0.10906028747558594
1759849235.6537902,1759849235.7783759,0.12458562850952148
1759849235.678281,1759849235.7936747,0.11539363861083984
1759849235.8308017,1759849235.9450772,0.11427545547485352
1759849235.899534,1759849236.0121422,0.11260819435119629
1759849236.043649,1759849236.1709967,0.12734770774841309
1759849236.066045,1759849236.1914625,0.12541747093200684
1759849236.2319958,1759849236.343018,0.1110222339630127
1759849236.2905846,1759849236.406325,0.11574053764343262
1759849236.439651,1759849236.5652442,0.1255931854248047
1759849236.4630308,1759849236.5901048,0.1270740032196045
1759849236.6279244,1759849236.7423248,0.11440038681030273
1759849236.6827066,1759849236.7939599,0.11125326156616211
1759849236.8279316,1759849236.9595368,0.1316051483154297
1759849236.8597322,1759849236.9880574,0.1283252239227295
1759849237.0259006,1759849237.1466746,0.1207740306854248
1759849237.0779047,1759849237.2477837,0.16987895965576172
1759849237.2860477,1759849237.4179718,0.13192415237426758
1759849237.3781793,1759849237.4888785,0.11069917678833008
1759849237.529935,1759849237.662937,0.13300204277038574
1759849237.5356216,1759849237.666523,0.13090133666992188
1759849237.7083719,1759849237.8260872,0.11771535873413086
1759849237.7801354,1759849237.8893552,0.10921978950500488
1759849237.9444492,1759849238.0679722,0.12352299690246582
1759849237.9220934,1759849238.0957062,0.1736128330230713
1759849238.127851,1759849238.243461,0.11560988426208496
1759849238.1852043,1759849238.300709,0.11550474166870117
1759849238.3384838,1759849238.465921,0.12743711471557617
1759849238.361955,1759849238.482436,0.12048101425170898
1759849238.520385,1759849238.6469338,0.12654876708984375
1759849238.586188,1759849238.7052324,0.11904430389404297
1759849238.7416203,1759849238.8729625,0.13134217262268066
1759849238.768134,1759849238.8764424,0.10830831527709961
1759849238.9118013,1759849239.0214274,0.10962605476379395
1759849238.99012,1759849239.099187,0.10906696319580078
1759849239.131495,1759849239.2475722,0.11607718467712402
1759849239.1385589,1759849239.258454,0.11989521980285645
1759849239.2954264,1759849239.407681,0.11225461959838867
1759849239.3649862,1759849239.4754777,0.11049151420593262
1759849239.5076091,1759849239.6453452,0.13773608207702637
1759849239.525027,1759849239.660367,0.13533997535705566
1759849239.6937184,1759849239.8192391,0.1255207061767578
1759849239.7641392,1759849239.8823512,0.11821198463439941
1759849239.9150987,1759849240.043424,0.1283252239227295
1759849239.9407394,1759849240.078615,0.13787555694580078
1759849240.1203582,1759849240.2342675,0.11390924453735352
1759849240.1649675,1759849240.3253412,0.16037368774414062
1759849240.3603454,1759849240.4826639,0.12231850624084473
1759849240.3602183,1759849240.4905796,0.13036131858825684
1759849240.5235977,1759849240.6381817,0.11458396911621094
1759849240.6000757,1759849240.7151358,0.11506009101867676
1759849240.7533023,1759849240.8923733,0.13907098770141602
1759849240.7564905,1759849240.9271452,0.1706547737121582
1759849240.971506,1759849241.0863104,0.11480426788330078
1759849241.009584,1759849241.1172469,0.10766291618347168
1759849241.1497698,1759849241.265937,0.11616730690002441
1759849241.2037258,1759849241.3173726,0.1136467456817627
1759849241.3508408,1759849241.4616208,0.11078000068664551
1759849241.383117,1759849241.5114202,0.12830328941345215
1759849241.544331,1759849241.6671917,0.12286067008972168
1759849241.5789454,1759849241.717181,0.13823556900024414
1759849241.750697,1759849241.8625326,0.11183571815490723
1759849241.7852073,1759849241.9039075,0.11870026588439941
1759849241.936901,1759849242.053386,0.1164848804473877
1759849241.9802868,1759849242.0900185,0.10973167419433594
1759849242.1230345,1759849242.2476847,0.12465023994445801
1759849242.172411,1759849242.2940228,0.1216118335723877
1759849242.3268843,1759849242.4566808,0.12979650497436523
1759849242.3661551,1759849242.4965792,0.13042402267456055
1759849242.5295792,1759849242.6551404,0.12556123733520508
1759849242.5757973,1759849242.6985645,0.12276721000671387
1759849242.772614,1759849242.8930936,0.12047958374023438
1759849242.7320704,1759849242.9114323,0.17936182022094727
1759849242.9439628,1759849243.0601206,0.11615777015686035
1759849243.0115783,1759849243.1235156,0.11193728446960449
1759849243.1572225,1759849243.2928154,0.13559293746948242
1759849243.181509,1759849243.32298,0.14147090911865234
1759849243.3613431,1759849243.505321,0.14397788047790527
1759849243.4125645,1759849243.5246053,0.11204075813293457
1759849243.6228118,1759849243.7353501,0.11253833770751953
1759849243.5572596,1759849243.734506,0.1772463321685791
1759849243.7680793,1759849243.903771,0.13569164276123047
1759849243.768206,1759849243.91174,0.14353418350219727
1759849243.9440486,1759849244.0681305,0.12408185005187988
1759849244.0211442,1759849244.1385431,0.11739897727966309
1759849244.1706996,1759849244.289626,0.1189262866973877
1759849244.1896644,1759849244.3139148,0.12425041198730469
1759849244.3536913,1759849244.469395,0.11570358276367188
1759849244.407393,1759849244.5159683,0.10857534408569336
1759849244.5483568,1759849244.6717453,0.12338852882385254
1759849244.586483,1759849244.7264495,0.13996648788452148
1759849244.7606342,1759849244.904586,0.1439518928527832
1759849244.7890365,1759849244.9186485,0.12961196899414062
1759849244.9565642,1759849245.0670094,0.11044526100158691
1759849245.0260782,1759849245.1444776,0.11839938163757324
1759849245.1772482,1759849245.3107965,0.13354825973510742
1759849245.184112,1759849245.3116133,0.1275012493133545
1759849245.3497164,1759849245.469162,0.1194455623626709
1759849245.4283907,1759849245.5919342,0.1635434627532959
1759849245.627815,1759849245.741746,0.11393094062805176
1759849245.6985922,1759849245.8149917,0.11639952659606934
1759849245.8480701,1759849245.964754,0.1166839599609375
1759849245.85877,1759849245.9790077,0.12023782730102539
1759849246.0178268,1759849246.1305926,0.11276578903198242
1759849246.0821295,1759849246.1922803,0.11015081405639648
1759849246.2265706,1759849246.3513925,0.12482190132141113
1759849246.249023,1759849246.3728535,0.12383055686950684
1759849246.405044,1759849246.5181189,0.11307477951049805
1759849246.4729967,1759849246.6350791,0.16208243370056152
1759849246.668191,1759849246.7773015,0.10911059379577637
1759849246.7455332,1759849246.8573518,0.11181855201721191
1759849246.8985116,1759849247.0140667,0.1155550479888916
1759849246.8898306,1759849247.017811,0.12798047065734863
1759849247.0559945,1759849247.1753485,0.1193540096282959
1759849247.131828,1759849247.2430382,0.11121010780334473
1759849247.2784736,1759849247.4020717,0.12359809875488281
1759849247.2962713,1759849247.4350586,0.13878726959228516
1759849247.4714675,1759849247.5848877,0.11342024803161621
1759849247.5230038,1759849247.6449893,0.12198543548583984
1759849247.682961,1759849247.7946405,0.1116795539855957
1759849247.705564,1759849247.8260503,0.12048625946044922
1759849247.8623915,1759849247.9743862,0.11199474334716797
1759849247.9117541,1759849248.0317574,0.12000322341918945
1759849248.0648897,1759849248.1799967,0.11510705947875977
1759849248.09142,1759849248.2058127,0.11439275741577148
1759849248.2431345,1759849248.4282496,0.18511509895324707
1759849248.2973094,1759849248.4340284,0.1367189884185791
1759849248.4722667,1759849248.5818357,0.10956907272338867
1759849248.545556,1759849248.6657183,0.1201622486114502
1759849248.6984842,1759849248.8325155,0.1340312957763672
1759849248.6996882,1759849248.8358576,0.13616943359375
1759849248.86822,1759849248.9764893,0.10826921463012695
1759849248.9498317,1759849249.0733697,0.12353801727294922
1759849249.1121607,1759849249.229647,0.11748623847961426
1759849249.205895,1759849249.3218563,0.11596131324768066
1759849249.3593888,1759849249.4783404,0.11895155906677246
1759849249.458592,1759849249.5663128,0.10772085189819336
1759849249.6011918,1759849249.7423878,0.14119601249694824
1759849249.6011639,1759849249.7720532,0.17088937759399414
1759849249.8093038,1759849249.9276004,0.11829662322998047
1759849249.8594902,1759849249.9705346,0.11104440689086914
1759849250.0082757,1759849250.1312377,0.12296199798583984
1759849250.0467305,1759849250.1549478,0.10821723937988281
1759849250.1940098,1759849250.318989,0.12497925758361816
1759849250.248717,1759849250.3690023,0.1202852725982666
1759849250.4084609,1759849250.5323925,0.1239316463470459
1759849250.4376168,1759849250.563031,0.12541413307189941
1759849250.610424,1759849250.7243643,0.11394023895263672
1759849250.6536205,1759849250.7654986,0.1118781566619873
1759849250.8036075,1759849250.919425,0.11581754684448242
1759849250.842128,1759849250.960622,0.11849403381347656
1759849250.9935575,1759849251.1113336,0.11777615547180176
1759849251.036617,1759849251.1487424,0.11212539672851562
1759849251.228663,1759849251.3465664,0.11790347099304199
1759849251.185426,1759849251.377945,0.192518949508667
1759849251.410662,1759849251.5389671,0.12830519676208496
1759849251.4679866,1759849251.5960238,0.1280372142791748
1759849251.629614,1759849251.7419524,0.11233830451965332
1759849251.6562357,1759849251.7920327,0.13579702377319336
1759849251.8301046,1759849251.9669943,0.13688969612121582
1759849251.8594368,1759849251.9964194,0.13698267936706543
1759849252.032889,1759849252.1455564,0.11266756057739258
1759849252.0847204,1759849252.2024808,0.11776041984558105
1759849252.2403762,1759849252.3605647,0.12018847465515137
1759849252.265326,1759849252.3835108,0.11818480491638184
1759849252.4188807,1759849252.5953863,0.17650556564331055
1759849252.4780993,1759849252.5988693,0.12076997756958008
1759849252.6379964,1759849252.7482405,0.1102440357208252
1759849252.7135777,1759849252.8271058,0.11352801322937012
1759849252.861337,1759849252.9754498,0.11411285400390625
1759849252.8665097,1759849252.990023,0.12351322174072266
1759849253.0287247,1759849253.1498926,0.12116789817810059
1759849253.0953507,1759849253.208029,0.11267828941345215
1759849253.2447472,1759849253.362527,0.11777973175048828
1759849253.2686968,1759849253.3931,0.12440323829650879
1759849253.431574,1759849253.5538793,0.12230515480041504
1759849253.4801939,1759849253.591233,0.1110391616821289
1759849253.6241217,1759849253.7546198,0.13049817085266113
1759849253.6712415,1759849253.79132,0.12007856369018555
1759849253.8275216,1759849253.9692876,0.14176607131958008
1759849253.8720226,1759849253.9970381,0.1250154972076416
1759849254.03552,1759849254.1576953,0.12217521667480469
1759849254.0868137,1759849254.2042696,0.11745595932006836
1759849254.2754152,1759849254.4057264,0.1303112506866455
1759849254.2382267,1759849254.4191134,0.18088674545288086
1759849254.462661,1759849254.58219,0.11952900886535645
1759849254.5241425,1759849254.65133,0.12718749046325684
1759849254.685161,1759849254.8123314,0.12717032432556152
1759849254.7032351,1759849254.8193994,0.1161642074584961
1759849254.8540199,1759849254.9671752,0.11315536499023438
1759849254.9296308,1759849255.0402536,0.11062288284301758
1759849255.0848715,1759849255.224389,0.13951754570007324
1759849255.084837,1759849255.224598,0.13976097106933594
1759849255.260944,1759849255.3770988,0.11615490913391113
1759849255.3419576,1759849255.507471,0.1655135154724121
1759849255.5400212,1759849255.654324,0.1143028736114502
1759849255.6044552,1759849255.7178268,0.11337161064147949
1759849255.7534869,1759849255.8825686,0.12908172607421875
1759849255.7728755,1759849255.8873196,0.11444401741027832
1759849255.9254541,1759849256.0338752,0.10842108726501465
1759849256.0000973,1759849256.1160324,0.11593508720397949
1759849256.1533332,1759849256.2965622,0.14322900772094727
1759849256.1528637,1759849256.3010604,0.14819669723510742
1759849256.3339412,1759849256.4528167,0.11887550354003906
1759849256.4138594,1759849256.5227542,0.10889482498168945
1759849256.5577683,1759849256.677536,0.11976766586303711
1759849256.5738957,1759849256.7026322,0.1287364959716797
1759849256.7442954,1759849256.873549,0.12925362586975098
1759849256.7962801,1759849256.9240813,0.12780117988586426
1759849256.9632297,1759849257.0859416,0.1227118968963623
1759849256.9906068,1759849257.122881,0.13227415084838867
1759849257.2073383,1759849257.3458366,0.13849830627441406
1759849257.1564245,1759849257.3602345,0.2038099765777588
1759849257.3945203,1759849257.5291922,0.13467192649841309
1759849257.4654467,1759849257.5835605,0.11811375617980957
1759849257.6160188,1759849257.736253,0.12023425102233887
1759849257.6478229,1759849257.7781715,0.13034868240356445
1759849257.8148587,1759849257.9515612,0.1367025375366211
1759849257.853423,1759849257.9789207,0.12549757957458496
1759849258.0187147,1759849258.1433458,0.12463116645812988
1759849258.0747366,1759849258.2074244,0.13268780708312988
1759849258.2608266,1759849258.3823435,0.12151694297790527
1759849258.2472742,1759849258.385745,0.13847088813781738
1759849258.419559,1759849258.546212,0.12665295600891113
1759849258.499787,1759849258.6618733,0.16208624839782715
1759849258.6994743,1759849258.818888,0.11941361427307129
1759849258.7752724,1759849258.9150605,0.13978815078735352
1759849258.9491444,1759849259.0802374,0.13109302520751953
1759849259.048157,1759849259.159147,0.11099004745483398
1759849259.1951501,1759849259.3226967,0.1275465488433838
1759849259.2021358,1759849259.346052,0.14391613006591797
1759849259.3894544,1759849259.5216513,0.13219690322875977
1759849259.4457273,1759849259.5614715,0.11574411392211914
1759849259.6015906,1759849259.7177775,0.11618685722351074
1759849259.6403983,1759849259.7655604,0.12516212463378906
1759849259.805602,1759849259.9511783,0.14557623863220215
1759849259.835122,1759849259.97404,0.1389179229736328
1759849260.0215938,1759849260.13409,0.11249613761901855
1759849260.0733986,1759849260.2601175,0.18671894073486328
1759849260.298572,1759849260.4298208,0.13124871253967285
1759849260.3655868,1759849260.4924178,0.1268310546875
1759849260.5322444,1759849260.6549127,0.12266826629638672
1759849260.5491848,1759849260.6869926,0.13780784606933594
1759849260.7255008,1759849260.8662267,0.14072585105895996
1759849260.7720625,1759849260.8966029,0.12454032897949219
1759849260.9321644,1759849261.0611408,0.12897634506225586
1759849260.9892035,1759849261.1126087,0.12340521812438965
1759849261.1483922,1759849261.2983463,0.14995408058166504
1759849261.178859,1759849261.31351,0.13465094566345215
1759849261.3458555,1759849261.4593365,0.11348104476928711
1759849261.4187026,1759849261.5410838,0.12238121032714844
1759849261.5797336,1759849261.734067,0.15433335304260254
1759849261.5799267,1759849261.775755,0.19582819938659668
1759849261.8081987,1759849261.9217484,0.11354970932006836
1759849261.857414,1759849261.982547,0.12513303756713867
1759849262.0264454,1759849262.1718242,0.14537882804870605
1759849262.0388875,1759849262.1775026,0.13861513137817383
1759849262.2134936,1759849262.3268013,0.11330771446228027
1759849262.2934027,1759849262.4195285,0.12612581253051758
1759849262.454004,1759849262.5765705,0.12256646156311035
1759849262.4536335,1759849262.59124,0.13760638236999512
1759849262.627549,1759849262.7636447,0.13609576225280762
1759849262.6953385,1759849262.8165944,0.12125587463378906
1759849262.8618197,1759849262.9864795,0.12465977668762207
1759849262.883485,1759849263.0326667,0.14918160438537598
1759849263.0686328,1759849263.2005594,0.1319265365600586
1759849263.1039677,1759849263.2269604,0.12299275398254395
1759849263.2656753,1759849263.3881714,0.12249612808227539
1759849263.3192167,1759849263.510646,0.19142937660217285
1759849263.5465305,1759849263.682859,0.13632845878601074
1759849263.6156383,1759849263.7448978,0.12925958633422852
1759849263.7820468,1759849263.906732,0.12468528747558594
1759849263.8008988,1759849263.9507244,0.1498255729675293
1759849263.9877803,1759849264.139213,0.15143275260925293
1759849264.0281205,1759849264.1612082,0.1330876350402832
1759849264.200047,1759849264.3230839,0.12303686141967773
1759849264.2595658,1759849264.396511,0.13694524765014648
1759849264.4404917,1759849264.5575392,0.11704754829406738
1759849264.435906,1759849264.5878572,0.15195131301879883
1759849264.6260853,1759849264.749007,0.12292170524597168
1759849264.6746323,1759849264.8348153,0.16018295288085938
1759849264.8700657,1759849265.0189967,0.14893102645874023
1759849264.8700843,1759849265.0291996,0.15911531448364258
1759849265.0686045,1759849265.199642,0.13103747367858887
1759849265.1384146,1759849265.2558665,0.11745190620422363
1759849265.2942097,1759849265.4284027,0.13419294357299805
1759849265.3228586,1759849265.46108,0.13822150230407715
1759849265.5105786,1759849265.6466427,0.1360640525817871
1759849265.545554,1759849265.658505,0.11295104026794434
1759849265.696892,1759849265.8090227,0.11213064193725586
1759849265.7654905,1759849265.8939393,0.1284487247467041
1759849265.9308014,1759849266.0655532,0.1347517967224121
1759849265.930738,1759849266.0805078,0.14976978302001953
1759849266.11842,1759849266.2526293,0.13420939445495605
1759849266.1829839,1759849266.2950115,0.11202764511108398
1759849266.3276527,1759849266.442723,0.11507034301757812
1759849266.3712394,1759849266.546181,0.1749415397644043
1759849266.5847766,1759849266.7113223,0.12654566764831543
1759849266.6703508,1759849266.7771542,0.10680341720581055
1759849266.8131316,1759849266.9359515,0.12281990051269531
1759849266.8296936,1759849266.956478,0.1267845630645752
1759849267.003657,1759849267.1399047,0.1362476348876953
1759849267.0571187,1759849267.1858606,0.12874197959899902
1759849267.2195377,1759849267.3451345,0.1255967617034912
1759849267.258253,1759849267.3975701,0.13931703567504883
1759849267.4306245,1759849267.5616634,0.13103890419006348
1759849267.4625895,1759849267.579548,0.1169583797454834
1759849267.6127212,1759849267.7897575,0.17703628540039062
1759849267.6824286,1759849267.8102336,0.12780499458312988
1759849267.8431861,1759849267.978318,0.1351318359375
1759849267.907254,1759849268.0285032,0.12124919891357422
1759849268.0608115,1759849268.1752148,0.11440324783325195
1759849268.096511,1759849268.2325182,0.13600730895996094
1759849268.2660205,1759849268.4123287,0.14630818367004395
1759849268.2937336,1759849268.4337177,0.139984130859375
1759849268.4767582,1759849268.5894434,0.1126852035522461
1759849268.5307164,1759849268.6634476,0.13273119926452637
1759849268.7065756,1759849268.8301125,0.12353682518005371
1759849268.700552,1759849268.840321,0.1397690773010254
1759849268.8790338,1759849269.0093572,0.1303234100341797
1759849268.947215,1759849269.0692968,0.12208175659179688
1759849269.1062706,1759849269.235856,0.12958550453186035
1759849269.1276217,1759849269.3237252,0.19610357284545898
1759849269.3605309,1759849269.4819944,0.12146353721618652
1759849269.3604798,1759849269.4931743,0.13269448280334473
1759849269.5302134,1759849269.6600695,0.12985610961914062
1759849269.6004548,1759849269.711564,0.11110925674438477
1759849269.7462938,1759849269.8925245,0.14623069763183594
1759849269.7786353,1759849269.9070225,0.1283872127532959
1759849269.9431949,1759849270.0869834,0.14378857612609863
1759849270.0104072,1759849270.1361694,0.1257622241973877
1759849270.1687872,1759849270.3117464,0.1429591178894043
1759849270.205652,1759849270.3360193,0.13036727905273438
1759849270.3725672,1759849270.507777,0.1352097988128662
1759849270.4325728,1759849270.565395,0.13282227516174316
1759849270.6042938,1759849270.738362,0.13406825065612793
1759849270.6301289,1759849270.7820747,0.1519458293914795
1759849270.815627,1759849270.9576707,0.1420435905456543
1759849270.8556437,1759849271.04988,0.19423627853393555
1759849271.0857255,1759849271.205996,0.1202704906463623
1759849271.08579,1759849271.2474272,0.1616373062133789
1759849271.2822745,1759849271.4284656,0.14619112014770508
1759849271.3235114,1759849271.450183,0.12667155265808105
1759849271.4883156,1759849271.6090517,0.12073612213134766
1759849271.546792,1759849271.6745963,0.12780427932739258
1759849271.7077076,1759849271.859555,0.15184736251831055
1759849271.7267573,1759849271.8694713,0.1427140235900879
1759849271.918366,1759849272.0382767,0.11991071701049805
1759849271.978015,1759849272.1037884,0.12577342987060547
1759849272.156102,1759849272.2980192,0.14191722869873047
1759849272.1517525,1759849272.30824,0.15648746490478516
1759849272.3477561,1759849272.5476568,0.19990062713623047
1759849272.4167726,1759849272.5510092,0.13423657417297363
1759849272.58445,1759849272.697348,0.11289811134338379
1759849272.6659253,1759849272.7922478,0.12632250785827637
1759849272.8255465,1759849272.9593363,0.1337897777557373
1759849272.9253852,1759849273.0662591,0.14087390899658203
1759849273.106348,1759849273.2179875,0.11163949966430664
1759849273.1877105,1759849273.3128982,0.12518763542175293
1759849273.3532364,1759849273.4797716,0.12653517723083496
1759849273.445934,1759849273.5541875,0.10825347900390625
1759849273.5903308,1759849273.7149322,0.12460136413574219
1759849273.5994418,1759849273.7485893,0.14914751052856445
1759849273.7882977,1759849273.9362826,0.14798498153686523
1759849273.8364642,1759849273.9581072,0.12164306640625
1759849274.0003195,1759849274.1155472,0.11522769927978516
1759849274.0572164,1759849274.184702,0.1274855136871338
1759849274.2212958,1759849274.3541765,0.13288068771362305
1759849274.232933,1759849274.416631,0.18369793891906738
1759849274.4549375,1759849274.5771368,0.12219929695129395
1759849274.473291,1759849274.6242998,0.15100884437561035
1759849274.660434,1759849274.8078806,0.1474466323852539
1759849274.6958008,1759849274.8269277,0.13112688064575195
1759849274.8637261,1759849274.9732118,0.10948562622070312
1759849274.9289598,1759849275.0624666,0.13350677490234375
1759849275.1023557,1759849275.2312942,0.1289384365081787
1759849275.2008896,1759849275.3178165,0.11692690849304199
1759849275.3536677,1759849275.4907737,0.13710594177246094
1759849275.3537915,1759849275.5048676,0.151076078414917
1759849275.6085937,1759849275.7244081,0.1158144474029541
1759849275.5406013,1759849275.7442534,0.20365214347839355
1759849275.7835426,1759849275.93077,0.14722728729248047
1759849275.841975,1759849275.9819214,0.13994646072387695
1759849276.017046,1759849276.133959,0.1169130802154541
1759849276.1438906,1759849276.2594607,0.115570068359375
1759849276.267983,1759849276.3833961,0.11541318893432617
1759849276.3919573,1759849276.5052426,0.11328530311584473
1759849276.5134258,1759849276.6236053,0.11017942428588867
1759849276.6319652,1759849276.7928803,0.16091513633728027
1759850153.2248065,1759850153.355232,0.13042545318603516
1759850154.3928244,1759850154.5238152,0.13099074363708496
1759850154.3479323,1759850154.4988718,0.1509394645690918
1759850155.457564,1759850155.5757384,0.11817431449890137
1759850155.5377665,1759850155.6588414,0.12107491493225098
1759850156.5759904,1759850156.718212,0.14222145080566406
1759850156.6432183,1759850156.775519,0.13230061531066895
1759850157.8214717,1759850157.9634519,0.14198017120361328
1759850157.7817285,1759850157.9183104,0.1365818977355957
1759850158.8922203,1759850159.0218148,0.1295945644378662
1759850158.989053,1759850159.1266766,0.13762354850769043
1759850160.010986,1759850160.1418178,0.13083171844482422
1759850160.105928,1759850160.2210338,0.11510586738586426
1759850161.2048874,1759850161.3564005,0.15151309967041016
1759850161.1916575,1759850161.3434749,0.15181732177734375
1759850162.2827606,1759850162.4570255,0.17426490783691406
1759850162.3631759,1759850162.5481932,0.18501734733581543
1759850163.4368675,1759850163.5892448,0.15237736701965332
1759850163.5102687,1759850163.6356127,0.12534403800964355
1759850164.6518984,1759850164.800085,0.14818668365478516
1759850164.622629,1759850164.7436268,0.12099790573120117
1759850165.705963,1759850165.8272412,0.12127828598022461
1759850165.7921815,1759850165.9277248,0.1355433464050293
1759850166.8184683,1759850166.9434268,0.12495851516723633
1759850166.9126577,1759850167.040621,0.12796330451965332
1759850168.0331974,1759850168.1546946,0.12149715423583984
1759850168.1280732,1759850168.2776992,0.1496260166168213
1759850169.1697195,1759850169.2964227,0.12670326232910156
1759850169.2329283,1759850169.3547125,0.12178421020507812
1759850170.375609,1759850170.5169337,0.14132475852966309
1759850170.3595066,1759850170.4986699,0.13916325569152832
1759850171.5178852,1759850171.653592,0.13570690155029297
1759850171.464837,1759850171.5937984,0.12896132469177246
1759850172.5662677,1759850172.7130384,0.14677071571350098
1759850172.566234,1759850172.710305,0.14407086372375488
1759850173.70083,1759850173.8468575,0.1460275650024414
1759850173.6639009,1759850173.8042498,0.1403489112854004
1759850174.8354785,1759850174.9855676,0.15008902549743652
1759850174.7709537,1759850174.896336,0.1253824234008789
1759850175.8665087,1759850175.9929826,0.12647390365600586
1759850175.9190154,1759850176.0567195,0.13770413398742676
1759850176.0938172,1759850176.2934551,0.19963788986206055
1759850176.115613,1759850176.3140469,0.19843387603759766
1759850176.3593705,1759850176.4849825,0.1256120204925537
1759850176.4126866,1759850176.5484774,0.13579082489013672
1759850176.6048784,1759850176.7374387,0.13256025314331055
1759850176.592689,1759850176.7395766,0.14688754081726074
1759850176.784135,1759850176.9161232,0.1319880485534668
1759850176.8566153,1759850177.0020263,0.14541101455688477
1759850177.0438063,1759850177.179131,0.13532471656799316
1759850177.0438595,1759850177.1806977,0.13683819770812988
1759850177.2147245,1759850177.3437366,0.1290121078491211
1759850177.2977233,1759850177.4241366,0.12641334533691406
1759850177.463153,1759850177.5926957,0.12954282760620117
1759850177.4626076,1759850177.5975266,0.1349189281463623
1759850177.6365252,1759850177.757791,0.12126588821411133
1759850177.7106335,1759850177.83792,0.12728643417358398
1759850177.871622,1759850177.9954243,0.12380218505859375
1759850177.8765504,1759850178.0158348,0.13928437232971191
1759850178.053451,1759850178.1925256,0.13907456398010254
1759850178.1156201,1759850178.229139,0.11351895332336426
1759850178.266688,1759850178.3914034,0.12471532821655273
1759850178.3114018,1759850178.4443336,0.13293170928955078
1759850178.4786026,1759850178.616777,0.13817429542541504
1759850178.5096428,1759850178.6370726,0.12742972373962402
1759850178.676709,1759850178.7972846,0.1205756664276123
1759850178.7353835,1759850178.8620203,0.12663674354553223
1759850178.8995042,1759850179.0462303,0.14672613143920898
1759850178.9165387,1759850179.0905817,0.1740429401397705
1759850179.1293962,1759850179.252759,0.12336277961730957
1759850179.169313,1759850179.3502088,0.18089580535888672
1759850179.384762,1759850179.5113358,0.12657380104064941
1759850179.4818106,1759850179.5910695,0.10925889015197754
1759850179.6259348,1759850179.7597172,0.13378238677978516
1759850179.63112,1759850179.7650778,0.1339578628540039
1759850179.8000793,1759850179.9250581,0.12497878074645996
1759850179.8785923,1759850179.9918315,0.11323928833007812
1759850180.030471,1759850180.1548731,0.12440204620361328
1759850180.043372,1759850180.1856725,0.14230060577392578
1759850180.2240157,1759850180.3524365,0.12842082977294922
1759850180.2743714,1759850180.3957703,0.12139892578125
1759850180.4284947,1759850180.558047,0.12955236434936523
1759850180.471582,1759850180.6030633,0.13148140907287598
1759850180.6474645,1759850180.7895455,0.14208102226257324
1759850180.6756296,1759850180.7992506,0.12362098693847656
1759850180.8383934,1759850180.95446,0.11606645584106445
1759850180.9082196,1759850181.0421553,0.13393568992614746
1759850181.0759213,1759850181.1997688,0.12384748458862305
1759850181.0758066,1759850181.2212956,0.14548897743225098
1759850181.2573066,1759850181.3937845,0.13647794723510742
1759850181.321264,1759850181.4380953,0.11683130264282227
1759850181.4709764,1759850181.599225,0.1282486915588379
1759850181.5137732,1759850181.6531167,0.1393435001373291
1759850181.6876361,1759850181.8225155,0.13487935066223145
1759850181.717922,1759850181.848651,0.13072896003723145
1759850181.887515,1759850182.0115972,0.12408208847045898
1759850181.9411242,1759850182.072757,0.13163280487060547
1759850182.131164,1759850182.3148408,0.18367671966552734
1759850182.1121864,1759850182.3139787,0.20179224014282227
1759850182.3486853,1759850182.4723878,0.1237025260925293
1759850182.4319882,1759850182.570501,0.13851284980773926
1759850182.6065261,1759850182.7158484,0.10932230949401855
1759850182.7013984,1759850182.8196862,0.11828780174255371
1759850182.8595445,1759850182.9919102,0.13236570358276367
1759850182.9467003,1759850183.0643919,0.1176915168762207
1759850183.1020272,1759850183.213836,0.11180877685546875
1759850183.1133602,1759850183.2759504,0.16259026527404785
1759850183.3312435,1759850183.4508703,0.11962676048278809
1759850183.3154764,1759850183.4644506,0.14897418022155762
1759850183.503704,1759850183.6293967,0.12569260597229004
1759850183.5686193,1759850183.6963115,0.12769222259521484
1759850183.7297118,1759850183.848392,0.11868023872375488
1759850183.7491775,1759850183.8773742,0.12819671630859375
1759850183.9124038,1759850184.0496714,0.1372675895690918
1759850183.9673197,1759850184.0878015,0.12048172950744629
1759850184.1223297,1759850184.2442632,0.1219334602355957
1759850184.1733255,1759850184.3106756,0.13735008239746094
1759850184.344983,1759850184.470447,0.12546396255493164
1759850184.3635209,1759850184.4876237,0.12410283088684082
1759850184.521711,1759850184.6415231,0.11981201171875
1759850184.5911117,1759850184.717875,0.12676334381103516
1759850184.7592826,1759850184.867689,0.10840630531311035
1759850184.7555358,1759850184.9067857,0.15124988555908203
1759850184.9444861,1759850185.0792677,0.1347815990447998
1759850184.9849463,1759850185.1677358,0.18278956413269043
1759850185.2044046,1759850185.3295813,0.12517666816711426
1759850185.2045035,1759850185.3975673,0.19306373596191406
1759850185.4479425,1759850185.571255,0.12331247329711914
1759850185.4320397,1759850185.5853448,0.1533050537109375
1759850185.620905,1759850185.7578957,0.13699078559875488
1759850185.6891587,1759850185.8066542,0.11749553680419922
1759850185.8426158,1759850185.9717507,0.1291348934173584
1759850185.8805685,1759850186.0137699,0.13320136070251465
1759850186.049099,1759850186.1974525,0.14835357666015625
1759850186.093167,1759850186.2107284,0.11756134033203125
1759850186.2504551,1759850186.3640275,0.11357235908508301
1759850186.3171222,1759850186.437475,0.12035274505615234
1759850186.4815543,1759850186.594328,0.11277365684509277
1759850186.478961,1759850186.622978,0.14401698112487793
1759850186.6564631,1759850186.7858853,0.12942218780517578
1759850186.7118914,1759850186.83273,0.12083864212036133
1759850186.8663495,1759850186.9965742,0.13022470474243164
1759850186.9040906,1759850187.0621836,0.15809297561645508
1759850187.096625,1759850187.2256155,0.12899041175842285
1759850187.1142387,1759850187.2317164,0.1174776554107666
1759850187.265785,1759850187.3812003,0.11541533470153809
1759850187.3441684,1759850187.461096,0.1169276237487793
1759850187.501013,1759850187.6259634,0.12495040893554688
1759850187.5010026,1759850187.6422777,0.14127516746520996
1759850187.677873,1759850187.8091996,0.13132667541503906
1759850187.7445092,1759850187.8671973,0.12268805503845215
1759850187.932277,1759850188.0720153,0.1397383213043213
1759850187.9028895,1759850188.0908043,0.18791484832763672
1759850188.123765,1759850188.240727,0.11696195602416992
1759850188.193549,1759850188.3678637,0.1743147373199463
1759850188.4074454,1759850188.535865,0.1284196376800537
1759850188.4683173,1759850188.6021168,0.13379955291748047
1759850188.6495938,1759850188.7630782,0.11348438262939453
1759850188.654218,1759850188.7972891,0.14307117462158203
1759850188.831663,1759850188.9668095,0.1351466178894043
1759850188.8825212,1759850189.0005262,0.11800503730773926
1759850189.036352,1759850189.1487339,0.1123819351196289
1759850189.085492,1759850189.221795,0.13630318641662598
1759850189.266082,1759850189.3871942,0.12111210823059082
1759850189.2603166,1759850189.3995357,0.13921904563903809
1759850189.4331236,1759850189.5628157,0.12969207763671875
1759850189.505417,1759850189.6301715,0.12475442886352539
1759850189.663352,1759850189.787704,0.12435197830200195
1759850189.682352,1759850189.8171797,0.1348276138305664
1759850189.8571472,1759850189.9964516,0.13930439949035645
1759850189.907171,1759850190.033306,0.12613487243652344
1759850190.0663414,1759850190.1850038,0.11866235733032227
1759850190.1212144,1759850190.2583148,0.1371004581451416
1759850190.3025606,1759850190.4399607,0.13740015029907227
1759850190.2981422,1759850190.439138,0.14099574089050293
1759850190.4774983,1759850190.5983849,0.12088656425476074
1759850190.4774983,1759850190.6320307,0.15453243255615234
1759850190.6675875,1759850190.7977288,0.1301412582397461
1759850190.7181234,1759850190.836689,0.11856555938720703
1759850190.875367,1759850190.9911244,0.11575746536254883
1759850190.916279,1759850191.0945106,0.17823147773742676
1759850191.1286175,1759850191.254998,0.12638044357299805
1759850191.2199402,1759850191.3813426,0.16140246391296387
1759850191.4165082,1759850191.5288413,0.11233305931091309
1759850191.4848912,1759850191.6246712,0.13978004455566406
1759850191.6604104,1759850191.777139,0.11672854423522949
1759850191.758898,1759850191.8696852,0.11078715324401855
1759850191.903044,1759850192.0408983,0.13785433769226074
1759850191.903059,1759850192.0414097,0.1383507251739502
1759850192.0743573,1759850192.1936865,0.11932921409606934
1759850192.1581426,1759850192.2691011,0.11095857620239258
1759850192.3020566,1759850192.4267504,0.1246938705444336
1759850192.3150554,1759850192.4336295,0.11857414245605469
1759850192.4685574,1759850192.5858274,0.11726999282836914
1759850192.5442133,1759850192.679629,0.13541579246520996
1759850192.7181253,1759850192.8329527,0.11482739448547363
1759850192.8150947,1759850192.9206817,0.10558700561523438
1759850192.9532423,1759850193.0982661,0.14502382278442383
1759850192.9532495,1759850193.10057,0.14732050895690918
1759850193.1367662,1759850193.2518709,0.11510467529296875
1759850193.2162776,1759850193.3362575,0.1199798583984375
1759850193.3749163,1759850193.4928377,0.11792135238647461
1759850193.3750587,1759850193.5051093,0.1300506591796875
1759850193.5398183,1759850193.6640863,0.1242680549621582
1759850193.6116385,1759850193.7233965,0.11175799369812012
1759850193.7559764,1759850193.8750312,0.11905479431152344
1759850193.781421,1759850193.916307,0.1348860263824463
1759850193.949342,1759850194.081753,0.13241100311279297
1759850193.9962354,1759850194.16944,0.17320466041564941
1759850194.2053683,1759850194.3470795,0.14171123504638672
1759850194.2053366,1759850194.390422,0.18508553504943848
1759850194.4230888,1759850194.5447292,0.12164044380187988
1759850194.4647956,1759850194.5794356,0.1146399974822998
1759850194.6168084,1759850194.7362602,0.11945176124572754
1759850194.6624255,1759850194.7814927,0.11906719207763672
1759850194.814564,1759850194.9345295,0.1199655532836914
1759850194.8536353,1759850194.9787755,0.12514019012451172
1759850195.0150988,1759850195.134461,0.11936211585998535
1759850195.0554416,1759850195.1683724,0.1129307746887207
1759850195.2046583,1759850195.328782,0.12412381172180176
1759850195.2533026,1759850195.3673315,0.1140289306640625
1759850195.4025424,1759850195.5300243,0.12748193740844727
1759850195.4475539,1759850195.582063,0.13450908660888672
1759850195.6201823,1759850195.7445836,0.12440133094787598
1759850195.6490023,1759850195.7796118,0.13060951232910156
1759850195.8183951,1759850195.9340506,0.11565542221069336
1759850195.8619292,1759850195.9985461,0.13661694526672363
1759850196.0459661,1759850196.1746156,0.12864947319030762
1759850196.0513225,1759850196.1865957,0.13527321815490723
1759850196.2259998,1759850196.3381538,0.11215400695800781
1759850196.2920158,1759850196.4170961,0.12508034706115723
1759850196.4551897,1759850196.5837896,0.1285998821258545
1759850196.4555147,1759850196.5920835,0.13656878471374512
1759850196.6293542,1759850196.7530475,0.12369322776794434
1759850196.7009215,1759850196.8224947,0.12157320976257324
1759850196.8610864,1759850196.9945135,0.13342714309692383
1759850196.8704796,1759850197.0676,0.19712042808532715
1759850197.1043146,1759850197.225971,0.12165641784667969
1759850197.1125746,1759850197.2864866,0.17391204833984375
1759850197.3225546,1759850197.4398885,0.11733388900756836
1759850197.3474636,1759850197.4784827,0.13101911544799805
1759850197.5153801,1759850197.628541,0.11316084861755371
1759850197.5573192,1759850197.6670685,0.10974931716918945
1759850197.702526,1759850197.816467,0.11394095420837402
1759850197.749652,1759850197.8624508,0.11279892921447754
1759850197.9043238,1759850198.0194643,0.11514043807983398
1759850197.9373932,1759850198.0601356,0.1227424144744873
1759850198.0936556,1759850198.218721,0.12506532669067383
1759850198.1372688,1759850198.2527895,0.11552071571350098
1759850198.2859404,1759850198.4099667,0.12402629852294922
1759850198.3380194,1759850198.4540188,0.11599946022033691
1759850198.4925404,1759850198.6109483,0.1184079647064209
1759850198.5290105,1759850198.6409702,0.11195969581604004
1759850198.676373,1759850198.8017747,0.12540173530578613
1759850198.7281551,1759850198.8475485,0.11939334869384766
1759850198.8820884,1759850199.0075512,0.12546277046203613
1759850198.9203293,1759850199.0425696,0.12224030494689941
1759850199.080298,1759850199.217464,0.13716602325439453
1759850199.1249218,1759850199.269078,0.14415621757507324
1759850199.3057892,1759850199.4442353,0.13844609260559082
1759850199.3362467,1759850199.4741447,0.13789796829223633
1759850199.5124981,1759850199.627986,0.11548781394958496
1759850199.562721,1759850199.6836529,0.12093186378479004
1759850199.7224324,1759850199.9147604,0.19232797622680664
1759850199.745306,1759850199.9222214,0.17691540718078613
1759850199.9581976,1759850200.1016757,0.1434781551361084
1759850200.0360515,1759850200.199099,0.16304755210876465
1759850200.2343297,1759850200.3528638,0.11853408813476562
1759850200.333131,1759850200.4434001,0.11026906967163086
1759850200.478413,1759850200.5949998,0.11658668518066406
1759850200.4784544,1759850200.597395,0.11894059181213379
1759850200.6301744,1759850200.7403505,0.11017608642578125
1759850200.7135577,1759850200.8402116,0.12665390968322754
1759850200.8727527,1759850200.984729,0.11197638511657715
1759850200.9684637,1759850201.082523,0.1140594482421875
1759850201.1209917,1759850201.2616975,0.14070582389831543
1759850201.2122977,1759850201.3342848,0.12198710441589355
1759850201.3739307,1759850201.4890795,0.11514878273010254
1759850201.378949,1759850201.5072527,0.12830376625061035
1759850201.5433557,1759850201.6841924,0.1408367156982422
1759850201.6086347,1759850201.7193346,0.11069989204406738
1759850201.751904,1759850201.8664968,0.1145927906036377
1759850201.8019211,1759850201.9206433,0.11872220039367676
1759850201.9559984,1759850202.0894997,0.13350129127502441
1759850201.9866061,1759850202.115468,0.1288619041442871
1759850202.1547778,1759850202.2726414,0.11786365509033203
1759850202.2072203,1759850202.3189926,0.11177229881286621
1759850202.3538897,1759850202.485389,0.1314992904663086
1759850202.3914194,1759850202.5221286,0.13070917129516602
1759850202.5609205,1759850202.6813622,0.12044167518615723
1759850202.6027246,1759850202.724358,0.12163352966308594
1759850202.7584455,1759850202.869084,0.11063838005065918
1759850202.798708,1759850202.9581282,0.15942025184631348
1759850202.9959095,1759850203.1246479,0.1287384033203125
1759850202.9960139,1759850203.1912563,0.19524240493774414
1759850203.229368,1759850203.3449519,0.11558389663696289
1759850203.2476797,1759850203.3690684,0.12138867378234863
1759850203.4077115,1759850203.5273788,0.11966729164123535
1759850203.4624326,1759850203.5884016,0.12596893310546875
1759850203.6229384,1759850203.7561927,0.1332542896270752
1759850203.6460598,1759850203.7694283,0.12336850166320801
1759850203.806145,1759850203.9136844,0.10753941535949707
1759850203.87619,1759850204.004669,0.12847900390625
1759850204.045067,1759850204.1672375,0.12217044830322266
1759850204.1413429,1759850204.2587297,0.1173868179321289
1759850204.2949157,1759850204.4114656,0.11654996871948242
1759850204.2949088,1759850204.4441967,0.14928793907165527
1759850204.4812164,1759850204.6116712,0.13045477867126465
1759850204.5309625,1759850204.652708,0.12174558639526367
1759850204.6903737,1759850204.8125927,0.12221908569335938
1759850204.7300024,1759850204.8659363,0.13593387603759766
1759850204.9013996,1759850205.0480351,0.1466355323791504
1759850204.9301925,1759850205.062896,0.13270354270935059
1759850205.0984042,1759850205.2189338,0.1205296516418457
1759850205.1682215,1759850205.3190527,0.1508312225341797
1759850205.353663,1759850205.4792457,0.12558269500732422
1759850205.4476302,1759850205.556854,0.10922384262084961
1759850205.591301,1759850205.7105098,0.11920881271362305
1759850205.5975542,1759850205.728194,0.13063979148864746
1759850205.7677577,1759850205.8988793,0.13112163543701172
1759850205.8278043,1759850205.9931233,0.16531896591186523
1759850206.027281,1759850206.1557178,0.12843680381774902
1759850206.027476,1759850206.2319329,0.20445680618286133
1759850206.2742188,1759850206.4012754,0.12705659866333008
1759850206.266005,1759850206.4199758,0.15397071838378906
1759850206.4588158,1759850206.5938385,0.13502264022827148
1759850206.52044,1759850206.6457877,0.12534761428833008
1759850206.6783764,1759850206.8122745,0.13389801979064941
1759850206.7249346,1759850206.8659527,0.14101815223693848
1759850206.902645,1759850207.0311987,0.1285536289215088
1759850206.9332218,1759850207.0622835,0.12906169891357422
1759850207.0977244,1759850207.2239912,0.1262667179107666
1759850207.1517003,1759850207.281783,0.1300828456878662
1759850207.3410902,1759850207.4566393,0.11554908752441406
1759850207.3170414,1759850207.474763,0.15772151947021484
1759850207.5146506,1759850207.641159,0.12650847434997559
1759850207.576192,1759850207.6949997,0.11880779266357422
1759850207.731038,1759850207.8592806,0.12824249267578125
1759850207.7611582,1759850207.8990078,0.1378495693206787
1759850207.9335985,1759850208.081015,0.1474165916442871
1759850207.9779875,1759850208.1088889,0.13090133666992188
1759850208.146424,1759850208.274751,0.1283268928527832
1759850208.1995063,1759850208.3304048,0.13089847564697266
1759850208.3718119,1759850208.4996,0.12778806686401367
1759850208.3953774,1759850208.5246615,0.12928414344787598
1759850208.5567389,1759850208.7026393,0.14590048789978027
1759850208.6232903,1759850208.7529325,0.12964224815368652
1759850208.7865567,1759850208.9231634,0.13660669326782227
1759850208.821127,1759850208.991259,0.17013216018676758
1759850209.0279598,1759850209.1720808,0.1441209316253662
1759850209.0432448,1759850209.1908765,0.14763164520263672
1759850209.289351,1759850209.415224,0.12587308883666992
1759850209.2311852,1759850209.442743,0.21155786514282227
1759850209.4813774,1759850209.6124673,0.1310899257659912
1759850209.5342398,1759850209.65514,0.12090015411376953
1759850209.6900313,1759850209.8099864,0.11995506286621094
1759850209.730842,1759850209.8608968,0.13005471229553223
1759850209.894134,1759850210.0345616,0.1404275894165039
1759850209.9272377,1759850210.049008,0.12177014350891113
1759850210.0812597,1759850210.1947927,0.11353302001953125
1759850210.154353,1759850210.2747526,0.12039971351623535
1759850210.326867,1759850210.4500718,0.12320470809936523
1759850210.4223144,1759850210.5399766,0.11766219139099121
1759850210.5723066,1759850210.6930041,0.1206974983215332
1759850210.5758824,1759850210.7291842,0.15330171585083008
1759850210.7697642,1759850210.9109206,0.14115643501281738
1759850210.8101933,1759850210.9341393,0.12394595146179199
1759850210.9681873,1759850211.086164,0.11797666549682617
1759850211.029368,1759850211.1579885,0.12862062454223633
1759850211.2033114,1759850211.3299212,0.12660980224609375
1759850211.197514,1759850211.334808,0.13729405403137207
1759850211.3710923,1759850211.5019026,0.13081026077270508
1759850211.4473786,1759850211.5638812,0.11650252342224121
1759850211.5987978,1759850211.729507,0.13070917129516602
1759850211.62581,1759850211.7775462,0.15173625946044922
1759850211.8171532,1759850211.9707024,0.1535491943359375
1759850211.8483243,1759850212.0221136,0.17378926277160645
1759850212.0547738,1759850212.1767678,0.1219940185546875
1759850212.091191,1759850212.210493,0.11930203437805176
1759850212.2942142,1759850212.4248228,0.13060855865478516
1759850212.2508347,1759850212.4439902,0.19315552711486816
1759850212.4832997,1759850212.616916,0.13361620903015137
1759850212.5421116,1759850212.6619241,0.1198124885559082
1759850212.6967118,1759850212.8214018,0.12469005584716797
1759850212.7357104,1759850212.8765824,0.14087200164794922
1759850212.938509,1759850213.056039,0.11753010749816895
1759850212.9159992,1759850213.067521,0.15152192115783691
1759850213.1038105,1759850213.2389116,0.1351010799407959
1759850213.1771195,1759850213.292994,0.1158745288848877
1759850213.33007,1759850213.4636946,0.13362455368041992
1759850213.358384,1759850213.5182073,0.15982341766357422
1759850213.5533297,1759850213.7008708,0.14754104614257812
1759850213.5809214,1759850213.7187943,0.13787293434143066
1759850213.7525792,1759850213.8955605,0.14298129081726074
1759850213.8192701,1759850213.9520333,0.13276314735412598
1759850213.9873257,1759850214.1396163,0.15229058265686035
1759850214.0162504,1759850214.1494467,0.13319635391235352
1759850214.189102,1759850214.3098817,0.12077975273132324
1759850214.2591949,1759850214.409073,0.14987826347351074
1759850214.4436557,1759850214.581467,0.13781118392944336
1759850214.537556,1759850214.649839,0.11228299140930176
1759850214.6890373,1759850214.8208961,0.13185882568359375
1759850214.7050426,1759850214.8418133,0.13677072525024414
1759850214.882138,1759850215.0214412,0.13930320739746094
1759850214.9381723,1759850215.1106987,0.17252635955810547
1759850215.147676,1759850215.2725797,0.12490367889404297
1759850215.1478727,1759850215.3360362,0.18816351890563965
1759850215.3730488,1759850215.5099995,0.13695073127746582
1759850215.3946712,1759850215.517282,0.12261080741882324
1759850215.5501363,1759850215.6964552,0.14631891250610352
1759850215.6283128,1759850215.7566905,0.12837767601013184
1759850215.7980669,1759850215.9324374,0.1343705654144287
1759850215.8140345,1759850215.9452047,0.13117027282714844
1759850215.9780393,1759850216.0941074,0.11606812477111816
1759850216.0513582,1759850216.184324,0.1329658031463623
1759850216.2211802,1759850216.3431106,0.12193036079406738
1759850216.2211745,1759850216.357311,0.13613653182983398
1759850216.3977082,1759850216.5243979,0.12668967247009277
1759850216.4606974,1759850216.5789788,0.11828136444091797
1759850216.620429,1759850216.741139,0.12070989608764648
1759850216.6465857,1759850216.787689,0.14110326766967773
1759850216.8241053,1759850216.9746337,0.1505284309387207
1759850216.8592188,1759850216.9757125,0.11649370193481445
1759850217.0089436,1759850217.1474326,0.1384890079498291
1759850217.008981,1759850217.1519659,0.14298486709594727
1759850217.1965375,1759850217.3242142,0.12767672538757324
1759850217.2658162,1759850217.3898506,0.12403440475463867
1759850217.4255798,1759850217.5544758,0.12889599800109863
1759850217.442637,1759850217.5765226,0.13388562202453613
1759850217.6162436,1759850217.7479823,0.13173866271972656
1759850217.6755779,1759850217.7934859,0.11790800094604492
1759850217.8672178,1759850218.0041378,0.13691997528076172
1759850217.8302042,1759850218.015481,0.18527674674987793
1759850218.0542538,1759850218.1710796,0.11682581901550293
1759850218.1222556,1759850218.3001182,0.17786264419555664
1759850218.3405418,1759850218.475435,0.13489317893981934
1759850218.3986504,1759850218.521353,0.12270259857177734
1759850218.5541372,1759850218.6846023,0.13046503067016602
1759850218.5937293,1759850218.7470837,0.15335440635681152
1759850218.7812848,1759850218.90548,0.12419509887695312
1759850218.804025,1759850218.9348257,0.13080072402954102
1759850218.9680157,1759850219.0888472,0.12083148956298828
1759850219.0242832,1759850219.1588051,0.1345219612121582
1759850219.1984963,1759850219.3367143,0.13821792602539062
1759850219.20614,1759850219.341758,0.13561797142028809
1759850219.3764112,1759850219.490762,0.11435079574584961
1759850219.4550834,1759850219.5804718,0.12538838386535645
1759850219.620777,1759850219.7677681,0.14699125289916992
1759850219.718153,1759850219.8305244,0.11237144470214844
1759850219.8680775,1759850219.9977517,0.12967419624328613
1759850219.8867533,1759850220.021313,0.13455963134765625
1759850220.059144,1759850220.1854432,0.12629914283752441
1759850220.1155987,1759850220.2412615,0.12566280364990234
1759850220.276748,1759850220.3932743,0.11652636528015137
1759850220.3132982,1759850220.449237,0.1359388828277588
1759850220.4891133,1759850220.6389978,0.14988446235656738
1759850220.5103986,1759850220.6464229,0.13602423667907715
1759850220.6846657,1759850220.855031,0.1703653335571289
1759850220.75727,1759850220.8830566,0.12578654289245605
1759850220.9201024,1759850221.0538037,0.13370132446289062
1759850220.972385,1759850221.088959,0.11657404899597168
1759850221.1230593,1759850221.2384691,0.11540985107421875
1759850221.1772902,1759850221.3573928,0.18010258674621582
1759850221.3976052,1759850221.530492,0.1328868865966797
1759850221.4664776,1759850221.577249,0.11077141761779785
1759850221.6097918,1759850221.7432117,0.13341999053955078
1759850221.6489317,1759850221.7814217,0.13248991966247559
1759850221.8217418,1759850221.9625452,0.14080333709716797
1759850221.8604987,1759850221.9804237,0.11992502212524414
1759850222.0206273,1759850222.1376824,0.11705517768859863
1759850222.08142,1759850222.206408,0.12498807907104492
1759850222.2468011,1759850222.3906457,0.1438446044921875
1759850222.2547507,1759850222.4094222,0.15467143058776855
1759850222.4452431,1759850222.554099,0.1088559627532959
1759850222.5103507,1759850222.6336923,0.12334156036376953
1759850222.6732478,1759850222.7956982,0.12245035171508789
1759850222.6733735,1759850222.8124766,0.13910317420959473
1759850222.8538163,1759850222.981788,0.12797164916992188
1759850222.9151127,1759850223.0252976,0.11018490791320801
1759850223.060667,1759850223.180679,0.12001204490661621
1759850223.103433,1759850223.2252922,0.12185931205749512
1759850223.2697356,1759850223.4119833,0.14224767684936523
1759850223.2975802,1759850223.4312563,0.13367605209350586
1759850223.4647398,1759850223.580068,0.11532831192016602
1759850223.5302992,1759850223.6539574,0.1236581802368164
1759850223.701129,1759850223.8296602,0.12853121757507324
1759850223.6914754,1759850223.8304148,0.13893938064575195
1759850223.8737597,1759850224.000177,0.1264171600341797
1759850223.9517329,1759850224.123939,0.17220616340637207
1759850224.16027,1759850224.2860901,0.12582015991210938
1759850224.228616,1759850224.361227,0.13261103630065918
1759850224.404255,1759850224.5360067,0.13175177574157715
1759850224.3954191,1759850224.583572,0.18815279006958008
1759850224.6210408,1759850224.76757,0.1465291976928711
1759850224.6542432,1759850224.8212328,0.16698956489562988
1759850224.8546264,1759850224.996557,0.14193058013916016
1759850224.8862786,1759850225.0338411,0.14756250381469727
1759850225.0728648,1759850225.2202635,0.1473987102508545
1759850225.1149304,1759850225.2507973,0.13586688041687012
1759850225.2854753,1759850225.4064493,0.12097406387329102
1759850225.3433342,1759850225.4846964,0.14136219024658203
1759850225.5199575,1759850225.6577487,0.13779115676879883
1759850225.5259373,1759850225.6676784,0.14174103736877441
1759850225.7016163,1759850225.8114913,0.10987496376037598
1759850225.7764027,1759850225.929381,0.15297818183898926
1759850225.969601,1759850226.097928,0.1283271312713623
1759850226.039448,1759850226.170564,0.13111591339111328
1759850226.2049482,1759850226.331282,0.12633371353149414
1759850226.2161152,1759850226.360168,0.14405274391174316
1759850226.3992891,1759850226.531095,0.1318058967590332
1759850226.44843,1759850226.5689716,0.12054157257080078
1759850226.6017938,1759850226.7243423,0.12254858016967773
1759850226.649359,1759850226.7886164,0.13925743103027344
1759850226.8243551,1759850226.977191,0.15283584594726562
1759850226.8413498,1759850226.9862754,0.14492559432983398
1759850227.0253747,1759850227.2009268,0.1755521297454834
1759850227.0959826,1759850227.2336352,0.13765263557434082
1759850227.2690737,1759850227.4246306,0.15555691719055176
1759850227.320389,1759850227.4525757,0.1321866512298584
1759850227.4911554,1759850227.620156,0.12900066375732422
1759850227.5429997,1759850227.680747,0.13774728775024414
1759850227.7411969,1759850227.8603635,0.11916661262512207
1759850227.72032,1759850227.9137554,0.1934354305267334
1759850227.9534674,1759850228.0917313,0.13826394081115723
1759850227.979255,1759850228.0990267,0.11977171897888184
1759850228.1345453,1759850228.2452195,0.11067414283752441
1759850228.2120545,1759850228.3453271,0.13327264785766602
1759850228.3848362,1759850228.508923,0.12408685684204102
1759850228.4727216,1759850228.583953,0.11123132705688477
1759850228.6202936,1759850228.733792,0.11349844932556152
1759850228.6273117,1759850228.755509,0.12819719314575195
1759850228.796475,1759850228.9195511,0.12307620048522949
1759850228.851499,1759850228.9731927,0.12169361114501953
1759850229.0139995,1759850229.1495886,0.1355891227722168
1759850229.0382056,1759850229.1873302,0.1491246223449707
1759850229.2252684,1759850229.3706603,0.14539194107055664
1759850229.2672691,1759850229.4000645,0.1327953338623047
1759850229.435643,1759850229.5736864,0.13804340362548828
1759850229.4891207,1759850229.6173866,0.1282658576965332
1759850229.6519034,1759850229.802924,0.15102052688598633
1759850229.6917348,1759850229.8286865,0.13695168495178223
1759850229.921339,1759850230.0510957,0.12975668907165527
1759850229.8646998,1759850230.061606,0.19690608978271484
1759850230.1056297,1759850230.230121,0.12449121475219727
1759850230.1699564,1759850230.2995224,0.12956595420837402
1759850230.3488116,1759850230.4911025,0.14229083061218262
1759850230.3371184,1759850230.490683,0.1535646915435791
1759850230.5306404,1759850230.6700337,0.13939332962036133
1759850230.5306315,1759850230.7168686,0.18623709678649902
1759850230.7562573,1759850230.8912332,0.13497591018676758
1759850230.7880423,1759850230.921935,0.13389277458190918
1759850230.957022,1759850231.0825386,0.12551665306091309
1759850231.0110874,1759850231.1623135,0.15122604370117188
1759850231.2026439,1759850231.332575,0.12993121147155762
1759850231.2026632,1759850231.3452232,0.14256000518798828
1759850231.4556968,1759850231.5800092,0.1243124008178711
1759850236.439538,1759850236.5585322,0.11899423599243164
1759850236.5674524,1759850236.6991284,0.13167595863342285
1759850236.7078774,1759850236.8291948,0.12131738662719727
1759850236.8385363,1759850236.9590995,0.12056326866149902
1759850236.9690728,1759850237.1031587,0.13408589363098145
1759850237.1123548,1759850237.2329535,0.12059879302978516
1759850237.2430804,1759850237.3650737,0.1219933032989502
1759850237.3782754,1759850237.51496,0.13668465614318848
1759850237.524986,1759850237.644567,0.11958098411560059
1759850237.6553333,1759850237.8497562,0.19442296028137207
1759850237.8584673,1759850237.9966216,0.1381542682647705
1759850238.005412,1759850238.1240284,0.11861634254455566
1759850238.1327786,1759850238.2527614,0.11998271942138672
1759850238.2618344,1759850238.3786302,0.11679577827453613
1759850238.3876162,1759850238.507119,0.11950278282165527
1759850238.5161593,1759850238.6350644,0.11890506744384766
1759850238.6443315,1759850238.764943,0.12061142921447754
1759850238.774037,1759850238.8924878,0.11845088005065918
1759850238.9014504,1759850239.0209174,0.11946702003479004
1759850239.0311544,1759850239.1617515,0.13059711456298828
1759850239.1706748,1759850239.2911994,0.12052464485168457
1759850239.3002195,1759850239.4199731,0.11975359916687012
1759850239.4305353,1759850239.550063,0.11952757835388184
1759850239.5607173,1759850239.7341933,0.173475980758667
1759850239.744692,1759850239.8633173,0.11862516403198242
1759850239.8723273,1759850239.9960566,0.12372922897338867
1759850240.0062962,1759850240.124847,0.11855077743530273
1759850240.133563,1759850240.254555,0.12099194526672363
1759850240.2638872,1759850240.3858588,0.12197160720825195
1759850240.3950953,1759850240.515008,0.11991262435913086
1759850240.5244443,1759850240.6452425,0.12079811096191406
1759850240.6539679,1759850240.7754247,0.12145686149597168
1759850240.7845497,1759850240.9050596,0.12050986289978027
1759850240.9252896,1759850241.0452852,0.1199955940246582
1759850241.0542076,1759850241.1741848,0.11997723579406738
1759850241.1831856,1759850241.303641,0.12045550346374512
1759850241.3131769,1759850241.4374137,0.1242368221282959
1759850241.4465365,1759850241.622072,0.1755354404449463
1759855873.361147,1759855873.5102723,0.149125337600708
1759855873.6089282,1759855873.736562,0.12763381004333496
1759855874.4212515,1759855874.5540555,0.13280391693115234
1759855874.6091187,1759855874.746049,0.13693022727966309
1759855875.4317517,1759855875.5494072,0.11765551567077637
1759855875.6179147,1759855875.8079321,0.1900174617767334
1759855876.4423246,1759855876.5586615,0.11633682250976562
1759855876.6697712,1759855876.8000674,0.1302962303161621
1759855877.42319,1759855877.5887012,0.1655111312866211
1759855877.67048,1759855877.7989204,0.12844038009643555
1759855878.4466166,1759855878.5764236,0.1298069953918457
1759855878.6745563,1759855878.796646,0.12208986282348633
1759855879.4434125,1759855879.5617623,0.11834979057312012
1759855879.6617496,1759855879.7914243,0.12967467308044434
1759855880.4211066,1759855880.5365229,0.11541628837585449
1759855880.6447,1759855880.761235,0.11653494834899902
1759855881.3962595,1759855881.5125906,0.11633110046386719
1759855881.6098645,1759855881.740751,0.13088655471801758
1759855882.375876,1759855882.5000858,0.12420988082885742
1759855882.6018314,1759855882.7251744,0.12334299087524414
1759855883.3680832,1759855883.4855442,0.11746096611022949
1759855884.3582752,1759855884.4739497,0.11567449569702148
1759855883.6131408,1759855883.7443397,0.13119888305664062
1759855884.520435,1759855884.6524205,0.13198542594909668
1759855884.62233,1759855884.7483027,0.12597274780273438
1759855884.7862072,1759855884.9188535,0.1326463222503662
1759855884.8825471,1759855885.0173519,0.13480472564697266
1759855885.0516417,1759855885.1934104,0.1417686939239502
1759855885.0518923,1759855885.1979394,0.14604711532592773
1759855885.2332282,1759855885.39495,0.16172170639038086
1759855885.2333632,1759855885.4397564,0.20639324188232422
1759855885.478462,1759855885.621771,0.1433091163635254
1759855885.5137367,1759855885.6627126,0.14897584915161133
1759855885.7009184,1759855885.839133,0.1382145881652832
1759855885.7405488,1759855885.8760142,0.13546538352966309
1759855885.9151003,1759855886.0504646,0.13536429405212402
1759855885.9576366,1759855886.147523,0.18988633155822754
1759855886.1881318,1759855886.3314824,0.14335060119628906
1759855886.2793274,1759855886.4045641,0.12523674964904785
1759855886.4446363,1759855886.5833726,0.13873624801635742
1759855886.4499018,1759855886.6013858,0.15148401260375977
1759855886.640696,1759855886.7723346,0.1316385269165039
1759855886.7056942,1759855886.8381836,0.13248944282531738
1759855886.8782828,1759855887.0371675,0.15888476371765137
1759855886.8919632,1759855887.0467799,0.1548166275024414
1759855887.0865145,1759855887.221617,0.1351025104522705
1759855887.1589015,1759855887.2806551,0.12175369262695312
1759855887.319386,1759855887.4532235,0.13383746147155762
1759855887.3397305,1759855887.4745858,0.1348552703857422
1759855887.5160573,1759855887.6454391,0.12938189506530762
1759855887.5722835,1759855887.7063386,0.13405513763427734
1759855887.7451587,1759855887.9016285,0.15646982192993164
1759855887.7631562,1759855887.9197185,0.15656232833862305
1759855887.954779,1759855888.1023455,0.147566556930542
1759855888.0248375,1759855888.1633265,0.1384890079498291
1759855888.2006333,1759855888.347788,0.1471548080444336
1759855888.2244177,1759855888.3715422,0.1471245288848877
1759855888.406919,1759855888.523467,0.11654806137084961
1759855888.466789,1759855888.6537604,0.18697142601013184
1759855888.6899316,1759855888.816565,0.1266334056854248
1759855888.7513154,1759855888.8752582,0.12394285202026367
1759855888.9358146,1759855889.0703447,0.13453006744384766
1759855888.9162197,1759855889.0997388,0.1835191249847412
1759855889.1410103,1759855889.2628055,0.1217951774597168
1759855889.189793,1759855889.330368,0.14057493209838867
1759855889.380332,1759855889.5172136,0.13688158988952637
1759855889.3735573,1759855889.536151,0.16259360313415527
1759855889.57766,1759855889.7151504,0.13749027252197266
1759855889.6352184,1759855889.7725282,0.13730978965759277
1759855889.8067715,1759855889.929583,0.12281155586242676
1759855889.835125,1759855889.9699283,0.13480329513549805
1759855890.007749,1759855890.1445594,0.136810302734375
1759855890.0482478,1759855890.1836045,0.13535666465759277
1759855890.2204897,1759855890.3378332,0.11734342575073242
1759855890.2628906,1759855890.3848972,0.12200665473937988
1759855890.4216735,1759855890.5497305,0.12805700302124023
1759855890.456413,1759855890.5804052,0.1239922046661377
1759855890.6212385,1759855890.7404194,0.11918091773986816
1759855890.6685355,1759855890.8071773,0.1386418342590332
1759855890.8482623,1759855890.9940531,0.14579081535339355
1759855890.8577151,1759855890.9968734,0.1391582489013672
1759855891.0343595,1759855891.1484132,0.11405372619628906
1759855891.1124864,1759855891.23472,0.12223362922668457
1759855891.2686086,1759855891.410982,0.14237332344055176
1759855891.2688932,1759855891.4103577,0.1414644718170166
1759855891.448352,1759855891.6364534,0.18810129165649414
1759855891.5283267,1759855891.645702,0.11737513542175293
1759855891.6849332,1759855891.869373,0.18443989753723145
1759855891.7550273,1759855891.8906224,0.13559508323669434
1759855891.9307392,1759855892.0617144,0.13097524642944336
1759855891.9880364,1759855892.099216,0.11117959022521973
1759855892.13263,1759855892.2451715,0.11254143714904785
1759855892.1843486,1759855892.3060615,0.12171292304992676
1759855892.3479002,1759855892.4832993,0.13539910316467285
1759855892.3665166,1759855892.4846673,0.11815071105957031
1759855892.525585,1759855892.6590471,0.13346219062805176
1759855892.52532,1759855892.6738973,0.14857721328735352
1759855892.7147524,1759855892.8443916,0.1296391487121582
1759855892.7803304,1759855892.895706,0.11537551879882812
1759855892.9344616,1759855893.0623326,0.12787103652954102
1759855892.962732,1759855893.098336,0.1356039047241211
1759855893.139984,1759855893.2691224,0.12913846969604492
1759855893.1800683,1759855893.2960672,0.11599898338317871
1759855893.328702,1759855893.445435,0.11673307418823242
1759855893.3923888,1759855893.5185583,0.12616944313049316
1759855893.5626588,1759855893.6851394,0.12248063087463379
1759855893.560253,1759855893.7027755,0.14252257347106934
1759855893.7469788,1759855893.892564,0.145585298538208
1759855893.8065875,1759855893.9270318,0.12044429779052734
1759855893.9608903,1759855894.082266,0.12137579917907715
1759855894.011634,1759855894.138904,0.12726998329162598
1759855894.1996343,1759855894.329382,0.12974762916564941
1759855894.1778114,1759855894.3244987,0.14668726921081543
1759855894.3704894,1759855894.494538,0.12404870986938477
1759855894.4465644,1759855894.5713034,0.12473893165588379
1759855894.6059296,1759855894.8118832,0.20595359802246094
1759855894.6137643,1759855894.8192344,0.20547008514404297
1759855894.8636465,1759855894.9909353,0.127288818359375
1759855894.9290893,1759855895.0494688,0.12037944793701172
1759855895.0860624,1759855895.2044802,0.11841773986816406
1759855895.1137776,1759855895.2477708,0.13399314880371094
1759855895.2885888,1759855895.4179845,0.1293957233428955
1759855895.3221292,1759855895.4403875,0.11825823783874512
1759855895.4788678,1759855895.600357,0.12148928642272949
1759855895.5367038,1759855895.662371,0.12566709518432617
1759855895.6970131,1759855895.8317246,0.13471150398254395
1759855895.717772,1759855895.8433483,0.12557625770568848
1759855895.8834593,1759855895.999637,0.11617755889892578
1759855895.9502997,1759855896.0799303,0.12963056564331055
1759855896.121427,1759855896.2626734,0.14124631881713867
1759855896.1199262,1759855896.268365,0.1484386920928955
1759855896.3020854,1759855896.4429967,0.14091134071350098
1759855896.3815248,1759855896.5010462,0.1195213794708252
1759855896.5395546,1759855896.6724539,0.13289928436279297
1759855896.56146,1759855896.7000732,0.13861322402954102
1759855896.739488,1759855896.8881197,0.14863181114196777
1759855896.7898488,1759855896.9143112,0.12446236610412598
1759855896.952379,1759855897.071857,0.11947798728942871
1759855897.0068078,1759855897.1412435,0.13443565368652344
1759855897.1935978,1759855897.3247018,0.1311039924621582
1759855897.1757305,1759855897.3227794,0.1470489501953125
1759855897.3657389,1759855897.5112615,0.1455225944519043
1759855897.4420147,1759855897.562841,0.12082624435424805
1759855897.5982494,1759855897.726375,0.12812566757202148
1759855897.6312737,1759855897.8254342,0.19416046142578125
1759855897.873649,1759855897.9994426,0.1257936954498291
1759855897.9539738,1759855898.1173146,0.16334080696105957
1759855898.1523783,1759855898.2654967,0.11311841011047363
1759855898.2284794,1759855898.3593519,0.13087248802185059
1759855898.4012318,1759855898.523869,0.12263727188110352
1759855898.4930294,1759855898.6052222,0.11219286918640137
1759855898.6431913,1759855898.7787485,0.1355571746826172
1759855898.6426847,1759855898.7879002,0.14521551132202148
1759855898.8227396,1759855898.945114,0.12237429618835449
1759855898.8982,1759855899.0109518,0.11275172233581543
1759855899.0439236,1759855899.177898,0.13397431373596191
1759855899.0686007,1759855899.205657,0.1370563507080078
1759855899.2548087,1759855899.389023,0.1342144012451172
1759855899.297405,1759855899.4145217,0.11711668968200684
1759855899.4521105,1759855899.57203,0.1199195384979248
1759855899.507579,1759855899.6372073,0.12962818145751953
1759855899.677562,1759855899.8101456,0.1325836181640625
1759855899.689696,1759855899.8175213,0.12782526016235352
1759855899.8531294,1759855899.9730892,0.11995983123779297
1759855899.9306233,1759855900.0630727,0.13244938850402832
1759855900.1033208,1759855900.231241,0.12792015075683594
1759855900.200988,1759855900.3371918,0.13620376586914062
1759855900.3829656,1759855900.495194,0.1122283935546875
1759855900.4616613,1759855900.5834541,0.12179279327392578
1759855900.6247604,1759855900.7547874,0.13002705574035645
1759855900.722803,1759855900.835957,0.11315393447875977
1759855900.8713446,1759855900.9944415,0.12309694290161133
1759855900.8778,1759855901.0676396,0.18983960151672363
1759855901.1060898,1759855901.235146,0.12905621528625488
1759855901.1128852,1759855901.294758,0.18187284469604492
1759855901.333931,1759855901.4607196,0.12678861618041992
1759855901.3537567,1759855901.489534,0.13577723503112793
1759855901.5268557,1759855901.6641228,0.1372671127319336
1759855901.580402,1759855901.7158284,0.13542652130126953
1759855901.7492201,1759855901.8645363,0.11531615257263184
1759855901.7837925,1759855901.9149516,0.13115906715393066
1759855901.955739,1759855902.0965402,0.14080119132995605
1759855901.9820817,1759855902.1169024,0.13482069969177246
1759855902.1556618,1759855902.2767918,0.12112998962402344
1759855902.216013,1759855902.343943,0.1279301643371582
1759855902.3904028,1759855902.5327168,0.14231395721435547
1759855902.3942118,1759855902.5387127,0.1445009708404541
1759855902.5714438,1759855902.7013044,0.12986063957214355
1759855902.6511877,1759855902.778763,0.12757539749145508
1759855902.819583,1759855902.9462633,0.1266803741455078
1759855902.8162882,1759855902.9476626,0.13137435913085938
1759855902.9828298,1759855903.1251805,0.1423506736755371
1759855903.0635936,1759855903.1758533,0.1122596263885498
1759855903.2158186,1759855903.3388724,0.12305378913879395
1759855903.2433405,1759855903.3745742,0.13123369216918945
1759855903.4078898,1759855903.5409234,0.13303351402282715
1759855903.4603682,1759855903.5794356,0.11906743049621582
1759855903.6174526,1759855903.7558215,0.13836884498596191
1759855903.6617043,1759855903.7889395,0.12723517417907715
1759855903.8730686,1759855903.990592,0.1175234317779541
1759855903.8248153,1759855904.0101428,0.18532752990722656
1759855904.0499618,1759855904.1817036,0.13174176216125488
1759855904.1094398,1759855904.2756763,0.16623640060424805
1759855904.3122602,1759855904.4234524,0.11119222640991211
1759855904.4118214,1759855904.5273206,0.11549925804138184
1759855904.5678823,1759855904.691934,0.12405180931091309
1759855904.6509402,1759855904.7657764,0.11483621597290039
1759855904.8052723,1759855904.9385412,0.1332688331604004
1759855904.8154812,1759855904.9635427,0.14806151390075684
1759855905.0046554,1759855905.1383111,0.13365578651428223
1759855905.0573652,1759855905.1713097,0.11394453048706055
1759855905.2041936,1759855905.329333,0.12513947486877441
1759855905.2581701,1759855905.3882535,0.13008332252502441
1759855905.4467673,1759855905.5629663,0.11619901657104492
1759855905.4259458,1759855905.5716672,0.145721435546875
1759855905.6120052,1759855905.7388115,0.12680625915527344
1759855905.6806908,1759855905.808152,0.12746119499206543
1759855905.8486195,1759855905.9869308,0.13831138610839844
1759855905.8568826,1759855906.0115385,0.15465593338012695
1759855906.0466118,1759855906.1821082,0.1354963779449463
1759855906.105415,1759855906.2337317,0.12831664085388184
1759855906.2700243,1759855906.4016,0.1315755844116211
1759855906.300434,1759855906.4593215,0.15888738632202148
1759855906.4962122,1759855906.6274474,0.13123512268066406
1759855906.5188062,1759855906.645961,0.12715482711791992
1759855906.685459,1759855906.8048933,0.11943435668945312
1759855906.7489579,1759855906.8703566,0.1213986873626709
1759855906.9222736,1759855907.0437934,0.12151980400085449
1759855906.9094281,1759855907.089899,0.18047094345092773
1759855907.125672,1759855907.253793,0.12812089920043945
1759855907.1613886,1759855907.275402,0.1140134334564209
1759855907.3128061,1759855907.4852345,0.17242836952209473
1759855907.3721585,1759855907.5045433,0.1323847770690918
1759855907.5466175,1759855907.6721272,0.12550973892211914
1759855907.602583,1759855907.718519,0.1159360408782959
1759855907.7513657,1759855907.8675666,0.11620092391967773
1759855907.7908578,1759855907.9036117,0.11275386810302734
1759855907.940713,1759855908.0613782,0.12066531181335449
1759855907.985828,1759855908.1075482,0.1217203140258789
1759855908.1464627,1759855908.2849226,0.1384599208831787
1759855908.1784976,1759855908.3011243,0.12262678146362305
1759855908.3379164,1759855908.4518554,0.11393904685974121
1759855908.4061675,1759855908.5527647,0.14659714698791504
1759855908.592,1759855908.7219746,0.1299746036529541
1759855908.6793208,1759855908.7897294,0.11040854454040527
1759855908.8415222,1759855908.9725087,0.13098645210266113
1759855908.831915,1759855908.9793618,0.147446870803833
1759855909.0162787,1759855909.136341,0.12006235122680664
1759855909.0909657,1759855909.2089217,0.11795592308044434
1759855909.244404,1759855909.3693776,0.12497353553771973
1759855909.255812,1759855909.3891559,0.13334393501281738
1759855909.4229887,1759855909.544619,0.12163043022155762
1759855909.486715,1759855909.6172376,0.1305224895477295
1759855909.6641622,1759855909.7857013,0.12153911590576172
1759855909.6547856,1759855909.7889512,0.13416552543640137
1759855909.8223844,1759855909.9362564,0.11387205123901367
1759855909.9043174,1759855910.0610158,0.15669846534729004
1759855910.095548,1759855910.2101202,0.11457228660583496
1759855910.1638334,1759855910.3266978,0.16286444664001465
1759855910.3650465,1759855910.4791558,0.11410927772521973
1759855910.4414594,1759855910.555124,0.11366462707519531
1759855910.5991833,1759855910.721318,0.12213468551635742
1759855910.598728,1759855910.7199838,0.12125587463378906
1759855910.7549448,1759855910.8734646,0.11851978302001953
1759855910.838647,1759855910.9466088,0.10796189308166504
1759855910.9810104,1759855911.0968468,0.11583638191223145
1759855910.9907124,1759855911.1192982,0.1285858154296875
1759855911.1534908,1759855911.274166,0.12067532539367676
1759855911.2162797,1759855911.3336906,0.11741089820861816
1759855911.3697023,1759855911.49047,0.12076759338378906
1759855911.3922358,1759855911.5144665,0.12223076820373535
1759855911.558842,1759855911.677746,0.11890411376953125
1759855911.6106737,1759855911.7197654,0.10909175872802734
1759855911.7546258,1759855911.8878272,0.13320136070251465
1759855911.7953258,1759855911.926663,0.13133716583251953
1759855911.967143,1759855912.1076052,0.14046216011047363
1759855912.0096521,1759855912.136275,0.12662291526794434
1759855912.1746867,1759855912.303103,0.1284162998199463
1759855912.2261405,1759855912.3512383,0.12509775161743164
1759855912.3912766,1759855912.5438175,0.152540922164917
1759855912.4216802,1759855912.5506885,0.12900829315185547
1759855912.5901983,1759855912.7085187,0.11832046508789062
1759855912.666485,1759855912.7875419,0.12105679512023926
1759855912.8258548,1759855912.9532743,0.12741947174072266
1759855912.823335,1759855912.9678986,0.1445636749267578
1759855913.0075672,1759855913.2048805,0.1973133087158203
1759855913.0710142,1759855913.24814,0.1771259307861328
1759855913.291699,1759855913.4146178,0.12291884422302246
1759855913.3226438,1759855913.4542959,0.1316521167755127
1759855913.489273,1759855913.6270204,0.13774728775024414
1759855913.5321352,1759855913.6483982,0.11626291275024414
1759855913.684871,1759855913.807095,0.12222409248352051
1759855913.745619,1759855913.888204,0.14258503913879395
1759855913.9291508,1759855914.0550048,0.1258540153503418
1759855913.9292107,1759855914.0769477,0.1477370262145996
1759855914.1104968,1759855914.245961,0.13546419143676758
1759855914.1726227,1759855914.2864547,0.11383199691772461
1759855914.3241427,1759855914.4451394,0.12099671363830566
1759855914.3657703,1759855914.4929392,0.12716889381408691
1759855914.531615,1759855914.6742337,0.14261865615844727
1759855914.5624354,1759855914.6820915,0.11965608596801758
1759855914.7225764,1759855914.8405933,0.11801695823669434
1759855914.792681,1759855914.9173658,0.12468481063842773
1759855914.957828,1759855915.0866928,0.12886476516723633
1759855914.9533973,1759855915.0974164,0.14401912689208984
1759855915.1399627,1759855915.2784927,0.13853001594543457
1759855915.2064033,1759855915.3324316,0.12602829933166504
1759855915.3654966,1759855915.4803338,0.1148371696472168
1759855915.3984737,1759855915.5285194,0.13004565238952637
1759855915.5701358,1759855915.7171717,0.14703583717346191
1759855915.6018713,1759855915.738436,0.1365647315979004
1759855915.774447,1759855915.8965201,0.12207317352294922
1759855915.8353393,1759855915.9642146,0.1288752555847168
1759855916.0145884,1759855916.1948469,0.18025851249694824
1759855915.9993346,1759855916.207984,0.2086493968963623
1759855916.2462463,1759855916.3862507,0.14000439643859863
1759855916.3143623,1759855916.4300964,0.11573410034179688
1759855916.4687421,1759855916.5856104,0.11686825752258301
1759855916.5046248,1759855916.6311233,0.12649846076965332
1759855916.6705172,1759855916.820692,0.15017485618591309
1759855916.703149,1759855916.8266046,0.12345552444458008
1759855916.8651578,1759855916.9838686,0.11871075630187988
1759855916.940141,1759855917.078806,0.13866496086120605
1759855917.1134079,1759855917.2451067,0.1316988468170166
1759855917.2121344,1759855917.3423886,0.13025426864624023
1759855917.385011,1759855917.50039,0.11537909507751465
1759855917.4785254,1759855917.6261082,0.1475827693939209
1759855917.6754415,1759855917.814655,0.13921356201171875
1759855917.7279568,1759855917.8550625,0.127105712890625
1759855917.894801,1759855918.0116506,0.11684966087341309
1759855917.933076,1759855918.0584514,0.12537550926208496
1759855918.097377,1759855918.2503817,0.15300464630126953
1759855918.1294346,1759855918.259143,0.12970852851867676
1759855918.3005223,1759855918.4151027,0.11458039283752441
1759855918.37053,1759855918.5003054,0.1297755241394043
1759855918.538133,1759855918.67808,0.13994717597961426
1759855918.5353913,1759855918.6839018,0.14851045608520508
1759855918.7228775,1759855918.8500187,0.12714123725891113
1759855918.7968528,1759855918.9130914,0.11623859405517578
1759855918.9495728,1759855919.1382742,0.18870139122009277
1759855918.968147,1759855919.173827,0.20567989349365234
1759855919.2163599,1759855919.3563113,0.13995146751403809
1759855919.2576058,1759855919.3831725,0.12556672096252441
1759855919.421242,1759855919.5407178,0.1194758415222168
1759855919.4794202,1759855919.6169264,0.13750624656677246
1759855919.6596658,1759855919.7854497,0.12578392028808594
1759855919.6585357,1759855919.7966049,0.13806915283203125
1759855919.8309832,1759855919.9840074,0.15302419662475586
1759855919.9046566,1759855920.0218909,0.1172342300415039
1759855920.0566082,1759855920.1874437,0.13083553314208984
1759855920.10184,1759855920.2442288,0.14238882064819336
1759855920.282814,1759855920.429208,0.1463940143585205
1759855920.3051267,1759855920.4309685,0.12584185600280762
1759855920.4674737,1759855920.6211963,0.15372252464294434
1759855920.4677823,1759855920.624344,0.15656185150146484
1759855920.6620378,1759855920.7726002,0.11056232452392578
1759855920.739629,1759855920.8634768,0.12384772300720215
1759855920.8992383,1759855921.0345724,0.13533401489257812
1759855920.8994956,1759855921.041579,0.14208340644836426
1759855921.07818,1759855921.21052,0.1323399543762207
1759855921.1530027,1759855921.270773,0.11777019500732422
1759855921.3112578,1759855921.4372303,0.12597250938415527
1759855921.3284028,1759855921.462065,0.13366222381591797
1759855921.501296,1759855921.651354,0.15005803108215332
1759855921.5559509,1759855921.6841743,0.12822341918945312
1759855921.7186768,1759855921.8522315,0.13355469703674316
1759855921.775061,1759855921.9195783,0.1445174217224121
1759855921.9699938,1759855922.1051185,0.13512468338012695
1759855921.9596398,1759855922.1117487,0.15210890769958496
1759855922.1469226,1759855922.338276,0.19135332107543945
1759855922.225226,1759855922.4046955,0.17946958541870117
1759855922.4482806,1759855922.5672224,0.1189417839050293
1759855922.4646971,1759855922.603401,0.1387038230895996
1759855922.6430838,1759855922.7889776,0.14589381217956543
1759855922.685876,1759855922.812437,0.12656116485595703
1759855922.849997,1759855922.9736702,0.1236732006072998
1759855922.9079041,1759855923.0414655,0.133561372756958
1759855923.0912266,1759855923.21753,0.12630343437194824
1759855923.0841787,1759855923.221046,0.13686728477478027
1759855923.2555966,1759855923.3815851,0.12598848342895508
1759855923.3350205,1759855923.4687006,0.13368010520935059
1759855923.5025172,1759855923.6405163,0.1379990577697754
1759855923.504992,1759855923.6617434,0.15675139427185059
1759855923.6997395,1759855923.8483891,0.1486496925354004
1759855923.7578135,1759855923.8854477,0.12763428688049316
1759855923.9236429,1759855924.0532446,0.12960171699523926
1759855923.9715114,1759855924.1167445,0.145233154296875
1759855924.1708906,1759855924.2893245,0.11843395233154297
1759855924.1552289,1759855924.2967978,0.14156889915466309
1759855924.3363094,1759855924.46967,0.1333606243133545
1759855924.4065726,1759855924.53157,0.12499737739562988
1759855924.5711236,1759855924.688275,0.11715149879455566
1759855924.592715,1759855924.722498,0.12978291511535645
1759855924.7640965,1759855924.8948026,0.1307060718536377
1759855924.8061745,1759855924.9226363,0.11646175384521484
1759855924.9616048,1759855925.072617,0.11101222038269043
1759855925.0129867,1759855925.1914725,0.17848587036132812
1759855925.2409387,1759855925.3667157,0.125777006149292
1759855925.3033013,1759855925.471287,0.1679856777191162
1759855925.510583,1759855925.6276367,0.11705374717712402
1759855925.5951974,1759855925.7228947,0.12769722938537598
1759855925.760413,1759855925.8964226,0.13600969314575195
1759855925.8558488,1759855925.9756703,0.11982154846191406
1759855926.0089507,1759855926.1440768,0.13512611389160156
1759855926.019273,1759855926.172198,0.1529250144958496
1759855926.2147107,1759855926.3518915,0.13718080520629883
1759855926.2614841,1759855926.3919098,0.13042569160461426
1759855926.4286785,1759855926.559295,0.1306164264678955
1759855926.4698133,1759855926.5938687,0.12405538558959961
1759855926.6301696,1759855926.7755451,0.14537549018859863
1759855926.6774867,1759855926.798143,0.12065625190734863
1759855926.8305495,1759855926.9467003,0.1161508560180664
1759855926.895768,1759855927.0184445,0.12267661094665527
1759855927.0638714,1759855927.1963785,0.1325070858001709
1759855927.0585713,1759855927.2116485,0.1530771255493164
1759855927.2497363,1759855927.3907912,0.14105486869812012
1759855927.3138733,1759855927.444479,0.13060569763183594
1759855927.4842565,1759855927.6078303,0.12357378005981445
1759855927.514001,1759855927.6478395,0.13383865356445312
1759855927.686829,1759855927.8278348,0.1410057544708252
1759855927.7254953,1759855927.8498993,0.1244039535522461
1759855927.885747,1759855928.0016942,0.11594724655151367
1759855927.946573,1759855928.0789294,0.1323564052581787
1759855928.113763,1759855928.3176944,0.20393133163452148
1759855991.8954709,1759855992.072615,0.17714405059814453
1759855992.9649405,1759855993.080332,0.11539149284362793
1759855993.9515476,1759855994.0697646,0.11821699142456055
1759855994.1944764,1759855994.3363116,0.14183521270751953
1759855994.4589403,1759855994.608809,0.14986872673034668
1759855994.6476805,1759855994.7663167,0.1186361312866211
1759855994.8854172,1759855995.0239213,0.1385040283203125
1759855995.061966,1759855995.25702,0.1950540542602539
1759855995.290259,1759855995.4264572,0.1361982822418213
1759855995.556067,1759855995.712297,0.15622997283935547
1759855995.8305635,1759855995.9674158,0.13685226440429688
1759855996.0079894,1759855996.1678789,0.15988945960998535
1759855996.2862847,1759855996.4336636,0.14737892150878906
1759855996.4708252,1759855996.6048632,0.13403797149658203
1759855996.7251275,1759855996.8796418,0.15451431274414062
1759855996.9995196,1759855997.1363802,0.13686060905456543
1759855997.1783886,1759855997.3186464,0.1402578353881836
1759855997.3619788,1759855997.4881687,0.1261899471282959
1759855997.7182827,1759855997.8444524,0.12616968154907227
1759855997.8785594,1759855998.026367,0.14780759811401367
1759855998.1461117,1759855998.2887087,0.14259696006774902
1759855998.3265657,1759855998.537711,0.21114516258239746
1759855998.5728528,1759855998.7044456,0.1315927505493164
1759855998.8230298,1759855998.9582856,0.1352558135986328
1759855998.998491,1759855999.1342707,0.13577961921691895
1759855999.2556846,1759855999.4082682,0.15258359909057617
1759855999.4458303,1759855999.5825438,0.13671350479125977
1759855999.7009232,1759855999.8468623,0.14593911170959473
1759855999.894155,1759856000.0203073,0.12615227699279785
1759856000.1387053,1759856000.279048,0.14034271240234375
1759856000.3160756,1759856000.453718,0.13764238357543945
1759856000.572095,1759856000.7061174,0.13402247428894043
1759856000.7399576,1759856000.872183,0.13222551345825195
1759856001.102646,1759856001.239179,0.13653278350830078
1759856001.2807393,1759856001.471528,0.19078874588012695
1759856001.5057843,1759856001.651914,0.14612960815429688
1759856001.772546,1759856001.9086173,0.13607120513916016
1759856001.9460273,1759856002.0732996,0.127272367477417
1759856002.1916273,1759856002.3428254,0.151198148727417
1759856002.382009,1759856002.5113246,0.12931561470031738
1759856002.6350665,1759856002.7839806,0.14891409873962402
1759856002.8225183,1759856002.9619527,0.1394343376159668
1759856003.080103,1759856003.239093,0.15899014472961426
1759856003.2785592,1759856003.4180312,0.13947200775146484
1759856003.536681,1759856003.6772413,0.14056038856506348
1759856003.716841,1759856003.857367,0.14052605628967285
1759856003.9757135,1759856004.1093912,0.13367772102355957
1759856004.2277224,1759856004.3613892,0.1336667537689209
1759856004.397468,1759856004.5569606,0.15949249267578125
1759856004.6753972,1759856004.8592038,0.1838066577911377
1759856004.8934386,1759856005.0375175,0.14407896995544434
1759856005.1573815,1759856005.3066177,0.14923620223999023
1759856005.348786,1759856005.473509,0.12472295761108398
1759856005.5971818,1759856005.747356,0.15017414093017578
1759856005.7882972,1759856005.9291718,0.14087462425231934
1759856006.052251,1759856006.1783266,0.12607550621032715
1759856006.2201424,1759856006.354038,0.1338956356048584
1759856006.4729989,1759856006.614825,0.14182615280151367
1759856006.659313,1759856006.790258,0.13094496726989746
1759856006.908645,1759856007.0466702,0.13802528381347656
1759856007.1653938,1759856007.290731,0.1253371238708496
1759856007.324226,1759856007.469758,0.14553213119506836
1759856007.5881922,1759856007.7824564,0.19426417350769043
1759856007.820829,1759856007.949739,0.12891006469726562
1759856008.0724578,1759856008.2105083,0.13805055618286133
1759856008.3291543,1759856008.4600623,0.13090801239013672
1759856008.5003839,1759856008.6349728,0.13458895683288574
1759856008.7584143,1759856008.8966477,0.13823342323303223
1759856008.936,1759856009.072954,0.13695383071899414
1759856009.1911063,1759856009.3182988,0.12719249725341797
1759856009.3536468,1759856009.5063667,0.15271997451782227
1759856009.6264663,1759856009.760236,0.13376975059509277
1759856009.797506,1759856009.9411583,0.14365220069885254
1759856010.0594544,1759856010.1949255,0.13547110557556152
1759856010.3153353,1759856010.4458282,0.1304929256439209
1759856010.4803355,1759856010.609495,0.12915945053100586
1759856010.7296407,1759856010.9159858,0.18634510040283203
1759856010.9559734,1759856011.1039984,0.1480250358581543
1759856011.2236395,1759856011.3476436,0.12400412559509277
1759856011.3897386,1759856011.5335088,0.1437702178955078
1759856011.6526976,1759856011.7863383,0.13364076614379883
1759856011.820665,1759856011.9686553,0.14799046516418457
1759856012.0872927,1759856012.2506099,0.16331720352172852
1759856012.2847488,1759856012.4144714,0.12972259521484375
1759856012.5340526,1759856012.6878586,0.15380597114562988
1759856012.736489,1759856012.8680618,0.13157272338867188
1759856363.5176306,1759856363.6437454,0.1261148452758789
1759856364.523794,1759856364.6696167,0.14582276344299316
1759856364.5832286,1759856364.7312486,0.14802002906799316
1759856365.6137106,1759856365.7429345,0.12922382354736328
1759856365.6479912,1759856365.7988343,0.15084314346313477
1759856366.7024343,1759856366.8313696,0.1289353370666504
1759856366.6797187,1759856366.8703785,0.190659761428833
1759856367.7446535,1759856367.8823118,0.13765835762023926
1759856367.781123,1759856367.9236941,0.14257121086120605
1759856368.7883818,1759856368.9191232,0.13074135780334473
1759856368.840381,1759856368.9692998,0.12891888618469238
1759856369.8669167,1759856370.016271,0.1493544578552246
1759856369.8736787,1759856370.024188,0.15050935745239258
1759856370.9484553,1759856371.0768793,0.12842392921447754
1759856371.0095685,1759856371.1332908,0.12372231483459473
1759856372.01721,1759856372.163821,0.14661097526550293
1759856372.0172155,1759856372.1681392,0.1509237289428711
1759856373.0434804,1759856373.1639054,0.12042498588562012
1759856373.1332655,1759856373.2865882,0.15332269668579102
1759856374.1330242,1759856374.2805645,0.14754033088684082
1759856374.1507688,1759856374.302853,0.1520843505859375
1759856375.1692233,1759856375.30376,0.1345367431640625
1759856375.1989105,1759856375.3363864,0.13747596740722656
1759856376.199665,1759856376.3312778,0.13161277770996094
1759856376.286817,1759856376.415758,0.12894082069396973
1759856377.3149796,1759856377.4368792,0.12189960479736328
1759856377.3855903,1759856377.5278108,0.14222049713134766
1759856378.410486,1759856378.5453808,0.13489484786987305
1759856378.4297123,1759856378.5729887,0.14327645301818848
1759856379.4488842,1759856379.5760133,0.12712907791137695
1759856379.488544,1759856379.6247692,0.13622522354125977
1759856380.4870844,1759856380.6199815,0.13289713859558105
1759856380.5409784,1759856380.6769388,0.13596034049987793
1759856381.6049337,1759856381.7273114,0.12237763404846191
1759856381.6936226,1759856381.8126092,0.11898660659790039
1759856382.663146,1759856382.8003614,0.13721537590026855
1759856382.670381,1759856382.8082879,0.13790678977966309
1759856383.7448785,1759856383.9213297,0.1764512062072754
1759856383.680619,1759856383.814838,0.13421893119812012
1759856384.6568482,1759856384.7887568,0.13190865516662598
1759856384.7342153,1759856384.8637273,0.12951207160949707
1759856384.8976178,1759856385.0344281,0.136810302734375
1759856384.9073777,1759856385.0593598,0.15198206901550293
1759856385.0993483,1759856385.2429395,0.14359116554260254
1759856385.1536167,1759856385.285339,0.13172245025634766
1759856385.3247578,1759856385.472162,0.14740419387817383
1759856385.3616652,1759856385.508689,0.14702367782592773
1759856385.5427768,1759856385.6810138,0.13823699951171875
1759856385.5904868,1759856385.731299,0.14081215858459473
1759856385.7687728,1759856385.9022503,0.13347744941711426
1759856385.8023105,1759856385.9329624,0.13065195083618164
1759856385.972925,1759856386.1133318,0.14040684700012207
1759856386.020758,1759856386.1492157,0.12845778465270996
1759856386.1867638,1759856386.3133523,0.1265885829925537
1759856386.231874,1759856386.3587997,0.12692570686340332
1759856386.397687,1759856386.5460384,0.14835143089294434
1759856386.431301,1759856386.5770798,0.14577865600585938
1759856386.6139061,1759856386.7432468,0.12934064865112305
1759856386.6644893,1759856386.85493,0.19044065475463867
1759856386.8941643,1759856387.0502229,0.15605854988098145
1759856386.971176,1759856387.095359,0.12418317794799805
1759856387.1322575,1759856387.245524,0.1132664680480957
1759856387.1689832,1759856387.2991161,0.13013291358947754
1759856387.3351014,1759856387.4825766,0.1474752426147461
1759856387.3627703,1759856387.5050647,0.14229440689086914
1759856387.5444295,1759856387.6797156,0.1352860927581787
1759856387.6029286,1759856387.7321424,0.12921380996704102
1759856387.7720914,1759856387.9068859,0.1347944736480713
1759856387.8005378,1759856387.9800022,0.17946434020996094
1759856388.022724,1759856388.1608005,0.1380765438079834
1759856388.0272968,1759856388.1632562,0.13595938682556152
1759856388.2054484,1759856388.3437965,0.13834810256958008
1759856388.2782457,1759856388.4046772,0.12643146514892578
1759856388.4388268,1759856388.5745451,0.13571834564208984
1759856388.4641218,1759856388.613805,0.14968323707580566
1759856388.6502852,1759856388.7901616,0.1398763656616211
1759856388.6960099,1759856388.8194098,0.12339997291564941
1759856388.8517392,1759856388.9898934,0.1381542682647705
1759856388.908442,1759856389.034853,0.12641096115112305
1759856389.0766733,1759856389.220716,0.1440427303314209
1759856389.1071339,1759856389.2465246,0.1393907070159912
1759856389.2812681,1759856389.4055953,0.12432718276977539
1759856389.3395796,1759856389.4629078,0.12332820892333984
1759856389.5013804,1759856389.6467717,0.14539122581481934
1759856389.5239203,1759856389.654408,0.13048768043518066
1759856389.690397,1759856389.8086689,0.1182718276977539
1759856389.7681766,1759856389.940369,0.17219233512878418
1759856389.9756477,1759856390.1202347,0.14458703994750977
1759856390.036655,1759856390.1644692,0.12781429290771484
1759856390.1984408,1759856390.3240895,0.12564873695373535
1759856390.240364,1759856390.3648164,0.12445235252380371
1759856390.4003582,1759856390.5359726,0.13561439514160156
1759856390.4416974,1759856390.5644572,0.12275981903076172
1759856390.59853,1759856390.7248855,0.12635540962219238
1759856390.6543105,1759856390.7822258,0.1279153823852539
1759856390.8227937,1759856390.9579885,0.1351947784423828
1759856390.8426518,1759856391.0224679,0.17981600761413574
1759856391.0618517,1759856391.200102,0.13825035095214844
1759856391.0764654,1759856391.214171,0.13770556449890137
1759856391.2477984,1759856391.3782701,0.13047170639038086
1759856391.3194366,1759856391.4389114,0.11947488784790039
1759856391.4728975,1759856391.6036534,0.13075590133666992
1759856391.4969368,1759856391.6374092,0.140472412109375
1759856391.6772854,1759856391.8105454,0.13326001167297363
1759856391.7251868,1759856391.8408074,0.11562061309814453
1759856391.8762965,1759856392.0057573,0.12946081161499023
1759856391.9292178,1759856392.0800107,0.15079283714294434
1759856392.1161947,1759856392.2575488,0.14135408401489258
1759856392.122966,1759856392.2642343,0.14126825332641602
1759856392.2970498,1759856392.4141898,0.11714005470275879
1759856392.3763275,1759856392.506644,0.13031649589538574
1759856392.5496762,1759856392.7366445,0.18696832656860352
1759856392.6429935,1759856392.7691195,0.12612605094909668
1759856392.8057442,1759856392.9307582,0.125014066696167
1759856392.8559349,1759856392.9924102,0.1364753246307373
1759856393.0260828,1759856393.1851234,0.1590406894683838
1759856393.0521197,1759856393.1996112,0.147491455078125
1759856393.2374725,1759856393.356346,0.11887335777282715
1759856393.3064973,1759856393.4375546,0.1310572624206543
1759856393.4779341,1759856393.597889,0.11995482444763184
1759856393.4779286,1759856393.6304975,0.15256881713867188
1759856393.6642656,1759856393.7909567,0.12669110298156738
1759856393.715769,1759856393.8427734,0.12700438499450684
1759856393.8820333,1759856394.0076354,0.12560200691223145
1759856393.9106698,1759856394.0688667,0.15819692611694336
1759856394.1037297,1759856394.2521148,0.14838504791259766
1759856394.1291375,1759856394.2679636,0.1388261318206787
1759856394.3047435,1759856394.4783242,0.17358064651489258
1759856394.3725045,1759856394.501272,0.1287674903869629
1759856394.535464,1759856394.6631804,0.1277163028717041
1759856394.5956726,1759856394.7210245,0.1253519058227539
1759856394.758681,1759856394.8908744,0.13219332695007324
1759856394.7815578,1759856394.9295797,0.14802193641662598
1759856394.9655461,1759856395.095507,0.1299607753753662
1759856395.010654,1759856395.1293383,0.11868429183959961
1759856395.1650665,1759856395.2986822,0.13361573219299316
1759856395.214094,1759856395.3630788,0.1489849090576172
1759856395.4172566,1759856395.5341783,0.11692166328430176
1759856395.399828,1759856395.5549476,0.1551196575164795
1759856395.5888076,1759856395.7250094,0.1362018585205078
1759856395.6515446,1759856395.7659886,0.11444401741027832
1759856395.8010864,1759856395.9375648,0.13647842407226562
1759856395.8445673,1759856396.0436068,0.19903945922851562
1759856396.0841393,1759856396.2084012,0.12426185607910156
1759856396.1656888,1759856396.2756703,0.10998153686523438
1759856396.3082392,1759856396.4291124,0.12087321281433105
1759856396.326771,1759856396.472762,0.14599108695983887
1759856396.5068142,1759856396.6586115,0.15179729461669922
1759856396.5465932,1759856396.6673713,0.12077808380126953
1759856396.7019176,1759856396.8163106,0.11439299583435059
1759856396.7765648,1759856396.893604,0.11703920364379883
1759856396.927341,1759856397.0663621,0.1390211582183838
1759856396.9336686,1759856397.1241596,0.1904909610748291
1759856397.1568632,1759856397.2981014,0.14123821258544922
1759856397.184618,1759856397.338799,0.15418100357055664
1759856397.3810868,1759856397.516879,0.13579225540161133
1759856397.4158342,1759856397.5461879,0.13035368919372559
1759856397.58481,1759856397.7022932,0.11748313903808594
1759856397.6404598,1759856397.761044,0.12058424949645996
1759856397.8006513,1759856397.9457154,0.145064115524292
1759856397.8197358,1759856397.9463856,0.1266498565673828
1759856397.983142,1759856398.1031384,0.11999654769897461
1759856398.0644898,1759856398.1865733,0.12208342552185059
1759856398.22488,1759856398.362433,0.13755297660827637
1759856398.223584,1759856398.3769321,0.15334820747375488
1759856398.4164777,1759856398.5600379,0.14356017112731934
1759856398.4836597,1759856398.6016233,0.11796355247497559
1759856398.6372957,1759856398.7508168,0.11352109909057617
1759856398.6824405,1759856398.8694043,0.18696379661560059
1759856398.9057965,1759856399.0381384,0.13234186172485352
1759856398.9784138,1759856399.105823,0.1274092197418213
1759856399.1450531,1759856399.278302,0.13324880599975586
1759856399.1581478,1759856399.3050072,0.14685940742492676
1759856399.3405533,1759856399.4688122,0.12825894355773926
1759856399.3962734,1759856399.5082867,0.11201333999633789
1759856399.5466323,1759856399.694754,0.14812159538269043
1759856399.5874949,1759856399.7142906,0.12679576873779297
1759856399.7505827,1759856399.8850865,0.13450384140014648
1759856399.8162093,1759856399.9359474,0.11973810195922852
1759856399.970534,1759856400.1189334,0.14839935302734375
1759856400.0081189,1759856400.1366272,0.1285083293914795
1759856400.1762056,1759856400.3155332,0.1393275260925293
1759856400.238593,1759856400.401837,0.16324400901794434
1759856400.4385571,1759856400.5621755,0.12361836433410645
1759856400.4384837,1759856400.5810695,0.14258575439453125
1759856400.6199663,1759856400.737065,0.11709880828857422
1759856400.6796072,1759856400.7898226,0.11021542549133301
1759856400.8223596,1759856400.9490473,0.12668776512145996
1759856400.8544106,1759856401.0061135,0.151702880859375
1759856401.0386136,1759856401.176482,0.13786840438842773
1759856401.0691025,1759856401.2078314,0.13872885704040527
1759856401.241243,1759856401.3753119,0.13406896591186523
1759856401.2938676,1759856401.42851,0.1346423625946045
1759856401.4668562,1759856401.5992594,0.13240313529968262
1759856401.4925835,1759856401.6313345,0.13875102996826172
1759856401.7165139,1759856401.8334408,0.11692690849304199
1759856401.6672442,1759856401.840752,0.1735076904296875
1759856401.8747244,1759856401.99406,0.11933565139770508
1759856401.9506896,1759856402.0649471,0.1142575740814209
1759856402.100202,1759856402.2343276,0.1341254711151123
1759856402.1116917,1759856402.2498503,0.13815855979919434
1759856402.2864163,1759856402.4098687,0.12345242500305176
1759856402.35291,1759856402.4633894,0.11047935485839844
1759856402.4983394,1759856402.6121764,0.11383700370788574
1759856402.527429,1759856402.6648338,0.1374046802520752
1759856402.6974247,1759856402.82891,0.1314854621887207
1759856402.729475,1759856402.8725543,0.14307928085327148
1759856402.9497118,1759856403.0743284,0.12461662292480469
1759856402.9115129,1759856403.0828066,0.1712937355041504
1759856403.117471,1759856403.2399797,0.12250876426696777
1759856403.1953208,1759856403.308217,0.11289620399475098
1759856403.3402925,1759856403.4595466,0.11925411224365234
1759856403.3590796,1759856403.486229,0.12714934349060059
1759856403.521712,1759856403.6393623,0.11765027046203613
1759856403.5772254,1759856403.6897147,0.11248922348022461
1759856403.724224,1759856403.8552005,0.13097643852233887
1759856403.7566795,1759856403.9075067,0.15082716941833496
1759856403.9416227,1759856404.0644734,0.12285065650939941
1759856403.9724562,1759856404.0997438,0.1272876262664795
1759856404.1363232,1759856404.2756588,0.13933563232421875
1759856404.1817987,1759856404.2991376,0.11733889579772949
1759856404.334999,1759856404.4638233,0.12882423400878906
1759856404.39304,1759856404.5104647,0.11742472648620605
1759856404.582617,1759856404.7023468,0.11972975730895996
1759856404.5480287,1759856404.7219927,0.1739640235900879
1759856404.7586398,1759856404.879665,0.12102508544921875
1759856404.8215659,1759856404.9326656,0.1110997200012207
1759856404.9679923,1759856405.1114454,0.14345312118530273
1759856404.9980023,1759856405.1403494,0.14234709739685059
1759856405.173488,1759856405.2996798,0.1261918544769287
1759856405.2290688,1759856405.354575,0.12550616264343262
1759856405.3891482,1759856405.51975,0.1306018829345703
1759856405.417085,1759856405.5442533,0.1271684169769287
1759856405.5825362,1759856405.705317,0.12278079986572266
1759856405.6376207,1759856405.8085053,0.1708846092224121
1759856405.8406,1759856405.9584036,0.11780357360839844
1759856405.9359145,1759856406.0459983,0.11008381843566895
1759856406.0781717,1759856406.2098956,0.13172388076782227
1759856406.078177,1759856406.2118049,0.13362789154052734
1759856406.2472613,1759856406.3600202,0.11275887489318848
1759856406.327389,1759856406.4342277,0.10683870315551758
1759856406.469569,1759856406.5934732,0.12390422821044922
1759856406.4771578,1759856406.597585,0.12042713165283203
1759856406.630277,1759856406.745985,0.1157081127166748
1759856406.7107792,1759856406.8217275,0.11094832420349121
1759856406.8542857,1759856406.9802217,0.12593603134155273
1759856406.8652549,1759856406.991612,0.1263570785522461
1759856407.0245972,1759856407.1469228,0.12232565879821777
1759856407.0975847,1759856407.2182543,0.12066960334777832
1759856407.252436,1759856407.3796866,0.12725067138671875
1759856407.264175,1759856407.3933718,0.1291968822479248
1759856407.425765,1759856407.5501573,0.12439227104187012
1759856407.4976385,1759856407.6042037,0.10656523704528809
1759856407.6487775,1759856407.771042,0.12226462364196777
1759856407.6684964,1759856407.8397758,0.1712794303894043
1759856407.877095,1759856408.0075157,0.13042068481445312
1759856407.888353,1759856408.0179465,0.1295933723449707
1759856408.0530965,1759856408.1729147,0.11981821060180664
1759856408.128872,1759856408.2419698,0.1130979061126709
1759856408.2745156,1759856408.400498,0.12598228454589844
1759856408.2900739,1759856408.4201322,0.13005828857421875
1759856408.453437,1759856408.6312835,0.17784643173217773
1759856408.5201066,1759856408.63966,0.1195533275604248
1759856408.6724567,1759856408.795014,0.12255716323852539
1759856408.748762,1759856408.891193,0.14243102073669434
1759856408.9273272,1759856409.0438402,0.11651301383972168
1759856409.0237966,1759856409.1357296,0.11193299293518066
1759856409.1687906,1759856409.3082304,0.13943982124328613
1759856409.1688223,1759856409.3097231,0.1409008502960205
1759856409.3474803,1759856409.4818666,0.13438630104064941
1759856409.3475416,1759856409.483554,0.13601231575012207
1759856409.519777,1759856409.6487622,0.12898516654968262
1759856409.599542,1759856409.7392585,0.13971662521362305
1759856409.7758098,1759856409.9092731,0.13346338272094727
1759856409.7758625,1759856409.9091568,0.13329434394836426
1759856409.9460676,1759856410.0604873,0.11441969871520996
1759856410.0268865,1759856410.1384401,0.11155366897583008
1759856410.1714902,1759856410.3034084,0.13191819190979004
1759856410.1789289,1759856410.3085895,0.12966060638427734
1759856410.345832,1759856410.4702606,0.12442851066589355
1759856410.422025,1759856410.582958,0.1609330177307129
1759856410.6214218,1759856410.7301853,0.10876345634460449
1759856410.697907,1759856410.8277261,0.12981915473937988
1759856410.8612044,1759856410.9751167,0.11391234397888184
1759856410.9575286,1759856411.0661974,0.10866880416870117
1759856411.1034975,1759856411.2238853,0.12038779258728027
1759856411.202615,1759856411.3179927,0.11537766456604004
1759856411.356601,1759856411.4709194,0.1143183708190918
1759856411.4519103,1759856411.5724828,0.12057256698608398
1759856411.6099658,1759856411.738953,0.12898731231689453
1759856411.6986601,1759856411.8665726,0.16791248321533203
1759856411.900103,1759856412.0242443,0.12414121627807617
1759856411.9708757,1759856412.084909,0.11403322219848633
1759856412.1200526,1759856412.2521076,0.13205504417419434
1759856412.142326,1759856412.276472,0.13414597511291504
1759856412.3124588,1759856412.4352975,0.12283873558044434
1759856412.3692997,1759856412.4875758,0.11827611923217773
1759856412.5215034,1759856412.6607432,0.13923978805541992
1759856412.5567155,1759856412.689937,0.13322162628173828
1759856412.7299511,1759856412.8745828,0.14463162422180176
1759856412.778704,1759856412.8972893,0.11858534812927246
1759856412.9301417,1759856413.0502768,0.12013506889343262
1759856412.9929104,1759856413.1153774,0.122467041015625
1759856413.1499858,1759856413.2793715,0.12938570976257324
1759856413.1714394,1759856413.2993467,0.12790727615356445
1759856413.3368952,1759856413.4609876,0.12409234046936035
1759856413.4027634,1759856413.533097,0.13033366203308105
1759856413.576549,1759856413.7123635,0.13581442832946777
1759856413.5797389,1759856413.7544231,0.1746842861175537
1759856413.7914941,1759856413.926145,0.13465094566345215
1759856413.8361642,1759856413.9788258,0.14266157150268555
1759856414.02151,1759856414.1610458,0.13953590393066406
1759856414.0450892,1759856414.17328,0.1281907558441162
1759856414.2145672,1759856414.3318326,0.11726546287536621
1759856414.285355,1759856414.4120681,0.12671303749084473
1759856414.4460483,1759856414.5808496,0.13480138778686523
1759856414.4492016,1759856414.5839174,0.13471579551696777
1759856414.616506,1759856414.730775,0.11426901817321777
1759856414.6996584,1759856414.8746889,0.17503046989440918
1759856414.9133532,1759856415.0628934,0.14954018592834473
1759856414.9583867,1759856415.0958357,0.13744902610778809
1759856415.1335065,1759856415.2573519,0.12384533882141113
1759856415.1818745,1759856415.3088984,0.12702393531799316
1759856415.3467946,1759856415.4819343,0.13513970375061035
1759856415.3745208,1759856415.4951258,0.1206049919128418
1759856415.5284505,1759856415.6529222,0.12447166442871094
1759856415.600596,1759856415.7256336,0.12503767013549805
1759856415.7742686,1759856415.8950472,0.12077856063842773
1759856415.7615337,1759856415.9185977,0.15706396102905273
1759856415.9586475,1759856416.1016462,0.14299869537353516
1759856416.0164096,1759856416.1475246,0.13111495971679688
1759856416.1802628,1759856416.3182673,0.13800454139709473
1759856416.2200594,1759856416.367937,0.14787769317626953
1759856416.4016354,1759856416.54697,0.14533448219299316
1759856416.43595,1759856416.555548,0.1195979118347168
1759856416.59196,1759856416.7652307,0.17327070236206055
1759856416.6693218,1759856416.7967954,0.1274735927581787
1759856416.8360682,1759856416.9831772,0.1471090316772461
1759856416.882597,1759856417.0076945,0.12509751319885254
1759856417.0466475,1759856417.1762712,0.1296236515045166
1759856417.104775,1759856417.2448387,0.14006376266479492
1759856417.2833061,1759856417.4285302,0.14522409439086914
1759856417.2941318,1759856417.4320765,0.13794469833374023
1759856417.4644477,1759856417.583412,0.11896419525146484
1759856417.5489097,1759856417.686293,0.13738322257995605
1759856417.7243674,1759856417.8564706,0.13210320472717285
1759856417.811325,1759856417.940719,0.1293938159942627
1759856417.9783108,1759856418.0972464,0.11893558502197266
1759856417.9802613,1759856418.1703618,0.19010043144226074
1759856418.2183194,1759856418.350619,0.13229966163635254
1759856418.2184234,1759856418.3630092,0.14458584785461426
1759856418.4008594,1759856418.5295093,0.12864995002746582
1759856418.470265,1759856418.5889552,0.11869025230407715
1759856418.625541,1759856418.7572463,0.13170528411865234
1759856418.6535518,1759856418.7948968,0.14134502410888672
1759856418.8341954,1759856418.9658635,0.1316680908203125
1759856418.8752897,1759856418.9939966,0.11870694160461426
1759856419.0278168,1759856419.1544669,0.12665009498596191
1759856419.0857954,1759856419.2125158,0.12672042846679688
1759856419.253147,1759856419.3898184,0.1366715431213379
1759856419.2717361,1759856419.3997443,0.12800812721252441
1759856419.4391305,1759856419.5620458,0.12291526794433594
1759856419.5100324,1759856419.6474133,0.13738083839416504
1759856419.6947298,1759856419.8249311,0.1302013397216797
1759856419.791014,1759856419.957059,0.1660449504852295
1759856419.994412,1759856420.1205814,0.12616944313049316
1759856420.0552895,1759856420.1982486,0.1429591178894043
1759856420.247975,1759856420.3742359,0.12626075744628906
1759856420.3481052,1759856420.4709756,0.12287044525146484
1759856420.5043492,1759856420.627237,0.12288784980773926
1759856420.602949,1759856420.7256575,0.12270855903625488
1759856420.7600896,1759856420.8928747,0.13278508186340332
1759856420.8549085,1759856420.9633312,0.10842275619506836
1759856421.003298,1759856421.1328244,0.12952637672424316
1759856421.0113049,1759856421.2133257,0.20202088356018066
1759856421.2509384,1759856421.3929205,0.1419820785522461
1759856421.2482352,1759856421.4157448,0.1675095558166504
1759856421.4496999,1759856421.5877106,0.13801074028015137
1759856421.5113962,1759856421.625863,0.11446690559387207
1759856421.6582248,1759856421.7805843,0.1223595142364502
1759856421.7060978,1759856421.848671,0.14257311820983887
1759856421.8978748,1759856422.0344634,0.13658857345581055
1759856421.8901122,1759856422.040524,0.15041184425354004
1759856422.079951,1759856422.2207623,0.14081120491027832
1759856422.1533947,1759856422.2715125,0.1181178092956543
1759856422.3100283,1759856422.429403,0.11937475204467773
1759856422.3400662,1759856422.476416,0.13634991645812988
1759856422.5194826,1759856422.6560469,0.1365642547607422
1759856422.5465467,1759856422.6690123,0.12246561050415039
1759856422.7113442,1759856422.8212788,0.10993456840515137
1759856422.7746286,1759856422.9204423,0.1458137035369873
1759856422.9537158,1759856423.079079,0.12536311149597168
1759856423.0486758,1759856423.2164252,0.16774940490722656
1759856423.2506776,1759856423.3699086,0.11923098564147949
1759856423.3079643,1759856423.4462864,0.138322114944458
1759856423.491326,1759856423.6163275,0.1250014305114746
1759856423.4865015,1759856423.6395645,0.15306305885314941
1759856423.675611,1759856423.8172047,0.14159369468688965
1759856423.7361853,1759856423.8588405,0.12265515327453613
1759856423.8961546,1759856424.0278106,0.13165593147277832
1759856423.93562,1759856424.0782814,0.14266133308410645
1759856424.116265,1759856424.2772372,0.16097211837768555
1759856424.1451023,1759856424.2884343,0.14333200454711914
1759856424.3302433,1759856424.4532316,0.12298822402954102
1759856424.3956094,1759856424.5728846,0.1772751808166504
1759856424.612655,1759856424.7494884,0.13683342933654785
1759856424.6822858,1759856424.806257,0.12397122383117676
1759856424.842557,1759856424.9738915,0.13133454322814941
1759856424.8682265,1759856425.0177789,0.1495523452758789
1759856425.0595126,1759856425.2103434,0.15083074569702148
1759856425.0911806,1759856425.2245164,0.13333582878112793
1759856425.2567816,1759856425.372468,0.11568641662597656
1759856425.3313239,1759856425.461397,0.13007307052612305
1759856425.506176,1759856425.6283941,0.12221813201904297
1759856425.6000388,1759856425.7072663,0.10722756385803223
1759856425.7432172,1759856425.882435,0.13921785354614258
1759856425.7472014,1759856425.9115338,0.16433238983154297
1759856425.9503767,1759856426.0856576,0.13528084754943848
1759856426.0020163,1759856426.1195762,0.11755990982055664
1759856426.2044442,1759856426.342422,0.13797783851623535
1759856426.1544924,1759856426.345894,0.19140172004699707
1759856426.384091,1759856426.5000505,0.11595964431762695
1759856426.460769,1759856426.586054,0.12528514862060547
1759856426.6253726,1759856426.7514818,0.12610912322998047
1759856426.6252992,1759856426.776908,0.15160870552062988
1759856426.8259213,1759856426.9694953,0.14357399940490723
1759856426.8709059,1759856426.9958322,0.12492632865905762
1759856427.0302029,1759856427.1731763,0.1429734230041504
1759856427.0926619,1759856427.2471876,0.1545257568359375
1759856427.2924185,1759856427.4389296,0.14651107788085938
1759856427.2856612,1759856427.4822948,0.19663357734680176
1759856427.5156763,1759856427.6585848,0.14290857315063477
1759856427.557625,1759856427.6860938,0.12846875190734863
1759856427.718726,1759856427.8505619,0.1318359375
1759856427.7768772,1759856427.9064212,0.12954401969909668
1759856427.9400473,1759856428.0750062,0.13495898246765137
1759856427.967792,1759856428.0987484,0.13095641136169434
1759856428.1315296,1759856428.2517574,0.12022781372070312
1759856428.1948647,1759856428.3210566,0.1261918544769287
1759856428.3600063,1759856428.4957793,0.1357729434967041
1759856428.3731678,1759856428.505781,0.1326131820678711
1759856428.5410557,1759856428.657286,0.11623024940490723
1759856428.6148262,1759856428.737992,0.12316584587097168
1759856428.778324,1759856428.8971813,0.11885738372802734
1759856428.7717535,1759856428.9138734,0.1421198844909668
1759856428.9546235,1759856429.0989413,0.1443178653717041
1759856429.018367,1759856429.133005,0.11463785171508789
1759856429.1657,1759856429.3490343,0.1833343505859375
1759856429.2177398,1759856429.34749,0.12975025177001953
1759856429.3896017,1759856429.531177,0.14157533645629883
1759856429.389794,1759856429.5464706,0.1566765308380127
1759856429.5859716,1759856429.7320673,0.14609575271606445
1759856429.6493583,1759856429.7640061,0.11464786529541016
1759856429.7975287,1759856429.9335494,0.13602066040039062
1759856429.8503058,1759856429.9912288,0.14092302322387695
1759856430.0548127,1759856430.180271,0.1254582405090332
1759856430.029204,1759856430.181037,0.15183305740356445
1759856430.2180176,1759856430.347317,0.12929940223693848
1759856430.2977483,1759856430.4150145,0.11726617813110352
1759856430.4483683,1759856430.5821707,0.1338024139404297
1759856430.471372,1759856430.6629057,0.19153380393981934
1759856430.7034242,1759856430.839383,0.13595867156982422
1759856430.7032928,1759856430.8548703,0.15157747268676758
1759856430.89588,1759856431.0379093,0.1420292854309082
1759856430.9566145,1759856431.079121,0.12250661849975586
1759856431.112345,1759856431.2345319,0.12218689918518066
1759856431.1566336,1759856431.2844288,0.12779521942138672
1759856431.3241315,1759856431.4647403,0.1406087875366211
1759856431.3526556,1759856431.486892,0.13423633575439453
1759856431.521232,1759856431.6410577,0.11982583999633789
1759856431.583673,1759856431.7104094,0.12673640251159668
1759856431.7502642,1759856431.8935292,0.1432650089263916
1759856431.762313,1759856431.897421,0.13510799407958984
1759856431.9302173,1759856432.0617156,0.1314983367919922
1759856432.0119371,1759856432.1753728,0.163435697555542
1759856432.2097468,1759856432.3539302,0.14418339729309082
1759856432.292973,1759856432.40872,0.11574697494506836
1759856432.4742043,1759856432.6304283,0.15622401237487793
1759856432.448182,1759856432.6504407,0.20225858688354492
1759856432.6831114,1759856432.8077269,0.12461543083190918
1759856432.7521276,1759856432.880504,0.12837624549865723
1759856432.9292266,1759856433.0705814,0.14135479927062988
1759856432.9197516,1759856433.078851,0.15909934043884277
1759856433.1178255,1759856433.2639732,0.1461477279663086
1759856433.19151,1759856433.3170774,0.12556743621826172
1759856433.3549147,1759856433.4831982,0.12828350067138672
1759856433.3823168,1759856433.5625894,0.18027257919311523
1759856433.6014888,1759856433.7344916,0.13300275802612305
1759856433.596168,1759856433.7506135,0.15444540977478027
1759856433.7881365,1759856433.927022,0.138885498046875
1759856433.8524055,1759856433.9893465,0.13694095611572266
1759856434.0449312,1759856434.1796963,0.1347651481628418
1759856434.0276754,1759856434.1817298,0.1540544033050537
1759856434.2155561,1759856434.3484843,0.13292813301086426
1759856434.2993631,1759856434.4303927,0.13102960586547852
1759856434.4687808,1759856434.6106203,0.14183950424194336
1759856434.4686491,1759856434.6128316,0.14418244361877441
1759856434.6516721,1759856434.7848015,0.13312935829162598
1759856434.7284808,1759856434.8579152,0.12943434715270996
1759856434.89198,1759856435.0506003,0.15862035751342773
1759856434.90314,1759856435.0565825,0.1534423828125
1759856435.0922,1759856435.2331164,0.1409163475036621
1759856435.168585,1759856435.299304,0.13071894645690918
1759856435.3404932,1759856435.4838977,0.14340448379516602
1759856435.3512847,1759856435.5043778,0.1530930995941162
1759856435.5407803,1759856435.6683638,0.12758350372314453
1759856435.601798,1759856435.761748,0.15995001792907715
1759856435.8074489,1759856435.9205902,0.11314129829406738
1759856435.8973212,1759856436.021318,0.12399673461914062
1759856436.0605497,1759856436.190545,0.12999534606933594
1759856436.1479962,1759856436.26635,0.11835384368896484
1759856436.298569,1759856436.4249141,0.12634515762329102
1759856436.3103273,1759856436.4616673,0.15134000778198242
1759856436.543884,1759856436.6777499,0.1338658332824707
1759856436.5019646,1759856436.6884944,0.18652987480163574
1759856436.726408,1759856436.8532124,0.12680435180664062
1759856436.7953036,1759856436.9188325,0.12352895736694336
1759856436.9533086,1759856437.0925648,0.13925623893737793
1759856436.9715142,1759856437.1272135,0.1556992530822754
1759856437.1610718,1759856437.2920194,0.13094758987426758
1759856437.2116385,1759856437.325848,0.11420965194702148
1759856437.3595748,1759856437.4844584,0.12488365173339844
1759856437.4122198,1759856437.5437999,0.13158011436462402
1759856437.6020482,1759856437.7287512,0.12670302391052246
1759856437.584705,1759856437.7373972,0.15269207954406738
1759856437.7756925,1759856437.907867,0.13217449188232422
1759856437.846296,1759856437.9596941,0.11339807510375977
1759856437.9926944,1759856438.1174953,0.1248009204864502
1759856438.0291815,1759856438.1640964,0.13491487503051758
1759856438.1989148,1759856438.3405457,0.1416308879852295
1759856438.235491,1759856438.3876073,0.1521162986755371
1759856438.464476,1759856438.5988963,0.13442015647888184
1759856438.426339,1759856438.6159034,0.18956446647644043
1759856438.6508143,1759856438.7975261,0.1467118263244629
1759856438.71742,1759856438.8534846,0.1360645294189453
1759856438.892205,1759856439.0437243,0.1515192985534668
1759856438.9156039,1759856439.0806282,0.1650242805480957
1759856439.120447,1759856439.2633617,0.1429147720336914
1759856439.1645534,1759856439.3212972,0.15674376487731934
1759856439.3600252,1759856439.49272,0.13269472122192383
1759856439.384293,1759856439.5225174,0.13822436332702637
1759856439.5627751,1759856439.690506,0.1277308464050293
1759856439.6115222,1759856439.795536,0.18401384353637695
1759856439.8350072,1759856439.9696512,0.1346440315246582
1759856439.9226325,1759856440.0471575,0.12452507019042969
1759856440.081911,1759856440.2299302,0.14801907539367676
1759856440.0879369,1759856440.2373352,0.1493983268737793
1759856440.27422,1759856440.4043722,0.13015222549438477
1759856440.3481266,1759856440.473927,0.12580037117004395
1759856440.5100083,1759856440.6461117,0.13610339164733887
1759856440.5275178,1759856440.6661196,0.13860177993774414
1759856440.7054276,1759856440.8485887,0.14316105842590332
1759856440.7655535,1759856440.890999,0.12544560432434082
1759856440.9241421,1759856441.0695927,0.14545059204101562
1759856440.9669085,1759856441.1109943,0.14408588409423828
1759856441.1506348,1759856441.2978673,0.1472325325012207
1759856446.1665313,1759856446.2905884,0.12405705451965332
1759856446.3009236,1759856446.4319544,0.13103079795837402
1759856446.4407704,1759856446.5562537,0.11548328399658203
1759856446.564769,1759856446.687683,0.12291407585144043
1759856446.6975353,1759856446.8196104,0.12207508087158203
1759856446.8291402,1759856446.9519746,0.12283444404602051
1759856446.9619715,1759856447.1366587,0.17468714714050293
1759856447.1459374,1759856447.2719874,0.12604999542236328
1759856447.28099,1759856447.4027696,0.1217796802520752
1759856447.411989,1759856447.5338216,0.12183260917663574
1759856447.5432086,1759856447.6865914,0.14338278770446777
1759856447.6958544,1759856447.8185365,0.12268209457397461
1759856447.8278675,1759856447.9462485,0.11838102340698242
1759856447.9553926,1759856448.0829709,0.1275782585144043
1759856448.0918372,1759856448.2147381,0.12290096282958984
1759856448.223995,1759856448.351253,0.1272580623626709
1759856448.360384,1759856448.4965096,0.1361255645751953
1759856448.5088332,1759856448.6392555,0.13042235374450684
1759856448.650055,1759856448.775083,0.12502813339233398
1759856448.788861,1759856448.9158773,0.12701630592346191
1759856448.929826,1759856449.0640469,0.13422083854675293
1759856449.0733988,1759856449.2578588,0.18445992469787598
1759856449.2684414,1759856449.3904161,0.12197470664978027
1759856449.3996124,1759856449.5214076,0.1217951774597168
1759856449.5320723,1759856449.6539993,0.12192702293395996
1759856449.667601,1759856449.788318,0.12071681022644043
1759856449.7975419,1759856449.921949,0.12440705299377441
1759856449.9312944,1759856450.0523744,0.12107992172241211
1759856450.0658224,1759856450.192541,0.12671852111816406
1759856450.2065563,1759856450.3270242,0.1204679012298584
1759856450.3363636,1759856450.457029,0.1206655502319336
1759856450.4660807,1759856450.5879285,0.12184786796569824
1759856450.597102,1759856450.7172406,0.12013864517211914
1759856450.7274458,1759856450.8488932,0.12144732475280762
1759856450.8579504,1759856450.9785423,0.12059187889099121
1759856450.98771,1759856451.1693165,0.18160653114318848
1759856451.1830287,1759856451.3128915,0.12986278533935547
1759856451.3267612,1759856451.444352,0.11759066581726074
1759856451.4549239,1759856451.579853,0.12492918968200684
1759856890.913952,1759856891.0532022,0.1392500400543213
1759856891.9306111,1759856892.0718315,0.1412203311920166
1759856892.0215619,1759856892.151734,0.1301722526550293
1759856893.1181986,1759856893.239255,0.12105631828308105
1759856893.114961,1759856893.2417114,0.12675046920776367
1759856894.2114222,1759856894.3313289,0.11990666389465332
1759856894.204743,1759856894.3381138,0.13337087631225586
1759856895.2744987,1759856895.4606614,0.18616271018981934
1759856895.3528657,1759856895.4866273,0.13376164436340332
1759856896.3832338,1759856896.5005531,0.11731934547424316
1759856896.4624982,1759856896.5981479,0.1356496810913086
1759856897.5373352,1759856897.6564562,0.11912107467651367
1759856897.6125689,1759856897.7321637,0.11959481239318848
1759856898.6820815,1759856898.8003955,0.11831402778625488
1759856898.6960166,1759856898.8319964,0.13597989082336426
1759856899.7148278,1759856899.8672404,0.15241265296936035
1759856899.7818627,1759856899.9194343,0.1375715732574463
1759856900.7871299,1759856900.9079154,0.12078547477722168
1759856900.8760774,1759856901.0045938,0.12851643562316895
1759856901.9388204,1759856902.0633178,0.1244974136352539
1759856901.9712873,1759856902.0989232,0.12763595581054688
1759856903.0919433,1759856903.2308977,0.13895440101623535
1759856903.0969396,1759856903.236997,0.14005732536315918
1759856904.1696708,1759856904.290956,0.12128520011901855
1759856904.1865492,1759856904.3151498,0.1286005973815918
1759856905.2369423,1759856905.382516,0.14557361602783203
1759856905.2848377,1759856905.4295988,0.1447610855102539
1759856906.3357258,1759856906.4745643,0.138838529586792
1759856906.3949823,1759856906.534104,0.13912177085876465
1759856907.3997872,1759856907.5420852,0.14229798316955566
1759856907.4803731,1759856907.6273637,0.14699053764343262
1759856908.5889342,1759856908.767766,0.1788318157196045
1759856908.509959,1759856908.6373837,0.1274247169494629
1759856909.5669594,1759856909.696117,0.12915754318237305
1759856909.5716484,1759856909.7098217,0.13817334175109863
1759856910.6601844,1759856910.7959328,0.13574838638305664
1759856910.5873716,1759856910.7838216,0.19644999504089355
1759856911.7078006,1759856911.8371592,0.12935853004455566
1759856911.714312,1759856911.8531408,0.13882875442504883
1759856911.9559216,1759856912.078464,0.1225423812866211
1759856911.9951112,1759856912.130638,0.1355266571044922
1759856912.1964533,1759856912.3269737,0.13052034378051758
1759856912.2747061,1759856912.4075382,0.13283205032348633
1759856912.5560153,1759856912.6969163,0.1409010887145996
1759856912.551353,1759856912.697556,0.14620304107666016
1759856912.8194447,1759856912.9498546,0.13040995597839355
1759856912.8465476,1759856912.9850912,0.13854360580444336
1759856913.068134,1759856913.2022889,0.1341547966003418
1759856913.1265364,1759856913.2536113,0.1270749568939209
1759856913.3247669,1759856913.4489658,0.12419891357421875
1759856913.3928957,1759856913.5212452,0.12834954261779785
1759856913.5690231,1759856913.6915581,0.12253499031066895
1759856913.6611357,1759856913.7884362,0.12730050086975098
1759856913.9199722,1759856914.0476215,0.12764930725097656
1759856913.9278057,1759856914.0604656,0.132659912109375
1759856914.1697912,1759856914.2828822,0.11309099197387695
1759856914.2031796,1759856914.3379505,0.13477087020874023
1759856914.4045627,1759856914.53017,0.12560725212097168
1759856914.4807384,1759856914.6172748,0.1365363597869873
1759856914.7605855,1759856914.8921654,0.13157987594604492
1759856914.7579823,1759856914.9300013,0.17201900482177734
1759856915.0693488,1759856915.1811743,0.11182546615600586
1759856915.0167594,1759856915.2041473,0.18738794326782227
1759856915.2990534,1759856915.4211164,0.12206292152404785
1759856915.3469942,1759856915.490127,0.14313292503356934
1759856915.5457978,1759856915.6590776,0.11327981948852539
1759856915.638414,1759856915.7627037,0.12428975105285645
1759856915.8881872,1759856915.996327,0.1081397533416748
1759856915.9070284,1759856916.0328422,0.12581372261047363
1759856916.114248,1759856916.2337246,0.1194765567779541
1759856916.172699,1759856916.296681,0.12398195266723633
1759856916.351534,1759856916.472525,0.12099099159240723
1759856916.4420414,1759856916.5661762,0.12413477897644043
1759856916.7006147,1759856916.8286443,0.12802958488464355
1759856916.7057939,1759856916.844724,0.138930082321167
1759856916.94729,1759856917.0583715,0.11108160018920898
1759856916.986943,1759856917.1096246,0.1226816177368164
1759856917.1799924,1759856917.2973902,0.11739778518676758
1759856917.2515233,1759856917.3932188,0.14169549942016602
1759856917.5249457,1759856917.6357043,0.11075854301452637
1759856917.5333745,1759856917.6587715,0.1253969669342041
1759856917.7531633,1759856917.8753912,0.12222790718078613
1759856917.7986846,1759856917.9366343,0.13794970512390137
1759856917.9925523,1759856918.1016955,0.10914325714111328
1759856918.079533,1759856918.22233,0.14279699325561523
1759856918.363831,1759856918.4899852,0.12615418434143066
1759856918.3293316,1759856918.5013099,0.17197823524475098
1759856918.6416912,1759856918.7534294,0.11173820495605469
1759856918.6086833,1759856918.7887285,0.18004512786865234
1759856918.8723183,1759856918.9893775,0.11705923080444336
1759856918.9325633,1759856919.0529368,0.12037348747253418
1759856919.1078897,1759856919.2122579,0.10436820983886719
1759856919.1968744,1759856919.3156319,0.11875748634338379
1759856919.4402204,1759856919.581166,0.1409456729888916
1759856919.4572024,1759856919.6065707,0.1493682861328125
1759856919.6991327,1759856919.8305807,0.13144803047180176
1759856919.745692,1759856919.8945823,0.14889025688171387
1759856919.947921,1759856920.066308,0.11838698387145996
1759856920.037168,1759856920.161445,0.12427687644958496
1759856920.2939618,1759856920.4044645,0.11050271987915039
1759856920.306996,1759856920.4304464,0.12345027923583984
1759856920.5226822,1759856920.6420624,0.11938023567199707
1759856920.5783126,1759856920.7125814,0.13426876068115234
1759856920.7595878,1759856920.8655312,0.10594344139099121
1759856920.8522623,1759856920.9742677,0.12200546264648438
1759856921.0970767,1759856921.206147,0.1090703010559082
1759856921.1180973,1759856921.2476697,0.12957239151000977
1759856921.3246343,1759856921.4325469,0.10791254043579102
1759856921.3880317,1759856921.51349,0.1254582405090332
1759856921.5631077,1759856921.6799412,0.11683344841003418
1759856921.6552424,1759856921.786092,0.13084959983825684
1759856921.9110007,1759856922.030743,0.11974215507507324
1759856921.9318328,1759856922.0634973,0.13166451454162598
1759856922.1486592,1759856922.331643,0.1829838752746582
1759856922.2030869,1759856922.3445165,0.14142966270446777
1759856922.449476,1759856922.565966,0.11648988723754883
1759856922.4902737,1759856922.6738946,0.18362092971801758
1759856922.7936888,1759856922.9206405,0.1269516944885254
1759856922.8137932,1759856922.9614022,0.14760899543762207
1759856923.0395086,1759856923.150634,0.11112546920776367
1759856923.1042933,1759856923.2262495,0.12195611000061035
1759856923.2768018,1759856923.3879297,0.11112785339355469
1759856923.3684688,1759856923.4936016,0.12513279914855957
1759856923.6156757,1759856923.731679,0.11600327491760254
1759856923.63918,1759856923.7702756,0.13109564781188965
1759856923.8505578,1759856923.962463,0.11190509796142578
1759856923.909754,1759856924.0435102,0.13375616073608398
1759856924.1902225,1759856924.299719,0.1094965934753418
1759856924.1858065,1759856924.322798,0.1369915008544922
1759856924.417211,1759856924.5504954,0.133284330368042
1759856924.463596,1759856924.608991,0.14539480209350586
1759856924.6708572,1759856924.782478,0.11162090301513672
1759856924.750711,1759856924.8728092,0.12209820747375488
1759856925.0146694,1759856925.1237805,0.10911107063293457
1759856925.0181737,1759856925.1466782,0.12850451469421387
1759856925.2450085,1759856925.3700998,0.1250913143157959
1759856925.2909465,1759856925.4144604,0.12351393699645996
1759856925.488649,1759856925.6012769,0.11262798309326172
1759856925.5560255,1759856925.6830184,0.12699294090270996
1759856925.7305067,1759856925.8502316,0.11972498893737793
1759856925.8225665,1759856925.94409,0.12152338027954102
1759856926.08891,1759856926.2257392,0.13682913780212402
1759856926.0780275,1759856926.2553613,0.17733383178710938
1759856926.3962219,1759856926.5095224,0.11330056190490723
1759856926.346112,1759856926.532932,0.18682003021240234
1759856926.6289299,1759856926.7576585,0.12872862815856934
1759856926.6794052,1759856926.8192923,0.13988709449768066
1759856926.875729,1759856926.9970088,0.12127971649169922
1759856926.9657683,1759856927.0880969,0.12232851982116699
1759856927.2256393,1759856927.3470035,0.12136411666870117
1759856927.2340665,1759856927.365644,0.1315774917602539
1759856927.464402,1759856927.5925229,0.12812089920043945
1759856927.512922,1759856927.636815,0.12389302253723145
1759856927.7113483,1759856927.829322,0.11797380447387695
1759856927.7845035,1759856927.9097812,0.12527775764465332
1759856928.0580406,1759856928.1736794,0.11563873291015625
1759856928.051387,1759856928.1828418,0.1314547061920166
1759856928.295015,1759856928.4314399,0.13642477989196777
1759856928.3243713,1759856928.4496377,0.12526631355285645
1759856928.5505812,1759856928.6583736,0.10779237747192383
1759856928.5990674,1759856928.7221692,0.12310171127319336
1759856928.7791448,1759856928.9029253,0.12378048896789551
1759856928.8709092,1759856928.9908562,0.11994695663452148
1759856929.1319351,1759856929.2602668,0.12833166122436523
1759856929.1365204,1759856929.2603023,0.12378191947937012
1759856929.3790526,1759856929.4921587,0.11310601234436035
1759856929.413016,1759856929.538121,0.1251049041748047
1759856929.6134186,1759856929.7267003,0.1132817268371582
1759856929.6830525,1759856929.8119006,0.12884807586669922
1759856929.960842,1759856930.0918045,0.13096261024475098
1759856929.9590359,1759856930.105886,0.1468501091003418
1759856930.2095473,1759856930.3858244,0.17627716064453125
1759856930.2476635,1759856930.431567,0.18390345573425293
1759856930.5085392,1759856930.6172209,0.10868167877197266
1759856930.5736382,1759856930.6938522,0.12021398544311523
1759856930.8448863,1759856930.9791005,0.13421416282653809
1759856930.8402953,1759856930.992476,0.15218067169189453
1759856931.1005313,1759856931.2363355,0.1358041763305664
1759856931.1371717,1759856931.263016,0.12584424018859863
1759856931.3537128,1759856931.4774868,0.12377405166625977
1759856931.4080198,1759856931.5345008,0.1264810562133789
1759856931.595859,1759856931.7098126,0.1139535903930664
1759856931.674992,1759856931.8034098,0.1284177303314209
1759856931.9376318,1759856932.0816505,0.14401865005493164
1759856931.944218,1759856932.0923138,0.14809584617614746
1759856932.199352,1759856932.3022223,0.10287022590637207
1759856932.2317827,1759856932.3527787,0.12099599838256836
1759856932.4234176,1759856932.5642738,0.14085626602172852
1759856932.4967415,1759856932.6263664,0.1296248435974121
1759856932.6816666,1759856932.8046765,0.12300992012023926
1759856932.7662961,1759856932.880415,0.11411881446838379
1759856932.932716,1759856933.0470107,0.11429476737976074
1759856933.0242631,1759856933.1327934,0.10853028297424316
1759856933.2712848,1759856933.3858097,0.11452484130859375
1759856933.2746043,1759856933.3938887,0.11928439140319824
1759856933.5046747,1759856933.640763,0.13608837127685547
1759856933.5374386,1759856933.6573708,0.11993217468261719
1759856933.7586758,1759856933.8801994,0.12152361869812012
1759856933.8093052,1759856933.928287,0.11898183822631836
1759856933.9975033,1759856934.1100314,0.11252808570861816
1759856934.0720532,1759856934.2329805,0.16092729568481445
1759856934.371903,1759856934.4841423,0.11223936080932617
1759856934.337877,1759856934.5204756,0.18259859085083008
1759856934.6020164,1759856934.7169747,0.11495828628540039
1759856934.659643,1759856934.7709384,0.11129546165466309
1759856934.834477,1759856934.957592,0.12311506271362305
1759856934.9095116,1759856935.0195515,0.11003994941711426
1759856935.0792336,1759856935.1935146,0.11428093910217285
1759856935.1629794,1759856935.2862365,0.12325716018676758
1759856935.421534,1759856935.5363998,0.11486577987670898
1759856935.4252682,1759856935.540631,0.11536288261413574
1759856935.6538749,1759856935.7621458,0.10827088356018066
1759856935.6849608,1759856935.7961247,0.11116385459899902
1759856935.879649,1759856936.0003688,0.12071990966796875
1759856935.9373853,1759856936.0436761,0.10629081726074219
1759856936.1209798,1759856936.23319,0.11221027374267578
1759856936.1850212,1759856936.308027,0.12300586700439453
1759856936.352833,1759856936.469659,0.11682605743408203
1759856936.4465141,1759856936.5563536,0.10983943939208984
1759856936.6984558,1759856936.8382978,0.13984203338623047
1759856936.7078142,1759856936.8421917,0.13437747955322266
1759856936.9558015,1759856937.0661068,0.1103053092956543
1759856936.9808857,1759856937.105525,0.12463927268981934
1759856937.1835673,1759856937.2992787,0.11571145057678223
1759856937.2482738,1759856937.3751185,0.1268446445465088
1759856937.424206,1759856937.5412347,0.11702871322631836
1759856937.5144298,1759856937.636721,0.12229108810424805
1759856937.7690268,1759856937.949209,0.18018221855163574
1759856937.779916,1759856937.9720106,0.1920945644378662
1759856938.06658,1759856938.1804948,0.11391472816467285
1759856938.112263,1759856938.2223573,0.11009430885314941
1759856938.2977667,1759856938.4114912,0.1137244701385498
1759856938.364008,1759856938.4931753,0.1291673183441162
1759856938.6369395,1759856938.7511313,0.11419177055358887
1759856938.639136,1759856938.7530704,0.11393427848815918
1759856938.8688936,1759856938.9814603,0.11256670951843262
1759856938.891187,1759856939.0013711,0.1101841926574707
1759856939.0989742,1759856939.206172,0.10719776153564453
1759856939.1426194,1759856939.2519374,0.10931801795959473
1759856939.3236172,1759856939.4527318,0.12911462783813477
1759856939.390466,1759856939.5112016,0.12073564529418945
1759856939.5700932,1759856939.6910946,0.1210014820098877
1759856939.6547794,1759856939.7680879,0.11330842971801758
1759856939.9198344,1759856940.033841,0.11400651931762695
1759856939.9193864,1759856940.0395887,0.12020230293273926
1759856940.1512423,1759856940.267297,0.11605477333068848
1759856940.1784031,1759856940.2943444,0.11594128608703613
1759856940.3863223,1759856940.5062091,0.11988687515258789
1759856940.4386535,1759856940.5555177,0.11686420440673828
1759856940.6245847,1759856940.7443857,0.11980104446411133
1759856940.6955302,1759856940.8081326,0.11260247230529785
1759856940.8619664,1759856940.9823492,0.12038278579711914
1759856940.9492366,1759856941.059135,0.10989832878112793
1759856941.108894,1759856941.2351854,0.12629127502441406
1759856941.2004166,1759856941.319599,0.11918234825134277
1759856941.4626696,1759856941.643074,0.1804044246673584
1759856941.4583647,1759856941.6452603,0.18689560890197754
1759856941.7603047,1759856941.8751462,0.11484146118164062
1759856941.788094,1759856941.9001586,0.11206459999084473
1759856941.9925113,1759856942.1086802,0.11616897583007812
1759856942.0425124,1759856942.164515,0.12200260162353516
1759856942.2271614,1759856942.3502898,0.12312841415405273
1759856942.3054752,1759856942.412265,0.10678982734680176
1759856942.467992,1759856942.585377,0.1173849105834961
1759856942.5544164,1759856942.6600356,0.10561919212341309
1759856942.8128808,1759856942.9432492,0.13036847114562988
1759856942.8102903,1759856942.9449954,0.1347050666809082
1759856943.0606177,1759856943.1918504,0.13123273849487305
1759856943.0854928,1759856943.2053075,0.11981463432312012
1759856943.309309,1759856943.4297543,0.12044525146484375
1759856943.3437688,1759856943.4665985,0.12282967567443848
1759856943.5471365,1759856943.664336,0.11719942092895508
1759856943.606598,1759856943.719093,0.11249518394470215
1759856943.784723,1759856943.8999457,0.11522269248962402
1759856943.8605819,1759856943.9688885,0.1083066463470459
1759856944.0174408,1759856944.135224,0.1177833080291748
1759856944.107775,1759856944.2267604,0.11898541450500488
1759856944.3653722,1759856944.4824636,0.11709141731262207
1759856944.3663766,1759856944.4895866,0.12320995330810547
1759856944.5999677,1759856944.717053,0.11708521842956543
1759856944.641704,1759856944.8155193,0.17381525039672852
1759856944.9462976,1759856945.065633,0.11933541297912598
1759856944.9537568,1759856945.0701418,0.11638498306274414
1759856945.2108533,1759856945.3386016,0.1277482509613037
1759856945.1846588,1759856945.3684003,0.18374156951904297
1759856945.4573581,1759856945.5755885,0.11823034286499023
1759856945.5093699,1759856945.641165,0.13179516792297363
1759856945.6929886,1759856945.822486,0.12949728965759277
1759856945.784411,1759856945.8930624,0.10865139961242676
1759856945.9428039,1759856946.0689995,0.12619566917419434
1759856946.034647,1759856946.1456969,0.11104989051818848
1759856946.195293,1759856946.3213563,0.12606334686279297
1759856946.2870326,1759856946.3963394,0.10930681228637695
1759856946.4478216,1759856946.5660515,0.11822986602783203
1759856946.5412748,1759856946.6482918,0.10701704025268555
1759856946.6931038,1759856946.812449,0.11934518814086914
1759856946.7866719,1759856946.8915648,0.10489296913146973
1759856946.9426978,1759856947.0524461,0.10974836349487305
1759856947.0321724,1759856947.1401756,0.10800313949584961
1759856947.2787905,1759856947.4096453,0.13085484504699707
1759856947.2799745,1759856947.413069,0.13309454917907715
1759856947.5270083,1759856947.6524262,0.12541794776916504
1759856947.5510786,1759856947.6626644,0.11158585548400879
1759856947.7695923,1759856947.8793602,0.10976791381835938
1759856947.806047,1759856947.9204755,0.11442852020263672
1759856947.9983234,1759856948.1081583,0.10983490943908691
1759856948.062205,1759856948.1739383,0.11173319816589355
1759856948.2292418,1759856948.3414774,0.11223554611206055
1759856948.3148568,1759856948.4876537,0.17279696464538574
1759856948.5691962,1759856948.6876857,0.11848950386047363
1759856948.629583,1759856948.741293,0.1117100715637207
1759856948.8050957,1759856949.005616,0.20052027702331543
1759856948.8889217,1759856949.028742,0.13982033729553223
1759856949.125294,1759856949.2358174,0.11052346229553223
1759856949.1677103,1759856949.2786224,0.11091208457946777
1759856949.354486,1759856949.4678748,0.1133887767791748
1759856949.4206157,1759856949.5346699,0.11405420303344727
1759856949.5892954,1759856949.699354,0.11005854606628418
1759856949.673703,1759856949.7909741,0.11727118492126465
1759856949.927681,1759856950.0376742,0.10999321937561035
1759856949.9290557,1759856950.0438752,0.11481952667236328
1759856950.1550133,1759856950.2704408,0.11542749404907227
1759856950.1826313,1759856950.3017797,0.11914849281311035
1759856950.3906798,1759856950.5139072,0.12322735786437988
1759856950.4402792,1759856950.5639884,0.12370920181274414
1759856950.635685,1759856950.7539034,0.11821842193603516
1759856950.7022882,1759856950.825575,0.12328696250915527
1759856950.872832,1759856950.9820366,0.10920453071594238
1759856950.9648318,1759856951.073529,0.10869717597961426
1759856951.2107074,1759856951.3288689,0.11816143989562988
1759856951.2113998,1759856951.337756,0.1263561248779297
1759856951.446145,1759856951.5729182,0.12677311897277832
1759856951.4773297,1759856951.5956895,0.11835980415344238
1759856951.6904874,1759856951.8069966,0.11650919914245605
1759856951.7510526,1759856951.8743353,0.12328267097473145
1759856951.9283876,1759856952.0454679,0.1170802116394043
1759856952.012792,1759856952.177596,0.16480398178100586
1759856952.2732694,1759856952.3911037,0.11783432960510254
1759856952.3156183,1759856952.4267802,0.11116194725036621
1759856952.5678577,1759856952.6837895,0.11593174934387207
1759856952.5083253,1759856952.6883163,0.1799910068511963
1759856952.802178,1759856952.9177897,0.11561179161071777
1759856952.829641,1759856952.9536643,0.1240231990814209
1759856953.0349922,1759856953.154164,0.1191718578338623
1759856953.096493,1759856953.216365,0.1198720932006836
1759856953.271581,1759856953.4043872,0.13280630111694336
1759856953.3595388,1759856953.4735942,0.11405539512634277
1759856953.5256877,1759856953.6418579,0.11617016792297363
1759856953.6172905,1759856953.725808,0.10851740837097168
1759856953.8650718,1759856953.9761362,0.11106443405151367
1759856953.8695395,1759856953.983782,0.1142425537109375
1759856954.0936153,1759856954.2065918,0.1129765510559082
1759856954.1272435,1759856954.240309,0.11306548118591309
1759856954.3279974,1759856954.4363475,0.10835003852844238
1759856954.3803513,1759856954.498988,0.1186366081237793
1759856954.553652,1759856954.6717484,0.11809635162353516
1759856954.6418958,1759856954.7566109,0.1147150993347168
1759856954.8965857,1759856955.0161803,0.11959457397460938
1759856954.8994029,1759856955.0241063,0.12470340728759766
1759856955.1332948,1759856955.250475,0.11718010902404785
1759856955.163899,1759856955.2795331,0.11563420295715332
1759856955.3697777,1759856955.4818637,0.11208605766296387
1759856955.4179041,1759856955.5526178,0.13471364974975586
1759856955.5992775,1759856955.772271,0.17299342155456543
1759856955.6922114,1759856955.8044248,0.1122133731842041
1759856955.8939705,1759856956.0128171,0.11884665489196777
1759856955.9435685,1759856956.0549357,0.11136722564697266
1759856956.1300867,1759856956.2475584,0.11747169494628906
1759856956.2060435,1759856956.3700979,0.16405439376831055
1759856956.4750292,1759856956.6022377,0.12720847129821777
1759856956.5153005,1759856956.6517386,0.13643813133239746
1759856956.7200494,1759856956.8415067,0.12145733833312988
1759856956.7946398,1759856956.904328,0.10968828201293945
1759856956.9598348,1759856957.0729396,0.11310482025146484
1759856957.0424953,1759856957.1473198,0.10482454299926758
1759856957.193774,1759856957.3085506,0.114776611328125
1759856957.2859645,1759856957.4034128,0.11744832992553711
1759856957.5360715,1759856957.6746607,0.13858914375305176
1759856957.5447536,1759856957.6947532,0.14999961853027344
1759856957.7922719,1759856957.9060512,0.11377930641174316
1759856957.8350093,1759856957.9452894,0.11028003692626953
1759856958.0240245,1759856958.1450477,0.12102317810058594
1759856958.0879614,1759856958.201979,0.11401748657226562
1759856958.2641246,1759856958.3800027,0.11587810516357422
1759856958.3419278,1759856958.469749,0.1278212070465088
1759856958.6077032,1759856958.7251372,0.11743402481079102
1759856958.6113358,1759856958.7290757,0.11773991584777832
1759856958.843407,1759856958.9579778,0.11457085609436035
1759856958.8676364,1759856958.9904268,0.12279033660888672
1759856959.0777533,1759856959.19826,0.12050676345825195
1759856959.1342168,1759856959.2566388,0.1224219799041748
1759856959.3154516,1759856959.4398348,0.12438321113586426
1759856959.395969,1759856959.508418,0.11244916915893555
1759856959.5610611,1759856959.7355673,0.17450618743896484
1759856959.6468256,1759856959.7700672,0.12324166297912598
1759856959.85568,1759856959.9698772,0.1141972541809082
1759856959.9096475,1759856960.0734696,0.16382217407226562
1759856960.1975296,1759856960.315044,0.11751437187194824
1759856960.2135665,1759856960.3312767,0.11771011352539062
1759856960.434622,1759856960.5517573,0.11713528633117676
1759856960.4702873,1759856960.581508,0.1112205982208252
1759856960.6701672,1759856960.7893631,0.11919593811035156
1759856960.72389,1759856960.8607664,0.13687634468078613
1759856960.906602,1759856961.0290513,0.12244939804077148
1759856961.0000799,1759856961.1086185,0.10853862762451172
1759856961.250804,1759856961.3597488,0.10894489288330078
1759856961.2569218,1759856961.3773017,0.12037992477416992
1759856961.4796963,1759856961.6039724,0.12427616119384766
1759856961.5212765,1759856961.6627972,0.14152073860168457
1759856961.7224698,1759856961.8355138,0.11304402351379395
1759856961.8014112,1759856961.9114099,0.10999870300292969
1759856961.9611847,1759856962.070907,0.10972237586975098
1759856962.0533428,1759856962.1648748,0.11153197288513184
1759856962.3054523,1759856962.418778,0.11332559585571289
1759856962.2985294,1759856962.4301007,0.13157129287719727
1759856962.5364888,1759856962.6539314,0.11744260787963867
1759856962.5816052,1759856962.7151215,0.1335163116455078
1759856962.7712414,1759856962.8874712,0.11622977256774902
1759856962.8582919,1759856962.9643385,0.10604667663574219
1759856963.010452,1759856963.117672,0.10721993446350098
1759856963.1025558,1759856963.2065892,0.1040334701538086
1759856963.3462975,1759856963.460013,0.11371541023254395
1759856963.3470201,1759856963.4630637,0.1160435676574707
1759856963.5773418,1759856963.748621,0.1712791919708252
1759856963.6035466,1759856963.7892659,0.18571925163269043
1759856963.8661103,1759856963.982549,0.11643862724304199
1759856963.9277153,1759856964.0432107,0.11549544334411621
1759856964.1010282,1759856964.218548,0.11751985549926758
1759856964.1860561,1759856964.2947602,0.1087040901184082
1759856964.3399012,1759856964.4483666,0.10846543312072754
1759856964.4335067,1759856964.5395188,0.10601210594177246
1759856964.677405,1759856964.8042877,0.12688255310058594
1759856964.6758637,1759856964.8063872,0.1305234432220459
1759856964.921619,1759856965.0322437,0.11062479019165039
1759856964.952954,1759856965.076435,0.12348103523254395
1759856965.1494422,1759856965.2620819,0.1126396656036377
1759856965.2144573,1759856965.3237374,0.10928010940551758
1759856965.3816035,1759856965.5028048,0.1212012767791748
1759856965.4616454,1759856965.569128,0.1074826717376709
1759856965.620506,1759856965.7365704,0.11606431007385254
1759856965.7075455,1759856965.8195632,0.11201763153076172
1759856965.9588008,1759856966.0829432,0.12414240837097168
1759856965.9653401,1759856966.0863338,0.12099361419677734
1759856966.2015839,1759856966.3093581,0.10777425765991211
1759856966.2254038,1759856966.3548896,0.1294858455657959
1759856966.426491,1759856966.543945,0.11745405197143555
1759856966.500721,1759856966.6257854,0.12506437301635742
1759856966.6715314,1759856966.7888997,0.11736822128295898
1759856966.7656043,1759856966.889051,0.12344670295715332
1759856967.0317714,1759856967.170041,0.13826966285705566
1759856967.0170476,1759856967.2132103,0.19616270065307617
1759856967.3593283,1759856967.4745777,0.1152493953704834
1759856967.2896414,1759856967.5004385,0.21079707145690918
1759856967.592267,1759856967.7159212,0.12365412712097168
1759856967.640372,1759856967.7651172,0.12474513053894043
1759856967.833501,1759856967.946956,0.11345481872558594
1759856967.9103453,1759856968.0341523,0.12380695343017578
1759856968.1761777,1759856968.3004668,0.12428903579711914
1759856968.180292,1759856968.3161867,0.135894775390625
1759856968.4200706,1759856968.5257547,0.10568404197692871
1759856968.4595854,1759856968.5848103,0.12522482872009277
1759856968.642993,1759856968.7575014,0.11450839042663574
1759856968.728625,1759856968.8594527,0.1308276653289795
1759856968.984943,1759856969.1012082,0.11626529693603516
1759856968.9986267,1759856969.1256971,0.12707042694091797
1759856969.218327,1759856969.3270562,0.10872912406921387
1759856969.2698002,1759856969.4087598,0.13895964622497559
1759856969.549458,1759856969.6706915,0.12123346328735352
1759856969.5544431,1759856969.674229,0.11978578567504883
1759856969.7907865,1759856969.908587,0.11780047416687012
1759856969.8157344,1759856969.9344969,0.11876249313354492
1759856970.0272272,1759856970.1501937,0.12296652793884277
1759856970.07532,1759856970.1912794,0.11595940589904785
1759856970.273077,1759856970.4063687,0.13329172134399414
1759856970.3293834,1759856970.450189,0.12080574035644531
1759856970.5245135,1759856970.6612046,0.13669109344482422
1759856970.5877936,1759856970.7546945,0.1669008731842041
1759856970.89737,1759856971.0097833,0.11241316795349121
1759856970.8914776,1759856971.0669107,0.17543315887451172
1759856971.127254,1759856971.2390091,0.1117551326751709
1759856971.211266,1759856971.33069,0.11942386627197266
1759856971.4666324,1759856971.5915775,0.12494516372680664
1759856971.4748166,1759856971.6053767,0.13056015968322754
1759856971.7096663,1759856971.8444207,0.13475441932678223
1759856971.7483006,1759856971.8784337,0.13013315200805664
1759856971.9652827,1759856972.0931695,0.12788677215576172
1759856972.0192425,1759856972.1476939,0.12845134735107422
1759856972.210979,1759856972.3390164,0.1280374526977539
1759856972.2873652,1759856972.4408307,0.15346550941467285
1759856972.5686514,1759856972.6916766,0.12302517890930176
1759856972.585394,1759856972.7146401,0.12924623489379883
1759856972.8106933,1759856972.930256,0.11956262588500977
1759856972.8578787,1759856972.9858496,0.12797093391418457
1759856973.0524466,1759856973.1825967,0.13015007972717285
1759856973.1288724,1759856973.2602372,0.1313648223876953
1759856973.3086646,1759856973.4308164,0.12215185165405273
1759856973.399443,1759856973.5185907,0.11914777755737305
1759856973.65921,1759856973.8024993,0.14328932762145996
1759856973.6608655,1759856973.8032658,0.14240026473999023
1759856973.9205415,1759856974.0601177,0.13957619667053223
1759856973.9424276,1759856974.0819468,0.13951921463012695
1759856974.1812572,1759856974.2903457,0.10908842086791992
1759856974.2235138,1759856974.3441656,0.1206517219543457
1759856974.4074864,1759856974.5888793,0.18139290809631348
1759856974.4893017,1759856974.6274877,0.13818597793579102
1759856974.7100222,1759856974.829123,0.11910080909729004
1759856974.7698743,1759856974.949254,0.17937970161437988
1759856975.056984,1759856975.1711013,0.11411738395690918
1759856975.1013176,1759856975.2229295,0.1216118335723877
1759856975.2920167,1759856975.4058738,0.11385703086853027
1759856975.3637583,1759856975.4928071,0.12904882431030273
1759856975.6334932,1759856975.7543895,0.1208963394165039
1759856975.6372545,1759856975.7707262,0.13347172737121582
1759856975.8718967,1759856975.9816236,0.1097269058227539
1759856975.9116368,1759856976.0357556,0.12411880493164062
1759856976.100973,1759856976.215325,0.11435222625732422
1759856976.17954,1759856976.3078566,0.12831664085388184
1759856976.4429653,1759856976.5702407,0.1272754669189453
1759856976.4531353,1759856976.5902817,0.1371464729309082
1759856976.6877525,1759856976.8025744,0.1148219108581543
1759856976.735377,1759856976.873697,0.1383199691772461
1759856976.9281366,1759856977.0497255,0.12158894538879395
1759856977.0197337,1759856977.1525505,0.13281679153442383
1759856977.27749,1759856977.3997831,0.12229323387145996
1759856977.296237,1759856977.423721,0.12748408317565918
1759856977.5173924,1759856977.6368399,0.11944746971130371
1759856977.568198,1759856977.7110834,0.14288544654846191
1759856977.7640984,1759856977.8746252,0.11052680015563965
1759856977.8562756,1759856977.9727604,0.1164848804473877
1759856978.1130369,1759856978.2491422,0.13610529899597168
1759856978.1027215,1759856978.283265,0.1805436611175537
1759856978.367886,1759856978.5022614,0.13437533378601074
1759856978.4269438,1759856978.570173,0.14322924613952637
1759856978.620887,1759856978.7440128,0.12312579154968262
1759856978.7093542,1759856978.8546464,0.1452922821044922
1759856978.9971695,1759856979.1428213,0.14565181732177734
1759856978.9726963,1759856979.1752002,0.20250391960144043
1759856979.2612681,1759856979.392964,0.13169574737548828
1759856979.3145204,1759856979.4380386,0.12351822853088379
1759856979.5126874,1759856979.6412067,0.12851929664611816
1759856979.5785558,1759856979.702992,0.1244361400604248
1759856979.759089,1759856979.88302,0.1239309310913086
1759856979.8445868,1759856979.9701016,0.12551474571228027
1759856980.1132936,1759856980.2467632,0.1334695816040039
1759856980.1166584,1759856980.2520301,0.13537168502807617
1759856980.3649836,1759856980.4924045,0.12742090225219727
1759856980.3916128,1759856980.5287309,0.13711810111999512
1759856980.6141706,1759856980.743525,0.12935447692871094
1759856980.6694646,1759856980.7948115,0.12534689903259277
1759856980.8616726,1759856981.0065618,0.14488911628723145
1759856980.9344413,1759856981.0582223,0.12378096580505371
1759856981.1250308,1759856981.2584774,0.13344669342041016
1759856981.198949,1759856981.326442,0.12749290466308594
1759856981.3799334,1759856981.507663,0.1277296543121338
1759856981.4710882,1759856981.5974708,0.12638258934020996
1759856981.741538,1759856981.877534,0.13599586486816406
1759856981.7401702,1759856981.8829525,0.14278221130371094
1759856981.9961257,1759856982.1374722,0.14134645462036133
1759856986.9978056,1759856987.1166697,0.11886405944824219
1759856987.2350018,1759856987.3489833,0.11398148536682129
1759856987.468542,1759856987.6336458,0.16510367393493652
1759856987.7517562,1759856987.8668365,0.11508035659790039
1759856987.9851024,1759856988.0991273,0.11402487754821777
1759856988.2174373,1759856988.3327715,0.11533427238464355
1759856988.4506342,1759856988.5706265,0.11999225616455078
1759856988.68899,1759856988.803533,0.11454296112060547
1759856988.9229023,1759856989.0366497,0.11374735832214355
1759856989.1546552,1759856989.2694635,0.11480832099914551
1759856989.388043,1759856989.505231,0.1171879768371582
1759856989.623445,1759856989.746772,0.12332701683044434
1759856989.8663073,1759856989.9770746,0.11076736450195312
1759856990.0957444,1759856990.2129126,0.11716818809509277
1759856990.3312798,1759856990.4505584,0.1192786693572998
1759856990.5702603,1759856990.7506156,0.18035531044006348
1759856990.8707888,1759856990.991587,0.12079811096191406
1759856991.112145,1759856991.2295585,0.11741352081298828
1759856991.3497694,1759856991.4707756,0.12100625038146973
1759856991.5912364,1759856991.7081542,0.11691784858703613
1759856991.8264635,1759856991.945158,0.11869454383850098
1759856992.0654078,1759856992.1823206,0.116912841796875
1759856992.3009963,1759856992.4166524,0.11565613746643066
1759856992.535021,1759856992.65192,0.11689901351928711
1759856992.7705166,1759856992.8858292,0.11531257629394531
1759856993.0044196,1759856993.123575,0.1191554069519043
1759856993.2422478,1759856993.3566828,0.11443495750427246
1759856993.4797525,1759856993.6033947,0.1236422061920166
1759856993.7270403,1759856993.8481202,0.12107992172241211
1759856993.9667716,1759856994.0813994,0.11462783813476562
1759856994.199853,1759856994.3733227,0.17346978187561035
1759856994.4930716,1759856994.6208808,0.1278092861175537
1759856994.738989,1759856994.8601937,0.12120461463928223
1759856994.9784136,1759856995.0916047,0.11319112777709961
1759856995.209685,1759856995.3228045,0.11311936378479004
1759856995.4410012,1759856995.5584805,0.11747932434082031
1759856995.677166,1759856995.7922926,0.1151266098022461
1759856995.9108324,1759856996.0278287,0.11699628829956055
1759856996.1462135,1759856996.2621853,0.11597180366516113
1759856996.3801935,1759856996.4942987,0.114105224609375
1759856996.617331,1759856996.7332351,0.11590409278869629
1759856996.8528368,1759856996.9679627,0.11512589454650879
1759856997.0907571,1759856997.205046,0.1142888069152832
1759856997.3249981,1759856997.4424667,0.11746859550476074
1759856997.561138,1759856997.7394185,0.17828059196472168
1759856997.8580985,1759856997.9685278,0.11042928695678711
1759857629.965282,1759857630.0912638,0.12598180770874023
1759857786.8942943,1759857787.0223372,0.12804293632507324
1759857868.7280588,1759857868.8578572,0.12979841232299805
1759857871.2279859,1759857871.3582664,0.1302804946899414
1759857873.002837,1759857873.1294374,0.1266005039215088
1759857876.2398932,1759857876.3706017,0.1307084560394287
1759857876.266816,1759857876.4108145,0.1439986228942871
1759857881.3113942,1759857881.4531326,0.1417384147644043
1759857881.307296,1759857881.4675684,0.16027235984802246
1759857886.360806,1759857886.5081234,0.14731740951538086
1759857886.377354,1759857886.5307899,0.15343594551086426
1759857891.3419542,1759857891.530147,0.18819284439086914
1759857891.4350698,1759857891.5680804,0.1330106258392334
1759857896.3800204,1759857896.5767395,0.19671916961669922
1759857896.4600396,1759857896.5923285,0.13228893280029297
1759857901.4086678,1759857901.535296,0.12662816047668457
1759857901.4964902,1759857901.6523197,0.15582942962646484
1759857906.4610186,1759857906.6104994,0.14948081970214844
1759857906.4926896,1759857906.6334178,0.14072823524475098
1759857911.5299032,1759857911.676314,0.14641094207763672
1759857911.5519664,1759857911.6974704,0.14550399780273438
1759857916.5825655,1759857916.7397296,0.1571640968322754
1759857916.6109505,1759857916.7572165,0.14626598358154297
1759857921.656964,1759857921.7928956,0.13593149185180664
1759857921.6784286,1759857921.8220754,0.1436467170715332
1759857926.7102041,1759857926.8409224,0.13071823120117188
1759857926.7416434,1759857926.8829877,0.14134430885314941
1759857931.7499146,1759857931.8821952,0.13228058815002441
1759857931.8062477,1759857931.94694,0.14069223403930664
1759857936.7721145,1759857936.9037051,0.1315906047821045
1759857936.8084755,1759857936.953513,0.14503741264343262
1759857941.810446,1759857941.9489613,0.13851523399353027
1759857941.8584816,1759857941.9995794,0.1410977840423584
1759857946.8702278,1759857947.018991,0.14876317977905273
1759857946.9032269,1759857947.040314,0.13708710670471191
1759857951.9366863,1759857952.0767345,0.14004826545715332
1759857951.9379294,1759857952.0860255,0.14809608459472656
1759857956.9150531,1759857957.104134,0.18908095359802246
1759857957.006141,1759857957.1606095,0.15446853637695312
1759857961.9665856,1759857962.1536622,0.18707656860351562
1759857962.0339937,1759857962.184879,0.15088534355163574
1759857967.0121615,1759857967.1436493,0.13148784637451172
1759857967.071834,1759857967.221637,0.14980292320251465
1759857972.0903826,1759857972.2146406,0.12425804138183594
1759857972.1374626,1759857972.2712517,0.1337890625
1759857977.148988,1759857977.2938828,0.14489483833312988
1759857977.1735468,1759857977.3199346,0.14638781547546387
1759857982.2271087,1759857982.3462062,0.11909747123718262
1759857982.2230837,1759857982.363249,0.1401653289794922
1759857987.2675714,1759857987.4150739,0.14750242233276367
1759857987.2834587,1759857987.4301498,0.14669108390808105
1759857992.336986,1759857992.477842,0.14085602760314941
1759857992.330711,1759857992.4772124,0.1465015411376953
1759857997.3694193,1759857997.5145276,0.14510822296142578
1759857997.4000232,1759857997.5494442,0.14942097663879395
1759858002.4206872,1759858002.57456,0.15387272834777832
1759858002.4489548,1759858002.5877573,0.13880252838134766
1759858007.427837,1759858007.554768,0.12693119049072266
1759858007.4782147,1759858007.604132,0.1259171962738037
1759858012.503857,1759858012.6468706,0.14301371574401855
1759858012.4886947,1759858012.6291113,0.14041662216186523
1759858017.5606582,1759858017.700667,0.14000868797302246
1759858017.5567596,1759858017.7089136,0.15215396881103516
1759858022.5245945,1759858022.6425135,0.1179189682006836
1759858022.6187336,1759858022.7946475,0.17591381072998047
1759858027.5979013,1759858027.7238693,0.12596797943115234
1759858027.5666773,1759858027.763271,0.1965937614440918
1759858032.580581,1759858032.717489,0.13690805435180664
1759858032.646815,1759858032.7792485,0.13243341445922852
1759858037.6233692,1759858037.7735496,0.15018033981323242
1759858037.6039865,1759858037.7539835,0.14999699592590332
1759858042.6730645,1759858042.796045,0.12298059463500977
1759858042.7694962,1759858042.888516,0.11901974678039551
1759858047.7195408,1759858047.8548684,0.13532757759094238
1759858047.7742825,1759858047.9183655,0.14408302307128906
1759858052.7801824,1759858052.9199758,0.13979339599609375
1759858052.8253691,1759858052.9678545,0.1424853801727295
1759858057.8370216,1759858057.9834466,0.1464250087738037
1759858057.8695369,1759858058.0144985,0.14496159553527832
1759858062.892718,1759858063.0044034,0.11168527603149414
1759858062.8932445,1759858063.0314724,0.1382279396057129
1759858067.884468,1759858068.007471,0.12300300598144531
1759858067.9318345,1759858068.065298,0.13346362113952637
1759858072.963836,1759858073.1038198,0.1399838924407959
1759858072.9984226,1759858073.125702,0.12727928161621094
1759858078.0225194,1759858078.1449127,0.12239336967468262
1759858078.0225194,1759858078.162924,0.14040470123291016
1759858083.029013,1759858083.1477377,0.11872482299804688
1759858083.0667098,1759858083.207812,0.14110231399536133
1759858088.0503154,1759858088.1595998,0.1092844009399414
1759858088.1070237,1759858088.3205538,0.2135300636291504
1759858093.1426282,1759858093.266611,0.12398290634155273
1759858093.1572573,1759858093.328175,0.17091774940490723
1759858098.1749141,1759858098.2972457,0.12233161926269531
1759858098.2185493,1759858098.3459227,0.12737345695495605
1759858103.2301083,1759858103.3542092,0.12410092353820801
1759858103.3098164,1759858103.4355214,0.12570500373840332
1759858108.3429642,1759858108.4860919,0.1431276798248291
1759858108.3428986,1759858108.488033,0.14513444900512695
1759858113.371244,1759858113.5071125,0.13586854934692383
1759858113.392777,1759858113.5179486,0.12517166137695312
1759858118.3812978,1759858118.4938972,0.11259937286376953
1759858118.423701,1759858118.5663726,0.1426715850830078
1759858123.4881506,1759858123.625477,0.13732647895812988
1759858123.4706998,1759858123.6152413,0.14454150199890137
1759858128.5024128,1759858128.6342437,0.13183093070983887
1759858128.5131016,1759858128.662181,0.1490793228149414
1759858133.5220299,1759858133.652645,0.130615234375
1759858133.5639846,1759858133.7113981,0.1474134922027588
1759858138.6294715,1759858138.7644403,0.13496875762939453
1759858138.6615915,1759858138.7936337,0.13204216957092285
1759858143.674648,1759858143.8113887,0.13674068450927734
1759858143.6856685,1759858143.8256965,0.1400279998779297
1759858148.7119694,1759858148.8309946,0.11902523040771484
1759858148.705721,1759858148.8848073,0.17908644676208496
1759858153.7065806,1759858153.8410878,0.1345071792602539
1759858153.680608,1759858153.8175542,0.1369462013244629
1759858158.7213428,1759858158.867474,0.14613127708435059
1759858158.7141361,1759858158.908639,0.1945028305053711
1759858163.7887752,1759858163.8914413,0.10266613960266113
1759858163.87629,1759858163.9979901,0.12170004844665527
1759858168.8891757,1759858169.0145411,0.1253654956817627
1759858168.8996542,1759858169.0472817,0.147627592086792
1759858173.90057,1759858174.0129104,0.11234045028686523
1759858173.9484584,1759858174.0935352,0.14507675170898438
1759858178.9379132,1759858179.0408742,0.10296106338500977
1759858178.996936,1759858179.125496,0.12855982780456543
1759858184.0371573,1759858184.1602259,0.12306857109069824
1759858184.026945,1759858184.1620681,0.13512301445007324
1759858189.0426717,1759858189.1728864,0.13021469116210938
1759858189.070686,1759858189.2046955,0.13400936126708984
1759858194.0477068,1759858194.1618,0.11409306526184082
1759858194.103364,1759858194.225571,0.1222069263458252
1759858199.1419227,1759858199.2581363,0.11621356010437012
1759858199.1298165,1759858199.2663357,0.136519193649292
1759858204.1460617,1759858204.268982,0.12292027473449707
1759858204.17671,1759858204.3113945,0.13468456268310547
1759858209.2664316,1759858209.3788862,0.11245465278625488
1759858209.2286196,1759858209.4176805,0.18906092643737793
1759858214.215619,1759858214.3419752,0.1263561248779297
1759858214.2654874,1759858214.3872578,0.12177038192749023
1759858219.2772856,1759858219.4575274,0.18024182319641113
1759858219.3510451,1759858219.4979024,0.14685726165771484
1759858224.2941318,1759858224.4171708,0.12303900718688965
1759858224.3579824,1759858224.4857478,0.12776541709899902
1759858229.3240495,1759858229.474306,0.15025663375854492
1759858229.3736286,1759858229.4998245,0.12619590759277344
1759858234.3788576,1759858234.5091817,0.130324125289917
1759858239.4097843,1759858239.5347643,0.12497997283935547
1759858244.5113165,1759858244.621569,0.11025238037109375
1759858890.2522092,1759858890.4043288,0.15211963653564453
1759858892.6222668,1759858892.7837844,0.16151762008666992
1759858897.6839242,1759858897.8451364,0.16121220588684082
1759858897.7164288,1759858897.8744843,0.15805554389953613
1759858902.7004485,1759858902.8578985,0.15744996070861816
1759858902.7518315,1759858902.921376,0.16954445838928223
1759858907.7530456,1759858907.874969,0.12192344665527344
1759858907.8254552,1759858907.9589512,0.13349604606628418
1759858912.827434,1759858912.9677892,0.14035511016845703
1759858912.8088264,1759858912.9961798,0.18735337257385254
1759858917.8745239,1759858917.996754,0.12223005294799805
1759858917.9179618,1759858918.0540798,0.13611793518066406
1759858922.9215798,1759858923.0565271,0.1349472999572754
1759858922.974357,1759858923.1032505,0.12889361381530762
1759858927.9760642,1759858928.192301,0.21623682975769043
1759858928.0300827,1759858928.1685565,0.1384737491607666
1759858933.0002127,1759858933.130309,0.130096435546875
1759858933.0960448,1759858933.2387536,0.14270877838134766
1759858938.0348928,1759858938.17849,0.14359712600708008
1759858938.0699606,1759858938.204859,0.13489842414855957
1759858943.0885208,1759858943.2277954,0.13927459716796875
1759858943.131936,1759858943.2752779,0.1433417797088623
1759858948.13922,1759858948.2655675,0.12634754180908203
1759858948.1945713,1759858948.356114,0.16154265403747559
1759858953.1795225,1759858953.3178227,0.13830018043518066
1759858953.173003,1759858953.3161528,0.14314985275268555
1759858958.2341237,1759858958.3775263,0.1434025764465332
1759858958.2390342,1759858958.3660762,0.12704205513000488
1759858963.266334,1759858963.420092,0.15375804901123047
1759858963.278351,1759858963.434062,0.15571093559265137
1759858968.3365548,1759858968.4785655,0.14201068878173828
1759858968.423781,1759858968.5487132,0.12493228912353516
1759858973.3993618,1759858973.5328991,0.13353729248046875
1759858973.4524264,1759858973.5972326,0.1448061466217041
1759858978.4949353,1759858978.632791,0.13785576820373535
1759858978.4501457,1759858978.6495972,0.19945144653320312
1759858983.4663174,1759858983.610026,0.1437084674835205
1759858983.5433352,1759858983.7212458,0.17791056632995605
1759858988.534622,1759858988.665918,0.13129615783691406
1759858988.5369086,1759858988.6781588,0.1412501335144043
1759858993.5158813,1759858993.6422045,0.12632322311401367
1759858993.5874517,1759858993.7162921,0.12884044647216797
1759858998.582319,1759858998.7105649,0.12824583053588867
1759858998.636374,1759858998.7791755,0.14280152320861816
1759859003.6114175,1759859003.7396667,0.1282491683959961
1759859003.647138,1759859003.7905476,0.14340949058532715
1759859008.650744,1759859008.784,0.1332559585571289
1759859008.7054853,1759859008.8570683,0.15158295631408691
1759859013.6721241,1759859013.816408,0.14428377151489258
1759859013.7222342,1759859013.8727782,0.1505439281463623
1759859018.7805266,1759859018.9114149,0.1308882236480713
1759859018.7552564,1759859018.886998,0.13174152374267578
1759859023.7893703,1759859023.9517288,0.16235852241516113
1759859023.7979233,1759859023.9345305,0.13660717010498047
1759859028.8342488,1759859028.979111,0.14486217498779297
1759859028.8520133,1759859028.9923918,0.14037847518920898
1759859033.8179903,1759859033.949471,0.13148069381713867
1759859033.8699653,1759859034.0159068,0.14594149589538574
1759859038.8760347,1759859039.006074,0.13003921508789062
1759859038.9189527,1759859039.0647907,0.14583802223205566
1759859043.9532645,1759859044.0978248,0.1445603370666504
1759859043.92248,1759859044.128124,0.205643892288208
1759859048.9465265,1759859049.0722525,0.12572598457336426
1759859049.0173135,1759859049.1965728,0.1792593002319336
1759859053.9952188,1759859054.1346588,0.13944005966186523
1759859054.0077734,1759859054.150546,0.14277267456054688
1759859059.039633,1759859059.17871,0.13907694816589355
1759859059.077669,1759859059.217862,0.14019298553466797
1759859064.0865614,1759859064.218734,0.1321725845336914
1759859064.142311,1759859064.2823992,0.14008808135986328
1759859069.121967,1759859069.2564013,0.13443422317504883
1759859069.1083488,1759859069.2478704,0.13952159881591797
1759859074.1691976,1759859074.32097,0.15177249908447266
1759859074.1750267,1759859074.3312368,0.15621018409729004
1759859079.2385242,1759859079.3862822,0.14775800704956055
1759859079.2541947,1759859079.39104,0.13684535026550293
1759859084.2209973,1759859084.3419971,0.12099981307983398
1759859084.3169122,1759859084.4432192,0.12630701065063477
1759859089.2857869,1759859089.4157765,0.1299896240234375
1759859089.3491476,1759859089.4734287,0.12428116798400879
1759859094.3350594,1759859094.4749565,0.13989710807800293
1759859094.3641686,1759859094.505605,0.14143633842468262
1759859099.4049578,1759859099.5134373,0.10847949981689453
1759859099.3964815,1759859099.5457377,0.14925622940063477
1759859104.407171,1759859104.518103,0.1109318733215332
1759859104.4641633,1759859104.6347957,0.17063236236572266
1759859109.444098,1759859109.5731647,0.12906670570373535
1759859109.5311809,1759859109.692255,0.16107416152954102
1759859114.4781787,1759859114.597174,0.11899518966674805
1759859114.503726,1759859114.629513,0.12578701972961426
1759859119.54941,1759859119.677928,0.12851786613464355
1759859119.5902536,1759859119.7069979,0.1167442798614502
1759859124.6010056,1759859124.724469,0.12346339225769043
1759859124.5963144,1759859124.7409089,0.14459443092346191
1759859129.7040386,1759859129.8302033,0.12616467475891113
1759859129.6570537,1759859129.7903721,0.13331842422485352
1759859134.7116597,1759859134.8268495,0.11518979072570801
1759859134.7144773,1759859134.841098,0.12662076950073242
1759859139.8407457,1759859139.9471579,0.10641217231750488
1759859139.7648594,1759859139.9124508,0.14759135246276855
1759859144.8248527,1759859144.9496522,0.12479948997497559
1759859144.8301642,1759859144.9689665,0.13880228996276855
1759859149.8878756,1759859150.0246317,0.13675618171691895
1759859149.9447803,1759859150.0696783,0.12489795684814453
1759859154.9530768,1759859155.0767343,0.1236574649810791
1759859154.9456928,1759859155.0780973,0.13240456581115723
1759859159.99272,1759859160.1091785,0.11645865440368652
1759859160.0622544,1759859160.1988235,0.13656902313232422
1759859165.0948167,1759859165.1980865,0.10326981544494629
1759859165.1375172,1759859165.3096979,0.1721806526184082
1759859170.088159,1759859170.194454,0.10629487037658691
1759859170.1330953,1759859170.2534566,0.120361328125
1759859175.1685305,1759859175.285027,0.11649656295776367
1759859175.1935165,1759859175.3571644,0.16364789009094238
1759859180.1336508,1759859180.2364304,0.10277962684631348
1759859180.2126236,1759859180.350846,0.13822245597839355
1759859185.2270484,1759859185.3605733,0.13352489471435547
1759859185.2545629,1759859185.4046042,0.1500413417816162
1759859190.2691183,1759859190.3861773,0.11705899238586426
1759859190.3235352,1759859190.4613202,0.1377849578857422
1759859195.3962276,1759859195.5261307,0.12990307807922363
1759859195.3813162,1759859195.5191486,0.1378324031829834
1759859200.4097579,1759859200.5417888,0.13203096389770508
1759859200.4254868,1759859200.5518854,0.12639856338500977
1759859205.4345577,1759859205.5512795,0.11672186851501465
1759859205.456512,1759859205.6097481,0.15323615074157715
1759859210.535442,1759859210.6512253,0.1157832145690918
1759859210.5205212,1759859210.651194,0.13067293167114258
1759859215.4842474,1759859215.6215029,0.13725543022155762
1759859215.54804,1759859215.681855,0.13381505012512207
1759859220.5632129,1759859220.6959102,0.13269734382629395
1759859220.5981946,1759859220.7361996,0.13800501823425293
1759859225.6476784,1759859225.7754226,0.12774419784545898
1759859225.6424146,1759859225.793952,0.15153741836547852
1759859230.674399,1759859230.8045576,0.1301586627960205
1759859230.6200857,1759859230.8158486,0.19576287269592285
1759859235.7120183,1759859235.8374548,0.12543654441833496
1759859235.7409103,1759859235.890132,0.14922165870666504
1759859240.7186623,1759859240.8530307,0.1343684196472168
1759859240.7562919,1759859240.8831475,0.12685561180114746
1759859245.7752225,1759859245.9091945,0.1339719295501709
1759859245.8304908,1759859245.9535604,0.12306952476501465
1759859250.8563857,1759859250.9854205,0.12903475761413574
1759859250.8288069,1759859250.9627306,0.13392376899719238
1759859255.8800642,1759859256.0165823,0.13651800155639648
1759859255.8861876,1759859256.033644,0.14745640754699707
1759859260.9377751,1759859261.0704505,0.1326754093170166
1759859265.989831,1759859266.1075833,0.1177523136138916
1759859270.9779594,1759859271.102554,0.12459468841552734
