1757162216.475176,1757162216.6172423,0.14206624031066895
1757162217.5185285,1757162217.519942,0.001413583755493164
1757162217.5251312,1757162217.661622,0.1364908218383789
1757162218.5761688,1757162218.5772421,0.0010733604431152344
1757162218.6653054,1757162218.710463,0.045157670974731445
1757162219.6365185,1757162219.6376393,0.0011208057403564453
1757162219.6396174,1757162219.666277,0.026659488677978516
1757162220.5500078,1757162220.5510688,0.0010609626770019531
1757162220.6337807,1757162220.666445,0.03266429901123047
1757162221.5610435,1757162221.5621154,0.001071929931640625
1757162221.6543086,1757162221.6867778,0.03246927261352539
1757162222.5699031,1757162222.5710015,0.0010983943939208984
1757162222.662969,1757162222.694339,0.031369924545288086
1757162223.5895305,1757162223.5907216,0.0011911392211914062
1757162223.6582642,1757162223.6899202,0.03165602684020996
1757162224.6239574,1757162224.6250064,0.001049041748046875
1757162224.627167,1757162224.6540573,0.026890277862548828
1757162225.5391188,1757162225.5401988,0.0010800361633300781
1757162225.6339972,1757162225.664931,0.030933856964111328
1757162226.5452023,1757162226.546325,0.0011227130889892578
1757162226.639256,1757162226.6659968,0.02674078941345215
1757162227.5671115,1757162227.568243,0.0011315345764160156
1757162227.5694604,1757162227.596241,0.02678060531616211
1757162228.4696968,1757162228.470833,0.0011363029479980469
1757162228.5455291,1757162228.5769982,0.031469106674194336
1757162229.4600496,1757162229.4614892,0.0014395713806152344
1757162229.477463,1757162229.503851,0.026387929916381836
1757162230.3760512,1757162230.3775463,0.0014951229095458984
1757162230.4708338,1757162230.504289,0.03345513343811035
1757162231.4204168,1757162231.4216626,0.001245737075805664
1757162231.4231122,1757162231.4556592,0.0325469970703125
1757162232.3444538,1757162232.3455346,0.0010807514190673828
1757162232.4258132,1757162232.4526372,0.026823997497558594
1757162233.3462934,1757162233.3474798,0.001186370849609375
1757162233.3678377,1757162233.3992546,0.031416893005371094
1757162234.2629502,1757162234.2640698,0.0011196136474609375
1757162234.3252566,1757162234.357192,0.03193545341491699
1757162235.2352312,1757162235.2364495,0.0012183189392089844
1757162235.2587626,1757162235.291758,0.03299546241760254
1757162236.1638925,1757162236.1649573,0.0010647773742675781
1757162236.221274,1757162236.2515109,0.03023695945739746
1757162237.1343892,1757162237.1355846,0.0011954307556152344
1757162237.2168722,1757162237.2460186,0.029146432876586914
1757162238.1358466,1757162238.1369464,0.0010998249053955078
1757162238.1387825,1757162238.165272,0.0264894962310791
1757162239.029133,1757162239.0301437,0.0010106563568115234
1757162239.1339214,1757162239.1665998,0.03267836570739746
1757162240.0756283,1757162240.076747,0.0011186599731445312
1757162240.079887,1757162240.1064105,0.026523590087890625
1757162240.9874547,1757162240.9888742,0.0014195442199707031
1757162241.0684562,1757162241.0997326,0.03127646446228027
1757162241.990413,1757162241.9915948,0.0011818408966064453
1757162242.0893292,1757162242.1227243,0.03339505195617676
1757162243.0011518,1757162243.002318,0.0011661052703857422
1757162243.099216,1757162243.1316826,0.03246665000915527
1757162244.0083482,1757162244.0093603,0.0010120868682861328
1757162244.1066732,1757162244.1503167,0.04364347457885742
1757162245.0451803,1757162245.0464401,0.0012598037719726562
1757162245.143293,1757162245.1761892,0.03289628028869629
1757162246.068054,1757162246.06907,0.0010161399841308594
1757162246.1584945,1757162246.1851137,0.02661919593811035
1757162247.0751574,1757162247.0764687,0.0013113021850585938
1757162247.1075513,1757162247.1374335,0.029882192611694336
1757162248.0138967,1757162248.0149734,0.0010766983032226562
1757162248.0709543,1757162248.096984,0.026029586791992188
1757162248.9761455,1757162248.9775572,0.0014116764068603516
1757162249.010589,1757162249.0372813,0.02669239044189453
1757162249.906283,1757162249.9073224,0.0010395050048828125
1757162249.9626749,1757162250.002275,0.03960013389587402
1757162250.8935618,1757162250.894773,0.0012111663818359375
1757162250.9361207,1757162250.96684,0.030719280242919922
1757162251.860909,1757162251.8621454,0.0012364387512207031
1757162251.8845282,1757162251.910952,0.026423931121826172
1757162252.7818232,1757162252.7829957,0.0011725425720214844
1757162252.864917,1757162252.8953903,0.03047323226928711
1757162253.7829235,1757162253.7839944,0.0010709762573242188
1757162253.7936401,1757162253.8197653,0.026125192642211914
1757162254.6873739,1757162254.6884632,0.001089334487915039
1757162254.7984219,1757162254.8266053,0.028183460235595703
1757162255.7406294,1757162255.767601,0.02697157859802246
1757162255.7405431,1757162255.7674785,0.026935338973999023
1757162256.6687753,1757162256.6697934,0.0010180473327636719
1757162256.70971,1757162256.7378604,0.028150558471679688
1757162257.6871464,1757162257.8195612,0.1324148178100586
1757162257.6234992,1757162257.6245606,0.0010614395141601562
1757162258.5801523,1757162258.5807102,0.0005578994750976562
1757162258.664217,1757162258.7990067,0.13478970527648926
1757162258.8989062,1757162258.8995643,0.0006580352783203125
1757162258.9119065,1757162259.0499616,0.13805508613586426
1757162259.129019,1757162259.1297069,0.0006878376007080078
1757162259.1902225,1757162259.3241374,0.13391494750976562
1757162259.4243798,1757162259.4250348,0.0006549358367919922
1757162259.4489353,1757162259.5834894,0.13455414772033691
1757162259.659961,1757162259.6605885,0.0006275177001953125
1757162259.7219684,1757162259.8556774,0.13370895385742188
1757162259.9603953,1757162259.9610271,0.0006318092346191406
1757162260.0008426,1757162260.1345406,0.1336979866027832
1757162260.2142613,1757162260.2148552,0.0005939006805419922
1757162260.2628684,1757162260.4073403,0.1444718837738037
1757162260.4895723,1757162260.4902937,0.0007214546203613281
1757162260.5198462,1757162260.6537268,0.133880615234375
1757162260.7328212,1757162260.7334533,0.0006320476531982422
1757162260.7867498,1757162260.9318511,0.14510130882263184
1757162261.0203087,1757162261.022925,0.0026161670684814453
1757162261.0397923,1757162261.1736376,0.13384532928466797
1757162261.2525668,1757162261.2532506,0.0006837844848632812
1757162261.31217,1757162261.4479089,0.13573884963989258
1757162261.5447843,1757162261.5454671,0.000682830810546875
1757162261.5696497,1757162261.7035978,0.13394808769226074
1757162261.7860956,1757162261.7867172,0.0006215572357177734
1757162261.8384733,1757162261.9740732,0.13559985160827637
1757162262.075655,1757162262.0763342,0.0006792545318603516
1757162262.0959702,1757162262.236227,0.1402568817138672
1757162262.314938,1757162262.3155553,0.0006172657012939453
1757162262.3709586,1757162262.5052714,0.13431286811828613
1757162262.5888946,1757162262.5895677,0.0006730556488037109
1757162262.6145585,1757162262.7479548,0.13339638710021973
1757162262.826334,1757162262.8269274,0.0005934238433837891
1757162262.9030101,1757162263.0426033,0.13959312438964844
1757162263.140622,1757162263.1412203,0.0005984306335449219
1757162263.1417058,1757162263.2751048,0.13339900970458984
1757162263.35368,1757162263.3542902,0.0006103515625
1757162263.4358077,1757162263.5698543,0.1340465545654297
1757162263.6519806,1757162263.6525943,0.0006136894226074219
1757162263.7218199,1757162263.8561163,0.13429641723632812
1757162263.939744,1757162263.9403281,0.0005841255187988281
1757162263.9592083,1757162264.0945961,0.13538789749145508
1757162264.1738455,1757162264.174515,0.0006694793701171875
1757162264.2331789,1757162264.372648,0.13946914672851562
1757162264.4508219,1757162264.4526424,0.0018205642700195312
1757162264.481141,1757162264.617213,0.13607192039489746
1757162264.6981003,1757162264.6986947,0.0005943775177001953
1757162264.7481837,1757162264.8891761,0.1409924030303955
1757162264.9667673,1757162264.9674258,0.0006585121154785156
1757162264.9982305,1757162265.132389,0.13415861129760742
1757162265.209192,1757162265.209826,0.0006339550018310547
1757162265.26474,1757162265.404088,0.13934803009033203
1757162265.4841244,1757162265.4849312,0.0008068084716796875
1757162265.5161362,1757162265.654089,0.1379528045654297
1757162265.7308826,1757162265.7314818,0.0005991458892822266
1757162265.7855134,1757162265.93446,0.14894652366638184
1757162266.0018253,1757162266.0024793,0.0006539821624755859
1757162266.0451517,1757162266.1814675,0.13631582260131836
1757162266.263793,1757162266.2644248,0.0006318092346191406
1757162266.2897084,1757162266.4261074,0.1363990306854248
1757162266.4936173,1757162266.4942853,0.0006680488586425781
1757162266.5534635,1757162266.6935353,0.14007186889648438
1757162266.7969906,1757162266.7975833,0.0005927085876464844
1757162266.8013697,1757162266.9382496,0.13687992095947266
1757162267.0025384,1757162267.0031314,0.0005929470062255859
1757162267.0855901,1757162267.2390637,0.1534736156463623
1757162267.311785,1757162267.3124106,0.0006256103515625
1757162267.3967037,1757162267.5361056,0.13940191268920898
1757162267.6336374,1757162267.6343007,0.0006632804870605469
1757162267.640346,1757162267.786098,0.145751953125
1757162267.8591366,1757162267.859757,0.0006203651428222656
1757162267.913287,1757162268.0463405,0.13305354118347168
1757162268.1235983,1757162268.1242104,0.0006120204925537109
1757162268.162596,1757162268.2957823,0.13318634033203125
1757162268.43293,1757162268.433586,0.0006558895111083984
1757162268.457726,1757162268.5912268,0.1335008144378662
1757162268.6675875,1757162268.6682892,0.0007016658782958984
1757162268.7276227,1757162268.8665104,0.13888764381408691
1757162268.9310997,1757162268.9317214,0.000621795654296875
1757162268.9664824,1757162269.0998697,0.13338732719421387
1757162269.1751328,1757162269.1757426,0.0006098747253417969
1757162269.212401,1757162269.3458846,0.1334836483001709
1757162269.4063952,1757162269.407022,0.0006268024444580078
1757162269.470258,1757162269.604697,0.13443899154663086
1757162269.6861224,1757162269.6867144,0.0005919933319091797
1757162269.697484,1757162269.8326044,0.13512039184570312
1757162269.8931477,1757162269.8937354,0.0005877017974853516
1757162269.9803503,1757162270.118111,0.13776063919067383
1757162270.1988785,1757162270.1994674,0.0005888938903808594
1757162270.2057128,1757162270.3394923,0.13377952575683594
1757162270.4142382,1757162270.4147813,0.0005431175231933594
1757162270.4833496,1757162270.622113,0.138763427734375
1757162270.708799,1757162270.7094488,0.0006499290466308594
1757162270.7352571,1757162270.8733053,0.1380481719970703
1757162270.9483151,1757162270.948968,0.0006527900695800781
1757162271.0033567,1757162271.140244,0.1368873119354248
1757162271.2167916,1757162271.2174199,0.0006282329559326172
1757162271.2467482,1757162271.3865254,0.13977718353271484
1757162271.4566045,1757162271.4572828,0.0006783008575439453
1757162271.5057926,1757162271.6443906,0.13859796524047852
1757162271.7077975,1757162271.7084014,0.0006039142608642578
1757162271.7456083,1757162271.8837607,0.1381523609161377
1757162271.9509451,1757162271.951749,0.0008039474487304688
1757162272.0470142,1757162272.1816232,0.13460898399353027
1757162272.2453763,1757162272.245945,0.0005686283111572266
1757162272.3440857,1757162272.477581,0.13349533081054688
1757162272.5416684,1757162272.5422804,0.0006120204925537109
1757162272.6341915,1757162272.7678256,0.13363409042358398
1757162272.845342,1757162272.8459227,0.0005807876586914062
1757162272.8473241,1757162272.9808688,0.1335446834564209
1757162273.0465202,1757162273.0471938,0.0006735324859619141
1757162273.1280224,1757162273.2688284,0.14080595970153809
1757162273.3636181,1757162273.3642673,0.0006492137908935547
1757162273.3639069,1757162273.4985554,0.13464856147766113
1757162273.578184,1757162273.5787525,0.0005686283111572266
1757162273.5807729,1757162273.7149453,0.1341724395751953
1757162273.777923,1757162273.778483,0.0005598068237304688
1757162273.8595831,1757162273.993221,0.1336379051208496
1757162274.0711231,1757162274.0717003,0.0005772113800048828
1757162274.0720997,1757162274.20594,0.13384032249450684
1757162274.2665222,1757162274.2671278,0.0006055831909179688
1757162274.352563,1757162274.4908895,0.13832664489746094
1757162274.5630565,1757162274.5638032,0.0007467269897460938
1757162274.574639,1757162274.708554,0.13391494750976562
1757162274.7705278,1757162274.7710953,0.0005674362182617188
1757162274.8610168,1757162275.0020409,0.14102411270141602
1757162275.066269,1757162275.0668912,0.0006222724914550781
1757162275.1606712,1757162275.2990148,0.13834357261657715
1757162275.3675845,1757162275.368184,0.0005996227264404297
1757162275.4595075,1757162275.5928957,0.13338828086853027
1757162275.6906846,1757162275.6913595,0.0006749629974365234
1757162275.6910064,1757162275.8268673,0.13586091995239258
1757162275.9197464,1757162275.9204168,0.0006704330444335938
1757162275.923564,1757162276.0569937,0.13342976570129395
1757162276.1238427,1757162276.1244512,0.0006084442138671875
1757162276.2020338,1757162276.3416092,0.13957548141479492
1757162276.437839,1757162276.438486,0.0006470680236816406
1757162276.4432287,1757162276.5799286,0.13669991493225098
1757162276.6402936,1757162276.640887,0.0005934238433837891
1757162276.7161062,1757162276.8550503,0.13894414901733398
1757162276.9320722,1757162276.9326901,0.00061798095703125
1757162276.9339662,1757162277.0771437,0.14317750930786133
1757162277.1497908,1757162277.1503606,0.0005698204040527344
1757162277.215916,1757162277.3556166,0.13970065116882324
1757162277.4284825,1757162277.4292104,0.0007278919219970703
1757162277.4400682,1757162277.5737255,0.13365721702575684
1757162277.6384032,1757162277.6390219,0.0006186962127685547
1757162277.7095094,1757162277.8493874,0.1398780345916748
1757162277.9240563,1757162277.9246898,0.0006334781646728516
1757162277.937718,1757162278.0720892,0.13437128067016602
1757162278.136043,1757162278.136683,0.0006399154663085938
1757162278.2039456,1757162278.3460424,0.14209675788879395
1757162278.4129074,1757162278.4135487,0.0006413459777832031
1757162278.4253652,1757162278.571976,0.14661073684692383
1757162278.6375203,1757162278.638126,0.0006055831909179688
1757162278.69406,1757162278.8282223,0.13416218757629395
1757162278.8936875,1757162278.8944082,0.0007207393646240234
1757162278.990056,1757162279.1250267,0.13497066497802734
1757162279.1887913,1757162279.1894195,0.0006282329559326172
1757162279.2959013,1757162279.4350648,0.13916349411010742
1757162279.4988587,1757162279.4994617,0.0006029605865478516
1757162279.579456,1757162279.720064,0.1406078338623047
1757162279.8125849,1757162279.813181,0.0005960464477539062
1757162279.8153944,1757162279.950884,0.13548970222473145
1757162280.0139797,1757162280.0146008,0.0006210803985595703
1757162280.0918849,1757162280.2301164,0.13823151588439941
1757162280.325372,1757162280.3259952,0.0006232261657714844
1757162280.3299465,1757162280.4671147,0.13716816902160645
1757162280.5299802,1757162280.5305562,0.000576019287109375
1757162280.604324,1757162280.7439842,0.13966012001037598
1757162280.8392644,1757162280.8399255,0.0006611347198486328
1757162280.8479486,1757162280.9811409,0.1331923007965088
1757162281.0464213,1757162281.0470197,0.0005984306335449219
1757162281.1182384,1757162281.2567353,0.13849687576293945
1757162281.3302357,1757162281.3309028,0.0006670951843261719
1757162281.3395271,1757162281.4727643,0.13323712348937988
1757162281.5348659,1757162281.535503,0.000637054443359375
1757162281.6086752,1757162281.7425895,0.13391423225402832
1757162281.8269536,1757162281.827641,0.0006873607635498047
1757162281.8422267,1757162281.9760418,0.13381505012512207
1757162282.0395656,1757162282.0402212,0.0006556510925292969
1757162282.109382,1757162282.2499332,0.14055132865905762
1757162282.328462,1757162282.4618835,0.1334216594696045
1757162282.3287094,1757162282.4618745,0.1331651210784912
1757162282.531042,1757162282.531663,0.0006208419799804688
1757162282.5972664,1757162282.7378628,0.1405963897705078
1757162282.8027828,1757162282.8036022,0.0008194446563720703
1757162282.8183398,1757162282.951473,0.1331331729888916
1757162283.0148077,1757162283.0154436,0.0006358623504638672
1757162283.0813231,1757162283.2210295,0.13970637321472168
1757162283.3018832,1757162283.4356668,0.13378357887268066
1757162283.3021672,1757162283.4356577,0.13349056243896484
1757162283.5283806,1757162283.529007,0.0006263256072998047
1757162283.5292113,1757162283.662384,0.13317275047302246
1757162283.7259967,1757162283.7265835,0.0005867481231689453
1757162283.8089733,1757162283.9481382,0.13916492462158203
1757162284.0456226,1757162284.1842377,0.13861513137817383
1757162284.045548,1757162284.184242,0.13869404792785645
1757162284.2773564,1757162284.277983,0.0006265640258789062
1757162284.2782848,1757162284.4155009,0.13721609115600586
1757162284.479846,1757162284.4804204,0.0005743503570556641
1757162284.557553,1757162284.6994793,0.14192628860473633
1757162284.778528,1757162284.7791226,0.0005946159362792969
1757162284.7790308,1757162284.9130065,0.13397574424743652
1757162284.9743204,1757162284.9749029,0.0005824565887451172
1757162285.0594654,1757162285.1980994,0.13863396644592285
1757162285.273141,1757162285.4070325,0.13389158248901367
1757162285.2731197,1757162285.4070294,0.1339097023010254
1757162285.4996743,1757162285.6335814,0.13390707969665527
1757162285.4996076,1757162285.63359,0.13398241996765137
1757162285.7117803,1757162285.7123568,0.0005764961242675781
1757162285.7143352,1757162285.8476026,0.13326740264892578
1757162285.9106147,1757162285.9111695,0.0005548000335693359
1757162285.9904735,1757162286.123762,0.13328838348388672
1757162286.20218,1757162286.2027743,0.0005943775177001953
1757162286.208683,1757162286.341975,0.13329195976257324
1757162286.4040904,1757162286.404646,0.0005555152893066406
1757162286.4828951,1757162286.6168456,0.13395047187805176
1757162286.6947749,1757162286.6954317,0.0006568431854248047
1757162286.6975489,1757162286.8312283,0.13367938995361328
1757162286.8948188,1757162286.8954134,0.0005946159362792969
1757162286.9780135,1757162287.1118138,0.13380026817321777
1757162287.1934109,1757162287.1940455,0.0006346702575683594
1757162287.1949031,1757162287.3295333,0.1346302032470703
1757162287.3938735,1757162287.3944845,0.0006110668182373047
1757162287.4756215,1757162287.6083722,0.1327507495880127
1757162287.6767466,1757162287.6773722,0.0006256103515625
1757162287.7056653,1757162287.8386948,0.13302946090698242
1757162287.9019167,1757162287.902529,0.0006122589111328125
1757162287.9582307,1757162288.0981476,0.13991689682006836
1757162288.167075,1757162288.1677668,0.0006918907165527344
1757162288.2500262,1757162288.3848174,0.13479113578796387
1757162288.4601223,1757162288.4608521,0.0007297992706298828
1757162288.466214,1757162288.5997188,0.13350486755371094
1757162288.6644785,1757162288.6650724,0.0005939006805419922
1757162288.7409682,1757162288.8791454,0.13817715644836426
1757162288.9703634,1757162288.9709833,0.0006198883056640625
1757162288.9752645,1757162289.114907,0.13964247703552246
1757162289.1750476,1757162289.1756482,0.0006005764007568359
1757162289.2483404,1757162289.3860157,0.13767528533935547
1757162289.4570103,1757162289.4576344,0.0006241798400878906
1757162289.487088,1757162289.6232567,0.1361687183380127
1757162289.697554,1757162289.6981761,0.0006220340728759766
1757162289.7357187,1757162289.872482,0.136763334274292
1757162289.9375594,1757162289.938208,0.0006487369537353516
1757162290.003422,1757162290.138992,0.13557004928588867
1757162290.2308497,1757162290.2315705,0.0007207393646240234
1757162290.2355435,1757162290.373015,0.13747143745422363
1757162290.4341464,1757162290.4346874,0.0005409717559814453
1757162290.5105376,1757162290.6538677,0.14333009719848633
1757162290.726869,1757162290.7274768,0.0006077289581298828
1757162290.73776,1757162290.870787,0.1330268383026123
1757162290.9343796,1757162290.9349613,0.0005817413330078125
1757162291.005887,1757162291.1406908,0.13480377197265625
1757162291.2192292,1757162291.2198665,0.0006372928619384766
1757162291.2313554,1757162291.3674843,0.13612890243530273
1757162291.428064,1757162291.428658,0.0005939006805419922
1757162291.4986603,1757162291.6322606,0.13360023498535156
1757162291.7082396,1757162291.708886,0.0006463527679443359
1757162291.7786736,1757162291.9174385,0.1387648582458496
1757162291.9824061,1757162291.9830375,0.0006313323974609375
1757162292.0126853,1757162292.1543508,0.14166545867919922
1757162292.235337,1757162292.2360187,0.0006816387176513672
1757162292.2666864,1757162292.4013343,0.13464784622192383
1757162292.466017,1757162292.4668164,0.0007994174957275391
1757162292.530411,1757162292.6650486,0.13463759422302246
1757162292.7274272,1757162292.7281227,0.0006954669952392578
1757162292.7705922,1757162292.9087923,0.138200044631958
1757162292.993092,1757162292.9938836,0.0007915496826171875
1757162293.0109396,1757162293.14955,0.1386103630065918
1757162293.216514,1757162293.2174354,0.0009212493896484375
1757162293.2941034,1757162293.4387453,0.14464187622070312
1757162293.515237,1757162293.5158257,0.0005886554718017578
1757162293.519885,1757162293.6532109,0.13332581520080566
1757162293.715504,1757162293.7160895,0.0005855560302734375
1757162293.795171,1757162293.9330778,0.13790678977966309
1757162294.0089386,1757162294.0095835,0.0006449222564697266
1757162294.0170724,1757162294.1591952,0.14212274551391602
1757162294.2203486,1757162294.2209022,0.0005536079406738281
1757162294.2896605,1757162294.4222257,0.13256525993347168
1757162294.493731,1757162294.4943774,0.0006463527679443359
1757162294.514483,1757162294.6490004,0.13451743125915527
1757162294.7102172,1757162294.7107701,0.0005528926849365234
1757162294.77364,1757162294.9066017,0.13296175003051758
1757162294.975619,1757162294.9762197,0.0006005764007568359
1757162294.9968798,1757162295.134271,0.1373910903930664
1757162295.1950157,1757162295.1955829,0.0005671977996826172
1757162295.2561014,1757162295.395253,0.13915157318115234
1757162295.465738,1757162295.4673836,0.0016455650329589844
1757162295.4855208,1757162295.6201322,0.1346113681793213
1757162295.6831124,1757162295.6837058,0.0005934238433837891
1757162295.7499738,1757162295.889747,0.13977313041687012
1757162295.9617705,1757162295.9624941,0.0007236003875732422
1757162295.9762373,1757162296.1091728,0.1329355239868164
1757162296.1735384,1757162296.1741793,0.000640869140625
1757162296.2521658,1757162296.3849568,0.13279104232788086
1757162296.4561691,1757162296.456758,0.0005888938903808594
1757162296.4635546,1757162296.59657,0.13301539421081543
1757162296.6577241,1757162296.6582966,0.0005724430084228516
1757162296.7360978,1757162296.8690515,0.13295364379882812
1757162296.9435472,1757162296.9441285,0.0005812644958496094
1757162296.950473,1757162297.0841591,0.13368606567382812
1757162297.1496,1757162297.150183,0.0005829334259033203
1757162297.224502,1757162297.3618834,0.13738131523132324
1757162297.4336553,1757162297.4343047,0.0006494522094726562
1757162297.4423306,1757162297.5760252,0.13369464874267578
1757162297.6420708,1757162297.642763,0.0006921291351318359
1757162297.7119062,1757162297.850798,0.13889169692993164
1757162297.9260352,1757162297.9269824,0.0009472370147705078
1757162297.9387248,1757162298.0728106,0.13408589363098145
1757162298.1408038,1757162298.1414185,0.0006146430969238281
1757162298.2071743,1757162298.3411255,0.13395118713378906
1757162298.4143536,1757162298.4150064,0.0006527900695800781
1757162298.4953501,1757162298.6295164,0.13416624069213867
1757162298.7061303,1757162298.7067208,0.0005905628204345703
1757162298.7081945,1757162298.844784,0.13658952713012695
1757162298.9115748,1757162298.9122024,0.0006275177001953125
1757162298.986836,1757162299.124749,0.13791298866271973
1757162299.2073479,1757162299.2079678,0.0006198883056640625
1757162299.2086816,1757162299.353023,0.14434146881103516
1757162299.416154,1757162299.4167497,0.0005958080291748047
1757162299.4888203,1757162299.6221015,0.13328123092651367
1757162299.6973798,1757162299.6980062,0.0006263256072998047
1757162299.7067137,1757162299.840557,0.13384342193603516
1757162299.903251,1757162299.903811,0.0005600452423095703
1757162299.9773788,1757162300.1152182,0.13783931732177734
1757162300.1931176,1757162300.193738,0.0006203651428222656
1757162300.1966562,1757162300.3297987,0.13314247131347656
1757162300.3917313,1757162300.3923147,0.0005834102630615234
1757162300.47428,1757162300.6079266,0.13364648818969727
1757162300.6868167,1757162300.6874537,0.000637054443359375
1757162300.6955724,1757162300.8291347,0.13356232643127441
1757162300.8930554,1757162300.8936276,0.00057220458984375
1757162300.966622,1757162301.1007383,0.13411617279052734
1757162301.191756,1757162301.1923618,0.0006058216094970703
1757162301.1997497,1757162301.3340657,0.13431596755981445
1757162301.3955462,1757162301.3961346,0.0005884170532226562
1757162301.4728608,1757162301.6064577,0.13359689712524414
1757162301.6987941,1757162301.699416,0.000621795654296875
1757162301.7072845,1757162301.8411872,0.13390278816223145
1757162301.984094,1757162301.9847882,0.00069427490234375
1757162301.9953349,1757162302.129014,0.13367915153503418
1757162302.1906276,1757162302.1912093,0.0005817413330078125
1757162302.2681825,1757162302.407655,0.13947248458862305
1757162302.490891,1757162302.4914794,0.0005884170532226562
1757162302.4933238,1757162302.6268716,0.13354778289794922
1757162302.6956077,1757162302.6962762,0.0006685256958007812
1757162302.7898316,1757162302.928556,0.13872432708740234
1757162302.9951437,1757162302.995738,0.0005943775177001953
1757162303.08676,1757162303.2269392,0.14017915725708008
1757162303.295303,1757162303.2959735,0.0006704330444335938
1757162303.386399,1757162303.5205,0.13410091400146484
1757162303.5892441,1757162303.5899417,0.0006976127624511719
1757162303.6143026,1757162303.7473342,0.13303160667419434
1757162303.8323696,1757162303.8329942,0.0006246566772460938
1757162303.883796,1757162304.0172002,0.13340425491333008
1757162304.0804489,1757162304.081017,0.0005681514739990234
1757162304.1362908,1757162304.269476,0.13318514823913574
1757162304.3537421,1757162304.3543823,0.0006401538848876953
1757162304.364951,1757162304.4982257,0.13327479362487793
1757162304.5619414,1757162304.562499,0.0005576610565185547
1757162304.6462464,1757162304.7803452,0.13409876823425293
1757162304.8794615,1757162304.8800037,0.0005421638488769531
1757162304.8843422,1757162305.0176127,0.1332705020904541
1757162305.0812736,1757162305.0818675,0.0005939006805419922
1757162305.1577034,1757162305.2922401,0.1345367431640625
1757162305.3694232,1757162305.3700147,0.0005915164947509766
1757162305.3769882,1757162305.5109897,0.1340014934539795
1757162305.5730927,1757162305.5736456,0.0005528926849365234
1757162305.6486769,1757162305.7822397,0.13356280326843262
1757162305.852149,1757162305.852745,0.0005960464477539062
1757162305.8868613,1757162306.020126,0.13326478004455566
1757162306.1012642,1757162306.1019232,0.0006589889526367188
1757162306.1440783,1757162306.2769098,0.13283157348632812
1757162306.3396595,1757162306.3402905,0.0006310939788818359
1757162306.3825173,1757162306.515249,0.13273167610168457
1757162306.5826933,1757162306.583414,0.0007207393646240234
1757162306.6859827,1757162306.819037,0.13305425643920898
1757162306.884635,1757162306.8852582,0.0006232261657714844
1757162306.9725018,1757162307.1172867,0.14478492736816406
1757162307.1811752,1757162307.1818533,0.0006780624389648438
1757162307.2776847,1757162307.4166884,0.13900375366210938
1757162307.4824207,1757162307.4830256,0.0006048679351806641
1757162307.5708153,1757162307.7115417,0.14072632789611816
1757162307.8108356,1757162307.8113828,0.0005471706390380859
1757162307.8129444,1757162307.9467957,0.1338512897491455
1757162308.0112157,1757162308.011791,0.0005753040313720703
1757162308.0934374,1757162308.2322319,0.1387944221496582
1757162308.327515,1757162308.3281503,0.0006353855133056641
1757162308.3283124,1757162308.4618382,0.13352584838867188
1757162308.5275943,1757162308.528239,0.000644683837890625
1757162308.6058285,1757162308.744163,0.1383345127105713
1757162308.8220193,1757162308.8226087,0.0005893707275390625
1757162308.8316991,1757162308.9649236,0.1332244873046875
1757162309.036528,1757162309.037171,0.0006427764892578125
1757162309.105972,1757162309.2396765,0.13370442390441895
1757162309.3099916,1757162309.3107576,0.0007660388946533203
1757162309.326946,1757162309.4612017,0.13425564765930176
1757162309.5252597,1757162309.5259109,0.0006511211395263672
1757162309.5969388,1757162309.7374194,0.14048051834106445
1757162309.8159363,1757162309.816521,0.0005846023559570312
1757162309.8184586,1757162309.9522269,0.13376832008361816
1757162310.0149262,1757162310.0155175,0.000591278076171875
1757162310.0971704,1757162310.232927,0.1357567310333252
1757162310.3185422,1757162310.319173,0.0006308555603027344
1757162310.3793828,1757162310.5182595,0.13887667655944824
1757162310.5972784,1757162310.5980365,0.0007581710815429688
1757162310.6290023,1757162310.7636652,0.13466286659240723
1757162310.8394618,1757162310.8400612,0.0005993843078613281
1757162310.883785,1757162311.019003,0.13521790504455566
1757162311.0867836,1757162311.0874076,0.0006239414215087891
1757162311.1409595,1757162311.2813418,0.1403822898864746
1757162311.3534877,1757162311.3541126,0.0006248950958251953
1757162311.3766146,1757162311.510101,0.13348650932312012
1757162311.573248,1757162311.5738292,0.0005812644958496094
1757162311.6357565,1757162311.7743409,0.13858437538146973
1757162311.8419366,1757162311.8426967,0.0007600784301757812
1757162311.861412,1757162311.9950702,0.13365817070007324
1757162312.0573368,1757162312.0579112,0.0005743503570556641
1757162312.1247919,1757162312.2632036,0.1384117603302002
1757162312.3316445,1757162312.3323345,0.0006899833679199219
1757162312.3476417,1757162312.4879282,0.14028644561767578
1757162312.5504026,1757162312.5510032,0.0006005764007568359
1757162312.6139474,1757162312.7474957,0.13354825973510742
1757162312.824229,1757162312.824825,0.0005960464477539062
1757162312.8451967,1757162312.9790792,0.1338825225830078
1757162313.0438993,1757162313.044502,0.00060272216796875
1757162313.1038182,1757162313.2441516,0.1403334140777588
1757162313.3326185,1757162313.3332958,0.0006773471832275391
1757162313.3511994,1757162313.4908519,0.13965249061584473
1757162313.5573995,1757162313.5580523,0.0006527900695800781
1757162313.61461,1757162313.748596,0.1339859962463379
1757162313.8172688,1757162313.8178911,0.0006222724914550781
1757162313.8504157,1757162313.983673,0.13325738906860352
1757162314.05017,1757162314.0508819,0.0007119178771972656
1757162314.099868,1757162314.2382772,0.13840913772583008
1757162314.3056283,1757162314.3062892,0.0006608963012695312
1757162314.3418243,1757162314.478431,0.13660669326782227
1757162314.5405765,1757162314.5424821,0.001905679702758789
1757162314.5918272,1757162314.7259152,0.13408803939819336
1757162314.822148,1757162314.8228283,0.0006802082061767578
1757162314.8318381,1757162314.9653943,0.13355612754821777
1757162315.0352983,1757162315.0359745,0.0006761550903320312
1757162315.1164982,1757162315.2543273,0.13782906532287598
1757162315.3312356,1757162315.3317766,0.0005409717559814453
1757162315.3324156,1757162315.4658744,0.13345885276794434
1757162315.5279558,1757162315.528587,0.0006313323974609375
1757169138.1741455,1757169138.324009,0.14986348152160645
1757169139.1943495,1757169139.1952336,0.0008840560913085938
1757169140.0532842,1757169140.0539165,0.0006322860717773438
1757169140.3585439,1757169140.491504,0.13296008110046387
1757169140.5672193,1757169140.567822,0.00060272216796875
1757169140.8750665,1757169141.0083566,0.13329005241394043
1757169141.0814922,1757169141.082052,0.0005598068237304688
1757169141.3906627,1757169141.5247006,0.13403797149658203
1757169381.2376575,1757169381.3843572,0.1466996669769287
1757169382.3025138,1757169382.303824,0.001310110092163086
1757169383.2021253,1757169383.2028933,0.0007679462432861328
1757169383.49476,1757169383.6288693,0.1341092586517334
1757169383.7098672,1757169383.710521,0.0006537437438964844
1757169384.0037363,1757169384.1415658,0.13782954216003418
1757169384.2394195,1757169384.2400541,0.0006346702575683594
1757169384.535238,1757169384.669776,0.134537935256958
1757169384.7598834,1757169384.760569,0.0006856918334960938
1757169385.0581338,1757169385.1921763,0.13404250144958496
1757169385.2679288,1757169385.268609,0.0006802082061767578
1757169385.563963,1757169385.697586,0.1336231231689453
1757169385.770159,1757169385.7707436,0.0005846023559570312
1757169386.0686507,1757169386.2020328,0.13338208198547363
1757169386.2654643,1757169386.2660413,0.0005769729614257812
1757169386.6567228,1757169386.7969377,0.1402149200439453
1757169386.8739,1757169386.8745375,0.0006375312805175781
1757169387.1567504,1757169387.2931132,0.13636279106140137
1757169387.3635793,1757169387.3641942,0.0006148815155029297
1757169387.6490998,1757169387.7829287,0.13382887840270996
1757169387.846632,1757169387.8472865,0.0006544589996337891
1757169388.1557088,1757169388.2902308,0.1345219612121582
1757169388.3541832,1757169388.354741,0.0005578994750976562
1757169388.6804602,1757169388.6811106,0.0006504058837890625
1757169388.990215,1757169389.1297226,0.13950753211975098
1757169389.2257156,1757169389.2263675,0.0006518363952636719
1757169389.5062423,1757169389.6432302,0.13698792457580566
1757169389.7234666,1757169389.7240753,0.0006086826324462891
1757169390.006439,1757169390.1429918,0.1365528106689453
1757169390.2067878,1757169390.2074063,0.0006184577941894531
1757169390.5051017,1757169390.5057724,0.0006706714630126953
1757169390.7904944,1757169390.9241948,0.13370037078857422
1757169390.992621,1757169390.9932683,0.0006473064422607422
1757169391.2851627,1757169391.4220066,0.13684391975402832
1757169391.488797,1757169391.4895537,0.0007567405700683594
1757169391.787467,1757169391.9212894,0.13382244110107422
1757169391.9853442,1757169391.985934,0.0005898475646972656
1757169392.3058672,1757169392.439973,0.13410592079162598
1757169392.5016563,1757169392.5022361,0.000579833984375
1757169392.878529,1757169393.0173833,0.1388542652130127
1757169393.0848193,1757169393.0855417,0.0007224082946777344
1757169393.3716476,1757169393.510231,0.13858342170715332
1757169393.578902,1757169393.5795686,0.0006666183471679688
1757169393.8777788,1757169394.0161054,0.13832664489746094
1757169394.0784633,1757169394.0790548,0.0005915164947509766
1757169394.3920052,1757169394.3926392,0.0006339550018310547
1757169394.68269,1757169394.8165286,0.13383865356445312
1757169394.8879507,1757169394.8885124,0.0005617141723632812
1757169395.181213,1757169395.3191655,0.13795256614685059
1757169395.3837497,1757169395.3843918,0.0006420612335205078
1757169395.6999097,1757169395.700565,0.0006554126739501953
1757169395.979864,1757169396.120214,0.1403501033782959
1757169396.1873229,1757169396.1879497,0.0006268024444580078
1757169396.4849055,1757169396.6258404,0.14093494415283203
1757169396.688287,1757169396.68896,0.0006730556488037109
1757169396.9949362,1757169397.1297038,0.1347675323486328
1757169397.1952896,1757169397.195891,0.0006012916564941406
1757169397.5861695,1757169397.7272367,0.1410672664642334
1757169397.8172612,1757169397.8178759,0.0006146430969238281
1757169398.0974433,1757169398.2387037,0.14126038551330566
1757169398.3124175,1757169398.3131711,0.0007536411285400391
1757169398.5988317,1757169398.733542,0.13471031188964844
1757169398.7959838,1757169398.7966156,0.0006318092346191406
1757169399.0860157,1757169399.23457,0.14855432510375977
1757169399.296581,1757169399.2971556,0.0005745887756347656
1757169399.5874145,1757169399.588011,0.0005965232849121094
1757169399.8824842,1757169400.0161672,0.1336829662322998
1757169400.0839732,1757169400.0845842,0.0006110668182373047
1757169400.4776516,1757169400.6151986,0.13754701614379883
1757169400.691448,1757169400.6920881,0.0006401538848876953
1757169400.9788308,1757169401.127968,0.14913725852966309
1757169401.2682092,1757169401.4073966,0.13918733596801758
1757169401.4723322,1757169401.4729187,0.0005865097045898438
1757169401.7696989,1757169401.7703626,0.00066375732421875
1757169402.0506096,1757169402.1945245,0.14391493797302246
1757169402.2658548,1757169402.2666674,0.000812530517578125
1757169402.550862,1757169402.6851375,0.1342754364013672
1757169402.75064,1757169402.7513247,0.0006847381591796875
1757169403.0557292,1757169403.192211,0.13648176193237305
1757169403.2674,1757169403.267984,0.0005838871002197266
1757169403.5670402,1757169403.703304,0.13626384735107422
1757169403.7664769,1757169403.7671282,0.0006513595581054688
1757169404.0779066,1757169404.07855,0.0006434917449951172
1757169404.35612,1757169404.48959,0.133469820022583
1757169404.5789683,1757169404.579627,0.0006587505340576172
1757169404.8633022,1757169404.9994872,0.1361849308013916
1757169405.064184,1757169405.0648246,0.0006406307220458984
1757169405.3611646,1757169405.3617516,0.0005869865417480469
1757169405.641988,1757169405.7771912,0.13520312309265137
1757169405.8513987,1757169405.8520546,0.0006558895111083984
1757169406.1405225,1757169406.2745516,0.13402915000915527
1757169406.3391285,1757169406.3397174,0.0005888938903808594
1757169406.657443,1757169406.791996,0.1345529556274414
1757169406.8561835,1757169406.8567724,0.0005888938903808594
1757169407.2617462,1757169407.4015071,0.13976097106933594
1757169407.464179,1757169407.4647675,0.0005884170532226562
1757169407.854704,1757169407.9935024,0.13879847526550293
1757169408.0674427,1757169408.0681424,0.0006997585296630859
1757169408.3614254,1757169408.362054,0.0006287097930908203
1757169408.6439326,1757169408.7831094,0.1391768455505371
1757169408.8569868,1757169408.8576021,0.0006153583526611328
1757169409.1498969,1757169409.2857518,0.13585495948791504
1757169409.3620713,1757169409.362645,0.0005736351013183594
1757169409.6630023,1757169409.79992,0.1369178295135498
1757169409.8802056,1757169409.880798,0.0005924701690673828
1757169410.177702,1757169410.3120725,0.1343705654144287
1757169410.3778932,1757169410.3784912,0.0005979537963867188
1757169410.771451,1757169410.905662,0.13421106338500977
1757169411.0010452,1757169411.0016851,0.0006399154663085938
1757169411.288131,1757169411.4272513,0.13912034034729004
1757169411.4944773,1757169411.4951012,0.0006239414215087891
1757169411.7830062,1757169411.9166877,0.1336815357208252
1757169412.0664766,1757169412.2007113,0.13423466682434082
1757169412.2911296,1757169412.2917638,0.0006341934204101562
1757169412.5726023,1757169412.714109,0.14150667190551758
1757169412.7954054,1757169412.796029,0.0006237030029296875
1757169413.08388,1757169413.2200897,0.13620972633361816
1757169413.2856486,1757169413.2862246,0.000576019287109375
1757169413.5784993,1757169413.7115986,0.13309931755065918
1757169413.7725468,1757169413.773134,0.0005872249603271484
1757169414.1658626,1757169414.299673,0.13381052017211914
1757169414.383819,1757169414.3843997,0.0005805492401123047
1757169414.6687164,1757169414.803577,0.13486051559448242
1757169414.9045477,1757169414.909159,0.00461125373840332
1757169415.1969063,1757169415.3339822,0.13707590103149414
1757169415.3994262,1757169415.4000866,0.0006604194641113281
1757169415.6965435,1757169415.8342383,0.1376948356628418
1757169415.899402,1757169415.8999968,0.0005948543548583984
1757169416.2143579,1757169416.2149644,0.000606536865234375
1757169416.4965036,1757169416.629826,0.13332247734069824
1757169416.6956172,1757169416.696241,0.0006237030029296875
1757169417.008697,1757169417.0093167,0.0006196498870849609
1757169417.292259,1757169417.4308906,0.13863158226013184
1757169417.5219893,1757169417.5225585,0.0005691051483154297
1757169417.8130732,1757169417.9475017,0.1344285011291504
1757169418.0119762,1757169418.0125868,0.0006105899810791016
1757169418.3120403,1757169418.3126035,0.0005631446838378906
1757169418.593692,1757169418.7271924,0.133500337600708
1757169418.7951205,1757169418.795919,0.0007984638214111328
1757169419.1858892,1757169419.3268774,0.14098811149597168
1757169419.4136362,1757169419.4143147,0.0006785392761230469
1757169419.6950202,1757169419.828542,0.13352179527282715
1757169419.9091673,1757169419.910053,0.0008857250213623047
1757169420.2126865,1757169420.346788,0.13410139083862305
1757169420.4106557,1757169420.411259,0.0006031990051269531
1757169420.719856,1757169420.720463,0.0006070137023925781
1757169421.0064619,1757169421.141104,0.1346421241760254
1757169421.2074065,1757169421.2080548,0.0006482601165771484
1757169421.5056748,1757169421.6398602,0.1341853141784668
1757169421.7684486,1757169421.7695212,0.0010726451873779297
1757169422.0597348,1757169422.1956012,0.13586640357971191
1757169422.2613227,1757169422.2619786,0.0006558895111083984
1757169422.576801,1757169422.5774558,0.0006546974182128906
1757169422.859371,1757169422.996335,0.1369640827178955
1757169423.069707,1757169423.0704014,0.0006945133209228516
1757169423.3558528,1757169423.5042484,0.14839553833007812
1757169423.591441,1757169423.5925214,0.0010805130004882812
1757169423.884657,1757169424.0229268,0.13826990127563477
1757169424.0862777,1757169424.0868611,0.0005834102630615234
1757169424.3773887,1757169424.515925,0.1385362148284912
1757169424.579187,1757169424.579844,0.0006570816040039062
1757169424.8958747,1757169425.0368233,0.14094853401184082
1757169425.129605,1757169425.1302493,0.0006442070007324219
1757169425.4335194,1757169425.5824282,0.1489088535308838
1757169425.6683261,1757169425.6690545,0.0007283687591552734
1757169425.9663923,1757169426.1075923,0.14120006561279297
1757169426.1944773,1757169426.1951938,0.0007164478302001953
1757169426.4861555,1757169426.6205516,0.13439607620239258
1757169426.6900597,1757169426.6909094,0.0008497238159179688
1757169427.0042164,1757169427.1405697,0.1363532543182373
1757169427.22304,1757169427.2236476,0.0006074905395507812
1757169427.5197153,1757169427.6537168,0.1340014934539795
1757169427.7155974,1757169427.716165,0.0005676746368408203
1757169428.0242424,1757169428.0248055,0.0005631446838378906
1757169428.3057382,1757169428.444781,0.13904285430908203
1757169428.5196996,1757169428.5203989,0.0006992816925048828
1757169428.9106996,1757169429.0522745,0.14157485961914062
1757169429.142052,1757169429.1426516,0.0005996227264404297
1757169429.425322,1757169429.5601254,0.13480329513549805
1757169429.6249099,1757169429.6256049,0.0006949901580810547
1757169429.9200664,1757169430.0547981,0.13473176956176758
1757169430.1209402,1757169430.1215608,0.0006206035614013672
1757169430.4491692,1757169430.4497812,0.0006120204925537109
1757169430.732868,1757169430.8713274,0.1384594440460205
1757169430.9358225,1757169430.936425,0.0006024837493896484
1757169431.2378197,1757169431.3729966,0.1351768970489502
1757169431.4442663,1757169431.444934,0.000667572021484375
1757169431.7306464,1757169431.8656945,0.13504815101623535
1757169431.9287624,1757169431.9293554,0.0005929470062255859
1757169432.2446663,1757169432.3828418,0.13817548751831055
1757169432.55428,1757169432.5552852,0.0010051727294921875
1757169432.855118,1757169432.9899635,0.13484549522399902
1757169433.0591125,1757169433.059705,0.0005924701690673828
1757169433.3822863,1757169433.5181448,0.13585853576660156
1757169433.5890062,1757169433.5896165,0.0006103515625
1757169433.9024727,1757169433.9030964,0.0006237030029296875
1757169434.1832738,1757169434.3179219,0.13464808464050293
1757169434.388947,1757169434.3896174,0.0006704330444335938
1757169434.6905186,1757169434.8285346,0.1380159854888916
1757169434.9090512,1757169434.9096398,0.0005886554718017578
1757169435.2107396,1757169435.3452458,0.1345062255859375
1757169435.4118426,1757169435.4125612,0.0007185935974121094
1757169435.7287097,1757169435.7293026,0.0005929470062255859
1757169436.010146,1757169436.1457207,0.1355748176574707
1757169436.2319117,1757169436.2325852,0.0006735324859619141
1757169436.5186324,1757169436.6522403,0.1336078643798828
1757169436.71739,1757169436.7181451,0.0007550716400146484
1757169437.0085475,1757169437.1424317,0.13388419151306152
1757169437.2063627,1757169437.20701,0.0006473064422607422
1757169437.536257,1757169437.6891272,0.15287017822265625
1757169437.7536352,1757169437.7543092,0.0006740093231201172
1757169438.0515273,1757169438.0522656,0.0007383823394775391
1757169438.333532,1757169438.467325,0.13379287719726562
1757169438.5446513,1757169438.5453215,0.0006701946258544922
1757169438.8487866,1757169438.9847264,0.1359398365020752
1757169439.0514433,1757169439.0520484,0.0006051063537597656
1757169439.3378851,1757169439.3384647,0.0005795955657958984
1757169439.6292708,1757169439.7629647,0.13369393348693848
1757169439.8315458,1757169439.8321667,0.0006208419799804688
1757169874.2121997,1757169874.3646245,0.15242481231689453
1757169874.5259693,1757169874.527331,0.001361846923828125
1757169875.264415,1757169875.415866,0.15145087242126465
1757169875.514652,1757169875.5159009,0.0012488365173339844
1757169876.3655064,1757169876.5099916,0.1444852352142334
1757169876.6415977,1757169876.6429615,0.0013637542724609375
1757169877.4145396,1757169877.5628793,0.14833974838256836
1757169877.639737,1757169877.641609,0.0018720626831054688
1757169878.501147,1757169878.5337276,0.03258061408996582
1757169878.6285317,1757169878.6300194,0.00148773193359375
1757169879.4405954,1757169879.5921435,0.15154814720153809
1757169879.7251127,1757169879.726562,0.0014493465423583984
1757169880.511183,1757169880.658732,0.14754891395568848
1757169880.732617,1757169880.7338548,0.0012378692626953125
1757169881.567675,1757169881.7169938,0.14931869506835938
1757169881.8201983,1757169881.8215444,0.0013461112976074219
1757169882.6234539,1757169882.7716053,0.14815139770507812
1757169882.8449345,1757169882.8463135,0.0013790130615234375
1757169883.6804554,1757169883.828983,0.1485276222229004
1757169883.9309523,1757169883.9321976,0.001245260238647461
1757169884.745707,1757169884.8984728,0.15276575088500977
1757169885.0352156,1757169885.0366054,0.0013897418975830078
1757169885.8055427,1757169885.9457836,0.14024090766906738
1757169886.035449,1757169886.0360236,0.0005745887756347656
1757169886.043395,1757169886.1792793,0.13588428497314453
1757169886.2404683,1757169886.2410529,0.0005846023559570312
1757169886.3272834,1757169886.468442,0.1411585807800293
1757169886.5394306,1757169886.539975,0.0005443096160888672
1757169886.5596023,1757169886.6994438,0.13984155654907227
1757169886.7737033,1757169886.7743235,0.0006201267242431641
1757169886.819574,1757169886.9548156,0.13524150848388672
1757169887.024166,1757169887.0247552,0.0005891323089599609
1757169887.0682492,1757169887.203875,0.13562583923339844
1757169887.278436,1757169887.2790394,0.0006034374237060547
1757169887.312806,1757169887.4509683,0.13816237449645996
1757169887.514068,1757169887.5146515,0.000583648681640625
1757169887.5710003,1757169887.7076423,0.1366419792175293
1757169887.7846422,1757169887.7853415,0.0006992816925048828
1757169887.805126,1757169887.9448032,0.1396772861480713
1757169888.0260873,1757169888.026684,0.0005967617034912109
1757169888.078912,1757169888.2272937,0.14838171005249023
1757169888.3116624,1757169888.3124056,0.0007431507110595703
1757169888.3256965,1757169888.463257,0.13756060600280762
1757169888.525192,1757169888.5257652,0.0005731582641601562
1757169888.6562908,1757169888.7915483,0.13525748252868652
1757169888.8659353,1757169888.8666356,0.0007002353668212891
1757169888.9173295,1757169889.0598407,0.14251112937927246
1757169889.1321793,1757169889.1328292,0.0006499290466308594
1757169889.1712413,1757169889.3104184,0.1391770839691162
1757169889.3887773,1757169889.3894093,0.0006320476531982422
1757169889.4167032,1757169889.5532255,0.1365222930908203
1757169889.6156354,1757169889.6162598,0.0006244182586669922
1757169889.6809397,1757169889.8168654,0.1359257698059082
1757169889.89973,1757169889.9004276,0.0006976127624511719
1757169889.9166734,1757169890.0534,0.13672661781311035
1757169890.110503,1757169890.1111426,0.0006396770477294922
1757169890.1933246,1757169890.3309057,0.13758111000061035
1757169890.4213328,1757169890.421951,0.0006182193756103516
1757169890.4222844,1757169890.5574057,0.13512134552001953
1757169890.6172688,1757169890.617838,0.0005691051483154297
1757169890.7097127,1757169890.8446004,0.1348876953125
1757169890.9386618,1757169890.9392748,0.0006129741668701172
1757169890.9446266,1757169891.0801299,0.13550329208374023
1757169891.150726,1757169891.1514308,0.0007047653198242188
1757169891.217165,1757169891.352551,0.13538599014282227
1757169891.435836,1757169891.436421,0.0005848407745361328
1757169891.4620936,1757169891.5999389,0.13784527778625488
1757169891.6667106,1757169891.6674647,0.0007541179656982422
1757169891.7157567,1757169891.8507552,0.13499855995178223
1757169891.9116297,1757169891.9121935,0.0005638599395751953
1757169891.9601839,1757169892.0953908,0.135206937789917
1757169892.1587293,1757169892.1593182,0.0005888938903808594
1757169892.1962209,1757169892.3351657,0.1389448642730713
1757169892.400393,1757169892.4009712,0.0005781650543212891
1757169892.4605727,1757169892.6028025,0.14222979545593262
1757169892.672467,1757169892.6732461,0.0007791519165039062
1757169892.701966,1757169892.8399417,0.13797569274902344
1757169892.920039,1757169892.920664,0.0006251335144042969
1757169892.9574592,1757169893.0966432,0.13918399810791016
1757169893.1671224,1757169893.1677306,0.0006082057952880859
1757169893.2631662,1757169893.4052508,0.14208459854125977
1757169893.46549,1757169893.4660757,0.0005855560302734375
1757169893.5603554,1757169893.6997013,0.13934588432312012
1757169893.7632854,1757169893.7638588,0.0005733966827392578
1757169893.8791654,1757169894.0181396,0.13897418975830078
1757169894.0799563,1757169894.080522,0.0005657672882080078
1757169894.1552093,1757169894.2972782,0.14206886291503906
1757169894.3891594,1757169894.3897703,0.0006108283996582031
1757169894.4242911,1757169894.5645123,0.14022111892700195
1757169894.6299112,1757169894.6305442,0.0006330013275146484
1757169894.671253,1757169894.8067756,0.13552260398864746
1757169894.8711286,1757169894.8718135,0.0006849765777587891
1757169894.9259992,1757169895.0623677,0.1363685131072998
1757169895.1328845,1757169895.1335022,0.0006177425384521484
1757169895.1674836,1757169895.3074312,0.13994765281677246
1757169895.3693397,1757169895.3699853,0.0006456375122070312
1757169895.4311473,1757169895.5725532,0.14140582084655762
1757169895.6439557,1757169895.64467,0.0007143020629882812
1757169895.6608994,1757169895.7973769,0.13647747039794922
1757169895.85738,1757169895.8579402,0.0005602836608886719
1757169895.9280539,1757169896.069571,0.14151716232299805
1757169896.1442127,1757169896.1448076,0.0005948543548583984
1757169896.1542308,1757169896.2895,0.1352691650390625
1757169896.348134,1757169896.3487208,0.0005867481231689453
1757169896.4228897,1757169896.562488,0.13959836959838867
1757169896.6398864,1757169896.640474,0.0005877017974853516
1757169896.6436467,1757169896.7789855,0.13533878326416016
1757169896.841402,1757169896.841991,0.0005888938903808594
1757169896.9190981,1757169897.0594735,0.14037537574768066
1757169897.136876,1757169897.1374712,0.0005950927734375
1757169897.1386316,1757169897.273797,0.13516545295715332
1757169897.334201,1757169897.3347309,0.0005297660827636719
1757169897.4192924,1757169897.5608392,0.14154672622680664
1757169897.636135,1757169897.6366718,0.0005366802215576172
1757169897.6405349,1757169897.776201,0.1356661319732666
1757169897.8362617,1757169897.8368297,0.0005679130554199219
1757169897.928348,1757169898.0637186,0.13537049293518066
1757169898.153378,1757169898.153961,0.0005829334259033203
1757169898.15498,1757169898.2909057,0.1359257698059082
1757169898.3541095,1757169898.3548403,0.0007307529449462891
1757169898.4338007,1757169898.5734947,0.1396939754486084
1757169898.6690733,1757169898.6696513,0.0005779266357421875
1757169898.6705713,1757169898.809553,0.13898158073425293
1757169898.8716402,1757169898.8722298,0.0005896091461181641
1757169898.9487624,1757169899.083712,0.1349496841430664
1757169899.1765501,1757169899.1771553,0.0006051063537597656
1757169899.2141259,1757169899.3492143,0.13508844375610352
1757169899.4131472,1757169899.4137585,0.0006113052368164062
1757169899.4591005,1757169899.5946999,0.13559937477111816
1757169899.6575258,1757169899.6581218,0.0005960464477539062
1757169899.7060244,1757169899.84281,0.13678550720214844
1757169899.9082978,1757169899.9089708,0.0006730556488037109
1757169899.9505136,1757169900.0974197,0.14690613746643066
1757169900.1659887,1757169900.166607,0.0006182193756103516
1757169900.2119384,1757169900.3498542,0.13791584968566895
1757169900.42065,1757169900.4212306,0.0005805492401123047
1757169900.4642851,1757169900.6041982,0.13991308212280273
1757169900.6849391,1757169900.6855714,0.0006322860717773438
1757169900.7064593,1757169900.8423514,0.13589215278625488
1757169900.905691,1757169900.9062793,0.0005884170532226562
1757169900.972969,1757169901.1082275,0.13525843620300293
1757169901.172243,1757169901.1728072,0.0005640983581542969
1757169901.1961076,1757169901.3320444,0.13593673706054688
1757169901.392399,1757169901.3930378,0.0006387233734130859
1757169901.4537485,1757169901.5947752,0.14102673530578613
1757169901.672928,1757169901.673517,0.0005888938903808594
1757169901.682502,1757169901.8220787,0.13957667350769043
1757169901.8838575,1757169901.8844178,0.0005602836608886719
1757169901.9507747,1757169902.0867758,0.1360011100769043
1757169902.150619,1757169902.151226,0.0006070137023925781
1757169902.1742363,1757169902.3092334,0.13499712944030762
1757169902.3727937,1757169902.373392,0.0005984306335449219
1757169902.4824164,1757169902.6243987,0.1419823169708252
1757169902.7434113,1757169902.7439938,0.0005824565887451172
1757169902.7702627,1757169902.9053924,0.13512969017028809
1757169902.96712,1757169902.967746,0.0006260871887207031
1757169903.0240932,1757169903.1592693,0.1351761817932129
1757169903.2210634,1757169903.2216902,0.0006268024444580078
1757169903.2568493,1757169903.39269,0.13584065437316895
1757169903.460263,1757169903.4610167,0.0007536411285400391
1757169903.503184,1757169903.63817,0.13498592376708984
1757169903.7051306,1757169903.7057707,0.0006401538848876953
1757169903.7457783,1757169903.8841906,0.1384122371673584
1757169903.9486787,1757169903.9492602,0.0005815029144287109
1757169903.9877295,1757169904.1233554,0.13562583923339844
1757169904.1844106,1757169904.1849608,0.0005502700805664062
1757169904.231093,1757169904.3665845,0.13549160957336426
1757169904.4303136,1757169904.4310226,0.0007090568542480469
1757169904.4693854,1757169904.6080725,0.1386871337890625
1757169904.6686127,1757169904.6692057,0.0005929470062255859
1757169904.7126577,1757169904.8539376,0.141279935836792
1757169904.9203768,1757169904.9210262,0.0006494522094726562
1757169904.9550436,1757169905.0905793,0.13553571701049805
1757169905.150986,1757169905.1516323,0.0006463527679443359
1757169905.1992571,1757169905.3409762,0.14171910285949707
1757169905.406855,1757169905.4074857,0.0006306171417236328
1757169905.4431794,1757169905.5840049,0.14082551002502441
1757169905.6495101,1757169905.6501336,0.0006234645843505859
1757169905.6901023,1757169905.828705,0.13860273361206055
1757169905.8971477,1757169905.8977544,0.0006067752838134766
1757169905.9544432,1757169906.0939612,0.13951802253723145
1757169906.1629865,1757169906.163649,0.0006625652313232422
1757169906.1935353,1757169906.3290603,0.13552498817443848
1757169906.390919,1757169906.3916743,0.00075531005859375
1757169906.444729,1757169906.5805557,0.13582658767700195
1757169906.6544514,1757169906.6550608,0.0006093978881835938
1757169906.6865134,1757169906.825765,0.1392514705657959
1757169906.8897846,1757169906.8904119,0.0006272792816162109
1757169906.941623,1757169907.0830271,0.1414041519165039
1757169907.1550155,1757169907.1558867,0.0008711814880371094
1757169907.24014,1757169907.3802,0.1400599479675293
1757169907.4499881,1757169907.450576,0.0005879402160644531
1757169907.4609413,1757169907.5957043,0.13476300239562988
1757169907.6581616,1757169907.658726,0.0005643367767333984
1757169907.732183,1757169907.8693209,0.13713788986206055
1757169907.9599378,1757169907.9605978,0.000659942626953125
1757169907.9666467,1757169908.10206,0.13541340827941895
1757169908.1624963,1757169908.1630569,0.0005605220794677734
1757169908.2404397,1757169908.3764834,0.13604378700256348
1757169908.461323,1757169908.4619088,0.0005857944488525391
1757169908.4692762,1757169908.6057594,0.13648319244384766
1757169908.6676695,1757169908.668311,0.0006415843963623047
1757169908.7410188,1757169908.8764503,0.13543152809143066
1757169908.9493666,1757169908.950225,0.0008585453033447266
1757169908.9633508,1757169909.1038666,0.14051580429077148
1757169909.1625712,1757169909.1631956,0.0006244182586669922
1757169909.2298806,1757169909.3715885,0.1417078971862793
1757169909.438973,1757169909.4421823,0.003209352493286133
1757169909.4545808,1757169909.5927787,0.1381978988647461
1757169909.6510518,1757169909.6516519,0.0006000995635986328
1757169909.721079,1757169909.8564534,0.1353743076324463
1757169909.935277,1757169909.935988,0.0007109642028808594
1757169909.9474797,1757169910.0832455,0.13576579093933105
1757169910.144468,1757169910.1450555,0.00058746337890625
1757169910.2169585,1757169910.355009,0.13805055618286133
1757169910.4313846,1757169910.4322596,0.0008749961853027344
1757169910.4378042,1757169910.5727344,0.13493013381958008
1757169910.6336567,1757169910.6342504,0.0005936622619628906
1757169910.713838,1757169910.851088,0.13724994659423828
1757169910.9369805,1757169910.9375727,0.0005922317504882812
1757169910.93804,1757169911.0732687,0.13522863388061523
1757169911.150582,1757169911.1511211,0.0005390644073486328
1757169911.216736,1757169911.3627927,0.1460566520690918
1757169911.43149,1757169911.4320679,0.0005779266357421875
1757169911.4619923,1757169911.5983357,0.13634347915649414
1757169911.6606538,1757169911.661368,0.0007140636444091797
1757169911.7119591,1757169911.8546271,0.1426680088043213
1757169911.9234972,1757169911.9242477,0.0007505416870117188
1757169911.972041,1757169912.1116374,0.13959646224975586
1757169912.1802533,1757169912.180859,0.0006058216094970703
1757169912.210319,1757169912.3461196,0.13580060005187988
1757169912.4094255,1757169912.410158,0.000732421875
1757169912.4597893,1757169912.5996041,0.1398148536682129
1757169912.6681032,1757169912.6687303,0.0006270408630371094
1757169912.7501986,1757169912.8902297,0.140031099319458
1757169912.9630558,1757169912.9635966,0.0005407333374023438
1757169913.0121439,1757169913.161125,0.14898109436035156
1757169913.2235322,1757169913.2241004,0.0005681514739990234
1757169913.2516382,1757169913.3892605,0.13762235641479492
1757169913.450191,1757169913.450807,0.0006160736083984375
1757169913.5033321,1757169913.638144,0.1348118782043457
1757169913.7090707,1757169913.7097113,0.0006406307220458984
1757169913.7398484,1757169913.8776345,0.1377861499786377
1757169913.940155,1757169913.9408839,0.0007288455963134766
1757169913.9956126,1757169914.13096,0.1353473663330078
1757169914.1966095,1757169914.1971846,0.0005750656127929688
1757169914.2286096,1757169914.3669944,0.13838481903076172
1757169914.4299204,1757169914.4305942,0.0006737709045410156
1757169914.4763288,1757169914.6161857,0.13985681533813477
1757169914.693092,1757169914.6936681,0.000576019287109375
1757169914.7237012,1757169914.8681765,0.14447522163391113
1757169914.9370637,1757169914.937686,0.0006222724914550781
1757169914.977054,1757169915.117092,0.14003777503967285
1757169915.179344,1757169915.1800327,0.0006887912750244141
1757169915.2212656,1757169915.3604903,0.13922476768493652
1757169915.4237545,1757169915.4243817,0.0006272792816162109
1757169915.4674752,1757169915.6062524,0.1387772560119629
1757169915.6725192,1757169915.6732152,0.0006959438323974609
1757169915.7073405,1757169915.8458598,0.138519287109375
1757169915.9067807,1757169915.9078994,0.0011186599731445312
1757169915.959018,1757169916.0944588,0.13544082641601562
1757169916.165117,1757169916.165705,0.0005879402160644531
1757169916.195202,1757169916.33138,0.13617777824401855
1757169916.3934388,1757169916.394121,0.0006821155548095703
1757169916.4529781,1757169916.5928268,0.1398487091064453
1757169916.657429,1757169916.658123,0.0006940364837646484
1757169916.6806865,1757169916.8197377,0.13905119895935059
1757169916.8796985,1757169916.8803046,0.0006060600280761719
1757169916.940898,1757169917.080893,0.13999509811401367
1757169917.1565728,1757169917.157255,0.0006821155548095703
1757169917.1755407,1757169917.310949,0.1354084014892578
1757169917.4589403,1757169917.4595914,0.0006511211395263672
1757169917.4634645,1757169917.603407,0.13994240760803223
1757169917.6622508,1757169917.6627986,0.0005478858947753906
1757169917.7365725,1757169917.8752186,0.13864612579345703
1757169917.9380488,1757169917.9386063,0.0005574226379394531
1757169917.9720602,1757169918.1134453,0.14138507843017578
1757169918.1939573,1757169918.1945646,0.0006072521209716797
1757169918.2219834,1757169918.3609557,0.13897228240966797
1757169918.4199018,1757169918.420496,0.0005941390991210938
1757169918.4752433,1757169918.6119516,0.13670825958251953
1757169918.6806805,1757169918.6812916,0.0006110668182373047
1757169918.7085986,1757169918.8458982,0.1372995376586914
1757169918.9064496,1757169918.9070716,0.0006220340728759766
1757169918.9606402,1757169919.0960271,0.13538694381713867
1757169919.168203,1757169919.168837,0.0006339550018310547
1757169919.198187,1757169919.335278,0.13709092140197754
1757169919.3975828,1757169919.3982937,0.0007109642028808594
1757169919.4489233,1757169919.5837762,0.13485288619995117
1757169919.6538389,1757169919.6544814,0.0006425380706787109
1757169919.6985822,1757169919.8390968,0.14051461219787598
1757169919.9000466,1757169919.9006674,0.0006208419799804688
1757169919.9545739,1757169920.0947242,0.1401503086090088
1757169920.1772072,1757169920.1778286,0.0006213188171386719
1757169920.1862247,1757169920.3318853,0.1456606388092041
1757169920.3941436,1757169920.3947198,0.0005762577056884766
1757169920.4559696,1757169920.5920916,0.1361219882965088
1757169920.6556506,1757169920.656235,0.0005843639373779297
1757169920.7012732,1757169920.8366604,0.13538718223571777
1757169920.906055,1757169920.9067569,0.000701904296875
1757169920.9915223,1757169921.1322484,0.14072608947753906
1757169921.2330852,1757169921.2336838,0.0005986690521240234
1757169921.2356186,1757169921.3708117,0.1351931095123291
1757169921.4326298,1757169921.4332635,0.0006337165832519531
1757169921.5145328,1757169921.6532526,0.13871979713439941
1757169921.7291055,1757169921.72965,0.0005445480346679688
1757169921.732879,1757169921.8678503,0.13497138023376465
1757169921.9569278,1757169921.9576495,0.0007216930389404297
1757169922.0578477,1757169922.2010763,0.14322853088378906
1757169922.2630196,1757169922.2636404,0.0006208419799804688
1757169922.3565767,1757169922.4978259,0.1412491798400879
1757169922.5569987,1757169922.5576053,0.000606536865234375
1757169922.6533906,1757169922.7910552,0.1376645565032959
1757169922.851088,1757169922.8516784,0.0005903244018554688
1757169922.9518504,1757169923.0948024,0.14295196533203125
1757169923.1619508,1757169923.1625257,0.0005748271942138672
1757169923.2463672,1757169923.389541,0.1431736946105957
1757169923.4647486,1757169923.465318,0.0005693435668945312
1757169923.4672933,1757169923.6032205,0.1359272003173828
1757169923.6706367,1757169923.6712213,0.0005846023559570312
1757169923.7497003,1757169923.8853667,0.1356663703918457
1757169923.9520223,1757169923.9526424,0.0006201267242431641
1757169923.9701824,1757169924.1061592,0.13597679138183594
1757169924.1667001,1757169924.1672573,0.0005571842193603516
1757169924.2332158,1757169924.3687816,0.13556575775146484
1757169924.4321024,1757169924.4326828,0.0005803108215332031
1757169924.4566462,1757169924.5944297,0.13778352737426758
1757169924.6576376,1757169924.6583376,0.0006999969482421875
1757170173.2157936,1757170173.361045,0.14525127410888672
1757170174.2488437,1757170174.2501588,0.0013151168823242188
1757170174.270917,1757170174.416512,0.14559507369995117
1757170175.3350208,1757170175.336533,0.001512289047241211
1757170175.387155,1757170175.5253873,0.13823223114013672
1757170176.4086392,1757170176.4099557,0.0013165473937988281
1757173036.7134907,1757173036.8572626,0.14377188682556152
1757173037.7500398,1757173037.7514107,0.0013709068298339844
1757173038.6220176,1757173038.6228056,0.0007879734039306641
1757173038.9497013,1757173039.084406,0.13470458984375
1757173039.23952,1757173039.2401848,0.0006647109985351562
1757173039.5356476,1757173039.676596,0.14094829559326172
1757173039.773104,1757173039.7737327,0.0006287097930908203
1757173040.0647094,1757173040.2059543,0.14124488830566406
1757173040.3048694,1757173040.438919,0.134049654006958
1757173040.515864,1757173040.5164812,0.0006172657012939453
1757173040.825612,1757173040.8261688,0.0005567073822021484
1757173041.108596,1757173041.2423482,0.13375210762023926
1757173041.3160696,1757173041.3169415,0.0008718967437744141
1757173041.5989273,1757173041.7343633,0.1354360580444336
1757173041.7989683,1757173041.7998395,0.0008711814880371094
1757173042.0991502,1757173042.2335782,0.1344280242919922
1757173042.3138063,1757173042.3144093,0.0006029605865478516
1757173042.6062162,1757173042.7396882,0.13347196578979492
1757173042.8203118,1757173042.8208866,0.0005748271942138672
1757173043.1383176,1757173043.1389074,0.0005898475646972656
1757173043.4169648,1757173043.550608,0.13364315032958984
1757173043.6362467,1757173043.6368496,0.0006029605865478516
1757173043.9171648,1757173044.0556123,0.13844752311706543
1757173044.1265533,1757173044.1273005,0.0007472038269042969
1757173044.5187588,1757173044.657215,0.1384563446044922
1757173044.7263322,1757173044.7270539,0.0007216930389404297
1757173045.0087469,1757173045.1423178,0.13357090950012207
1757173045.2056746,1757173045.2063777,0.0007030963897705078
1757173045.5019724,1757173045.5026176,0.0006451606750488281
1757173045.7813928,1757173045.9143262,0.1329333782196045
1757173045.9838023,1757173045.984678,0.0008757114410400391
1757173046.2676961,1757173046.4062269,0.13853073120117188
1757173046.4690585,1757173046.4696844,0.0006258487701416016
1757173046.7593572,1757173046.892802,0.13344478607177734
1757173046.9553413,1757173046.9559376,0.0005962848663330078
1757173047.251397,1757173047.2519991,0.0006022453308105469
1757173047.541144,1757173047.675075,0.13393115997314453
1757173047.7459962,1757173047.746645,0.0006487369537353516
1757173048.0408578,1757173048.1747172,0.13385939598083496
1757173048.2496228,1757173048.2502341,0.0006113052368164062
1757173048.539385,1757173048.6732397,0.13385462760925293
1757173048.7371724,1757173048.737793,0.0006206035614013672
1757173049.0334373,1757173049.034034,0.0005967617034912109
1757173049.314786,1757173049.4489264,0.1341404914855957
1757173049.5209196,1757173049.5215654,0.0006458759307861328
1757173049.873671,1757173050.0070689,0.13339781761169434
1757173050.0824773,1757173050.0832434,0.0007660388946533203
1757173050.36403,1757173050.4990532,0.1350233554840088
1757173050.5624082,1757173050.5630755,0.0006673336029052734
1757173050.8762321,1757173050.877062,0.0008299350738525391
1757173051.1578093,1757173051.2911384,0.13332915306091309
1757173051.3670037,1757173051.367713,0.0007092952728271484
1757173051.6657217,1757173051.7990525,0.1333308219909668
1757173051.8611588,1757173051.8617449,0.0005860328674316406
1757173052.160358,1757173052.1610389,0.0006809234619140625
1757173052.4426146,1757173052.581696,0.13908147811889648
1757173052.6570394,1757173052.6578562,0.0008168220520019531
1757173052.9390287,1757173053.0728486,0.1338198184967041
1757173053.1455107,1757173053.1461227,0.0006120204925537109
1757173053.4370468,1757173053.5708377,0.1337909698486328
1757173053.631633,1757173053.6324499,0.0008168220520019531
1757173053.9323015,1757173053.9329474,0.0006458759307861328
1757173054.2240732,1757173054.357808,0.13373494148254395
1757173054.4222083,1757173054.4227812,0.0005729198455810547
1757173054.7152932,1757173054.715976,0.000682830810546875
1757173055.0095522,1757173055.0101845,0.0006322860717773438
1757173055.2911856,1757173055.4245136,0.13332796096801758
1757173055.4954662,1757173055.496097,0.0006308555603027344
1757173055.7983632,1757173055.9332263,0.13486313819885254
1757173056.0179422,1757173056.0186439,0.0007016658782958984
1757173056.3032997,1757173056.4376328,0.13433313369750977
1757173056.5030336,1757173056.5037737,0.00074005126953125
1757173056.7994983,1757173056.9394917,0.13999342918395996
1757173057.0033765,1757173057.0039785,0.0006020069122314453
1757173057.302558,1757173057.3031318,0.0005738735198974609
1757173057.5828114,1757173057.7161553,0.13334393501281738
1757173057.7855325,1757173057.7861814,0.0006489753723144531
1757176420.19379,1757176420.3425064,0.14871644973754883
1757176420.4621947,1757176420.4635613,0.0013666152954101562
1757176421.2861624,1757176421.4375663,0.15140390396118164
1757176421.5236459,1757176421.5249984,0.001352548599243164
1757176422.3612976,1757176422.5000498,0.13875222206115723
1757176422.6553905,1757176422.6567733,0.0013828277587890625
1757176423.414968,1757176423.5671768,0.15220880508422852
1757176423.6454854,1757176423.6469073,0.0014219284057617188
1757176424.481607,1757176424.628409,0.14680194854736328
1757176424.76192,1757176424.763195,0.0012750625610351562
1757176425.5393403,1757176425.6809535,0.14161324501037598
1757176425.7601826,1757176425.7616518,0.0014691352844238281
1757176426.6002846,1757176426.7388654,0.1385807991027832
1757176426.942363,1757176426.9436033,0.0012402534484863281
1757176427.653485,1757176427.790706,0.1372208595275879
1757176427.8887947,1757176427.890045,0.0012502670288085938
1757176428.7146373,1757176428.859352,0.1447148323059082
1757176428.9431372,1757176428.944512,0.0013747215270996094
1757176429.799728,1757176429.944334,0.1446061134338379
1757176430.0924637,1757176430.0937073,0.00124359130859375
1757176430.857984,1757176431.0012956,0.1433115005493164
1757176431.0796628,1757176431.080961,0.0012981891632080078
1757176431.9695625,1757176432.1147249,0.14516234397888184
1757176432.2005014,1757176432.201873,0.001371622085571289
1757176433.0632167,1757176433.207998,0.14478135108947754
1757176433.3336492,1757176433.335081,0.0014319419860839844
1757176434.1364717,1757176434.2816944,0.14522266387939453
1757176434.3596783,1757176434.3609483,0.0012700557708740234
1757176435.20223,1757176435.3443751,0.14214515686035156
1757176435.5045128,1757176435.5059192,0.0014064311981201172
1757176436.2810965,1757176436.4174488,0.1363523006439209
1757176436.4928854,1757176436.4941134,0.0012280941009521484
1757176437.3331835,1757176437.4817457,0.14856219291687012
1757176437.597247,1757176437.5986168,0.0013699531555175781
1757176438.392762,1757176438.5384092,0.14564728736877441
1757176438.6127875,1757176438.6141798,0.001392364501953125
1757176439.4585228,1757176439.6025848,0.14406204223632812
1757176439.735124,1757176439.7365658,0.0014417171478271484
1757176440.5144491,1757176440.6574962,0.14304709434509277
1757176440.7333736,1757176440.734617,0.0012433528900146484
1757176441.5694306,1757176441.7151954,0.14576482772827148
1757176441.8519962,1757176441.8533797,0.0013835430145263672
1757176442.6102655,1757176442.7541907,0.14392518997192383
1757176442.8292172,1757176442.8306787,0.0014615058898925781
1757176443.6701493,1757176443.8098426,0.1396932601928711
1757176443.8875716,1757176443.8888435,0.001271963119506836
1757176444.7336786,1757176444.872393,0.13871431350708008
1757176445.016403,1757176445.0176156,0.0012125968933105469
1757176445.7685523,1757176445.9068127,0.1382603645324707
1757176445.9856656,1757176445.9873269,0.0016613006591796875
1757176446.8977313,1757176447.036862,0.1391305923461914
1757176447.1793733,1757176447.1808248,0.0014514923095703125
1757176447.9609468,1757176448.0989857,0.13803887367248535
1757176448.1717045,1757176448.1732254,0.0015208721160888672
1757176449.0179882,1757176449.1568313,0.13884305953979492
1757176449.289765,1757176449.2910256,0.0012607574462890625
1757176450.0860498,1757176450.223087,0.1370372772216797
1757176450.3202047,1757176450.3209128,0.0007081031799316406
1757176450.3246827,1757176450.4605765,0.1358938217163086
1757176450.5384057,1757176450.5389748,0.0005691051483154297
1757176450.6127276,1757176450.749693,0.13696527481079102
1757176450.823978,1757176450.824621,0.0006430149078369141
1757176450.8468585,1757176450.982694,0.1358354091644287
1757176451.0635006,1757176451.0641382,0.0006375312805175781
1757176451.1159027,1757176451.2514586,0.13555598258972168
1757176451.3260722,1757176451.326717,0.000644683837890625
1757176451.3869503,1757176451.5275888,0.1406385898590088
1757176451.6372635,1757176451.6378684,0.0006048679351806641
1757176451.6539116,1757176451.789849,0.13593745231628418
1757176451.8763835,1757176451.8770602,0.0006766319274902344
1757176451.9260106,1757176452.0643537,0.13834309577941895
1757176452.1282892,1757176452.1288805,0.000591278076171875
1757176452.186007,1757176452.322749,0.13674187660217285
1757176452.408371,1757176452.4090233,0.000652313232421875
1757176452.4218216,1757176452.5600142,0.13819265365600586
1757176452.6238348,1757176452.6244106,0.0005757808685302734
1757176452.7017784,1757176452.8522267,0.15044832229614258
1757176452.9297686,1757176452.930404,0.0006353855133056641
1757176452.9878194,1757176453.1243696,0.1365501880645752
1757176453.1926126,1757176453.1945393,0.0019266605377197266
1757176453.256306,1757176453.3934364,0.1371304988861084
1757176453.4938776,1757176453.4944835,0.0006058216094970703
1757176453.5030696,1757176453.6397207,0.13665103912353516
1757176453.71337,1757176453.7139747,0.0006046295166015625
1757176453.7771082,1757176453.913353,0.1362447738647461
1757176453.993726,1757176453.9944134,0.0006873607635498047
1757176454.0261028,1757176454.1634283,0.13732552528381348
1757176454.2356424,1757176454.2362688,0.0006263256072998047
1757176454.2791235,1757176454.4172137,0.1380901336669922
1757176454.4840815,1757176454.4847085,0.0006270408630371094
1757176454.5342703,1757176454.672011,0.1377406120300293
1757176454.7592666,1757176454.7598932,0.0006265640258789062
1757176454.7811413,1757176454.922056,0.1409146785736084
1757176454.9845319,1757176454.9852216,0.0006897449493408203
1757176455.0536156,1757176455.1918738,0.1382582187652588
1757176455.2760448,1757176455.2766418,0.0005970001220703125
1757176455.2772722,1757176455.4141238,0.13685154914855957
1757176455.4766483,1757176455.477212,0.0005636215209960938
1757176455.568318,1757176455.711424,0.14310622215270996
1757176455.7864597,1757176455.7870748,0.0006151199340820312
1757176455.8703146,1757176456.0114555,0.14114093780517578
1757176456.1014633,1757176456.1020443,0.0005810260772705078
1757176456.1129143,1757176456.2490413,0.13612699508666992
1757176456.3704698,1757176456.371315,0.0008451938629150391
1757176456.3861024,1757176456.52274,0.13663744926452637
1757176456.584646,1757176456.5852413,0.0005953311920166016
1757176456.7018921,1757176456.8448174,0.14292526245117188
1757176456.9168003,1757176456.9174812,0.0006809234619140625
1757176456.9767358,1757176457.116193,0.13945722579956055
1757176457.1899726,1757176457.1907015,0.0007288455963134766
1757176457.226356,1757176457.3634171,0.13706111907958984
1757176457.4427528,1757176457.4433994,0.0006465911865234375
1757176457.489099,1757176457.6298313,0.1407322883605957
1757176457.7093453,1757176457.7100935,0.0007481575012207031
1757176457.7430289,1757176457.8807094,0.1376805305480957
1757176457.9614263,1757176457.962038,0.0006117820739746094
1757176457.998617,1757176458.1423411,0.1437242031097412
1757176458.208863,1757176458.2094948,0.0006318092346191406
1757176458.2649248,1757176458.408347,0.14342212677001953
1757176458.4865358,1757176458.487263,0.0007271766662597656
1757176458.508835,1757176458.6449943,0.13615918159484863
1757176458.7072537,1757176458.7078958,0.0006420612335205078
1757176458.7741082,1757176458.9164824,0.14237427711486816
1757176459.0103378,1757176459.0110004,0.0006625652313232422
1757176459.0201657,1757176459.1569743,0.1368086338043213
1757176459.2171743,1757176459.2177887,0.0006144046783447266
1757176459.290525,1757176459.427964,0.13743901252746582
1757176459.5083537,1757176459.5089538,0.0006000995635986328
1757176459.5103126,1757176459.646639,0.13632655143737793
1757176459.7062917,1757176459.7068946,0.0006029605865478516
1757176459.8055182,1757176459.9450526,0.13953447341918945
1757176460.010311,1757176460.0109231,0.0006122589111328125
1757176460.0950606,1757176460.2316675,0.13660693168640137
1757176460.322383,1757176460.3232763,0.0008933544158935547
1757176460.322993,1757176460.4575365,0.13454341888427734
1757176460.551604,1757176460.5521708,0.0005667209625244141
1757176460.555614,1757176460.6920598,0.1364457607269287
1757176460.7509181,1757176460.7515225,0.0006043910980224609
1757176460.8323755,1757176460.9756863,0.1433107852935791
1757176461.0644944,1757176461.065123,0.0006287097930908203
1757176461.0659456,1757176461.209968,0.14402246475219727
1757176461.295514,1757176461.296213,0.0006988048553466797
1757176461.348816,1757176461.4864087,0.13759279251098633
1757176461.548483,1757176461.5490952,0.0006122589111328125
1757176461.6001716,1757176461.7427373,0.14256572723388672
1757176461.825511,1757176461.8262258,0.0007147789001464844
1757176461.8373075,1757176461.973231,0.1359236240386963
1757176462.036923,1757176462.0375044,0.0005815029144287109
1757176462.105678,1757176462.2465377,0.14085960388183594
1757176462.3189957,1757176462.3197103,0.0007145404815673828
1757176462.3927767,1757176462.5333211,0.14054441452026367
1757176462.5955818,1757176462.5961943,0.0006124973297119141
1757176462.6242476,1757176462.7650461,0.14079856872558594
1757176462.8330946,1757176462.8337722,0.0006775856018066406
1757176462.877046,1757176463.0141847,0.13713860511779785
1757176463.0821347,1757176463.0828085,0.0006737709045410156
1757176463.1167533,1757176463.2528906,0.1361372470855713
1757176463.3177884,1757176463.3184962,0.0007078647613525391
1757176463.3795135,1757176463.5217047,0.14219117164611816
1757176463.6030385,1757176463.6038363,0.0007977485656738281
1757176463.618029,1757176463.7555044,0.13747525215148926
1757176463.8171291,1757176463.8177395,0.0006103515625
1757176463.881848,1757176464.0235343,0.14168620109558105
1757176464.115723,1757176464.116402,0.00067901611328125
1757176464.128865,1757176464.2694638,0.14059877395629883
1757176464.3299873,1757176464.3306158,0.0006284713745117188
1757176464.393965,1757176464.5315018,0.13753676414489746
1757176464.6226635,1757176464.6233318,0.0006682872772216797
1757176464.6366286,1757176464.7793407,0.14271211624145508
1757176464.9023795,1757176464.9030519,0.0006723403930664062
1757176464.912844,1757176465.0533392,0.14049530029296875
1757176465.1148498,1757176465.115402,0.0005521774291992188
1757176465.1828976,1757176465.319488,0.13659048080444336
1757176465.402615,1757176465.4032557,0.0006406307220458984
1757176465.417348,1757176465.554966,0.1376180648803711
1757176465.6134055,1757176465.6140432,0.0006377696990966797
1757176465.6820157,1757176465.8321078,0.15009212493896484
1757176465.9230576,1757176465.9236822,0.0006246566772460938
1757176465.9631944,1757176466.1037905,0.1405961513519287
1757176466.1672356,1757176466.167886,0.0006504058837890625
1757176466.2107954,1757176466.3530126,0.14221715927124023
1757176466.4169,1757176466.4175096,0.0006096363067626953
1757176466.45473,1757176466.595006,0.1402759552001953
1757176466.658441,1757176466.6590736,0.0006325244903564453
1757176466.710087,1757176466.8476262,0.13753914833068848
1757176466.9099824,1757176466.910592,0.0006096363067626953
1757176466.9438925,1757176467.0838528,0.13996028900146484
1757176467.148725,1757176467.1493447,0.0006196498870849609
1757176467.1947834,1757176467.335223,0.14043951034545898
1757176467.3981428,1757176467.398807,0.0006642341613769531
1757176467.4334352,1757176467.5737498,0.14031457901000977
1757176467.63548,1757176467.6361487,0.0006687641143798828
1757176467.9310045,1757176468.04762,0.11661553382873535
1757176468.1347618,1757176468.2457318,0.11097002029418945
1757176468.3128607,1757176468.421677,0.10881638526916504
1757176468.4845653,1757176468.593522,0.10895681381225586
1757176468.6567097,1757176468.7654846,0.10877490043640137
1759846850.4695337,1759846850.512002,0.04246830940246582
1759846851.4966576,1759846851.498157,0.0014994144439697266
1759846852.4908345,1759846852.4914682,0.0006337165832519531
1759846852.7875884,1759846852.8149855,0.02739715576171875
1759846852.996658,1759846852.9973392,0.0006811618804931641
1759846853.2474735,1759846853.274946,0.027472496032714844
1759846853.465282,1759846853.4658504,0.000568389892578125
1759846853.7573922,1759846853.781361,0.023968935012817383
1759846853.9918838,1759846853.9925287,0.0006449222564697266
1759846854.2379162,1759846854.2622013,0.024285078048706055
1759846854.4734192,1759846854.4740345,0.0006153583526611328
1759846854.7487075,1759846854.7787287,0.030021190643310547
1759846854.9679632,1759846854.9686003,0.000637054443359375
1759846855.2415347,1759846855.2715244,0.02998971939086914
1759846855.4703093,1759846855.470989,0.0006797313690185547
1759846855.7266898,1759846855.753903,0.027213096618652344
1759846855.9581506,1759846855.987293,0.029142379760742188
1759846856.180867,1759846856.1815,0.0006330013275146484
1759846856.4442663,1759846856.4685779,0.024311542510986328
1759846856.6759164,1759846856.6765263,0.0006098747253417969
1759846856.9297023,1759846856.954848,0.025145769119262695
1759846857.1656022,1759846857.1662166,0.0006144046783447266
1759846857.411094,1759846857.4357584,0.02466440200805664
1759846857.6253555,1759846857.625998,0.0006425380706787109
1759846857.8720477,1759846857.8980908,0.026043176651000977
1759846858.0929208,1759846858.0934963,0.0005755424499511719
1759846858.3395393,1759846858.3743181,0.03477883338928223
1759846858.5582798,1759846858.5589275,0.0006477832794189453
1759846858.8079288,1759846858.8383887,0.030459880828857422
1759846859.0453897,1759846859.0464191,0.0010294914245605469
1759846859.3662226,1759846859.3903003,0.024077653884887695
1759846859.587811,1759846859.5884645,0.0006535053253173828
1759846859.8399029,1759846859.8650134,0.025110483169555664
1759846860.078215,1759846860.078882,0.0006670951843261719
1759846860.342949,1759846860.372733,0.029784202575683594
1759846860.5194478,1759846860.520063,0.0006151199340820312
1759846860.7845614,1759846860.8147998,0.03023838996887207
1759846861.0023866,1759846861.002987,0.0006003379821777344
1759846861.2549937,1759846861.2824812,0.027487516403198242
1759846861.4896407,1759846861.4902442,0.0006034374237060547
1759846861.7444708,1759846861.7750278,0.030556917190551758
1759846861.9649243,1759846861.965569,0.000644683837890625
1759846862.2183511,1759846862.2460659,0.02771472930908203
1759846862.4477818,1759846862.448368,0.0005862712860107422
1759846862.750025,1759846862.7746236,0.02459859848022461
1759846862.9660141,1759846862.966628,0.0006139278411865234
1759846863.2423744,1759846863.2667415,0.024367094039916992
1759846863.4819672,1759846863.4826944,0.0007271766662597656
1759846863.7597284,1759846863.7840683,0.024339914321899414
1759846863.991894,1759846863.9925442,0.0006501674652099609
1759846864.2469678,1759846864.2713506,0.024382829666137695
1759846864.4569356,1759846864.457576,0.0006403923034667969
1759846864.711332,1759846864.740249,0.02891683578491211
1759846864.9379122,1759846864.9385576,0.0006453990936279297
1759846865.1908405,1759846865.22019,0.029349565505981445
1759846865.404813,1759846865.4054627,0.0006496906280517578
1759846865.6547763,1759846865.6846168,0.029840469360351562
1759846865.8605773,1759846865.8624017,0.0018243789672851562
1759846866.1615412,1759846866.1861072,0.024565935134887695
1759846866.3598287,1759846866.3604615,0.0006327629089355469
1759846866.608372,1759846866.6376572,0.029285192489624023
1759846866.7886536,1759846866.7892396,0.0005860328674316406
1759846867.0630856,1759846867.0637002,0.0006146430969238281
1759846867.311568,1759846867.3406153,0.029047250747680664
1759846867.5307767,1759846867.5314484,0.0006716251373291016
1759846867.7853596,1759846867.81425,0.028890371322631836
1759846867.9646294,1759846867.9652338,0.0006043910980224609
1759846868.2498355,1759846868.2741907,0.024355173110961914
1759846868.4127452,1759846868.4133587,0.0006134510040283203
1759846868.690736,1759846868.6913471,0.0006110668182373047
1759846868.94597,1759846868.970709,0.02473902702331543
1759846869.112423,1759846869.1130252,0.0006022453308105469
1759846869.4123201,1759846869.436765,0.0244448184967041
1759846869.5805345,1759846869.5811577,0.0006232261657714844
1759846869.8345208,1759846869.8595963,0.025075435638427734
1759846870.025205,1759846870.0258224,0.0006175041198730469
1759846870.2844074,1759846870.3135524,0.029145002365112305
1759846870.4630172,1759846870.4637141,0.0006968975067138672
1759846870.7188797,1759846870.749055,0.030175209045410156
1759846870.9037676,1759846870.9043925,0.0006248950958251953
1759846871.152897,1759846871.1833968,0.030499935150146484
1759846871.331293,1759846871.3319204,0.0006272792816162109
1759846871.5901012,1759846871.6151874,0.025086164474487305
1759846871.756554,1759846871.7572088,0.0006549358367919922
1759846872.029902,1759846872.0591912,0.02928924560546875
1759846872.2673783,1759846872.2679915,0.0006132125854492188
1759846872.5203848,1759846872.545223,0.02483820915222168
1759846872.6931732,1759846872.6937833,0.0006101131439208984
1759846872.9456005,1759846872.971702,0.02610158920288086
1759846873.124659,1759846873.1252685,0.0006093978881835938
1759846873.3794575,1759846873.4063509,0.02689337730407715
1759846873.5613036,1759846873.562046,0.0007424354553222656
1759846873.8459797,1759846873.8715234,0.025543689727783203
1759846874.0385375,1759846874.0644517,0.02591419219970703
1759846874.199715,1759846874.200435,0.0007200241088867188
1759846874.4653316,1759846874.4945853,0.029253721237182617
1759846874.65929,1759846874.6599824,0.0006923675537109375
1759846874.9071918,1759846874.9310215,0.02382969856262207
1759846875.0819528,1759846875.082533,0.0005800724029541016
1759846875.3996134,1759846875.429643,0.0300295352935791
1759846875.5727987,1759846875.5734372,0.0006384849548339844
1759846875.8358817,1759846875.860294,0.02441239356994629
1759846876.0150876,1759846876.015751,0.0006632804870605469
1759846876.2658887,1759846876.3044872,0.03859853744506836
1759846876.4600348,1759846876.4606678,0.0006330013275146484
1759846876.7063174,1759846876.7069712,0.0006537437438964844
1759846876.950264,1759846876.9758375,0.0255734920501709
1759846877.1219983,1759846877.1225722,0.0005738735198974609
1759846877.3820908,1759846877.412903,0.03081226348876953
1759846877.570949,1759846877.571664,0.0007150173187255859
1759846877.8439999,1759846877.873662,0.029662132263183594
1759848974.784892,1759848974.8256938,0.0408017635345459
1759848975.7919116,1759848975.7932954,0.0013837814331054688
1759848975.8667326,1759848975.8949704,0.02823781967163086
1759848976.871511,1759848976.8781588,0.006647825241088867
1759848976.894374,1759848976.9226477,0.028273820877075195
1759848977.8934252,1759848977.8949976,0.0015723705291748047
1759848978.023406,1759848978.050397,0.026990890502929688
1759848979.0231843,1759848979.0244443,0.0012600421905517578
1759848979.119395,1759848979.1504028,0.031007766723632812
1759848980.11862,1759848980.1201172,0.0014972686767578125
1759848980.183471,1759848980.2123241,0.028853178024291992
1759848981.1745439,1759848981.1758127,0.0012688636779785156
1759848981.207868,1759848981.2404099,0.032541751861572266
1759848982.2163117,1759848982.217734,0.0014224052429199219
1759848982.2449355,1759848982.2763941,0.03145861625671387
1759848983.2360532,1759848983.2373407,0.0012874603271484375
1759848983.3068316,1759848983.3469987,0.04016709327697754
1759848984.317037,1759848984.3184645,0.0014274120330810547
1759848984.4003172,1759848984.4403195,0.04000234603881836
1759848985.400133,1759848985.4014208,0.0012879371643066406
1759848985.4741828,1759848985.5123734,0.038190603256225586
1759848986.497923,1759848986.4992983,0.001375436782836914
1759848986.501987,1759848986.5287445,0.026757478713989258
1759848987.48673,1759848987.4884782,0.0017480850219726562
1759848987.5878687,1759848987.6179361,0.03006744384765625
1759848988.5762,1759848988.5778646,0.0016646385192871094
1759848988.6870205,1759848988.7199197,0.03289914131164551
1759848989.678386,1759848989.6798315,0.0014455318450927734
1759848989.6827853,1759848989.7113636,0.02857828140258789
1759848990.7229924,1759848990.7246032,0.0016107559204101562
1759848990.7520642,1759848990.7816253,0.02956104278564453
1759848991.7592626,1759848991.7607388,0.001476287841796875
1759848991.7981462,1759848991.8245778,0.026431560516357422
1759848992.7855222,1759848992.786893,0.0013706684112548828
1759848992.8321593,1759848992.8650005,0.03284120559692383
1759848993.8331604,1759848993.834526,0.00136566162109375
1759848993.8863463,1759848993.913094,0.026747703552246094
1759848994.878902,1759848994.8801405,0.0012385845184326172
1759848994.9360487,1759848994.9691033,0.03305459022521973
1759848995.9487991,1759848995.950317,0.0015177726745605469
1759848995.9816983,1759848996.00972,0.028021812438964844
1759848996.977203,1759848996.9785101,0.0013072490692138672
1759848997.0490055,1759848997.076253,0.02724742889404297
1759848998.0473938,1759848998.048857,0.001463174819946289
1759848998.0486178,1759848998.0902784,0.04166054725646973
1759848999.043015,1759848999.0444841,0.0014691352844238281
1759848999.1686137,1759848999.2040944,0.03548073768615723
1759849000.1587594,1759849000.1602988,0.001539468765258789
1759849000.2133918,1759849000.2556188,0.04222702980041504
1759849001.2302415,1759849001.231525,0.001283407211303711
1759849001.25356,1759849001.2900558,0.03649568557739258
1759849002.2622187,1759849002.2637434,0.0015246868133544922
1759849002.3036108,1759849002.3303504,0.02673959732055664
1759849003.2958205,1759849003.2973576,0.0015370845794677734
1759849003.3365521,1759849003.379071,0.04251885414123535
1759849004.4477313,1759849004.477921,0.03018975257873535
1759849004.3577707,1759849004.359175,0.0014042854309082031
1759849005.3254197,1759849005.3260598,0.0006401538848876953
1759849005.382894,1759849005.412529,0.029634952545166016
1759849005.5653641,1759849005.5659897,0.0006256103515625
1759849005.589203,1759849005.614298,0.025095224380493164
1759849005.7552462,1759849005.7558753,0.0006291866302490234
1759849005.8244295,1759849005.8543613,0.02993178367614746
1759849005.9998412,1759849006.0005212,0.0006799697875976562
1759849006.0018768,1759849006.0402787,0.03840184211730957
1759849006.180288,1759849006.180924,0.0006358623504638672
1759849006.2563016,1759849006.2865424,0.030240774154663086
1759849006.4260278,1759849006.4267094,0.0006816387176513672
1759849006.4566019,1759849006.4871173,0.030515432357788086
1759849006.621019,1759849006.6216488,0.0006299018859863281
1759849006.6689568,1759849006.6961696,0.027212858200073242
1759849006.8290203,1759849006.8296492,0.0006289482116699219
1759849006.9191067,1759849006.9438336,0.02472686767578125
1759849007.0901303,1759849007.090745,0.0006146430969238281
1759849007.1043973,1759849007.1311266,0.026729345321655273
1759849007.2847052,1759849007.2852635,0.0005583763122558594
1759849007.3326454,1759849007.357267,0.02462148666381836
1759849007.480466,1759849007.4810665,0.0006005764007568359
1759849007.540438,1759849007.5654025,0.024964570999145508
1759849007.720447,1759849007.721138,0.0006909370422363281
1759849007.7391937,1759849007.7642782,0.025084495544433594
1759849007.903814,1759849007.90451,0.0006959438323974609
1759849007.9693356,1759849007.9944649,0.025129318237304688
1759849008.1400104,1759849008.1406891,0.0006787776947021484
1759849008.2070074,1759849008.2318296,0.024822235107421875
1759849008.3753157,1759849008.376104,0.0007884502410888672
1759849008.3868392,1759849008.4115903,0.02475118637084961
1759849008.5402029,1759849008.5407782,0.0005753040313720703
1759849008.6374705,1759849008.6682253,0.030754804611206055
1759849008.791465,1759849008.7920763,0.0006113052368164062
1759849008.886182,1759849008.91108,0.02489781379699707
1759849009.0596738,1759849009.060256,0.0005822181701660156
1759849009.0658464,1759849009.0908413,0.024994850158691406
1759849009.22889,1759849009.2294803,0.0005903244018554688
1759849009.303207,1759849009.327679,0.02447199821472168
1759849009.46947,1759849009.470126,0.0006558895111083984
1759849009.4930527,1759849009.523135,0.030082225799560547
1759849009.6691375,1759849009.6698046,0.0006670951843261719
1759849009.7155907,1759849009.7416387,0.026047945022583008
1759849009.863394,1759849009.8640413,0.0006473064422607422
1759849009.9734523,1759849010.0042808,0.030828475952148438
1759849010.1402738,1759849010.1408675,0.0005936622619628906
1759849010.2149036,1759849010.2497108,0.03480720520019531
1759849010.3888855,1759849010.389516,0.0006306171417236328
1759849010.4122326,1759849010.436961,0.02472829818725586
1759849010.5970497,1759849010.5976274,0.0005776882171630859
1759849010.6336973,1759849010.6585968,0.02489948272705078
1759849010.800394,1759849010.8010836,0.0006895065307617188
1759849010.847918,1759849010.8783839,0.03046584129333496
1759849011.0146341,1759849011.0153697,0.0007355213165283203
1759849011.0395935,1759849011.0647948,0.02520132064819336
1759849011.267518,1759849011.2681315,0.0006134510040283203
1759849011.284191,1759849011.3096535,0.025462627410888672
1759849011.455868,1759849011.4564714,0.0006034374237060547
1759849011.5021412,1759849011.5297346,0.027593374252319336
1759849011.6546412,1759849011.6552646,0.0006234645843505859
1759849011.6998076,1759849011.7247155,0.024907827377319336
1759849011.8667636,1759849011.8675146,0.0007510185241699219
1759849011.8962228,1759849011.920747,0.024524211883544922
1759849012.0472066,1759849012.047911,0.0007042884826660156
1759849012.1149259,1759849012.1407664,0.02584052085876465
1759849012.2786453,1759849012.2792442,0.000598907470703125
1759849012.3149974,1759849012.3414588,0.026461362838745117
1759849012.4837406,1759849012.484319,0.0005784034729003906
1759849012.518357,1759849012.5449002,0.026543140411376953
1759849012.6804128,1759849012.6810727,0.000659942626953125
1759849012.7404897,1759849012.7665849,0.026095151901245117
1759849012.915605,1759849012.916203,0.0005979537963867188
1759849012.932041,1759849012.958143,0.026102066040039062
1759849013.0775135,1759849013.0781667,0.0006532669067382812
1759849013.2194932,1759849013.2459116,0.026418447494506836
1759849013.3996933,1759849013.400268,0.0005748271942138672
1759849013.439582,1759849013.464301,0.0247189998626709
1759849013.5929594,1759849013.593596,0.0006365776062011719
1759849013.6482925,1759849013.6739638,0.02567124366760254
1759849013.8308365,1759849013.8315697,0.0007331371307373047
1759849013.8559809,1759849013.8815558,0.025574922561645508
1759849014.0616312,1759849014.0622785,0.0006473064422607422
1759849014.0762112,1759849014.1050875,0.028876304626464844
1759849014.24276,1759849014.2433572,0.0005972385406494141
1759849014.2977588,1759849014.3252604,0.027501583099365234
1759849014.4570286,1759849014.4577012,0.0006725788116455078
1759849014.4950073,1759849014.5257838,0.030776500701904297
1759849014.6730702,1759849014.6738346,0.0007643699645996094
1759849014.6929538,1759849014.718273,0.02531909942626953
1759849014.8500335,1759849014.850651,0.0006175041198730469
1759849014.9207737,1759849014.9454257,0.02465200424194336
1759849015.0943198,1759849015.0950298,0.0007100105285644531
1759849015.0984406,1759849015.1232011,0.02476048469543457
1759849015.2555158,1759849015.2561622,0.0006463527679443359
1759849015.3292518,1759849015.3583329,0.029081106185913086
1759849015.4876955,1759849015.4883096,0.000614166259765625
1759849015.5134938,1759849015.54282,0.029326200485229492
1759849015.6788316,1759849015.679471,0.0006394386291503906
1759849015.7347963,1759849015.762075,0.027278661727905273
1759849015.8879018,1759849015.8885396,0.0006377696990966797
1759849015.9254715,1759849015.9555829,0.030111312866210938
1759849016.128265,1759849016.1288483,0.0005834102630615234
1759849016.1613634,1759849016.1862464,0.024883031845092773
1759849016.3353364,1759849016.3359559,0.0006194114685058594
1759849016.3673985,1759849016.3921359,0.02473735809326172
1759849016.5218093,1759849016.5224686,0.0006592273712158203
1759849016.5777931,1759849016.6059651,0.028172016143798828
1759849016.7580097,1759849016.758768,0.0007584095001220703
1759849016.7734387,1759849016.798891,0.025452375411987305
1759849016.9245372,1759849016.9254084,0.0008711814880371094
1759849016.9986298,1759849017.0300124,0.03138256072998047
1759849017.175404,1759849017.176053,0.0006489753723144531
1759849017.2266202,1759849017.2550457,0.02842545509338379
1759849017.3766682,1759849017.3772821,0.0006139278411865234
1759849017.4247825,1759849017.4564872,0.03170466423034668
1759849017.6095765,1759849017.6101997,0.0006232261657714844
1759849017.6166608,1759849017.6447706,0.02810978889465332
1759849017.77243,1759849017.7730331,0.0006031990051269531
1759849017.8509877,1759849017.8778698,0.026882171630859375
1759849018.0273235,1759849018.0280018,0.0006783008575439453
1759849018.0312665,1759849018.0624459,0.031179428100585938
1759849018.194921,1759849018.195675,0.0007538795471191406
1759849018.258421,1759849018.2835412,0.025120258331298828
1759849018.4182181,1759849018.4189596,0.0007414817810058594
1759849018.4427838,1759849018.46816,0.025376081466674805
1759849018.604618,1759849018.605251,0.0006330013275146484
1759849018.6580389,1759849018.6828604,0.02482151985168457
1759849018.8303022,1759849018.8309596,0.0006573200225830078
1759849018.8690257,1759849018.8943212,0.025295495986938477
1759849019.077638,1759849019.0782692,0.0006313323974609375
1759849019.0903554,1759849019.129008,0.038652658462524414
1759849019.2728927,1759849019.2734966,0.0006039142608642578
1759849019.3264987,1759849019.3533583,0.026859521865844727
1759849019.486628,1759849019.4872203,0.0005922317504882812
1759849019.5303915,1759849019.5567577,0.026366233825683594
1759849019.6927106,1759849019.6933372,0.0006265640258789062
1759849019.723333,1759849019.7484891,0.025156259536743164
1759849019.88797,1759849019.8885534,0.0005834102630615234
1759849019.9405289,1759849019.9654746,0.024945735931396484
1759849020.1073747,1759849020.108093,0.0007183551788330078
1759849020.1864052,1759849020.2110753,0.024670124053955078
1759849020.3602214,1759849020.3608766,0.0006551742553710938
1759849020.3660114,1759849020.3907282,0.024716854095458984
1759849020.512855,1759849020.5134614,0.0006062984466552734
1759849020.6007895,1759849020.6318593,0.03106975555419922
1759849020.758689,1759849020.7594972,0.0008082389831542969
1759849020.764602,1759849020.7898715,0.025269508361816406
1759849020.9160984,1759849020.9168146,0.0007162094116210938
1759849020.986498,1759849021.0120158,0.025517702102661133
1759849021.1547515,1759849021.1553807,0.0006291866302490234
1759849021.1614673,1759849021.186601,0.025133609771728516
1759849021.3140674,1759849021.314767,0.0006995201110839844
1759849021.3810294,1759849021.4086392,0.027609825134277344
1759849021.5398366,1759849021.5404654,0.0006287097930908203
1759849021.5600255,1759849021.5847023,0.024676799774169922
1759849021.7119825,1759849021.7127979,0.0008153915405273438
1759849021.8184988,1759849021.8436594,0.025160551071166992
1759849021.9712622,1759849021.9719875,0.0007252693176269531
1759849022.0579739,1759849022.0836842,0.025710344314575195
1759849022.2212114,1759849022.2218547,0.0006432533264160156
1759849022.2353544,1759849022.2615364,0.026181936264038086
1759849022.3757234,1759849022.376378,0.0006546974182128906
1759849022.4622424,1759849022.48971,0.027467727661132812
1759849022.6343231,1759849022.6350172,0.0006940364837646484
1759849022.6446626,1759849022.6721547,0.027492046356201172
1759849022.7991917,1759849022.8000135,0.0008218288421630859
1759849022.8663244,1759849022.8917534,0.02542901039123535
1759849023.01248,1759849023.0131176,0.0006375312805175781
1759849023.1053665,1759849023.1305513,0.02518486976623535
1759849023.2879498,1759849023.2887025,0.0007526874542236328
1759849023.293355,1759849023.3232734,0.029918432235717773
1759849023.4422145,1759849023.4428663,0.0006518363952636719
1759849023.5250552,1759849023.5557332,0.03067803382873535
1759849023.6844122,1759849023.6850233,0.0006110668182373047
1759849023.7024264,1759849023.7333696,0.03094315528869629
1759849023.8640335,1759849023.864736,0.0007026195526123047
1759849023.9213247,1759849023.952137,0.03081226348876953
1759849024.0882285,1759849024.0888941,0.0006656646728515625
1759849024.1158147,1759849024.1461372,0.030322551727294922
1759849024.2885387,1759849024.2891335,0.0005948543548583984
1759849024.3215523,1759849024.3497372,0.028184890747070312
1759849024.522582,1759849024.523252,0.0006699562072753906
1759849024.5326643,1759849024.5574825,0.02481818199157715
1759849024.6905534,1759849024.6912115,0.0006580352783203125
1759849024.7587945,1759849024.7892933,0.030498743057250977
1759849024.935052,1759849024.935606,0.0005540847778320312
1759849024.9396193,1759849024.9704218,0.030802488327026367
1759849025.0957909,1759849025.096621,0.0008301734924316406
1759849025.170887,1759849025.1963997,0.0255126953125
1759849025.3361142,1759849025.3367395,0.0006253719329833984
1759849025.3399043,1759849025.365455,0.02555060386657715
1759849025.4937985,1759849025.4944868,0.0006883144378662109
1759849025.577401,1759849025.6026564,0.025255441665649414
1759849025.7405283,1759849025.74118,0.0006515979766845703
1759849025.7510896,1759849025.7761993,0.02510976791381836
1759849025.909686,1759849025.910328,0.0006418228149414062
1759849025.9698384,1759849026.0001144,0.030276060104370117
1759849026.1222472,1759849026.1228344,0.0005872249603271484
1759849026.1942766,1759849026.2213604,0.027083873748779297
1759849026.359856,1759849026.3605003,0.0006444454193115234
1759849026.3851087,1759849026.4158204,0.030711650848388672
1759849026.559193,1759849026.559873,0.0006802082061767578
1759849026.6071455,1759849026.633641,0.02649545669555664
1759849026.7686303,1759849026.7692358,0.0006055831909179688
1759849026.8039885,1759849026.829153,0.02516460418701172
1759849026.9563806,1759849026.9571176,0.0007369518280029297
1759849027.0057094,1759849027.0329702,0.027260780334472656
1759849027.1684613,1759849027.1690385,0.0005772113800048828
1759849027.2175648,1759849027.2424302,0.024865388870239258
1759849027.3692472,1759849027.3699183,0.0006711483001708984
1759849027.403971,1759849027.434162,0.03019094467163086
1759849027.559454,1759849027.5600963,0.0006422996520996094
1759849027.6455884,1759849027.6760619,0.03047347068786621
1759849027.8062088,1759849027.8068407,0.0006318092346191406
1759849027.813934,1759849027.8445203,0.03058624267578125
1759849027.9631174,1759849027.9637768,0.0006594657897949219
1759849028.037116,1759849028.0716898,0.03457379341125488
1759849028.206459,1759849028.2071648,0.000705718994140625
1759849028.2150345,1759849028.24059,0.02555561065673828
1759849028.3656821,1759849028.3662643,0.0005822181701660156
1759849028.4384615,1759849028.468526,0.03006434440612793
1759849028.6018574,1759849028.6025882,0.0007307529449462891
1759849028.611624,1759849028.64038,0.028755903244018555
1759849028.8326967,1759849028.833325,0.0006282329559326172
1759849028.8404005,1759849028.870794,0.030393600463867188
1759849028.9846807,1759849028.9853404,0.0006597042083740234
1759849029.0581217,1759849029.0827544,0.024632692337036133
1759849029.2177048,1759849029.2183514,0.0006465911865234375
1759849029.231805,1759849029.2585118,0.026706695556640625
1759849029.38401,1759849029.384634,0.0006239414215087891
1759849029.4561727,1759849029.4860559,0.029883146286010742
1759849029.6249413,1759849029.6255896,0.0006482601165771484
1759849029.6287537,1759849029.653587,0.02483344078063965
1759849029.7704978,1759849029.7711093,0.0006115436553955078
1759849029.854445,1759849029.8831606,0.02871561050415039
1759849030.0137372,1759849030.01434,0.00060272216796875
1759849030.0163648,1759849030.0408533,0.024488449096679688
1759849030.1559181,1759849030.156661,0.0007429122924804688
1759849030.2389321,1759849030.2639098,0.024977684020996094
1759849030.4035044,1759849030.4041421,0.0006377696990966797
1759849030.4717495,1759849030.5013697,0.02962017059326172
1759849030.6316562,1759849030.6323156,0.0006594657897949219
1759849030.6555033,1759849030.6935253,0.03802204132080078
1759849030.8131418,1759849030.813794,0.0006520748138427734
1759849030.863108,1759849030.887994,0.024886131286621094
1759849031.0139565,1759849031.0145879,0.0006313323974609375
1759849031.0423012,1759849031.0705595,0.028258323669433594
1759849031.203233,1759849031.2039263,0.0006933212280273438
1759849031.265635,1759849031.2962584,0.030623435974121094
1759849031.443816,1759849031.4445255,0.00070953369140625
1759849031.4526172,1759849031.4829562,0.03033900260925293
1759849031.6837955,1759849031.6844554,0.000659942626953125
1759849031.6954806,1759849031.7255216,0.030040979385375977
1759849031.8478758,1759849031.8485034,0.0006275177001953125
1759849031.9173517,1759849031.9436603,0.026308536529541016
1759849032.0766952,1759849032.0773263,0.0006310939788818359
1759849032.0933566,1759849032.1227744,0.029417753219604492
1759849032.2464817,1759849032.2471066,0.0006248950958251953
1759849032.3223968,1759849032.3524797,0.03008294105529785
1759849032.57217,1759849032.572791,0.0006210803985595703
1759849032.572571,1759849032.6024692,0.02989816665649414
1759849032.7284427,1759849032.7292347,0.0007920265197753906
1759849032.7986693,1759849032.8291328,0.030463457107543945
1759849032.9544299,1759849032.955029,0.0005991458892822266
1759849032.9690995,1759849032.9999225,0.0308229923248291
1759849033.1241298,1759849033.124752,0.0006222724914550781
1759849033.19873,1759849033.2238274,0.025097370147705078
1759849033.3771057,1759849033.3777065,0.0006008148193359375
1759849033.4301093,1759849033.4602516,0.03014230728149414
1759849033.5900884,1759849033.5907147,0.0006263256072998047
1759849033.6277711,1759849033.6524332,0.024662017822265625
1759849033.7938228,1759849033.7944472,0.0006244182586669922
1759849033.830366,1759849033.855428,0.025062084197998047
1759849033.9907553,1759849033.991386,0.0006306171417236328
1759849034.0298684,1759849034.0552895,0.025421142578125
1759849034.1813416,1759849034.1819952,0.0006535053253173828
1759849034.223603,1759849034.248614,0.025011062622070312
1759849034.3711994,1759849034.3718135,0.000614166259765625
1759849034.468641,1759849034.4933422,0.02470111846923828
1759849034.620912,1759849034.621532,0.0006198883056640625
1759849034.7094884,1759849034.7343361,0.024847745895385742
1759849034.862449,1759849034.8631768,0.0007278919219970703
1759849034.8807402,1759849034.9103942,0.02965402603149414
1759849035.0306854,1759849035.0312955,0.0006101131439208984
1759849035.0901997,1759849035.1176894,0.027489662170410156
1759849035.246748,1759849035.2473392,0.000591278076171875
1759849035.2700984,1759849035.299835,0.02973651885986328
1759849035.423723,1759849035.4243646,0.0006415843963623047
1759849035.4964576,1759849035.520889,0.024431467056274414
1759849035.6569974,1759849035.6575856,0.0005881786346435547
1759849035.6615078,1759849035.6890554,0.027547597885131836
1759849035.8051398,1759849035.805726,0.0005862712860107422
1759849035.880874,1759849035.905572,0.02469801902770996
1759849036.047573,1759849036.0482142,0.0006411075592041016
1759849036.05009,1759849036.077887,0.02779698371887207
1759849036.2604468,1759849036.2611532,0.0007064342498779297
1759849036.295773,1759849036.324305,0.028532028198242188
1759849036.4633431,1759849036.4639525,0.0006093978881835938
1759849036.50619,1759849036.5345523,0.028362274169921875
1759849036.6682055,1759849036.6688309,0.0006253719329833984
1759849036.7122383,1759849036.7415476,0.02930927276611328
1759849036.896356,1759849036.8970444,0.0006883144378662109
1759849036.8973274,1759849036.9225433,0.025215864181518555
1759849037.0376666,1759849037.0383031,0.0006365776062011719
1759849037.126392,1759849037.1569343,0.030542373657226562
1759849037.2893744,1759849037.2900388,0.0006644725799560547
1759849037.3510716,1759849037.3769333,0.025861740112304688
1759849037.5055418,1759849037.5061736,0.0006318092346191406
1759849037.524443,1759849037.5547214,0.030278444290161133
1759849037.6796858,1759849037.6803768,0.0006909370422363281
1759849037.7404265,1759849037.7664664,0.026039838790893555
1759849037.912261,1759849037.912972,0.0007109642028808594
1759849037.9295743,1759849037.954648,0.025073766708374023
1759849038.0826678,1759849038.083348,0.0006802082061767578
1759849038.1485596,1759849038.1735466,0.024986982345581055
1759849038.3238223,1759849038.3245144,0.0006921291351318359
1759849038.337912,1759849038.3646505,0.026738405227661133
1759849038.4927666,1759849038.4934661,0.0006995201110839844
1759849038.557719,1759849038.589071,0.03135204315185547
1759849038.715334,1759849038.7161129,0.0007789134979248047
1759849038.7400503,1759849038.764957,0.024906635284423828
1759849038.8811646,1759849038.8818412,0.0006766319274902344
1759849038.943717,1759849038.971384,0.02766704559326172
1759849039.0986722,1759849039.099291,0.0006189346313476562
1759849039.1405225,1759849039.170413,0.02989053726196289
1759849039.3511913,1759849039.3519278,0.0007364749908447266
1759849039.3693707,1759849039.3969207,0.02754998207092285
1759849039.5530267,1759849039.553636,0.0006093978881835938
1759849039.5900865,1759849039.6199245,0.029838085174560547
1759849039.7540336,1759849039.7546473,0.0006136894226074219
1759849039.786588,1759849039.8174798,0.030891895294189453
1759849039.9536245,1759849039.954371,0.0007464885711669922
1759849039.9905126,1759849040.0208752,0.030362606048583984
1759849040.2081263,1759849040.2087657,0.0006394386291503906
1759849040.2093763,1759849040.2353938,0.026017427444458008
1759849040.3518703,1759849040.3524747,0.0006043910980224609
1759849040.4374433,1759849040.4734669,0.036023616790771484
1759849040.6067083,1759849040.6073155,0.0006072521209716797
1759849040.6922114,1759849040.7286768,0.03646540641784668
1759849040.8577406,1759849040.858359,0.0006184577941894531
1759849040.9505987,1759849040.9759297,0.02533102035522461
1759849041.1075144,1759849041.1081464,0.0006320476531982422
1759849041.116043,1759849041.1468985,0.030855417251586914
1759849041.2777128,1759849041.2784083,0.0006954669952392578
1759849041.3508801,1759849041.3767273,0.025847196578979492
1759849041.515223,1759849041.515959,0.0007359981536865234
1759849041.524072,1759849041.5525646,0.02849268913269043
1759849041.689292,1759849041.6899269,0.0006349086761474609
1759849041.745518,1759849041.773776,0.028258085250854492
1759849041.8964667,1759849041.897062,0.0005953311920166016
1759849041.9332993,1759849041.9578366,0.024537324905395508
1759849042.1313944,1759849042.1320262,0.0006318092346191406
1759849042.1547837,1759849042.1815798,0.02679610252380371
1759849042.3171623,1759849042.3177614,0.0005991458892822266
1759849042.368623,1759849042.3982072,0.029584169387817383
1759849042.5334575,1759849042.534064,0.000606536865234375
1759849042.5770133,1759849042.602081,0.025067806243896484
1759849042.7452707,1759849042.7459567,0.0006859302520751953
1759849042.7682202,1759849042.8049645,0.03674435615539551
1759849042.9984133,1759849042.9989822,0.0005688667297363281
1759849043.0003014,1759849043.0303836,0.030082225799560547
1759849043.1664174,1759849043.1670895,0.0006721019744873047
1759849043.2339125,1759849043.2627463,0.028833866119384766
1759849043.4038298,1759849043.4046297,0.0007998943328857422
1759849043.426268,1759849043.4531722,0.02690410614013672
1759849043.5909195,1759849043.591555,0.0006356239318847656
1759849043.6339374,1759849043.660928,0.026990652084350586
1759849043.793304,1759849043.7939355,0.0006315708160400391
1759849043.8361268,1759849043.8660579,0.029931068420410156
1759849044.0136845,1759849044.0143304,0.0006458759307861328
1759849044.0251472,1759849044.0541763,0.029029130935668945
1759849044.1779895,1759849044.178591,0.0006015300750732422
1759849044.2546237,1759849044.282396,0.02777242660522461
1759849044.4199548,1759849044.4206424,0.0006875991821289062
1759849044.421281,1759849044.44546,0.02417898178100586
1759849044.5675056,1759849044.568127,0.0006213188171386719
1759849044.6619735,1759849044.6913419,0.02936840057373047
1759849044.8191342,1759849044.8197503,0.0006160736083984375
1759849044.9087403,1759849044.9367535,0.028013229370117188
1759849045.0680664,1759849045.0687318,0.0006654262542724609
1759849045.1279807,1759849045.1575384,0.02955770492553711
1759849045.3020334,1759849045.3026578,0.0006244182586669922
1759849045.3164766,1759849045.3456755,0.029198884963989258
1759849045.467033,1759849045.4676392,0.0006062984466552734
1759849045.541196,1759849045.5659945,0.02479839324951172
1759849045.7157798,1759849045.7164912,0.0007114410400390625
1759849045.786703,1759849045.8138013,0.02709817886352539
1759849045.9423351,1759849045.9430244,0.0006892681121826172
1759849045.9733665,1759849045.9974062,0.024039745330810547
1759849046.141129,1759849046.1417656,0.0006365776062011719
1759849046.1850512,1759849046.2147603,0.0297091007232666
1759849046.348366,1759849046.3490448,0.0006787776947021484
1759849046.4089866,1759849046.433703,0.02471637725830078
1759849046.5720384,1759849046.5726426,0.0006041526794433594
1759849046.5937216,1759849046.6205907,0.02686905860900879
1759849046.7414825,1759849046.7420619,0.0005793571472167969
1759849046.8312986,1759849046.86089,0.02959132194519043
1759849046.9983778,1759849046.9990458,0.0006680488586425781
1759849047.0130808,1759849047.0433846,0.0303037166595459
1759849047.188396,1759849047.1890862,0.0006902217864990234
1759849047.237576,1759849047.2670403,0.029464244842529297
1759849047.396896,1759849047.397568,0.0006721019744873047
1759849047.4389386,1759849047.467062,0.02812337875366211
1759849047.6181839,1759849047.6188674,0.0006835460662841797
1759849047.6542377,1759849047.6847022,0.03046441078186035
1759849047.8063524,1759849047.8070009,0.00064849853515625
1759849047.9196804,1759849047.947301,0.027620553970336914
1759849048.0870037,1759849048.087684,0.0006802082061767578
1759849048.1435428,1759849048.1686897,0.025146961212158203
1759849048.30658,1759849048.3072073,0.0006272792816162109
1759849048.3574588,1759849048.382238,0.024779081344604492
1759849048.5489073,1759849048.5494978,0.0005905628204345703
1759849048.5539262,1759849048.5816772,0.02775096893310547
1759849048.7741878,1759849048.774923,0.0007352828979492188
1759849048.80833,1759849048.838991,0.03066086769104004
1759849048.9799685,1759849048.9806833,0.0007147789001464844
1759849049.0208707,1759849049.0507047,0.02983403205871582
1759849049.1795545,1759849049.1801927,0.0006382465362548828
1759849049.243836,1759849049.273832,0.029996156692504883
1759849049.4138117,1759849049.4144826,0.0006709098815917969
1759849049.4468696,1759849049.4770753,0.030205726623535156
1759849049.6342304,1759849049.6349657,0.0007352828979492188
1759849049.6539493,1759849049.6844792,0.03052997589111328
1759849049.818445,1759849049.819097,0.0006520748138427734
1759849049.89341,1759849049.9178205,0.024410486221313477
1759849050.0774944,1759849050.0781543,0.000659942626953125
1759849050.0888827,1759849050.1274898,0.038607120513916016
1759849050.2633052,1759849050.2639458,0.0006406307220458984
1759849050.3245687,1759849050.3549397,0.03037095069885254
1759849050.5020354,1759849050.5028327,0.000797271728515625
1759849050.5192113,1759849050.5492725,0.03006124496459961
1759849050.6965618,1759849050.6972673,0.0007054805755615234
1759849050.819959,1759849050.8462474,0.026288509368896484
1759849050.9936774,1759849050.994348,0.0006706714630126953
1759849051.0571496,1759849051.0855997,0.02845001220703125
1759849051.224737,1759849051.2254868,0.0007498264312744141
1759849051.2566743,1759849051.2826633,0.025989055633544922
1759849051.4389398,1759849051.4395287,0.0005888938903808594
1759849051.4698548,1759849051.4951122,0.025257349014282227
1759849051.6274352,1759849051.6280744,0.0006392002105712891
1759849051.6870918,1759849051.7165868,0.0294950008392334
1759849051.8509989,1759849051.8516023,0.0006034374237060547
1759849051.9206724,1759849051.947826,0.027153491973876953
1759849052.0797718,1759849052.0804918,0.0007200241088867188
1759849052.1024058,1759849052.1276352,0.025229454040527344
1759849052.301061,1759849052.3017464,0.0006854534149169922
1759849052.3109148,1759849052.3382943,0.027379512786865234
1759849052.4606974,1759849052.4613674,0.0006699562072753906
1759849052.553686,1759849052.5780537,0.024367809295654297
1759849052.719463,1759849052.720081,0.00061798095703125
1759849052.7344255,1759849052.7594388,0.025013208389282227
1759849052.896686,1759849052.8973818,0.0006957054138183594
1759849052.9581249,1759849052.9828296,0.024704694747924805
1759849053.11384,1759849053.114473,0.0006330013275146484
1759849053.1435418,1759849053.172462,0.02892017364501953
1759849053.3166418,1759849053.3173077,0.0006659030914306641
1759849053.3563085,1759849053.3904123,0.0341038703918457
1759849053.5384617,1759849053.5392747,0.0008130073547363281
1759849053.5617416,1759849053.5904274,0.028685808181762695
1759849053.787032,1759849053.7877002,0.0006682872772216797
1759849053.7877743,1759849053.8178167,0.030042409896850586
1759849053.978354,1759849053.9789805,0.0006265640258789062
1759849054.029799,1759849054.055381,0.025582075119018555
1759849054.189129,1759849054.1897657,0.0006365776062011719
1759849054.2345116,1759849054.2593088,0.02479720115661621
1759849054.3979857,1759849054.398628,0.0006422996520996094
1759849054.4219515,1759849054.446358,0.02440643310546875
1759849054.5671842,1759849054.5678046,0.0006203651428222656
1759849054.6369514,1759849054.6730037,0.03605222702026367
1759849054.8190718,1759849054.819702,0.0006301403045654297
1759849054.8546417,1759849054.885286,0.03064441680908203
1759849055.0113976,1759849055.01204,0.0006422996520996094
1759849055.066307,1759849055.0964873,0.03018021583557129
1759849055.2413132,1759849055.242035,0.0007216930389404297
1759849055.2561836,1759849055.286863,0.03067946434020996
1759849055.432323,1759849055.4329603,0.0006372928619384766
1759849055.491951,1759849055.519049,0.02709794044494629
1759849055.6668692,1759849055.6674893,0.0006201267242431641
1759849055.6685078,1759849055.6992726,0.03076481819152832
1759849055.8325405,1759849055.8332064,0.0006659030914306641
1759849055.8974364,1759849055.9270887,0.02965235710144043
1759849056.0739017,1759849056.074638,0.000736236572265625
1759849056.0991852,1759849056.1298814,0.03069615364074707
1759849056.2836645,1759849056.2843382,0.0006737709045410156
1759849056.3168905,1759849056.3422852,0.025394678115844727
1759849056.4775429,1759849056.4781764,0.0006334781646728516
1759849056.524002,1759849056.5508227,0.026820659637451172
1759849056.7156856,1759849056.7163255,0.0006399154663085938
1759849056.7414312,1759849056.768392,0.02696084976196289
1759849056.9091601,1759849056.9097877,0.0006275177001953125
1759849056.9495857,1759849056.976288,0.026702404022216797
1759849057.1042957,1759849057.1049147,0.0006189346313476562
1759849057.173032,1759849057.2030482,0.030016183853149414
1759849057.3512497,1759849057.3519797,0.0007300376892089844
1759849057.3785808,1759849057.4054968,0.026916027069091797
1759849057.5610144,1759849057.5616596,0.0006451606750488281
1759849057.635648,1759849057.663496,0.027848005294799805
1759849057.802927,1759849057.8035343,0.0006072521209716797
1759849057.8286433,1759849057.8547873,0.026144027709960938
1759849058.0069287,1759849058.0075805,0.0006518363952636719
1759849058.0442178,1759849058.0739112,0.0296933650970459
1759849058.2086747,1759849058.2092597,0.0005850791931152344
1759849058.2766361,1759849058.304026,0.0273897647857666
1759849058.448891,1759849058.4495747,0.0006837844848632812
1759849058.4584653,1759849058.484888,0.026422739028930664
1759849058.6055224,1759849058.6062286,0.0007061958312988281
1759849058.6927543,1759849058.717598,0.024843692779541016
1759849058.853462,1759849058.8541286,0.0006666183471679688
1759849058.8637722,1759849058.891176,0.027403831481933594
1759849059.0240507,1759849059.0246782,0.0006275177001953125
1759849059.0842886,1759849059.1116629,0.027374267578125
1759849059.2422774,1759849059.2429655,0.0006880760192871094
1759849059.2851694,1759849059.3110225,0.02585315704345703
1759849059.4822485,1759849059.48298,0.0007314682006835938
1759849059.5036216,1759849059.5280526,0.02443099021911621
1759849059.6733944,1759849059.6740198,0.0006253719329833984
1759849059.715914,1759849059.742493,0.026578903198242188
1759849059.8696725,1759849059.870295,0.0006225109100341797
1759849059.91949,1759849059.9441895,0.02469944953918457
1759849060.095668,1759849060.0963843,0.0007162094116210938
1759849060.1108084,1759849060.1351933,0.02438497543334961
1759849060.269784,1759849060.2704055,0.0006215572357177734
1759849060.33986,1759849060.3709817,0.03112173080444336
1759849060.528716,1759849060.5295026,0.0007865428924560547
1759849060.5740373,1759849060.6052325,0.03119516372680664
1759849060.7405117,1759849060.741204,0.0006923675537109375
1759849060.788134,1759849060.818677,0.030542850494384766
1759849060.95579,1759849060.9564075,0.0006175041198730469
1759849060.9781487,1759849061.007941,0.029792308807373047
1759849061.1518674,1759849061.1524873,0.0006198883056640625
1759849061.214146,1759849061.2432764,0.02913045883178711
1759849061.398698,1759849061.3993695,0.00067138671875
1759849061.4094083,1759849061.4401321,0.03072381019592285
1759849061.5678642,1759849061.5685782,0.0007140636444091797
1759849061.652604,1759849061.681415,0.028810977935791016
1759849061.8433778,1759849061.844456,0.0010781288146972656
1759849061.8701394,1759849061.898675,0.02853560447692871
1759849062.0320783,1759849062.03268,0.0006017684936523438
1759849062.082249,1759849062.112735,0.030486106872558594
1759849062.2495196,1759849062.2501645,0.0006449222564697266
1759849062.29315,1759849062.3185372,0.025387287139892578
1759849062.4878244,1759849062.4885135,0.0006890296936035156
1759849062.5191436,1759849062.5485995,0.029455900192260742
1759849062.693353,1759849062.6940985,0.0007455348968505859
1759849062.7209969,1759849062.7455592,0.024562358856201172
1759849062.8880162,1759849062.8886318,0.0006155967712402344
1759849062.9358535,1759849062.9654408,0.029587268829345703
1759849063.097675,1759849063.098421,0.0007460117340087891
1759849063.128349,1759849063.16209,0.033740997314453125
1759849063.2927804,1759849063.2934186,0.0006382465362548828
1759849063.358452,1759849063.3881066,0.029654502868652344
1759849063.5322442,1759849063.532913,0.0006687641143798828
1759849063.54259,1759849063.5686855,0.02609562873840332
1759849063.70362,1759849063.7044966,0.0008766651153564453
1759849063.8189282,1759849063.8454156,0.026487350463867188
1759849063.9919493,1759849063.992591,0.0006415843963623047
1759849064.0559072,1759849064.0839033,0.027996063232421875
1759849064.224449,1759849064.2250931,0.0006442070007324219
1759849064.234559,1759849064.2619057,0.02734661102294922
1759849064.4005976,1759849064.401336,0.0007383823394775391
1759849064.4614596,1759849064.4913392,0.02987957000732422
1759849064.6291776,1759849064.62993,0.0007524490356445312
1759849064.6580849,1759849064.682585,0.024500131607055664
1759849064.8158226,1759849064.81644,0.0006175041198730469
1759849064.8585165,1759849064.8833122,0.0247957706451416
1759849065.0331774,1759849065.033823,0.0006456375122070312
1759849065.0605798,1759849065.090509,0.029929161071777344
1759849065.228487,1759849065.2292752,0.0007882118225097656
1759849065.2761626,1759849065.3030598,0.026897192001342773
1759849065.429342,1759849065.4301195,0.0007774829864501953
1759849070.506181,1759849070.5069408,0.0007598400115966797
1759849070.6237118,1759849070.624423,0.0007112026214599609
1759849070.740751,1759849070.7415822,0.0008311271667480469
1759849070.8692765,1759849070.870028,0.000751495361328125
1759849071.0405085,1759849071.041278,0.0007693767547607422
1759849071.1648052,1759849071.1656535,0.0008482933044433594
1759849071.2832263,1759849071.2839723,0.0007460117340087891
1759849071.4011211,1759849071.4019504,0.0008292198181152344
1759849071.5351002,1759849071.5359275,0.0008273124694824219
1759849071.6530106,1759849071.6538177,0.0008070468902587891
1759849071.7715194,1759849071.772379,0.0008594989776611328
1759849071.8902972,1759849071.8910763,0.0007791519165039062
1759849072.0076852,1759849072.008449,0.0007638931274414062
1759849072.1269615,1759849072.1277497,0.0007882118225097656
1759849072.2477238,1759849072.248662,0.0009381771087646484
1759849072.3650203,1759849072.3658335,0.0008132457733154297
1759849072.484028,1759849072.4849534,0.0009253025054931641
1759849072.650431,1759849072.6512287,0.0007977485656738281
1759849072.7679894,1759849072.7687721,0.0007827281951904297
1759849072.8860877,1759849072.8869228,0.0008351802825927734
1759849073.010819,1759849073.0116813,0.0008623600006103516
1759849073.123917,1759849073.1246727,0.0007555484771728516
1759849073.2444701,1759849073.2452934,0.0008232593536376953
1759849073.362182,1759849073.3630114,0.0008294582366943359
1759849073.478802,1759849073.4796002,0.0007982254028320312
1759849073.6071823,1759849073.608014,0.0008318424224853516
1759849073.7266488,1759849073.727425,0.0007762908935546875
1759849073.845196,1759849073.845947,0.0007510185241699219
1759849073.963068,1759849073.9638512,0.0007832050323486328
1759849074.0888767,1759849074.089693,0.00081634521484375
1759849074.2091727,1759849074.2099316,0.0007588863372802734
1759849074.3792915,1759849074.3801243,0.0008327960968017578
1759849074.493209,1759849074.4941072,0.0008983612060546875
1759849074.6156974,1759849074.6165152,0.0008177757263183594
1759849074.7344072,1759849074.735208,0.0008008480072021484
1759849074.8537223,1759849074.854514,0.0007915496826171875
1759849074.96953,1759849074.970279,0.0007488727569580078
1759849075.08622,1759849075.086986,0.0007660388946533203
1759849075.2113047,1759849075.2120454,0.0007407665252685547
1759849075.3281915,1759849075.328935,0.0007433891296386719
1759849075.4452114,1759849075.446059,0.0008475780487060547
1759849075.569748,1759849075.5705817,0.0008337497711181641
1759849075.686679,1759849075.687502,0.0008230209350585938
1759849075.803478,1759849075.8042443,0.0007662773132324219
1759849075.9678109,1759849075.9686615,0.000850677490234375
1759849076.0890155,1759849076.0897865,0.0007710456848144531
1759849076.207705,1759849076.2085373,0.0008323192596435547
1759849076.327214,1759849076.3280284,0.0008144378662109375
1759849076.4468315,1759849076.447649,0.0008175373077392578
1759849076.5673013,1759849076.5681255,0.0008242130279541016
1759849076.6843824,1759849076.6852193,0.0008368492126464844
1759849076.802626,1759849076.8034291,0.0008032321929931641
1759849076.9170692,1759849076.9178584,0.0007891654968261719
1759849077.0356662,1759849077.036459,0.0007927417755126953
1759849077.1502452,1759849077.1510353,0.0007901191711425781
1759849077.2690377,1759849077.26981,0.0007722377777099609
1759849077.390494,1759849077.3913238,0.0008296966552734375
1759849077.5092833,1759849077.5101764,0.0008931159973144531
1759849077.6282337,1759849077.6290169,0.0007832050323486328
1759849077.7959006,1759849077.7966847,0.0007841587066650391
1759849077.912924,1759849077.9136343,0.0007102489471435547
1759849078.0327933,1759849078.0336103,0.0008170604705810547
1759849078.1488614,1759849078.1496608,0.0007994174957275391
1759849078.266894,1759849078.267738,0.0008440017700195312
1759849078.3854353,1759849078.3862474,0.0008120536804199219
1759849078.5025272,1759849078.5033522,0.0008249282836914062
1759849078.6204624,1759849078.6212714,0.0008089542388916016
1759849078.7417572,1759849078.742565,0.0008077621459960938
1759849078.8586495,1759849078.8594432,0.0007936954498291016
1759849078.9790637,1759849078.9798706,0.0008068084716796875
1759849079.0966475,1759849079.0974665,0.0008189678192138672
1759849079.2143905,1759849079.2151518,0.0007612705230712891
1759849079.3307748,1759849079.3316035,0.0008287429809570312
1759849079.4987926,1759849079.4995792,0.0007865428924560547
1759849079.616439,1759849079.6172218,0.0007827281951904297
1759849079.7352207,1759849079.7359984,0.0007777214050292969
1759849079.8511744,1759849079.8519988,0.0008244514465332031
1759849079.96872,1759849079.9694881,0.0007681846618652344
1759849080.1139765,1759849080.1147814,0.000804901123046875
1759849080.2386484,1759849080.2395284,0.0008800029754638672
1759849080.3536406,1759849080.3544462,0.0008056163787841797
1759849080.4714534,1759849080.472279,0.0008256435394287109
1759849080.589173,1759849080.5900311,0.0008580684661865234
1759849080.7061925,1759849080.7070029,0.0008103847503662109
1759849080.825084,1759849080.8258657,0.0007817745208740234
1759849080.9417634,1759849080.942531,0.0007677078247070312
1759849081.0789545,1759849081.079753,0.0007984638214111328
1759849081.262548,1759849081.263388,0.0008399486541748047
1759849081.3869822,1759849081.3877828,0.0008006095886230469
1759849081.5118678,1759849081.5126264,0.0007586479187011719
1759849081.6283648,1759849081.629187,0.0008223056793212891
1759849081.7453802,1759849081.7462099,0.0008296966552734375
1759849081.8657687,1759849081.8665576,0.0007889270782470703
1759849081.9834456,1759849081.984233,0.0007872581481933594
1759849082.1013215,1759849082.1021016,0.0007801055908203125
1759849082.2386522,1759849082.239472,0.0008196830749511719
1759849082.3569758,1759849082.3577206,0.0007448196411132812
1759849082.4865327,1759849082.4873805,0.0008478164672851562
1759849082.6049654,1759849082.605745,0.0007796287536621094
1759849082.7246914,1759849082.7254832,0.0007917881011962891
1759849188.1975346,1759849188.2310011,0.03346657752990723
1759849189.2015045,1759849189.2029617,0.00145721435546875
1759849189.282714,1759849189.3232214,0.04050755500793457
1759849190.2829337,1759849190.2842515,0.001317739486694336
1759849190.29097,1759849190.3371675,0.04619741439819336
1759849191.3505383,1759849191.3520873,0.0015490055084228516
1759849191.3950813,1759849191.4225228,0.02744150161743164
1759849192.415492,1759849192.4169266,0.0014345645904541016
1759849192.4309943,1759849192.4618394,0.030845165252685547
1759849193.441077,1759849193.4425027,0.0014257431030273438
1759849193.4921355,1759849193.5245814,0.03244590759277344
1759849194.4825146,1759849194.4838254,0.0013108253479003906
1759849194.5159001,1759849194.5488026,0.03290247917175293
1759849195.5298681,1759849195.531303,0.0014348030090332031
1759849195.5967546,1759849195.6261907,0.029436111450195312
1759849196.592489,1759849196.5937586,0.0012695789337158203
1759849196.618753,1759849196.6644719,0.04571890830993652
1759849197.6453238,1759849197.6472383,0.0019145011901855469
1759849197.7024388,1759849197.7314932,0.02905440330505371
1759849198.7096527,1759849198.7110243,0.001371622085571289
1759849198.7396493,1759849198.7690437,0.02939438819885254
1759849199.7430959,1759849199.7445698,0.0014739036560058594
1759849199.8047569,1759849199.8371258,0.03236889839172363
1759849200.7940912,1759849200.7953577,0.0012664794921875
1759849200.8168201,1759849200.8482356,0.031415462493896484
1759849201.807273,1759849201.8086863,0.0014133453369140625
1759849201.8599226,1759849201.888083,0.02816033363342285
1759849202.8904166,1759849202.8917294,0.0013127326965332031
1759849202.8963034,1759849202.9296582,0.033354759216308594
1759849203.8926315,1759849203.894043,0.00141143798828125
1759849203.9651797,1759849203.9965773,0.03139758110046387
1759849204.945794,1759849204.9470425,0.0012483596801757812
1759849205.0726416,1759849205.1024828,0.029841184616088867
1759849206.0772057,1759849206.0791826,0.0019769668579101562
1759849206.1516104,1759849206.1925251,0.04091477394104004
1759849207.1593056,1759849207.160583,0.0012774467468261719
1759849207.2589734,1759849207.2881403,0.02916693687438965
1759849208.2605946,1759849208.2619889,0.0013942718505859375
1759849208.3285189,1759849208.355616,0.027097225189208984
1759849209.3265831,1759849209.3283608,0.00177764892578125
1759849209.3437362,1759849209.377113,0.03337693214416504
1759849210.3263454,1759849210.3279119,0.0015664100646972656
1759849210.411144,1759849210.4505737,0.039429664611816406
1759849211.444312,1759849211.4455936,0.0012814998626708984
1759849211.4522948,1759849211.479374,0.027079105377197266
1759849212.433553,1759849212.4349704,0.001417398452758789
1759849212.5331767,1759849212.5671692,0.03399252891540527
1759849213.5223927,1759849213.524073,0.001680135726928711
1759849213.6252058,1759849213.6665442,0.041338443756103516
1759849214.6662438,1759849214.667739,0.0014951229095458984
1759849214.7709446,1759849214.7979362,0.026991605758666992
1759849215.765727,1759849215.7670305,0.0013034343719482422
1759849215.8094876,1759849215.8386686,0.02918100357055664
1759849216.844034,1759849216.8454525,0.0014185905456542969
1759849216.8724968,1759849216.9047332,0.032236337661743164
1759849217.910207,1759849217.9501536,0.039946556091308594
1759849217.8768296,1759849217.8781226,0.0012929439544677734
1759849218.8408985,1759849218.8415153,0.0006167888641357422
1759849218.9232602,1759849218.955026,0.03176569938659668
1759849219.1167142,1759849219.1174278,0.0007135868072509766
1759849219.1173437,1759849219.147272,0.02992844581604004
1759849219.286425,1759849219.2870767,0.0006515979766845703
1759849219.355645,1759849219.3800752,0.024430274963378906
1759849219.5351887,1759849219.5357928,0.0006041526794433594
1759849219.5602822,1759849219.590111,0.029828786849975586
1759849219.7574418,1759849219.7580516,0.0006098747253417969
1759849219.8283646,1759849219.858039,0.029674291610717773
1759849219.9876158,1759849219.9882376,0.000621795654296875
1759849220.0113194,1759849220.0413623,0.03004288673400879
1759849220.178757,1759849220.1793234,0.0005664825439453125
1759849220.2181673,1759849220.245646,0.027478694915771484
1759849220.3759613,1759849220.3765314,0.0005700588226318359
1759849220.4300544,1759849220.4598324,0.029778003692626953
1759849220.6153245,1759849220.6159353,0.0006108283996582031
1759849220.624774,1759849220.6535714,0.028797388076782227
1759849220.7749574,1759849220.7756505,0.0006930828094482422
1759849220.859154,1759849220.885865,0.026710987091064453
1759849221.018147,1759849221.0187383,0.000591278076171875
1759849221.0519063,1759849221.0813653,0.029458999633789062
1759849221.2193966,1759849221.2200058,0.0006091594696044922
1759849221.2471004,1759849221.2769403,0.02983999252319336
1759849221.4039166,1759849221.4045908,0.0006742477416992188
1759849221.4654264,1759849221.4949687,0.029542207717895508
1759849221.6464224,1759849221.6470883,0.0006659030914306641
1759849221.6612089,1759849221.687655,0.026446104049682617
1759849221.809872,1759849221.8104675,0.0005955696105957031
1759849221.94733,1759849221.9747334,0.02740335464477539
1759849222.1344588,1759849222.1350234,0.0005645751953125
1759849222.1822982,1759849222.2122624,0.029964208602905273
1759849222.346542,1759849222.3471487,0.0006067752838134766
1759849222.4013622,1759849222.4258602,0.02449798583984375
1759849222.5816488,1759849222.5822651,0.0006163120269775391
1759849222.5912557,1759849222.621298,0.030042409896850586
1759849222.7442222,1759849222.7448368,0.0006146430969238281
1759849222.8357754,1759849222.8653438,0.02956843376159668
1759849222.9959846,1759849222.9966154,0.0006308555603027344
1759849223.1371334,1759849223.1665175,0.029384136199951172
1759849223.2989378,1759849223.2995317,0.0005939006805419922
1759849223.3589373,1759849223.385927,0.02698969841003418
1759849223.5337112,1759849223.534317,0.0006058216094970703
1759849223.5342448,1759849223.5590816,0.02483677864074707
1759849223.6976342,1759849223.6982262,0.0005919933319091797
1759849223.7677588,1759849223.7941072,0.026348352432250977
1759849223.9412286,1759849223.9418395,0.0006108283996582031
1759849223.942983,1759849223.9724216,0.02943873405456543
1759849224.0934749,1759849224.0941107,0.0006358623504638672
1759849224.1874993,1759849224.215809,0.02830982208251953
1759849224.3710725,1759849224.3720922,0.0010197162628173828
1759849224.4518595,1759849224.4802098,0.028350353240966797
1759849224.5958893,1759849224.5965493,0.000659942626953125
1759849224.6364706,1759849224.6641822,0.02771162986755371
1759849224.8191192,1759849224.8198242,0.0007050037384033203
1759849224.8349988,1759849224.8594036,0.02440476417541504
1759849224.980272,1759849224.9809155,0.0006434917449951172
1759849225.0601513,1759849225.0896976,0.029546260833740234
1759849225.2327263,1759849225.2334182,0.0006918907165527344
1759849225.2875133,1759849225.314382,0.026868820190429688
1759849225.4728892,1759849225.4735541,0.0006649494171142578
1759849225.4901333,1759849225.5155895,0.02545619010925293
1759849225.640077,1759849225.6406786,0.0006015300750732422
1759849225.7147315,1759849225.7398403,0.025108814239501953
1759849225.8916924,1759849225.8924704,0.0007779598236083984
1759849225.8988473,1759849225.9287612,0.029913902282714844
1759849226.069448,1759849226.070093,0.0006449222564697266
1759849226.1779852,1759849226.2051446,0.027159452438354492
1759849226.331631,1759849226.3323271,0.0006961822509765625
1759849226.425453,1759849226.4504688,0.025015830993652344
1759849226.5918653,1759849226.592478,0.0006127357482910156
1759849226.606011,1759849226.635558,0.02954697608947754
1759849226.78327,1759849226.7838738,0.0006039142608642578
1759849226.831412,1759849226.8616748,0.03026270866394043
1759849226.9860802,1759849226.9867072,0.0006270408630371094
1759849227.0289924,1759849227.0588746,0.029882192611694336
1759849227.2103677,1759849227.2110028,0.0006351470947265625
1759849227.2309506,1759849227.2613595,0.030408859252929688
1759849227.384637,1759849227.385291,0.0006539821624755859
1759849227.4542027,1759849227.4813278,0.027125120162963867
1759849227.626734,1759849227.6273222,0.0005881786346435547
1759849227.6354306,1759849227.660554,0.02512335777282715
1759849227.7936344,1759849227.7942767,0.0006422996520996094
1759849227.8518744,1759849227.8812296,0.029355287551879883
1759849228.0170665,1759849228.0177479,0.0006814002990722656
1759849228.056996,1759849228.086191,0.02919483184814453
1759849228.2651632,1759849228.2658136,0.0006504058837890625
1759849228.2996175,1759849228.3250084,0.0253908634185791
1759849228.4615257,1759849228.462221,0.0006952285766601562
1759849228.4979389,1759849228.5245788,0.026639938354492188
1759849228.6472907,1759849228.6479127,0.0006220340728759766
1759849228.712144,1759849228.742869,0.03072500228881836
1759849228.8960805,1759849228.896681,0.0006005764007568359
1759849228.9005432,1759849228.930745,0.03020167350769043
1759849229.1269257,1759849229.1275282,0.0006024837493896484
1759849229.151617,1759849229.1803648,0.0287477970123291
1759849229.320579,1759849229.321218,0.0006389617919921875
1759849229.359328,1759849229.3861873,0.026859283447265625
1759849229.517645,1759849229.5182805,0.0006356239318847656
1759849229.5693872,1759849229.5964262,0.027039051055908203
1759849229.7536933,1759849229.7793608,0.025667428970336914
1759849229.7537777,1759849229.779355,0.025577306747436523
1759849229.9092739,1759849229.9099014,0.0006275177001953125
1759849229.92446,1759849229.9546518,0.030191898345947266
1759849230.095068,1759849230.0956738,0.0006058216094970703
1759849230.140502,1759849230.1701665,0.02966451644897461
1759849230.2989926,1759849230.2996302,0.0006375312805175781
1759849230.3395004,1759849230.369374,0.02987360954284668
1759849230.519674,1759849230.5203145,0.0006403923034667969
1759849230.5295625,1759849230.5566397,0.027077198028564453
1759849230.6863108,1759849230.6870008,0.0006899833679199219
1759849230.7641573,1759849230.7981343,0.03397703170776367
1759849230.9397292,1759849230.9403367,0.0006074905395507812
1759849230.970343,1759849231.000936,0.030592918395996094
1759849231.1735818,1759849231.174231,0.0006492137908935547
1759849231.202991,1759849231.2278144,0.024823427200317383
1759849231.3862963,1759849231.3869755,0.0006792545318603516
1759849231.4144757,1759849231.4416387,0.027163028717041016
1759849231.5653276,1759849231.565956,0.0006284713745117188
1759849231.6518788,1759849231.6762223,0.024343490600585938
1759849231.847404,1759849231.8481233,0.0007193088531494141
1759849231.8717034,1759849231.902029,0.030325651168823242
1759849232.037545,1759849232.0381727,0.0006277561187744141
1759849232.0959737,1759849232.125602,0.029628276824951172
1759849232.2630022,1759849232.2636428,0.0006406307220458984
1759849232.2795157,1759849232.3076313,0.028115510940551758
1759849232.4485092,1759849232.4492323,0.0007231235504150391
1759849232.4984653,1759849232.52508,0.026614665985107422
1759849232.6735954,1759849232.674228,0.0006325244903564453
1759849232.6939504,1759849232.7247348,0.03078436851501465
1759849232.8514795,1759849232.8522842,0.0008046627044677734
1759849232.910066,1759849232.9365704,0.0265045166015625
1759849233.077443,1759849233.0780709,0.0006279945373535156
1759849233.0817173,1759849233.1080308,0.02631354331970215
1759849233.2264938,1759849233.227144,0.0006501674652099609
1759849233.3131888,1759849233.3520577,0.03886890411376953
1759849233.4981906,1759849233.4989264,0.0007357597351074219
1759849233.5637794,1759849233.5891685,0.02538919448852539
1759849233.728776,1759849233.7293851,0.0006091594696044922
1759849233.7510502,1759849233.7761838,0.025133609771728516
1759849233.9174213,1759849233.9181998,0.0007784366607666016
1759849233.9672363,1759849233.9927263,0.02549004554748535
1759849234.1073017,1759849234.1079035,0.0006017684936523438
1759849234.2065945,1759849234.231378,0.024783611297607422
1759849234.3523667,1759849234.3529687,0.0006020069122314453
1759849234.443936,1759849234.471997,0.0280609130859375
1759849234.6105216,1759849234.6111474,0.0006258487701416016
1759849234.7107303,1759849234.7402816,0.029551267623901367
1759849234.8563983,1759849234.857022,0.0006237030029296875
1759849235.0014877,1759849235.0280259,0.02653813362121582
1759849235.164702,1759849235.1653914,0.0006895065307617188
1759849235.221796,1759849235.248745,0.026948928833007812
1759849235.3961642,1759849235.3968954,0.0007312297821044922
1759849235.418445,1759849235.4431238,0.024678707122802734
1759849235.5663292,1759849235.5670152,0.0006859302520751953
1759849235.6261423,1759849235.6515317,0.025389432907104492
1759849235.7875714,1759849235.7882583,0.0006868839263916016
1759849235.7991831,1759849235.8286183,0.029435157775878906
1759849235.9541008,1759849235.9547668,0.0006659030914306641
1759849236.0174658,1759849236.041486,0.02402019500732422
1759849236.1787672,1759849236.1794167,0.0006494522094726562
1759849236.2004695,1759849236.2299364,0.029466867446899414
1759849236.3509705,1759849236.3515964,0.0006258487701416016
1759849236.4126916,1759849236.4375594,0.024867773056030273
1759849236.5708237,1759849236.571509,0.0006852149963378906
1759849236.5960941,1759849236.6258132,0.029719114303588867
1759849236.7476442,1759849236.748322,0.0006778240203857422
1759849236.799296,1759849236.8258007,0.0265047550201416
1759849236.965955,1759849236.9666755,0.0007205009460449219
1759849236.9971004,1759849237.0237365,0.026636123657226562
1759849237.1558387,1759849237.1564975,0.0006587505340576172
1759849237.2541716,1759849237.2838664,0.029694795608520508
1759849237.423602,1759849237.4242744,0.0006723403930664062
1759849237.4979672,1759849237.5278108,0.029843568801879883
1759849237.6683488,1759849237.6689587,0.0006098747253417969
1759849237.672044,1759849237.7061594,0.03411531448364258
1759849237.832532,1759849237.833226,0.0006940364837646484
1759849237.8945475,1759849237.9199078,0.0253603458404541
1759849238.0734363,1759849238.0740566,0.0006203651428222656
1759849238.1009302,1759849238.1256897,0.024759531021118164
1759849238.250022,1759849238.25071,0.0006880760192871094
1759849238.3061113,1759849238.3360734,0.02996206283569336
1759849238.474168,1759849238.474781,0.0006129741668701172
1759849238.48764,1759849238.5181172,0.030477285385131836
1759849238.6561549,1759849238.656812,0.0006570816040039062
1759849238.7114096,1759849238.73951,0.02810049057006836
1759849238.8783052,1759849238.8789356,0.0006303787231445312
1759849238.88175,1759849238.909541,0.02779078483581543
1759849239.0267317,1759849239.0273285,0.0005967617034912109
1759849239.104486,1759849239.129397,0.024910926818847656
1759849239.2531273,1759849239.2537441,0.0006167888641357422
1759849239.2637184,1759849239.2932343,0.029515981674194336
1759849239.4130716,1759849239.4136806,0.0006089210510253906
1759849239.480785,1759849239.5056279,0.02484297752380371
1759849239.6522298,1759849239.6528988,0.0006690025329589844
1759849239.6667874,1759849239.6915925,0.024805068969726562
1759849239.8287535,1759849239.8294528,0.0006992816925048828
1759849239.88814,1759849239.9129853,0.024845361709594727
1759849240.0529652,1759849240.0536678,0.0007026195526123047
1759849240.0840213,1759849240.1180997,0.034078359603881836
1759849240.239407,1759849240.240015,0.0006079673767089844
1759849240.3305376,1759849240.3579302,0.02739262580871582
1759849240.4881773,1759849240.4888012,0.0006239414215087891
1759849240.4958515,1759849240.5211406,0.025289058685302734
1759849240.6446228,1759849240.6452777,0.0006549358367919922
1759849240.7214766,1759849240.7509432,0.029466629028320312
1759849240.8977942,1759849240.898408,0.0006136894226074219
1759849240.932735,1759849240.9692638,0.036528825759887695
1759849241.0918846,1759849241.092529,0.0006444454193115234
1759849241.1225035,1759849241.147565,0.025061368942260742
1759849241.271233,1759849241.271867,0.0006339550018310547
1759849241.32265,1759849241.348621,0.025970935821533203
1759849241.4669812,1759849241.467587,0.0006058216094970703
1759849241.516728,1759849241.54199,0.025262117385864258
1759849241.6728854,1759849241.6735308,0.0006453990936279297
1759849241.722577,1759849241.7484713,0.0258941650390625
1759849241.8681815,1759849241.8688822,0.0007007122039794922
1759849241.9091897,1759849241.9344006,0.025210857391357422
1759849242.060576,1759849242.0612073,0.0006313323974609375
1759849242.095423,1759849242.1205807,0.025157690048217773
1759849242.2540677,1759849242.2547379,0.0006701946258544922
1759849242.299309,1759849242.324577,0.025268077850341797
1759849242.463917,1759849242.4646423,0.0007252693176269531
1759849242.502123,1759849242.5273466,0.025223493576049805
1759849242.6606288,1759849242.661258,0.0006291866302490234
1759849242.7045624,1759849242.7297738,0.025211334228515625
1759849242.8996234,1759849242.9003012,0.0006778240203857422
1759849242.9167995,1759849242.9415133,0.024713754653930664
1759849243.0695467,1759849243.0702684,0.0007216930389404297
1759849243.1298516,1759849243.1547918,0.02494025230407715
1759849243.300722,1759849243.3013303,0.0006084442138671875
1759849243.3282948,1759849243.3590465,0.030751705169677734
1759849243.5108387,1759849243.511521,0.0006823539733886719
1759849243.5300686,1759849243.55503,0.024961471557617188
1759849243.7405202,1759849243.7656562,0.02513599395751953
1759849243.740662,1759849243.7656355,0.024973392486572266
1759849243.909276,1759849243.9098783,0.0006022453308105469
1759849243.916987,1759849243.9417446,0.02475762367248535
1759849244.0775476,1759849244.0782132,0.0006656646728515625
1759849244.143723,1759849244.1683636,0.024640560150146484
1759849244.2954507,1759849244.2960777,0.0006270408630371094
1759849244.320762,1759849244.3513055,0.03054356575012207
1759849244.4746614,1759849244.4752762,0.0006148815155029297
1759849244.521226,1759849244.546069,0.02484297752380371
1759849244.6770651,1759849244.677715,0.0006499290466308594
1759849244.7334528,1759849244.7584615,0.025008678436279297
1759849244.913964,1759849244.9147654,0.0008013248443603516
1759849244.9239373,1759849244.9541688,0.030231475830078125
1759849245.072205,1759849245.0727983,0.0005931854248046875
1759849245.1497302,1759849245.1746871,0.024956941604614258
1759849245.3163514,1759849245.3170211,0.0006697177886962891
1759849245.316929,1759849245.347304,0.030375003814697266
1759849245.476299,1759849245.4769769,0.0006778240203857422
1759849245.5982175,1759849245.625512,0.027294397354125977
1759849245.7469854,1759849245.7475681,0.0005826950073242188
1759849245.8203197,1759849245.8457062,0.025386571884155273
1759849245.9700913,1759849245.970801,0.0007097721099853516
1759849245.9843984,1759849246.0154297,0.031031370162963867
1759849246.1371148,1759849246.137781,0.0006661415100097656
1759849246.1974099,1759849246.2241895,0.026779651641845703
1759849246.3610678,1759849246.3617322,0.0006644725799560547
1759849246.3781397,1759849246.4027565,0.024616718292236328
1759849246.5234122,1759849246.524037,0.0006246566772460938
1759849246.640338,1759849246.6658385,0.02550053596496582
1759849246.7865248,1759849246.7872126,0.0006878376007080078
1759849246.8625908,1759849246.8873985,0.02480769157409668
1759849247.02,1759849247.0205905,0.0005905628204345703
1759849247.0267599,1759849247.053606,0.02684617042541504
1759849247.1843379,1759849247.1849818,0.0006439685821533203
1759849247.2489717,1759849247.2761326,0.0271608829498291
1759849247.410976,1759849247.4116414,0.0006654262542724609
1759849247.444105,1759849247.4690602,0.024955272674560547
1759849247.5935829,1759849247.5942538,0.0006709098815917969
1759849247.6502109,1759849247.6806278,0.03041696548461914
1759849247.8000202,1759849247.8006182,0.0005979537963867188
1759849247.8326952,1759849247.8600132,0.02731800079345703
1759849247.979586,1759849247.9801905,0.0006046295166015625
1759849248.0374856,1759849248.0625403,0.0250546932220459
1759849248.185308,1759849248.1860285,0.0007205009460449219
1759849248.2110953,1759849248.2407243,0.029628992080688477
1759849248.433631,1759849248.4343238,0.0006928443908691406
1759849248.4393864,1759849248.469857,0.030470609664916992
1759849248.5877876,1759849248.5883923,0.0006046295166015625
1759849248.6709132,1759849248.6960495,0.025136232376098633
1759849248.8378592,1759849248.8384633,0.0006041526794433594
1759849248.84119,1759849248.8658557,0.02466559410095215
1759849248.98371,1759849248.984321,0.0006110668182373047
1759849249.0785346,1759849249.1092343,0.030699729919433594
1759849249.2361965,1759849249.2368689,0.0006723403930664062
1759849249.3269224,1759849249.3569527,0.030030250549316406
1759849249.4839036,1759849249.484634,0.0007302761077880859
1759849249.5715609,1759849249.5987809,0.02722001075744629
1759849249.747672,1759849249.7482967,0.0006246566772460938
1759849249.777132,1759849249.807094,0.02996206283569336
1759849249.9349189,1759849249.935564,0.0006451606750488281
1759849249.9758797,1759849250.0059686,0.03008890151977539
1759849250.1368835,1759849250.1374953,0.0006117820739746094
1759849250.1611533,1759849250.1917434,0.030590057373046875
1759849250.3257475,1759849250.3263717,0.0006241798400878906
1759849250.3754122,1759849250.4061236,0.03071141242980957
1759849250.5415826,1759849250.5422947,0.0007121562957763672
1759849250.568512,1759849250.6078732,0.03936123847961426
1759849250.7301893,1759849250.7308698,0.0006804466247558594
1759849250.7707984,1759849250.801293,0.03049445152282715
1759849250.9248216,1759849250.9254446,0.0006229877471923828
1759849250.9659786,1759849250.9912364,0.02525782585144043
1759849251.1166062,1759849251.1174078,0.0008015632629394531
1759849251.1540318,1759849251.1831868,0.02915501594543457
1759849251.3559113,1759849251.3566146,0.0007033348083496094
1759849251.3833969,1759849251.408427,0.025030136108398438
1759849251.5444229,1759849251.54502,0.0005972385406494141
1759849251.60251,1759849251.627246,0.02473592758178711
1759849251.7473788,1759849251.7479815,0.00060272216796875
1759849251.7973826,1759849251.827858,0.030475378036499023
1759849251.9728632,1759849251.973523,0.0006597042083740234
1759849252.0016522,1759849252.0304947,0.028842449188232422
1759849252.1533742,1759849252.1540325,0.0006582736968994141
1759849252.2077742,1759849252.2380593,0.030285120010375977
1759849252.3660874,1759849252.3666842,0.0005967617034912109
1759849252.3887143,1759849252.4165652,0.027850866317749023
1759849252.6017215,1759849252.6023476,0.0006260871887207031
1759849252.6055596,1759849252.635672,0.030112504959106445
1759849252.7545516,1759849252.7552407,0.0006890296936035156
1759849252.832633,1759849252.8590505,0.02641749382019043
1759849252.9834614,1759849252.9840739,0.0006124973297119141
1759849252.9954395,1759849253.0262837,0.03084421157836914
1759849253.156463,1759849253.1572862,0.0008232593536376953
1759849253.213994,1759849253.2424655,0.02847146987915039
1759849253.368227,1759849253.3689165,0.0006895065307617188
1759849253.398725,1759849253.4292417,0.030516624450683594
1759849253.559332,1759849253.560006,0.0006740093231201172
1759849253.5966012,1759849253.6216962,0.025094985961914062
1759849253.7601666,1759849253.7607994,0.0006327629089355469
1759849253.7977304,1759849253.8250372,0.027306795120239258
1759849253.9747596,1759849253.9755814,0.0008218288421630859
1759849254.0025365,1759849254.0331678,0.030631303787231445
1759849254.1633656,1759849254.1640394,0.0006737709045410156
1759849254.2106223,1759849254.2358794,0.025257110595703125
1759849254.4121778,1759849254.4128602,0.0006823539733886719
1759849254.4243484,1759849254.4603953,0.03604698181152344
1759849254.5912647,1759849254.5919402,0.0006754398345947266
1759849254.6569414,1759849254.6826003,0.025658845901489258
1759849254.8178399,1759849254.8184757,0.0006358623504638672
1759849254.825082,1759849254.8515549,0.026472806930541992
1759849254.9725394,1759849254.973139,0.0005996227264404297
1759849255.0457118,1759849255.0821397,0.036427974700927734
1759849255.2301161,1759849255.2307062,0.0005900859832763672
1759849255.233716,1759849255.258671,0.024955034255981445
1759849255.382401,1759849255.382972,0.0005710124969482422
1759849255.5128865,1759849255.5377233,0.02483677864074707
1759849255.660955,1759849255.6616154,0.0006604194641113281
1759849255.723324,1759849255.7510016,0.027677536010742188
1759849255.8882709,1759849255.8888707,0.0005998611450195312
1759849255.8931105,1759849255.9230015,0.029891014099121094
1759849256.0413566,1759849256.0420175,0.0006608963012695312
1759849256.1212544,1759849256.1504776,0.029223203659057617
1759849256.3020456,1759849256.302588,0.0005424022674560547
1759849256.306548,1759849256.3316145,0.025066375732421875
1759849256.4619718,1759849256.4625883,0.0006165504455566406
1759849256.5282295,1759849256.555393,0.02716350555419922
1759849256.6842077,1759849256.6849153,0.0007076263427734375
1759849256.7118483,1759849256.7418807,0.03003239631652832
1759849256.8788137,1759849256.879471,0.0006573200225830078
1759849256.9303644,1759849256.9609032,0.03053879737854004
1759849257.095309,1759849257.0959992,0.0006902217864990234
1759849257.1296084,1759849257.1540232,0.024414777755737305
1759849257.353538,1759849257.35421,0.0006718635559082031
1759849257.366968,1759849257.39219,0.025222063064575195
1759849257.535661,1759849257.5362632,0.0006022453308105469
1759849257.5887718,1759849257.6135879,0.024816036224365234
1759849257.7415965,1759849257.7421837,0.0005872249603271484
1759849257.7848713,1759849257.8123238,0.027452468872070312
1759849257.9629178,1759849257.9635441,0.0006263256072998047
1759849257.9860246,1759849258.0164022,0.030377626419067383
1759849258.1488361,1759849258.1494398,0.0006036758422851562
1759849258.21414,1759849258.2449436,0.030803680419921875
1759849258.3877842,1759849258.3883846,0.0006003379821777344
1759849258.3924093,1759849258.4172359,0.024826526641845703
1759849258.5530837,1759849258.55369,0.0006062984466552734
1759849258.6683722,1759849258.6969724,0.028600215911865234
1759849258.8258507,1759849258.8265305,0.0006797313690185547
1759849258.9217079,1759849258.946705,0.024997234344482422
1759849259.0901537,1759849259.0908136,0.000659942626953125
1759849259.164345,1759849259.1928477,0.028502702713012695
1759849259.3321958,1759849259.3333077,0.0011119842529296875
1759849259.354895,1759849259.3870966,0.032201528549194336
1759849259.5285053,1759849259.5291479,0.0006425380706787109
1759849259.568079,1759849259.5992222,0.0311431884765625
1759849259.723009,1759849259.7236133,0.0006041526794433594
1759849259.7730975,1759849259.8031461,0.030048608779907227
1759849259.9614825,1759849259.962166,0.0006835460662841797
1759849259.9792495,1759849260.0189092,0.039659738540649414
1759849260.1433344,1759849260.1440458,0.0007114410400390625
1759849260.266717,1759849260.2962425,0.0295255184173584
1759849260.4366553,1759849260.4372962,0.000640869140625
1759849260.4987028,1759849260.5299282,0.03122544288635254
1759849260.6601126,1759849260.6607158,0.0006031990051269531
1759849260.6934044,1759849260.7230413,0.029636859893798828
1759849260.877268,1759849260.877921,0.0006530284881591797
1759849260.9019012,1759849260.929785,0.02788376808166504
1759849261.066574,1759849261.0672283,0.0006542205810546875
1759849261.1193256,1759849261.1460426,0.026716947555541992
1759849261.3068178,1759849261.3074389,0.0006210803985595703
1759849261.318831,1759849261.3434315,0.024600505828857422
1759849261.4646804,1759849261.4653227,0.0006422996520996094
1759849261.5521863,1759849261.5772402,0.025053977966308594
1759849261.745433,1759849261.7461147,0.0006816387176513672
1759849261.7809408,1759849261.8056595,0.024718761444091797
1759849261.9270837,1759849261.9276717,0.0005879402160644531
1759849261.9933896,1759849262.024058,0.03066849708557129
1759849262.181418,1759849262.182039,0.0006210803985595703
1759849262.1858287,1759849262.2111616,0.025332927703857422
1759849262.3323228,1759849262.332917,0.0005941390991210938
1759849262.4259033,1759849262.451229,0.025325775146484375
1759849262.5830293,1759849262.5837195,0.0006902217864990234
1759849262.5977917,1759849262.6249006,0.02710890769958496
1759849262.7715993,1759849262.772276,0.0006766319274902344
1759849262.8218691,1759849262.8595695,0.03770041465759277
1759849262.9919715,1759849262.9925613,0.0005898475646972656
1759849263.0390265,1759849263.066313,0.027286529541015625
1759849263.2072911,1759849263.2079647,0.0006735324859619141
1759849263.232159,1759849263.262853,0.030694007873535156
1759849263.3935103,1759849263.394099,0.0005886554718017578
1759849263.5187035,1759849263.544172,0.02546858787536621
1759849263.6890678,1759849263.6896951,0.0006272792816162109
1759849263.7501135,1759849263.7796881,0.02957463264465332
1759849263.9161873,1759849263.9168117,0.0006244182586669922
1759849263.9572191,1759849263.9854372,0.02821803092956543
1759849264.1476352,1759849264.1482797,0.0006444454193115234
1759849264.1673012,1759849264.1976886,0.030387401580810547
1759849264.328672,1759849264.3292596,0.0005877017974853516
1759849264.402992,1759849264.433593,0.030601024627685547
1759849264.5628493,1759849264.5634866,0.0006372928619384766
1759849264.5940907,1759849264.623681,0.029590368270874023
1759849264.7555172,1759849264.7561235,0.0006062984466552734
1759849264.8405695,1759849264.8676996,0.027130126953125
1759849265.026512,1759849265.0271595,0.0006475448608398438
1759849265.035842,1759849265.0662494,0.030407428741455078
1759849265.2109697,1759849265.211618,0.0006482601165771484
1759849265.2649682,1759849265.2919059,0.02693772315979004
1759849265.4337091,1759849265.4342854,0.0005762577056884766
1759849265.4689527,1759849265.5081532,0.039200544357299805
1759849265.6536438,1759849265.6542807,0.0006368160247802734
1759849265.6648564,1759849265.6945758,0.02971935272216797
1759849265.818313,1759849265.8189335,0.0006206035614013672
1759849265.900512,1759849265.9283812,0.027869224548339844
1759849266.0709095,1759849266.071695,0.0007855892181396484
1759849266.0886047,1759849266.116076,0.027471303939819336
1759849266.2592595,1759849266.259884,0.0006246566772460938
1759849266.3002357,1759849266.3253303,0.02509450912475586
1759849266.448147,1759849266.4487507,0.0006036758422851562
1759849266.5530248,1759849266.5823238,0.029299020767211914
1759849266.7177846,1759849266.7183945,0.0006098747253417969
1759849266.7861457,1759849266.8108075,0.024661779403686523
1759849266.945123,1759849266.9457102,0.0005872249603271484
1759849266.9628944,1759849267.0014005,0.03850603103637695
1759849267.1463587,1759849267.146987,0.0006282329559326172
1759849267.1923838,1759849267.2173002,0.024916410446166992
1759849267.3503685,1759849267.351027,0.0006585121154785156
1759849267.4039044,1759849267.4282813,0.024376869201660156
1759849267.5704007,1759849267.5710819,0.0006811618804931641
1759849267.584702,1759849267.6103415,0.02563953399658203
1759849267.7953575,1759849267.795987,0.000629425048828125
1759849267.8164787,1759849267.8408759,0.02439713478088379
1759849267.9846873,1759849267.9853203,0.0006330013275146484
1759849268.0338235,1759849268.0581489,0.02432537078857422
1759849268.1818943,1759849268.1825147,0.0006203651428222656
1759849268.2391107,1759849268.2637174,0.024606704711914062
1759849268.4188073,1759849268.4194515,0.0006442070007324219
1759849268.4390483,1759849268.47439,0.035341739654541016
1759849268.594741,1759849268.5953302,0.0005891323089599609
1759849268.6697652,1759849268.698147,0.028381824493408203
1759849268.8353753,1759849268.8359659,0.0005905628204345703
1759849268.8463833,1759849268.8767292,0.030345916748046875
1759849269.0158052,1759849269.016394,0.0005886554718017578
1759849269.0745935,1759849269.103897,0.029303550720214844
1759849269.2412474,1759849269.241816,0.0005686283111572266
1759849269.3309681,1759849269.357993,0.02702474594116211
1759849269.4884996,1759849269.4891503,0.0006506443023681641
1759849269.4992003,1759849269.527893,0.02869272232055664
1759849269.6663384,1759849269.6669405,0.0006020069122314453
1759849269.7169173,1759849269.7439625,0.027045249938964844
1759849269.8982735,1759849269.8989058,0.0006322860717773438
1759849269.913912,1759849269.9407103,0.026798248291015625
1759849270.093286,1759849270.093887,0.0006010532379150391
1759849270.1418602,1759849270.1664612,0.024600982666015625
1759849270.3205428,1759849270.321266,0.0007231235504150391
1759849270.3429956,1759849270.3701415,0.027145862579345703
1759849270.518268,1759849270.5188994,0.0006313323974609375
1759849270.5708175,1759849270.6018171,0.03099966049194336
1759849270.7436903,1759849270.744334,0.0006437301635742188
1759849270.7882006,1759849270.8133066,0.025105953216552734
1759849270.9639454,1759849270.9645624,0.0006170272827148438
1759849271.05508,1759849271.0832539,0.02817392349243164
1759849271.2115848,1759849271.2122416,0.0006568431854248047
1759849271.2535477,1759849271.279929,0.026381254196166992
1759849271.4349284,1759849271.435556,0.0006275177001953125
1759849271.4556882,1759849271.4830167,0.0273284912109375
1759849271.6145225,1759849271.6151593,0.0006368160247802734
1759849271.6807063,1759849271.7054465,0.024740219116210938
1759849271.8660574,1759849271.8666418,0.0005843639373779297
1759849271.8763466,1759849271.915783,0.03943634033203125
1759849272.0440288,1759849272.0446577,0.0006289482116699219
1759849272.1101034,1759849272.1493087,0.039205312728881836
1759849272.3046834,1759849272.305409,0.0007255077362060547
1759849272.3145182,1759849272.3453748,0.030856609344482422
1759849272.5538929,1759849272.554536,0.0006432533264160156
1759849272.556671,1759849272.5821054,0.025434494018554688
1759849272.7029305,1759849272.703514,0.000583648681640625
1759849272.7985227,1759849272.823291,0.024768352508544922
1759849272.9656422,1759849272.9662378,0.0005955696105957031
1759849273.0728815,1759849273.1039662,0.031084775924682617
1759849273.2235694,1759849273.2241573,0.0005879402160644531
1759849273.3192086,1759849273.350493,0.031284332275390625
1759849273.487585,1759849273.4882152,0.0006301403045654297
1759849273.5595622,1759849273.5880253,0.028463125228881836
1759849273.7242148,1759849273.725006,0.0007913112640380859
1759849273.7550159,1759849273.7857254,0.030709505081176758
1759849273.9450312,1759849273.9456687,0.0006375312805175781
1759849273.9672039,1759849273.9979424,0.03073859214782715
1759849274.121013,1759849274.1216347,0.000621795654296875
1759849274.1908226,1759849274.2190638,0.02824115753173828
1759849274.3613424,1759849274.3620245,0.0006821155548095703
1759849274.4219081,1759849274.4525867,0.030678510665893555
1759849274.5835881,1759849274.5841966,0.0006084442138671875
1759849274.632277,1759849274.6580398,0.02576279640197754
1759849274.8167865,1759849274.8174894,0.0007028579711914062
1759849274.8324542,1759849274.8610098,0.028555631637573242
1759849274.9786186,1759849274.9792671,0.00064849853515625
1759849275.068883,1759849275.100053,0.031170129776000977
1759849275.237673,1759849275.2382948,0.000621795654296875
1759849275.3232791,1759849275.3513823,0.028103113174438477
1759849275.4965122,1759849275.4972103,0.000698089599609375
1759849275.512464,1759849275.5382879,0.02582383155822754
1759849275.730001,1759849275.7306058,0.0006048679351806641
1759849275.7506876,1759849275.7812202,0.0305325984954834
1759849275.9380293,1759849275.9386363,0.0006070137023925781
1759849275.9873884,1759849276.0147493,0.027360916137695312
1759849276.140737,1759849276.1416497,0.0009126663208007812
1759849276.26503,1759849276.2657971,0.0007672309875488281
1759849276.3890598,1759849276.3898597,0.0007998943328857422
1759849276.5106409,1759849276.511418,0.0007772445678710938
1759849276.629082,1759849276.629925,0.000843048095703125
1759849276.7994301,1759849276.8002622,0.0008320808410644531
1759850175.0044265,1759850175.035863,0.03143644332885742
1759850176.0037189,1759850176.0044184,0.0006995201110839844
1759850176.0628781,1759850176.0916922,0.028814077377319336
1759850176.3006926,1759850176.3013904,0.0006978511810302734
1759850176.3220413,1759850176.3573053,0.035264015197753906
1759850176.493005,1759850176.4936,0.0005948543548583984
1759850176.558544,1759850176.5904355,0.031891584396362305
1759850176.7447097,1759850176.745357,0.0006473064422607422
1759850176.7504313,1759850176.7820778,0.0316464900970459
1759850176.9224875,1759850176.9231062,0.0006186962127685547
1759850177.0099866,1759850177.0416195,0.03163290023803711
1759850177.185832,1759850177.1864767,0.000644683837890625
1759850177.186594,1759850177.2124188,0.025824785232543945
1759850177.3509383,1759850177.3515656,0.0006272792816162109
1759850177.4308372,1759850177.4603732,0.029536008834838867
1759850177.5988362,1759850177.5994337,0.0005974769592285156
1759850177.6040163,1759850177.634293,0.030276775360107422
1759850177.7646134,1759850177.7652721,0.0006587505340576172
1759850177.843744,1759850177.8694208,0.025676727294921875
1759850178.003652,1759850178.0043607,0.0007085800170898438
1759850178.0222979,1759850178.0512774,0.02897953987121582
1759850178.199262,1759850178.1999109,0.0006489753723144531
1759850178.2350032,1759850178.2644784,0.02947521209716797
1759850178.397492,1759850178.3981187,0.0006268024444580078
1759850178.45104,1759850178.4764578,0.025417804718017578
1759850178.6235363,1759850178.62416,0.0006237030029296875
1759850178.6436644,1759850178.6745,0.030835628509521484
1759850178.804361,1759850178.804991,0.0006299018859863281
1759850178.868373,1759850178.8972757,0.028902769088745117
1759850179.057422,1759850179.0580235,0.0006015300750732422
1759850179.0959482,1759850179.1272407,0.03129243850708008
1759850179.2595227,1759850179.2601929,0.0006701946258544922
1759850179.3573658,1759850179.3824804,0.02511453628540039
1759850179.5191715,1759850179.5198073,0.0006358623504638672
1759850179.5965142,1759850179.623744,0.027229785919189453
1759850179.7667186,1759850179.7673612,0.0006425380706787109
1759850179.772702,1759850179.7978172,0.025115251541137695
1759850179.931554,1759850179.9321496,0.0005955696105957031
1759850179.9971385,1759850180.0283365,0.03119802474975586
1759850180.1623244,1759850180.163111,0.0007865428924560547
1759850180.193309,1759850180.2217116,0.02840256690979004
1759850180.3596728,1759850180.3603306,0.0006577968597412109
1759850180.4011757,1759850180.4263024,0.02512669563293457
1759850180.5636358,1759850180.5642636,0.0006277561187744141
1759850180.6108117,1759850180.6454,0.03458833694458008
1759850180.7963352,1759850180.796973,0.0006377696990966797
1759850180.8056428,1759850180.835979,0.03033614158630371
1759850180.9599853,1759850180.960725,0.0007398128509521484
1759850181.048626,1759850181.0736072,0.024981260299682617
1759850181.2092428,1759850181.209917,0.0006742477416992188
1759850181.2292237,1759850181.2552416,0.02601790428161621
1759850181.4017918,1759850181.4024348,0.0006430149078369141
1759850181.443406,1759850181.4688072,0.02540111541748047
1759850181.6057916,1759850181.6065538,0.0007622241973876953
1759850181.6595523,1759850181.6852498,0.02569746971130371
1759850181.8291662,1759850181.829817,0.0006508827209472656
1759850181.8540764,1759850181.8852127,0.031136274337768555
1759850182.0187297,1759850182.0194256,0.0006959438323974609
1759850182.0792742,1759850182.1098254,0.03055119514465332
1759850182.3201442,1759850182.3207636,0.0006194114685058594
1759850182.320963,1759850182.3463752,0.025412321090698242
1759850182.4791045,1759850182.4797747,0.0006701946258544922
1759850182.575804,1759850182.6041656,0.02836155891418457
1759850182.7244332,1759850182.725046,0.0006127357482910156
1759850182.8261828,1759850182.8571148,0.030931949615478516
1759850183.0015147,1759850183.0021322,0.0006175041198730469
1759850183.0697632,1759850183.099661,0.02989792823791504
1759850183.219376,1759850183.2200155,0.0006394386291503906
1759850183.2822337,1759850183.3131442,0.030910491943359375
1759850183.4564922,1759850183.4572408,0.0007486343383789062
1759850183.4756374,1759850183.5014253,0.025787830352783203
1759850183.6356833,1759850183.636361,0.0006775856018066406
1759850183.701717,1759850183.7273989,0.02568197250366211
1759850183.855183,1759850183.8559399,0.0007569789886474609
1759850183.8845909,1759850183.9101634,0.025572538375854492
1759850184.0612025,1759850184.0619707,0.0007681846618652344
1759850184.0931685,1759850184.1200778,0.026909351348876953
1759850184.2511575,1759850184.2517853,0.0006277561187744141
1759850184.3172822,1759850184.3428118,0.02552962303161621
1759850184.4789624,1759850184.4798365,0.0008740425109863281
1759850184.4929562,1759850184.5195382,0.026582002639770508
1759850184.647423,1759850184.6480863,0.0006632804870605469
1759850184.7251627,1759850184.7533357,0.028172969818115234
1759850184.8731065,1759850184.8737981,0.0006916522979736328
1759850184.913619,1759850184.9423475,0.028728485107421875
1759850185.089277,1759850185.0898333,0.0005562305450439453
1759850185.1731665,1759850185.2020674,0.028900861740112305
1759850185.3360212,1759850185.3366797,0.0006585121154785156
1759850185.4042168,1759850185.4297988,0.025582075119018555
1759850185.5772486,1759850185.5779324,0.0006837844848632812
1759850185.5931978,1759850185.6186483,0.025450468063354492
1759850185.7685866,1759850185.769249,0.0006623268127441406
1759850185.8119836,1759850185.8402715,0.028287887573242188
1759850185.98115,1759850185.9818287,0.0006787776947021484
1759850186.0202756,1759850186.0467987,0.026523113250732422
1759850186.2051663,1759850186.2057934,0.0006270408630371094
1759850186.217246,1759850186.2480547,0.030808687210083008
1759850186.369612,1759850186.3702505,0.0006384849548339844
1759850186.4455044,1759850186.4766035,0.03109908103942871
1759850186.5999217,1759850186.6006353,0.0007135868072509766
1759850186.6292713,1759850186.65428,0.025008678436279297
1759850186.7921681,1759850186.7928035,0.0006353855133056641
1759850186.8381128,1759850186.8640501,0.025937318801879883
1759850187.0021164,1759850187.0027275,0.0006110668182373047
1759850187.068478,1759850187.0944004,0.025922298431396484
1759850187.2322552,1759850187.232882,0.0006268024444580078
1759850187.237563,1759850187.263146,0.02558302879333496
1759850187.3867116,1759850187.3873498,0.0006382465362548828
1759850187.4675856,1759850187.4986541,0.03106856346130371
1759850187.6324959,1759850187.6331153,0.0006194114685058594
1759850187.650186,1759850187.6754777,0.02529168128967285
1759850187.8200274,1759850187.8206656,0.0006382465362548828
1759850187.8726687,1759850187.900681,0.02801227569580078
1759850188.0814176,1759850188.08212,0.0007023811340332031
1759850188.09611,1759850188.1215625,0.025452375411987305
1759850188.2461658,1759850188.2467623,0.0005965232849121094
1759850188.3740158,1759850188.4049313,0.030915498733520508
1759850188.54235,1759850188.5429885,0.0006384849548339844
1759850188.6074493,1759850188.6473396,0.039890289306640625
1759850188.7704258,1759850188.7711437,0.0007178783416748047
1759850188.8034685,1759850188.8292952,0.025826692581176758
1759850188.9734473,1759850188.9741144,0.0006670951843261719
1759850189.0059633,1759850189.0339782,0.0280148983001709
1759850189.1541536,1759850189.154815,0.0006613731384277344
1759850189.2281413,1759850189.2580683,0.02992701530456543
1759850189.393582,1759850189.394191,0.0006089210510253906
1759850189.405716,1759850189.4308257,0.02510976791381836
1759850189.569548,1759850189.5702133,0.0006654262542724609
1759850189.635553,1759850189.6609592,0.025406360626220703
1759850189.795188,1759850189.7958846,0.0006966590881347656
1759850189.8236253,1759850189.854781,0.03115558624267578
1759850190.0066252,1759850190.0097601,0.0031349658966064453
1759850190.0386217,1759850190.063921,0.0252993106842041
1759850190.190508,1759850190.191246,0.0007381439208984375
1759850190.264544,1759850190.2957544,0.03121042251586914
1759850190.445499,1759850190.4461935,0.0006945133209228516
1759850190.4458408,1759850190.4749668,0.02912592887878418
1759850190.6061332,1759850190.6068244,0.0006911754608154297
1759850190.6399446,1759850190.6653235,0.025378942489624023
1759850190.804298,1759850190.804863,0.0005650520324707031
1759850190.842044,1759850190.8731258,0.031081676483154297
1759850190.9977226,1759850190.9983466,0.0006239414215087891
1759850191.100952,1759850191.1263924,0.025440454483032227
1759850191.2625642,1759850191.2633328,0.0007686614990234375
1759850191.3866215,1759850191.4141881,0.02756667137145996
1759850191.5366151,1759850191.5372708,0.0006556510925292969
1759850191.6308107,1759850191.6581485,0.02733778953552246
1759850191.7834785,1759850191.7841644,0.0006859302520751953
1759850191.8749268,1759850191.9007816,0.025854825973510742
1759850192.0462925,1759850192.0469074,0.0006148815155029297
1759850192.046765,1759850192.0719376,0.02517247200012207
1759850192.203098,1759850192.2037733,0.000675201416015625
1759850192.2743983,1759850192.2997832,0.025384902954101562
1759850192.4322171,1759850192.4328845,0.0006673336029052734
1759850192.4389095,1759850192.4661815,0.02727198600769043
1759850192.592697,1759850192.593458,0.0007610321044921875
1759850192.6849487,1759850192.7158751,0.03092646598815918
1759850192.838774,1759850192.8393679,0.0005939006805419922
1759850192.926049,1759850192.9509585,0.024909496307373047
1759850193.1041338,1759850193.1047509,0.0006170272827148438
1759850193.1058636,1759850193.1344566,0.028593063354492188
1759850193.2573626,1759850193.2579792,0.0006165504455566406
1759850193.3416142,1759850193.3726945,0.031080245971679688
1759850193.499602,1759850193.5003476,0.0007455348968505859
1759850193.5117292,1759850193.5375628,0.025833606719970703
1759850193.6695688,1759850193.6701803,0.0006115436553955078
1759850193.7286215,1759850193.7536657,0.02504420280456543
1759850193.8841975,1759850193.8849134,0.0007159709930419922
1759850193.921684,1759850193.9470468,0.025362730026245117
1759850194.0872526,1759850194.087865,0.0006124973297119141
1759850194.174664,1759850194.2029858,0.02832174301147461
1759850194.353037,1759850194.353644,0.0006067752838134766
1759850194.3957021,1759850194.4208016,0.025099515914916992
1759850194.550588,1759850194.5512502,0.0006623268127441406
1759850194.5848238,1759850194.6145175,0.029693603515625
1759850194.7417881,1759850194.7424483,0.0006601810455322266
1759850194.7869124,1759850194.8122535,0.025341033935546875
1759850194.9434173,1759850194.944063,0.0006456375122070312
1759850194.98454,1759850195.0127332,0.028193235397338867
1759850195.1410692,1759850195.14171,0.000640869140625
1759850195.173817,1759850195.2021365,0.028319597244262695
1759850195.3355978,1759850195.336332,0.0007343292236328125
1759850195.3726847,1759850195.4003012,0.027616500854492188
1759850195.536933,1759850195.5376353,0.0007023811340332031
1759850195.5879588,1759850195.6178708,0.02991199493408203
1759850195.749913,1759850195.750531,0.00061798095703125
1759850195.78489,1759850195.816105,0.03121495246887207
1759850195.9395006,1759850195.9401462,0.0006456375122070312
1759850196.0040407,1759850196.0436552,0.03961443901062012
1759850196.1801775,1759850196.180798,0.0006206035614013672
1759850196.1927147,1759850196.2237113,0.03099656105041504
1759850196.343451,1759850196.3440847,0.0006337165832519531
1759850196.423462,1759850196.452816,0.029354095458984375
1759850196.589145,1759850196.589715,0.0005700588226318359
1759850196.5984051,1759850196.6270323,0.02862715721130371
1759850196.7584646,1759850196.759193,0.0007283687591552734
1759850196.828958,1759850196.8589406,0.029982566833496094
1759850197.0007572,1759850197.0013618,0.0006046295166015625
1759850197.0727854,1759850197.102139,0.029353618621826172
1759850197.235561,1759850197.2362118,0.0006508827209472656
1759850197.2918649,1759850197.3203957,0.02853083610534668
1759850197.4453702,1759850197.4460907,0.0007205009460449219
1759850197.4837666,1759850197.5132222,0.02945566177368164
1759850197.6376767,1759850197.6383445,0.0006678104400634766
1759850197.6723804,1759850197.7002482,0.027867794036865234
1759850197.825085,1759850197.8257306,0.0006456375122070312
1759850197.8687282,1759850197.902242,0.033513784408569336
1759850198.0253918,1759850198.0259962,0.0006043910980224609
1759850198.0662735,1759850198.091546,0.025272607803344727
1759850198.2260902,1759850198.2267442,0.0006539821624755859
1759850198.258011,1759850198.2836945,0.02568340301513672
1759850198.4170704,1759850198.4177227,0.000652313232421875
1759850198.4604158,1759850198.4903297,0.029913902282714844
1759850198.6163104,1759850198.6169353,0.0006248950958251953
1759850198.6462421,1759850198.6740892,0.0278470516204834
1759850198.80819,1759850198.8088815,0.0006914138793945312
1759850198.8528056,1759850198.8798935,0.027087926864624023
1759850199.0130696,1759850199.0136886,0.0006189346313476562
1759850199.0501423,1759850199.0781198,0.027977466583251953
1759850199.2242298,1759850199.2249372,0.0007073879241943359
1759850199.2743855,1759850199.303479,0.029093503952026367
1759850199.4508104,1759850199.4514937,0.0006833076477050781
1759850199.4798882,1759850199.5100274,0.03013920783996582
1759850199.633327,1759850199.6340094,0.0006823539733886719
1759850199.690065,1759850199.7199755,0.029910564422607422
1759850199.9238932,1759850199.9245255,0.0006322860717773438
1759850199.9284003,1759850199.955702,0.027301788330078125
1759850200.1106918,1759850200.111386,0.00069427490234375
1759850200.2070222,1759850200.231877,0.02485489845275879
1759850200.3581316,1759850200.358867,0.0007352828979492188
1759850200.448707,1759850200.4758677,0.02716064453125
1759850200.6014545,1759850200.6021044,0.0006499290466308594
1759850200.602656,1759850200.6278992,0.025243282318115234
1759850200.7457492,1759850200.7463892,0.0006399154663085938
1759850200.845417,1759850200.8704145,0.024997472763061523
1759850200.9900818,1759850200.9906952,0.0006134510040283203
1759850201.0878038,1759850201.118336,0.030532121658325195
1759850201.267116,1759850201.2677402,0.0006241798400878906
1759850201.3409042,1759850201.3715913,0.03068709373474121
1759850201.4966426,1759850201.4973907,0.0007481575012207031
1759850201.5125093,1759850201.5409253,0.028415918350219727
1759850201.6900303,1759850201.6906524,0.0006220340728759766
1759850201.7245097,1759850201.7495513,0.025041580200195312
1759850201.8745077,1759850201.875189,0.0006814002990722656
1759850201.9258654,1759850201.9536684,0.02780294418334961
1759850202.0950284,1759850202.0957458,0.0007174015045166016
1759850202.1216164,1759850202.1524544,0.0308380126953125
1759850202.2793481,1759850202.2800868,0.0007386207580566406
1759850202.3243973,1759850202.3516488,0.027251482009887695
1759850202.4909532,1759850202.491593,0.0006396770477294922
1759850202.5276375,1759850202.5584383,0.030800819396972656
1759850202.6867933,1759850202.6874273,0.0006339550018310547
1759850202.730946,1759850202.75608,0.025133848190307617
1759850202.8781233,1759850202.8787498,0.0006265640258789062
1759850202.963386,1759850202.9936447,0.030258655548095703
1759850203.1343749,1759850203.1350265,0.0006515979766845703
1759850203.1967351,1759850203.2270749,0.030339717864990234
1759850203.3505347,1759850203.3511505,0.0006158351898193359
1759850203.3751874,1759850203.405309,0.030121564865112305
1759850203.534167,1759850203.5348115,0.0006444454193115234
1759850203.594679,1759850203.620574,0.025894880294799805
1759850203.7643034,1759850203.764929,0.0006256103515625
1759850203.7760775,1759850203.803892,0.027814388275146484
1759850203.9190629,1759850203.9197035,0.0006406307220458984
1759850204.0111737,1759850204.0427191,0.031545400619506836
1759850204.1736455,1759850204.174267,0.0006215572357177734
1759850204.264991,1759850204.292687,0.027695894241333008
1759850204.4188645,1759850204.4195964,0.0007319450378417969
1759850204.450665,1759850204.4790778,0.028412818908691406
1759850204.6181054,1759850204.6187322,0.0006268024444580078
1759850204.6579008,1759850204.6882818,0.030380964279174805
1759850204.8181593,1759850204.818825,0.0006656646728515625
1759850204.874032,1759850204.8991146,0.02508258819580078
1759850205.056085,1759850205.0569515,0.0008664131164550781
1759850205.0680702,1759850205.0960898,0.02801966667175293
1759850205.2253838,1759850205.2260537,0.0006699562072753906
1759850205.3253798,1759850205.3511343,0.025754451751708984
1759850205.4856422,1759850205.4862545,0.0006122589111328125
1759850205.562024,1759850205.5890498,0.027025699615478516
1759850205.7158577,1759850205.7165594,0.0007016658782958984
1759850205.7349548,1759850205.7655811,0.030626296997070312
1759850205.9072938,1759850205.9079163,0.0006225109100341797
1759850205.9983323,1759850206.0248983,0.026566028594970703
1759850206.1621852,1759850206.1628757,0.000690460205078125
1759850206.238496,1759850206.26353,0.025033950805664062
1759850206.4085007,1759850206.4091725,0.0006718635559082031
1759850206.4263175,1759850206.456555,0.030237436294555664
1759850206.6130104,1759850206.6136706,0.0006601810455322266
1759850206.6510346,1759850206.6760666,0.02503204345703125
1759850206.8211973,1759850206.8218162,0.0006189346313476562
1759850206.8724618,1759850206.900257,0.02779531478881836
1759850207.0397294,1759850207.0403674,0.0006380081176757812
1759850207.067936,1759850207.0954437,0.027507781982421875
1759850207.229183,1759850207.2298768,0.0006937980651855469
1759850207.2892687,1759850207.3147027,0.025434017181396484
1759850207.4642577,1759850207.4649267,0.0006690025329589844
1759850207.4812655,1759850207.5122228,0.03095722198486328
1759850207.64906,1759850207.6496775,0.0006175041198730469
1759850207.700196,1759850207.7287652,0.02856922149658203
1759850207.8658838,1759850207.8665986,0.0007147789001464844
1759850207.9057603,1759850207.9310899,0.02532958984375
1759850208.0875359,1759850208.0881917,0.0006558895111083984
1759850208.1141434,1759850208.1441753,0.030031919479370117
1759850208.2813265,1759850208.2820582,0.0007317066192626953
1759850208.3412685,1759850208.3695047,0.02823615074157715
1759850208.5112395,1759850208.511945,0.0007054805755615234
1759850208.5297716,1759850208.5545137,0.02474212646484375
1759850208.709087,1759850208.7097344,0.0006475448608398438
1759850208.7592988,1759850208.7843513,0.025052547454833984
1759850208.9312758,1759850208.9319768,0.0007009506225585938
1759850208.996491,1759850209.0257385,0.029247522354125977
1759850209.1773856,1759850209.1780064,0.0006208419799804688
1759850209.198705,1759850209.2290552,0.030350208282470703
1759850209.422296,1759850209.4229813,0.0006852149963378906
1759850209.4489393,1759850209.4792109,0.030271530151367188
1759850209.6189563,1759850209.6195424,0.0005860328674316406
1759850209.6603277,1759850209.6878927,0.02756500244140625
1759850209.815312,1759850209.8159773,0.0006654262542724609
1759850209.8672004,1759850209.8920314,0.024831056594848633
1759850210.0421019,1759850210.0428033,0.0007014274597167969
1759850210.0541575,1759850210.0791104,0.02495288848876953
1759850210.2000468,1759850210.2006962,0.0006494522094726562
1759850210.2944071,1759850210.324746,0.030338764190673828
1759850210.463824,1759850210.4645386,0.0007145404815673828
1759850210.5450978,1759850210.5701811,0.025083303451538086
1759850210.6982927,1759850210.698918,0.0006253719329833984
1759850210.7367127,1759850210.7677505,0.03103780746459961
1759850210.9174876,1759850210.9181044,0.0006167888641357422
1759850210.9405992,1759850210.9660618,0.025462627410888672
1759850211.0914023,1759850211.0920403,0.0006380081176757812
1759850211.164247,1759850211.195389,0.031141996383666992
1759850211.3354514,1759850211.3360639,0.0006124973297119141
1759850211.3411512,1759850211.3689907,0.02783942222595215
1759850211.5137882,1759850211.5145392,0.0007510185241699219
1759850211.5695004,1759850211.5963535,0.026853084564208984
1759850211.7358832,1759850211.7365642,0.0006809234619140625
1759850211.7839327,1759850211.8150048,0.031072139739990234
1759850211.9783373,1759850211.9789443,0.0006070137023925781
1759850212.0274208,1759850212.052595,0.02517414093017578
1759850212.182206,1759850212.1829197,0.0007138252258300781
1759850212.2176967,1759850212.248758,0.031061410903930664
1759850212.430261,1759850212.430884,0.0006229877471923828
1759850212.4505148,1759850212.481289,0.03077411651611328
1759850212.623912,1759850212.6245518,0.0006396770477294922
1759850212.6671479,1759850212.6946056,0.027457714080810547
1759850212.8266797,1759850212.8273041,0.0006244182586669922
1759850212.8829854,1759850212.9138746,0.030889272689819336
1759850213.0651379,1759850213.0657856,0.0006477832794189453
1759850213.073873,1759850213.1015606,0.027687549591064453
1759850213.2464702,1759850213.2471075,0.0006372928619384766
1759850213.3018694,1759850213.3279169,0.026047468185424805
1759850213.46898,1759850213.469574,0.0005939006805419922
1759850213.5246358,1759850213.5511997,0.02656388282775879
1759850213.707366,1759850213.7080517,0.0006856918334960938
1759850213.7240515,1759850213.7503657,0.026314258575439453
1759850213.9043283,1759850213.904977,0.0006487369537353516
1759850213.9584646,1759850213.9851966,0.02673196792602539
1759850214.1470935,1759850214.1477196,0.0006260871887207031
1759850214.1557667,1759850214.186852,0.03108525276184082
1759850214.3151937,1759850214.3158624,0.0006687641143798828
1759850214.415569,1759850214.441253,0.025683879852294922
1759850214.5930095,1759850214.593704,0.0006945133209228516
1759850214.655131,1759850214.686765,0.031633853912353516
1759850214.8262908,1759850214.8269167,0.0006258487701416016
1759850214.848667,1759850214.8798826,0.031215667724609375
1759850215.0279348,1759850215.0285945,0.0006597042083740234
1759850215.1172009,1759850215.1453986,0.028197765350341797
1759850215.2812984,1759850215.2819393,0.000640869140625
1759850215.3428752,1759850215.3708034,0.02792811393737793
1759850215.5164685,1759850215.5170717,0.0006031990051269531
1759850215.5225117,1759850215.547888,0.025376319885253906
1759850215.7018204,1759850215.7024438,0.0006234645843505859
1759850215.764656,1759850215.7957776,0.031121492385864258
1759850215.939264,1759850215.94,0.0007359981536865234
1759850215.9502692,1759850215.9757938,0.025524616241455078
1759850216.1005282,1759850216.1011784,0.0006501674652099609
1759850216.1910872,1759850216.2189345,0.0278472900390625
1759850216.3486335,1759850216.3493164,0.000682830810546875
1759850216.363494,1759850216.3954825,0.03198862075805664
1759850216.53465,1759850216.5353122,0.0006620883941650391
1759850216.5842328,1759850216.6182225,0.033989667892456055
1759850216.7466726,1759850216.7472913,0.0006186962127685547
1759850216.794794,1759850216.8218741,0.027080059051513672
1759850216.981048,1759850217.0067751,0.025727033615112305
1759850216.9809327,1759850217.0067892,0.025856494903564453
1759850217.1539586,1759850217.1545875,0.0006289482116699219
1759850217.1630118,1759850217.1943521,0.03134036064147949
1759850217.3307805,1759850217.331378,0.0005974769592285156
1759850217.396107,1759850217.4233885,0.027281522750854492
1759850217.5635877,1759850217.5642207,0.0006330013275146484
1759850217.5827267,1759850217.614091,0.03136420249938965
1759850217.7552156,1759850217.7558405,0.0006248950958251953
1759850217.798647,1759850217.8280058,0.029358863830566406
1759850218.0103958,1759850218.011068,0.0006723403930664062
1759850218.0206084,1759850218.0521524,0.03154397010803223
1759850218.1763551,1759850218.1770396,0.0006844997406005859
1759850218.3063571,1759850218.338159,0.03180193901062012
1759850218.4817836,1759850218.4824498,0.0006661415100097656
1759850218.5265,1759850218.5521243,0.02562427520751953
1759850218.690596,1759850218.6914134,0.0008172988891601562
1759850218.7538202,1759850218.7792606,0.025440454483032227
1759850218.9122562,1759850218.9130244,0.0007681846618652344
1759850218.9400961,1759850218.9658947,0.025798559188842773
1759850219.094256,1759850219.0948637,0.0006077289581298828
1759850219.1652446,1759850219.1964307,0.03118610382080078
1759850219.3432803,1759850219.3438265,0.0005462169647216797
1759850219.347046,1759850219.374242,0.027196168899536133
1759850219.495955,1759850219.4965668,0.0006117820739746094
1759850219.58708,1759850219.618559,0.0314788818359375
1759850219.7745707,1759850219.7752306,0.000659942626953125
1759850219.8367066,1759850219.865824,0.029117345809936523
1759850220.0036268,1759850220.0042896,0.0006628036499023438
1759850220.0289285,1759850220.0567305,0.027801990509033203
1759850220.2012854,1759850220.2019393,0.0006539821624755859
1759850220.2464511,1759850220.2744071,0.027956008911132812
1759850220.3983874,1759850220.3989918,0.0006043910980224609
1759850220.4555554,1759850220.486916,0.031360626220703125
1759850220.6452982,1759850220.6459491,0.0006508827209472656
1759850220.651544,1759850220.682466,0.03092193603515625
1759850220.8603861,1759850220.8611567,0.00077056884765625
1759850220.890824,1759850220.9177938,0.02696967124938965
1759850221.0653365,1759850221.0660188,0.0006823539733886719
1759850221.094208,1759850221.1206317,0.02642369270324707
1759850221.244163,1759850221.2448547,0.0006916522979736328
1759850221.3640416,1759850221.3952153,0.0311737060546875
1759850221.5371096,1759850221.5377433,0.0006337165832519531
1759850221.5824692,1759850221.6075027,0.02503347396850586
1759850221.7486074,1759850221.7492309,0.0006234645843505859
1759850221.7881634,1759850221.8193524,0.03118896484375
1759850221.9694874,1759850221.9701793,0.0006918907165527344
1759850221.9874418,1759850222.0182061,0.030764341354370117
1759850222.1429098,1759850222.1435292,0.0006194114685058594
1759850222.2133052,1759850222.2444677,0.031162500381469727
1759850222.3984313,1759850222.39904,0.0006086826324462891
1759850222.4158237,1759850222.442886,0.027062416076660156
1759850222.5593534,1759850222.5599916,0.0006382465362548828
1759850222.6400495,1759850222.6709025,0.0308530330657959
1759850222.8031933,1759850222.8038356,0.0006422996520996094
1759850222.8202562,1759850222.8515632,0.03130698204040527
1759850222.9913642,1759850222.992035,0.0006706714630126953
1759850223.0304813,1759850223.0584452,0.027963876724243164
1759850223.1857958,1759850223.1863976,0.0006017684936523438
1759850223.231785,1759850223.2674465,0.03566145896911621
1759850223.4183593,1759850223.4189975,0.0006382465362548828
1759850223.43645,1759850223.4625175,0.026067495346069336
1759850223.589167,1759850223.5898561,0.0006890296936035156
1759850223.660161,1759850223.6891918,0.029030799865722656
1759850223.8397892,1759850223.8404791,0.0006899833679199219
1759850223.840629,1759850223.8715801,0.03095102310180664
1759850224.0065193,1759850224.007166,0.0006465911865234375
1759850224.130065,1759850224.1580398,0.027974843978881836
1759850224.2923276,1759850224.293048,0.0007202625274658203
1759850224.3674617,1759850224.3931742,0.02571249008178711
1759850224.5421176,1759850224.5427985,0.0006809234619140625
1759850224.5897973,1759850224.6187723,0.02897500991821289
1759850224.7741568,1759850224.7748187,0.0006618499755859375
1759850224.827228,1759850224.8524334,0.025205373764038086
1759850225.0028024,1759850225.0034554,0.0006530284881591797
1759850225.0402088,1759850225.070575,0.030366182327270508
1759850225.231277,1759850225.2319136,0.0006365776062011719
1759850225.256011,1759850225.2831762,0.02716517448425293
1759850225.4140215,1759850225.4146523,0.0006308555603027344
1759850225.49198,1759850225.5177724,0.025792360305786133
1759850225.664557,1759850225.6652055,0.00064849853515625
1759850225.6727786,1759850225.6992745,0.026495933532714844
1759850225.8168097,1759850225.8176308,0.0008211135864257812
1759850225.9363382,1759850225.9673944,0.03105616569519043
1759850226.104268,1759850226.1049037,0.0006356239318847656
1759850226.1768625,1759850226.2028823,0.026019811630249023
1759850226.336509,1759850226.3371162,0.0006072521209716797
1759850226.3664184,1759850226.3971477,0.030729293823242188
1759850226.5373983,1759850226.538024,0.0006256103515625
1759850226.5741606,1759850226.599585,0.025424480438232422
1759850226.7294734,1759850226.7301075,0.0006341934204101562
1759850226.796343,1759850226.8220956,0.025752544403076172
1759850226.9840128,1759850226.984723,0.0007102489471435547
1759850226.991489,1759850227.0228984,0.031409502029418945
1759850227.2084532,1759850227.209158,0.0007047653198242188
1759850227.2400723,1759850227.2667534,0.026681184768676758
1759850227.431177,1759850227.4318116,0.0006346702575683594
1759850227.457952,1759850227.488863,0.030910968780517578
1759850227.6292508,1759850227.629898,0.0006473064422607422
1759850227.6871688,1759850227.7181084,0.030939579010009766
1759850227.8672185,1759850227.8680024,0.0007839202880859375
1759850227.9202864,1759850227.9510212,0.030734777450561523
1759850228.1002026,1759850228.1008215,0.0006189346313476562
1759850228.1043677,1759850228.1322007,0.027832984924316406
1759850228.2505023,1759850228.251165,0.0006625652313232422
1759850228.3518307,1759850228.3824663,0.030635595321655273
1759850228.5154376,1759850228.516055,0.0006175041198730469
1759850228.5890386,1759850228.6179106,0.028872013092041016
1759850228.7393188,1759850228.7399952,0.0006763935089111328
1759850228.7632132,1759850228.794144,0.030930757522583008
1759850228.926166,1759850228.9268067,0.0006406307220458984
1759850228.9797935,1759850229.0116382,0.0318446159362793
1759850229.1554134,1759850229.1560476,0.0006341934204101562
1759850229.1952548,1759850229.222801,0.027546167373657227
1759850229.3770986,1759850229.3777912,0.0006926059722900391
1759850229.4055777,1759850229.4334154,0.027837753295898438
1759850229.5798912,1759850229.5805178,0.0006265640258789062
1759850229.6240385,1759850229.6496968,0.025658369064331055
1759850229.8094375,1759850229.8100917,0.0006542205810546875
1759850229.8347232,1759850229.862527,0.027803659439086914
1759850230.0578904,1759850230.0586913,0.0008008480072021484
1759850230.0677924,1759850230.1034784,0.03568601608276367
1759850230.236879,1759850230.2375054,0.0006263256072998047
1759850230.3057892,1759850230.3346777,0.028888463973999023
1759850230.4969714,1759850230.5283983,0.03142690658569336
1759850230.4970045,1759850230.528391,0.031386375427246094
1759850230.6760607,1759850230.6767206,0.000659942626953125
1759850230.7232223,1759850230.7539568,0.030734539031982422
1759850230.8990395,1759850230.8997922,0.0007526874542236328
1759850230.9280772,1759850230.9548378,0.026760578155517578
1759850231.0891812,1759850231.0898135,0.0006322860717773438
1759850231.1689255,1759850231.200393,0.031467437744140625
1759850231.3436258,1759850231.344327,0.0007011890411376953
1759850231.3510406,1759850231.3823707,0.031330108642578125
1759850231.5864813,1759850231.5871935,0.0007121562957763672
1759850236.5648694,1759850236.5657554,0.0008859634399414062
1759850236.705288,1759850236.7061357,0.0008478164672851562
1759850236.8360653,1759850236.8368883,0.0008230209350585938
1759850236.9657376,1759850236.9665504,0.0008127689361572266
1759850237.109658,1759850237.110511,0.0008530616760253906
1759850237.2403235,1759850237.2411993,0.0008757114410400391
1759850237.3756282,1759850237.376461,0.0008327960968017578
1759850237.5224192,1759850237.523256,0.0008368492126464844
1759850237.652683,1759850237.6535094,0.0008263587951660156
1759850237.8559587,1759850237.856739,0.0007803440093994141
1759850238.0029113,1759850238.0037086,0.000797271728515625
1759850238.130205,1759850238.1310413,0.0008363723754882812
1759850238.259192,1759850238.2600036,0.0008115768432617188
1759850238.3849163,1759850238.385733,0.0008165836334228516
1759850238.513583,1759850238.514393,0.0008101463317871094
1759850238.6416614,1759850238.6425452,0.0008838176727294922
1759850238.7714534,1759850238.7722547,0.0008013248443603516
1759850238.8988156,1759850238.8996165,0.0008008480072021484
1759850239.0284865,1759850239.029278,0.0007915496826171875
1759850239.1682193,1759850239.169071,0.0008516311645507812
1759850239.2976782,1759850239.2984445,0.0007662773132324219
1759850239.4279907,1759850239.428819,0.0008282661437988281
1759850239.5581403,1759850239.5590696,0.0009293556213378906
1759850239.7420287,1759850239.742885,0.0008563995361328125
1759850239.8697486,1759850239.8706279,0.0008792877197265625
1759850240.003773,1759850240.0045848,0.0008118152618408203
1759850240.130947,1759850240.13186,0.0009129047393798828
1759850240.2612076,1759850240.26208,0.0008723735809326172
1759850240.3923874,1759850240.3932936,0.0009062290191650391
1759850240.5218377,1759850240.522678,0.0008401870727539062
1759850240.651503,1759850240.6523082,0.0008051395416259766
1759850240.7820427,1759850240.7828207,0.0007779598236083984
1759850240.9228177,1759850240.9236095,0.0007917881011962891
1759850241.0515912,1759850241.0523784,0.0007872581481933594
1759850241.1806087,1759850241.1814237,0.0008149147033691406
1759850241.3106427,1759850241.3114245,0.0007817745208740234
1759850241.4441612,1759850241.4449248,0.0007636547088623047
1759850241.628474,1759850241.6292965,0.0008225440979003906
1759855884.4807472,1759855884.5181298,0.03738260269165039
1759855884.6603124,1759855884.660937,0.0006246566772460938
1759855884.7550473,1759855884.785245,0.030197620391845703
1759855884.930214,1759855884.9308634,0.0006494522094726562
1759855885.0239558,1759855885.0509222,0.026966333389282227
1759855885.204584,1759855885.2308567,0.02627277374267578
1759855885.2045987,1759855885.2308655,0.026266813278198242
1759855885.4018943,1759855885.4025247,0.0006303787231445312
1759855885.4464164,1759855885.4773307,0.030914306640625
1759855885.6286814,1759855885.6293993,0.0007178783416748047
1759855885.669288,1759855885.6998527,0.03056478500366211
1759855885.8457327,1759855885.8464384,0.000705718994140625
1759855885.8825188,1759855885.913716,0.031197309494018555
1759855886.0571094,1759855886.0577269,0.0006175041198730469
1759855886.1541147,1759855886.1870964,0.03298163414001465
1759855886.338035,1759855886.338666,0.0006308555603027344
1759855886.4111838,1759855886.4434614,0.032277584075927734
1759855886.5937235,1759855886.594401,0.0006773471832275391
1759855886.607393,1759855886.6394958,0.03210282325744629
1759855886.7800293,1759855886.7806535,0.0006241798400878906
1759855886.8447275,1759855886.8769689,0.0322413444519043
1759855887.0468116,1759855887.047471,0.0006594657897949219
1759855887.0530329,1759855887.08539,0.032357215881347656
1759855887.2278042,1759855887.228412,0.0006077289581298828
1759855887.287119,1759855887.3182745,0.03115558624267578
1759855887.4603107,1759855887.4610238,0.0007131099700927734
1759855887.4809694,1759855887.5150342,0.03406476974487305
1759855887.6512852,1759855887.6519125,0.0006272792816162109
1759855887.712824,1759855887.7440097,0.031185626983642578
1759855887.9129152,1759855887.913542,0.0006268024444580078
1759855887.9255445,1759855887.9536572,0.02811264991760254
1759855888.112483,1759855888.1131084,0.0006253719329833984
1759855888.1700742,1759855888.1996162,0.029541969299316406
1759855888.3547862,1759855888.3555143,0.0007281303405761719
1759855888.3772488,1759855888.4057012,0.028452396392822266
1759855888.5289621,1759855888.5297413,0.0007791519165039062
1759855888.660398,1759855888.6888163,0.028418302536010742
1759855888.8230808,1759855888.82373,0.0006492137908935547
1759855888.880886,1759855888.91502,0.0341339111328125
1759855889.0773053,1759855889.0781865,0.000881195068359375
1759855889.1070173,1759855889.139508,0.03249073028564453
1759855889.2683463,1759855889.268959,0.0006127357482910156
1759855889.3379962,1759855889.372362,0.03436565399169922
1759855889.5229948,1759855889.5236185,0.0006237030029296875
1759855889.5427773,1759855889.576152,0.033374786376953125
1759855889.7230692,1759855889.723775,0.000705718994140625
1759855889.7778602,1759855889.805748,0.027887821197509766
1759855889.9361842,1759855889.9368303,0.0006461143493652344
1759855889.9762237,1759855890.006533,0.030309200286865234
1759855890.1510217,1759855890.1516213,0.0005996227264404297
1759855890.1888409,1759855890.2193265,0.03048563003540039
1759855890.3443248,1759855890.3449364,0.0006115436553955078
1759855890.391944,1759855890.4205937,0.02864980697631836
1759855890.556375,1759855890.5571446,0.0007696151733398438
1759855890.5869536,1759855890.6202166,0.03326296806335449
1759855890.7459667,1759855890.7465358,0.0005691051483154297
1759855890.8151507,1759855890.8471014,0.03195071220397949
1759855891.0005481,1759855891.0012379,0.0006897449493408203
1759855891.0023425,1759855891.0333755,0.031033039093017578
1759855891.1553032,1759855891.1559298,0.0006265640258789062
1759855891.241185,1759855891.2678368,0.026651859283447266
1759855891.416293,1759855891.4169242,0.0006313323974609375
1759855891.4169462,1759855891.4470975,0.0301513671875
1759855891.6430285,1759855891.6436944,0.0006659030914306641
1759855891.6521304,1759855891.6837704,0.031640052795410156
1759855891.876024,1759855891.876744,0.0007200241088867188
1759855891.8971796,1759855891.9296966,0.0325169563293457
1759855892.0723343,1759855892.0729883,0.0006539821624755859
1759855892.104675,1759855892.131527,0.026851892471313477
1759855892.2541454,1759855892.2547724,0.0006270408630371094
1759855892.3137472,1759855892.3467903,0.03304314613342285
1759855892.4937952,1759855892.5230882,0.029293060302734375
1759855892.4938915,1759855892.5230825,0.029191017150878906
1759855892.6684985,1759855892.6690972,0.0005986690521240234
1759855892.680476,1759855892.713746,0.03327012062072754
1759855892.8508673,1759855892.851473,0.0006058216094970703
1759855892.9014213,1759855892.9333963,0.03197503089904785
1759855893.0680392,1759855893.068642,0.00060272216796875
1759855893.1061006,1759855893.138892,0.0327913761138916
1759855893.2803745,1759855893.2810366,0.0006620883941650391
1759855893.3014715,1759855893.32772,0.026248455047607422
1759855893.4508014,1759855893.4515014,0.0006999969482421875
1759855893.5295677,1759855893.5591667,0.02959895133972168
1759855893.6946406,1759855893.695321,0.0006804466247558594
1759855893.714048,1759855893.7459338,0.03188586235046387
1759855893.8995848,1759855893.900291,0.0007061958312988281
1759855893.9322739,1759855893.9597902,0.02751636505126953
1759855894.087743,1759855894.0884807,0.0007376670837402344
1759855894.1501644,1759855894.1766558,0.026491403579711914
1759855894.3347175,1759855894.3353493,0.0006318092346191406
1759855894.335856,1759855894.3693564,0.03350043296813965
1759855894.5019627,1759855894.5025704,0.0006077289581298828
1759855894.5786114,1759855894.6049793,0.026367902755737305
1759855894.8172226,1759855894.8178341,0.0006115436553955078
1759855894.825252,1759855894.8625133,0.037261247634887695
1759855895.0017467,1759855895.0024023,0.0006556510925292969
1759855895.0547252,1759855895.0849214,0.030196189880371094
1759855895.2100086,1759855895.2106643,0.0006556510925292969
1759855895.2537708,1759855895.2875466,0.03377580642700195
1759855895.4245858,1759855895.4252594,0.0006735324859619141
1759855895.4461396,1759855895.4778597,0.03172016143798828
1759855895.6057312,1759855895.606344,0.0006127357482910156
1759855895.6685455,1759855895.6959429,0.02739739418029785
1759855895.8383164,1759855895.8389387,0.0006222724914550781
1759855895.8496869,1759855895.8823428,0.032655954360961914
1759855896.0091116,1759855896.0098166,0.0007050037384033203
1759855896.0874987,1759855896.1188872,0.03138852119445801
1759855896.2697523,1759855896.2703125,0.0005602836608886719
1759855896.2747154,1759855896.3010914,0.026376008987426758
1759855896.4497101,1759855896.4502995,0.0005893707275390625
1759855896.5063398,1759855896.5385394,0.03219962120056152
1759855896.6778839,1759855896.6785629,0.00067901611328125
1759855896.70665,1759855896.7381215,0.03147149085998535
1759855896.8948836,1759855896.895543,0.0006594657897949219
1759855896.919811,1759855896.951132,0.031321048736572266
1759855897.081668,1759855897.0823493,0.0006814002990722656
1759855897.147692,1759855897.1747031,0.02701115608215332
1759855897.3301127,1759855897.330785,0.0006723403930664062
1759855897.3310976,1759855897.3646853,0.03358769416809082
1759855897.519143,1759855897.519778,0.0006349086761474609
1759855897.568108,1759855897.5971382,0.02903008460998535
1759855897.731638,1759855897.7322474,0.0006093978881835938
1759855897.8321514,1759855897.8725207,0.040369272232055664
1759855898.0060904,1759855898.0067265,0.0006361007690429688
1759855898.1225972,1759855898.1513443,0.028747081756591797
1759855898.2708905,1759855898.2715402,0.0006496906280517578
1759855898.3671567,1759855898.4001923,0.0330355167388916
1759855898.5304618,1759855898.5310807,0.0006189346313476562
1759855898.6105785,1759855898.642145,0.03156638145446777
1759855898.786223,1759855898.7868223,0.0005993843078613281
1759855898.7944615,1759855898.8216598,0.027198314666748047
1759855898.9565396,1759855898.957168,0.0006284713745117188
1759855899.0163462,1759855899.0429323,0.026586055755615234
1759855899.1853967,1759855899.1861198,0.0007231235504150391
1759855899.211914,1759855899.2536187,0.041704654693603516
1759855899.3956583,1759855899.396309,0.0006506443023681641
1759855899.4205747,1759855899.450896,0.030321359634399414
1759855899.5775151,1759855899.5783122,0.0007970333099365234
1759855899.6453393,1759855899.6764727,0.031133413314819336
1759855899.8187048,1759855899.819325,0.0006201267242431641
1759855899.8230777,1759855899.8520842,0.029006481170654297
1759855899.9784527,1759855899.9791796,0.0007269382476806641
1759855900.0693674,1759855900.102089,0.032721519470214844
1759855900.2393045,1759855900.2399786,0.0006740093231201172
1759855900.3425684,1759855900.3818183,0.03924989700317383
1759855900.5005832,1759855900.501201,0.0006177425384521484
1759855900.5899816,1759855900.6236615,0.033679962158203125
1759855900.76578,1759855900.7664359,0.0006558895111083984
1759855900.841225,1759855900.8702874,0.029062509536743164
1759855901.0009978,1759855901.0016344,0.0006365776062011719
1759855901.0742147,1759855901.1049747,0.03076004981994629
1759855901.2416723,1759855901.24235,0.0006778240203857422
1759855901.3000026,1759855901.332793,0.032790422439575195
1759855901.4683902,1759855901.46914,0.0007498264312744141
1759855901.4959714,1759855901.525648,0.02967667579650879
1759855901.6707885,1759855901.6715195,0.0007309913635253906
1759855901.7211564,1759855901.7479327,0.02677631378173828
1759855901.8700385,1759855901.870702,0.0006635189056396484
1759855901.9214923,1759855901.954522,0.03302955627441406
1759855902.1040988,1759855902.104726,0.0006272792816162109
1759855902.1225693,1759855902.1546924,0.03212308883666992
1759855902.2822635,1759855902.2828772,0.0006136894226074219
1759855902.3552456,1759855902.3892288,0.03398323059082031
1759855902.5393999,1759855902.539939,0.0005390644073486328
1759855902.5439465,1759855902.5704317,0.026485204696655273
1759855902.7077403,1759855902.7083912,0.0006508827209472656
1759855902.7853734,1759855902.8151517,0.029778242111206055
1759855902.9517825,1759855902.9523768,0.0005943775177001953
1759855902.954009,1759855902.9816582,0.0276491641998291
1759855903.1316097,1759855903.1322126,0.0006029605865478516
1759855903.1810563,1759855903.2147026,0.033646345138549805
1759855903.3484428,1759855903.3490913,0.00064849853515625
1759855903.381022,1759855903.406775,0.025753021240234375
1759855903.5496778,1759855903.5502863,0.0006084442138671875
1759855903.5848732,1759855903.616454,0.03158068656921387
1759855903.761242,1759855903.7618256,0.000583648681640625
1759855903.795542,1759855903.8237073,0.028165340423583984
1759855903.9960647,1759855903.99668,0.0006153583526611328
1759855904.01637,1759855904.0485742,0.03220415115356445
1759855904.1895168,1759855904.1902053,0.0006885528564453125
1759855904.2810826,1759855904.311243,0.03016042709350586
1759855904.4288375,1759855904.4294968,0.0006592273712158203
1759855904.5336368,1759855904.5667655,0.03312873840332031
1759855904.703461,1759855904.7041473,0.0006864070892333984
1759855904.7722244,1759855904.8040621,0.03183770179748535
1759855904.9454532,1759855904.946128,0.0006747245788574219
1759855904.9701076,1759855905.0036066,0.03349900245666504
1759855905.1459782,1759855905.1466465,0.0006682872772216797
1759855905.1766307,1759855905.2031505,0.026519775390625
1759855905.3347545,1759855905.3353748,0.0006203651428222656
1759855905.3943145,1759855905.4247758,0.03046131134033203
1759855905.5688226,1759855905.5694044,0.0005817413330078125
1759855905.579081,1759855905.610933,0.031852006912231445
1759855905.7450657,1759855905.7456782,0.0006124973297119141
1759855905.8143415,1759855905.847481,0.03313946723937988
1759855905.9922702,1759855905.9928079,0.0005376338958740234
1759855906.0186508,1759855906.045311,0.02666020393371582
1759855906.1883914,1759855906.1890612,0.0006697177886962891
1759855906.239036,1759855906.2689574,0.029921293258666992
1759855906.4069753,1759855906.4075484,0.0005731582641601562
1759855906.465677,1759855906.4951313,0.02945423126220703
1759855906.6370027,1759855906.637685,0.0006823539733886719
1759855906.6512709,1759855906.6843426,0.03307175636291504
1759855906.810326,1759855906.8109565,0.0006303787231445312
1759855906.8764987,1759855906.9082856,0.03178691864013672
1759855907.0491722,1759855907.0501323,0.0009601116180419922
1759855907.097051,1759855907.1245465,0.027495622634887695
1759855907.2600904,1759855907.260803,0.0007126331329345703
1759855907.2806723,1759855907.3116438,0.030971527099609375
1759855907.49066,1759855907.4913378,0.0006778240203857422
1759855907.5118897,1759855907.5454292,0.033539533615112305
1759855907.6789002,1759855907.679538,0.0006377696990966797
1759855907.7237425,1759855907.7500794,0.0263369083404541
1759855907.8739085,1759855907.8745222,0.0006136894226074219
1759855907.9089694,1759855907.9396045,0.03063511848449707
1759855908.0667007,1759855908.0673263,0.0006256103515625
1759855908.113803,1759855908.1454368,0.031633853912353516
1759855908.2942472,1759855908.2948732,0.0006260871887207031
1759855908.3064013,1759855908.336734,0.03033280372619629
1759855908.4571369,1759855908.457783,0.0006461143493652344
1759855908.560063,1759855908.5907595,0.030696630477905273
1759855908.729683,1759855908.7303278,0.0006449222564697266
1759855908.796232,1759855908.830774,0.034542083740234375
1759855908.979097,1759855908.9797323,0.0006353855133056641
1759855908.9846373,1759855909.0151122,0.03047490119934082
1759855909.14389,1759855909.144526,0.0006361007690429688
1759855909.2141957,1759855909.2433746,0.029178857803344727
1759855909.374738,1759855909.3754423,0.0007042884826660156
1759855909.3943284,1759855909.4219058,0.02757740020751953
1759855909.5521927,1759855909.5528507,0.0006580352783203125
1759855909.6225398,1759855909.6536267,0.03108692169189453
1759855909.7924275,1759855909.793047,0.0006194114685058594
1759855909.7945693,1759855909.8212955,0.026726245880126953
1759855909.941574,1759855909.942198,0.0006239414215087891
1759855910.066266,1759855910.0945005,0.028234481811523438
1759855910.2191613,1759855910.2198284,0.0006670951843261719
1759855910.3319838,1759855910.3639674,0.03198361396789551
1759855910.4846034,1759855910.4852536,0.0006501674652099609
1759855910.5605865,1759855910.5980446,0.037458181381225586
1759855910.7266338,1759855910.7272437,0.0006098747253417969
1759855910.727476,1759855910.7538545,0.026378631591796875
1759855910.8789296,1759855910.879528,0.0005984306335449219
1759855910.9519112,1759855910.9799225,0.028011322021484375
1759855911.1042438,1759855911.1049244,0.0006806850433349609
1759855911.1257846,1759855911.1524005,0.02661585807800293
1759855911.280273,1759855911.2809865,0.0007135868072509766
1759855911.3389924,1759855911.368585,0.02959275245666504
1759855911.4986608,1759855911.4992828,0.0006220340728759766
1759855911.5209029,1759855911.5577672,0.036864280700683594
1759855911.6832128,1759855911.6839414,0.000728607177734375
1759855911.725061,1759855911.7534835,0.02842259407043457
1759855911.8974338,1759855911.8981118,0.0006780624389648438
1759855911.9337292,1759855911.965961,0.032231807708740234
1759855912.1140504,1759855912.1146345,0.0005841255187988281
1759855912.1414247,1759855912.1730976,0.03167295455932617
1759855912.3094962,1759855912.3101473,0.0006511211395263672
1759855912.3585775,1759855912.3900476,0.03147006034851074
1759855912.5544841,1759855912.5551383,0.0006542205810546875
1759855912.5576766,1759855912.5888238,0.031147241592407227
1759855912.7139475,1759855912.7145758,0.0006282329559326172
1759855912.7937326,1759855912.8221147,0.028382062911987305
1759855912.9589648,1759855912.9595885,0.0006237030029296875
1759855912.974324,1759855913.0064054,0.03208136558532715
1759855913.210788,1759855913.2113497,0.0005617141723632812
1759855913.2533603,1759855913.2905664,0.037206172943115234
1759855913.4200923,1759855913.4207554,0.0006630420684814453
1759855913.4606686,1759855913.4883127,0.02764415740966797
1759855913.633794,1759855913.6344223,0.0006282329559326172
1759855913.6537294,1759855913.6837046,0.029975175857543945
1759855913.8129241,1759855913.8134842,0.0005600452423095703
1759855913.8956482,1759855913.9282057,0.03255748748779297
1759855914.0605385,1759855914.061193,0.0006544589996337891
1759855914.083481,1759855914.1095707,0.02608966827392578
1759855914.2536788,1759855914.2543368,0.0006580352783203125
1759855914.291736,1759855914.3231282,0.03139233589172363
1759855914.4504683,1759855914.4510875,0.0006191730499267578
1759855914.5004225,1759855914.5305982,0.03017568588256836
1759855914.6807656,1759855914.6813757,0.0006101131439208984
1759855914.6884913,1759855914.7215247,0.03303337097167969
1759855914.845935,1759855914.8465648,0.0006296634674072266
1759855914.9239862,1759855914.9522161,0.028229951858520508
1759855915.0943146,1759855915.0950832,0.0007686614990234375
1759855915.1056073,1759855915.1388144,0.03320717811584473
1759855915.286567,1759855915.287185,0.00061798095703125
1759855915.337821,1759855915.3643844,0.026563405990600586
1759855915.4897838,1759855915.490472,0.0006883144378662109
1759855915.536236,1759855915.5690622,0.03282618522644043
1759855915.723533,1759855915.7241185,0.0005855560302734375
1759855915.7435827,1759855915.7734387,0.029855966567993164
1759855915.902252,1759855915.9028783,0.0006263256072998047
1759855915.9705064,1759855915.9983087,0.027802228927612305
1759855916.202488,1759855916.2031212,0.00063323974609375
1759855916.214257,1759855916.2450016,0.030744552612304688
1759855916.3928802,1759855916.3934915,0.0006113052368164062
1759855916.4353664,1759855916.4677327,0.032366275787353516
1759855916.5910554,1759855916.5917246,0.0006692409515380859
1759855916.6376088,1759855916.6694818,0.03187298774719238
1759855916.828039,1759855916.8287191,0.0006802082061767578
1759855916.8326027,1759855916.864059,0.03145623207092285
1759855916.989461,1759855916.9902124,0.000751495361328125
1759855917.0852518,1759855917.1122382,0.026986360549926758
1759855917.256203,1759855917.2568312,0.0006282329559326172
1759855917.3484404,1759855917.383761,0.03532052040100098
1759855917.5057704,1759855917.5063972,0.0006268024444580078
1759855917.6325378,1759855917.6743329,0.04179501533508301
1759855917.8209949,1759855917.8216279,0.0006330013275146484
1759855917.860915,1759855917.893624,0.03270912170410156
1759855918.0171683,1759855918.0178766,0.0007083415985107422
1759855918.0669153,1759855918.0963125,0.029397249221801758
1759855918.2585785,1759855918.2592492,0.0006706714630126953
1759855918.2657404,1759855918.299238,0.03349757194519043
1759855918.4262164,1759855918.4269185,0.0007021427154541016
1759855918.506729,1759855918.5343397,0.02761077880859375
1759855918.6850827,1759855918.6856372,0.0005545616149902344
1759855918.6904492,1759855918.721777,0.03132772445678711
1759855918.8563123,1759855918.8569038,0.0005915164947509766
1759855918.9183824,1759855918.9484055,0.03002309799194336
1759855919.1458614,1759855919.1464696,0.0006082057952880859
1759855919.181265,1759855919.2153118,0.03404664993286133
1759855919.3675425,1759855919.368166,0.0006234645843505859
1759855919.3892345,1759855919.4200218,0.030787229537963867
1759855919.5475996,1759855919.548298,0.0006983280181884766
1759855919.6231484,1759855919.6574566,0.03430819511413574
1759855919.7927294,1759855919.793402,0.0006725788116455078
1759855919.802996,1759855919.830007,0.02701115608215332
1759855919.9900618,1759855919.9906983,0.0006365776062011719
1759855920.0277932,1759855920.0555081,0.027714967727661133
1759855920.1932964,1759855920.1939175,0.0006210803985595703
1759855920.2506385,1759855920.2815678,0.0309293270111084
1759855920.4363148,1759855920.4652867,0.02897191047668457
1759855920.4362564,1759855920.4652972,0.029040813446044922
1759855920.6277575,1759855920.6283686,0.0006110668182373047
1759855920.6296966,1759855920.6610296,0.031332969665527344
1759855920.7780194,1759855920.7786214,0.0006020069122314453
1759855920.8698132,1759855920.8984332,0.028620004653930664
1759855921.0411062,1759855921.0418217,0.0007154941558837891
1759855921.0482283,1759855921.0770855,0.02885723114013672
1759855921.2165568,1759855921.2172058,0.0006489753723144531
1759855921.2760653,1759855921.3098085,0.03374314308166504
1759855921.4437907,1759855921.444465,0.0006742477416992188
1759855921.4681728,1759855921.5001082,0.03193545341491699
1759855921.6629894,1759855921.6636646,0.000675201416015625
1759855921.6895652,1759855921.717702,0.028136730194091797
1759855921.8578267,1759855921.8585868,0.0007600784301757812
1759855921.9258735,1759855921.9584267,0.03255319595336914
1759855922.113125,1759855922.1137848,0.0006597042083740234
1759855922.1182528,1759855922.1457877,0.027534961700439453
1759855922.3527846,1759855922.3534086,0.0006239414215087891
1759855922.4138207,1759855922.4471233,0.03330254554748535
1759855922.573876,1759855922.574554,0.0006780624389648438
1759855922.6099412,1759855922.641741,0.0317997932434082
1759855922.7960098,1759855922.7966514,0.0006415843963623047
1759855922.8178198,1759855922.8488579,0.03103804588317871
1759855922.9792922,1759855922.979938,0.0006458759307861328
1759855923.0492625,1759855923.082977,0.03371453285217285
1759855923.2229896,1759855923.223653,0.0006635189056396484
1759855923.2278214,1759855923.2545063,0.026684999465942383
1759855923.3930638,1759855923.393735,0.0006711483001708984
1759855923.4740777,1759855923.5014672,0.0273895263671875
1759855923.6458714,1759855923.6465259,0.0006544589996337891
1759855923.6681027,1759855923.6987095,0.030606746673583984
1759855923.8595638,1759855923.8602269,0.0006630420684814453
1759855923.890782,1759855923.9223852,0.031603097915649414
1759855924.0586605,1759855924.059294,0.0006334781646728516
1759855924.1231267,1759855924.1541998,0.03107309341430664
1759855924.2946506,1759855924.2952926,0.0006420612335205078
1759855924.3030667,1759855924.3353267,0.03225994110107422
1759855924.4805667,1759855924.4812987,0.0007319450378417969
1759855924.5368805,1759855924.5699883,0.033107757568359375
1759855924.6939664,1759855924.6948256,0.0008592605590820312
1759855924.7292848,1759855924.7630343,0.03374958038330078
1759855924.9011672,1759855924.9017484,0.0005812644958496094
1759855924.9280038,1759855924.9604993,0.03249549865722656
1759855925.0809705,1759855925.0816998,0.0007293224334716797
1759855925.198035,1759855925.2398937,0.041858673095703125
1759855925.372953,1759855925.3735337,0.0005807876586914062
1759855925.4766295,1759855925.509466,0.0328364372253418
1759855925.6331515,1759855925.6337662,0.0006146430969238281
1759855925.7307434,1759855925.7588692,0.028125762939453125
1759855925.907329,1759855925.9079804,0.0006513595581054688
1759855925.9810498,1759855926.0079389,0.02688908576965332
1759855926.1496284,1759855926.1502542,0.0006258487701416016
1759855926.1796358,1759855926.2136781,0.0340423583984375
1759855926.358027,1759855926.3586082,0.0005812644958496094
1759855926.3972332,1759855926.427265,0.030031681060791016
1759855926.5653703,1759855926.5661333,0.000762939453125
1759855926.6008236,1759855926.6290329,0.028209209442138672
1759855926.7838888,1759855926.7845078,0.0006189346313476562
1759855926.8034472,1759855926.8295796,0.02613234519958496
1759855926.9519403,1759855926.952551,0.0006105899810791016
1759855927.0248163,1759855927.0574267,0.032610416412353516
1759855927.2017934,1759855927.2024262,0.0006327629089355469
1759855927.2179062,1759855927.2487104,0.030804157257080078
1759855927.402052,1759855927.402654,0.0006020069122314453
1759855927.4505413,1759855927.483231,0.032689809799194336
1759855927.613231,1759855927.6138957,0.0006647109985351562
1759855927.6540477,1759855927.6855857,0.03153800964355469
1759855927.8343544,1759855927.8349948,0.0006403923034667969
1759855927.8550854,1759855927.8846185,0.02953314781188965
1759855928.0071042,1759855928.0077426,0.0006384849548339844
1759855928.0848944,1759855928.1125555,0.02766108512878418
1759855928.327872,1759855928.3285353,0.0006632804870605469
1759855994.0759964,1759855994.0766494,0.0006530284881591797
1759855994.346881,1759855994.3475099,0.0006289482116699219
1759855994.6150517,1759855994.6454992,0.03044748306274414
1759855994.7732818,1759855994.7739062,0.0006244182586669922
1759855995.0342057,1759855995.059677,0.025471210479736328
1759855995.263135,1759855995.2881513,0.025016307830810547
1759855995.434171,1759855995.4349658,0.0007948875427246094
1759855995.71879,1759855995.7194324,0.0006422996520996094
1759855995.9748018,1759855996.0057163,0.0309145450592041
1759855996.1743376,1759855996.1749704,0.0006327629089355469
1759855996.4400125,1759855996.4685388,0.02852630615234375
1759855996.6131947,1759855996.6137772,0.0005824565887451172
1759855996.8875513,1759855996.888208,0.0006566047668457031
1759855997.1440332,1759855997.175883,0.03184986114501953
1759855997.329511,1759855997.3598783,0.030367374420166016
1759855997.4957807,1759855997.4964786,0.0006978511810302734
1759855997.8510976,1759855997.8761616,0.02506399154663086
1759855998.034075,1759855998.034758,0.0006830692291259766
1759855998.2951064,1759855998.324261,0.029154539108276367
1759855998.545449,1759855998.5707047,0.025255680084228516
1759855998.7110112,1759855998.7115955,0.0005843639373779297
1759855998.9650757,1759855998.9963431,0.031267404556274414
1759855999.142082,1759855999.1427994,0.0007174015045166016
1759855999.4149227,1759855999.4435859,0.028663158416748047
1759855999.588972,1759855999.5895824,0.0006103515625
1759855999.856393,1759855999.8919556,0.03556251525878906
1759856000.0268643,1759856000.0274816,0.0006172657012939453
1759856000.2854347,1759856000.3138216,0.028386831283569336
1759856000.4602268,1759856000.460897,0.0006701946258544922
1759856000.712391,1759856000.7376504,0.02525949478149414
1759856000.8802118,1759856000.8808935,0.0006816387176513672
1759856001.2495346,1759856001.2784963,0.028961658477783203
1759856001.4777431,1759856001.5035589,0.025815725326538086
1759856001.660671,1759856001.6612802,0.0006091594696044922
1759856001.915074,1759856001.9438646,0.02879047393798828
1759856002.0798316,1759856002.0804288,0.0005972385406494141
1759856002.3535867,1759856002.379623,0.02603626251220703
1759856002.5230713,1759856002.5237052,0.0006339550018310547
1759856002.791564,1759856002.820384,0.028820037841796875
1759856002.9683046,1759856002.9689388,0.0006341934204101562
1759856003.2455232,1759856003.2764435,0.03092026710510254
1759856003.424713,1759856003.4253452,0.0006322860717773438
1759856003.683378,1759856003.7146142,0.03123617172241211
1759856003.8638048,1759856003.8644168,0.0006120204925537109
1759856004.115888,1759856004.1164966,0.0006084442138671875
1759856004.3676336,1759856004.3951,0.027466535568237305
1759856004.5635726,1759856004.5641813,0.0006086826324462891
1759856004.8659303,1759856004.8912594,0.025329113006591797
1759856005.0454805,1759856005.046108,0.0006275177001953125
1759856005.3159256,1759856005.3465254,0.03059983253479004
1759856005.4850283,1759856005.4856439,0.0006155967712402344
1759856005.7549498,1759856005.7859406,0.0309908390045166
1759856005.9402163,1759856005.9408872,0.0006709098815917969
1759856006.1860995,1759856006.217897,0.03179740905761719
1759856006.360958,1759856006.3615704,0.0006122589111328125
1759856006.6256566,1759856006.6570213,0.03136467933654785
1759856006.7968738,1759856006.7974646,0.0005908012390136719
1759856007.0534596,1759856007.054133,0.0006732940673828125
1759856007.2971659,1759856007.322,0.024834156036376953
1759856007.4763732,1759856007.4769657,0.0005924701690673828
1759856007.7887418,1759856007.8182805,0.029538631439208984
1759856007.9562354,1759856007.9568715,0.0006361007690429688
1759856008.2171159,1759856008.2177534,0.0006375312805175781
1759856008.467884,1759856008.498064,0.030179977416992188
1759856008.6465223,1759856008.647173,0.0006506443023681641
1759856008.9029725,1759856008.9337873,0.03081488609313965
1759856009.0792253,1759856009.0798345,0.0006091594696044922
1759856009.324745,1759856009.3514245,0.026679515838623047
1759856009.5146418,1759856009.5152674,0.0006256103515625
1759856009.7663748,1759856009.7952566,0.02888178825378418
1759856009.9475894,1759856009.948201,0.0006115436553955078
1759856010.2032998,1759856010.2040274,0.0007276535034179688
1759856010.4521785,1759856010.4782453,0.02606678009033203
1759856010.6170993,1759856010.6178331,0.0007338523864746094
1759856010.9222915,1759856010.95357,0.031278371810913086
1759856011.1118145,1759856011.1124358,0.0006213188171386719
1759856011.3558462,1759856011.3873417,0.03149557113647461
1759856011.5406048,1759856011.5412543,0.0006494522094726562
1759856011.792989,1759856011.8182003,0.025211334228515625
1759856011.9749513,1759856011.9757037,0.0007524490356445312
1759856012.257172,1759856012.2824326,0.025260448455810547
1759856012.421936,1759856012.4226177,0.0006816387176513672
1759856012.6942606,1759856012.7339783,0.039717674255371094
1759856012.8764217,1759856012.8771756,0.0007538795471191406
1759856383.932591,1759856383.9613853,0.028794288635253906
1759856384.795372,1759856384.7960336,0.0006616115570068359
1759856384.870027,1759856384.8954308,0.025403738021850586
1759856385.0412939,1759856385.0419457,0.0006518363952636719
1759856385.0665967,1759856385.0966992,0.03010249137878418
1759856385.2497187,1759856385.2503567,0.0006380081176757812
1759856385.2914004,1759856385.3225398,0.031139373779296875
1759856385.4785805,1759856385.4791949,0.0006144046783447266
1759856385.5153158,1759856385.5406373,0.025321483612060547
1759856385.6902323,1759856385.6909704,0.0007381439208984375
1759856385.7375047,1759856385.7665336,0.029028892517089844
1759856385.9087849,1759856385.9094636,0.0006787776947021484
1759856385.9395747,1759856385.9704826,0.030907869338989258
1759856386.1198893,1759856386.1205328,0.0006434917449951172
1759856386.155179,1759856386.1844409,0.02926182746887207
1759856386.3193889,1759856386.3200483,0.0006594657897949219
1759856386.3650222,1759856386.3954587,0.03043651580810547
1759856386.552496,1759856386.5531242,0.0006282329559326172
1759856386.582749,1759856386.6117287,0.028979778289794922
1759856386.7489614,1759856386.7495925,0.0006310939788818359
1759856386.8622518,1759856386.8919709,0.029719114303588867
1759856387.0566416,1759856387.057323,0.0006814002990722656
1759856387.1008053,1759856387.1300778,0.02927255630493164
1759856387.250946,1759856387.251522,0.000576019287109375
1759856387.3058414,1759856387.3329203,0.027078866958618164
1759856387.4895573,1759856387.4905715,0.0010142326354980469
1759856387.5151746,1759856387.5421855,0.02701091766357422
1759856387.6884973,1759856387.6891463,0.0006489753723144531
1759856387.738594,1759856387.769818,0.03122401237487793
1759856387.9153414,1759856387.9159575,0.0006160736083984375
1759856387.9853466,1759856388.0204012,0.035054683685302734
1759856388.1662476,1759856388.1668339,0.0005862712860107422
1759856388.1722531,1759856388.203208,0.030954837799072266
1759856388.3520312,1759856388.3527226,0.0006914138793945312
1759856388.4099097,1759856388.436566,0.026656389236450195
1759856388.584036,1759856388.5846825,0.0006463527679443359
1759856388.620387,1759856388.6479511,0.027564048767089844
1759856388.7964785,1759856388.7970967,0.0006182193756103516
1759856388.824774,1759856388.8494902,0.02471613883972168
1759856388.9952476,1759856388.9959092,0.0006616115570068359
1759856389.046016,1759856389.0744386,0.02842259407043457
1759856389.227706,1759856389.2283118,0.0006058216094970703
1759856389.2530985,1759856389.2790961,0.025997638702392578
1759856389.411631,1759856389.4123018,0.0006706714630126953
1759856389.4694722,1759856389.499019,0.029546737670898438
1759856389.656123,1759856389.656822,0.0006990432739257812
1759856389.6597445,1759856389.688022,0.02827739715576172
1759856389.814212,1759856389.8149817,0.0007696151733398438
1759856389.9468322,1759856389.9733834,0.026551246643066406
1759856390.128446,1759856390.1290946,0.00064849853515625
1759856390.1710052,1759856390.1962285,0.025223255157470703
1759856390.3297102,1759856390.330369,0.0006587505340576172
1759856390.3727212,1759856390.3980541,0.025332927703857422
1759856390.5423388,1759856390.5430117,0.0006728172302246094
1759856390.5710843,1759856390.5962589,0.025174617767333984
1759856390.730774,1759856390.7314136,0.0006396770477294922
1759856390.789854,1759856390.8204787,0.0306246280670166
1759856390.9644814,1759856390.9651945,0.0007131099700927734
1759856391.0290768,1759856391.0594862,0.03040933609008789
1759856391.2073405,1759856391.208088,0.0007474422454833984
1759856391.2205663,1759856391.2454417,0.024875402450561523
1759856391.3849502,1759856391.3855374,0.0005872249603271484
1759856391.4455,1759856391.4705243,0.0250244140625
1759856391.6129978,1759856391.6137435,0.0007457733154296875
1759856391.6442885,1759856391.6749442,0.030655622482299805
1759856391.8171806,1759856391.8179271,0.0007464885711669922
1759856391.8461397,1759856391.87383,0.027690410614013672
1759856392.0110908,1759856392.0116887,0.0005979537963867188
1759856392.0865207,1759856392.113807,0.027286291122436523
1759856392.2640953,1759856392.2648034,0.0007081031799316406
1759856392.2696273,1759856392.294676,0.02504873275756836
1759856392.420588,1759856392.4212954,0.0007073879241943359
1759856392.517736,1759856392.5472622,0.029526233673095703
1759856392.7440507,1759856392.744647,0.0005962848663330078
1759856392.7783213,1759856392.803471,0.025149822235107422
1759856392.9399116,1759856392.9408157,0.000904083251953125
1759856392.998752,1759856393.0236747,0.024922609329223633
1759856393.1944823,1759856393.1951602,0.0006778240203857422
1759856393.2059608,1759856393.235106,0.029145240783691406
1759856393.3619742,1759856393.3627176,0.0007433891296386719
1759856393.4451685,1759856393.4755678,0.030399322509765625
1759856393.603782,1759856393.6044185,0.0006365776062011719
1759856393.6370168,1759856393.6618855,0.02486872673034668
1759856393.798674,1759856393.7993593,0.0006852149963378906
1759856393.8492017,1759856393.879615,0.030413389205932617
1759856394.017006,1759856394.0176759,0.0006699562072753906
1759856394.0753067,1759856394.1013796,0.026072978973388672
1759856394.2603338,1759856394.261024,0.0006902217864990234
1759856394.2731764,1759856394.3025737,0.029397249221801758
1759856394.4837577,1759856394.4844065,0.0006487369537353516
1759856394.5077527,1759856394.5330248,0.025272130966186523
1759856394.6694157,1759856394.67004,0.0006241798400878906
1759856394.7263505,1759856394.7562828,0.029932260513305664
1759856394.898675,1759856394.899322,0.0006470680236816406
1759856394.9360077,1759856394.9630585,0.02705073356628418
1759856395.1018777,1759856395.1025221,0.0006444454193115234
1759856395.1347516,1759856395.1626182,0.027866601943969727
1759856395.3051603,1759856395.3058546,0.00069427490234375
1759856395.370973,1759856395.3974366,0.02646350860595703
1759856395.5394995,1759856395.5402713,0.0007717609405517578
1759856395.5610108,1759856395.5861838,0.025172948837280273
1759856395.732288,1759856395.7329283,0.0006403923034667969
1759856395.7713797,1759856395.7987602,0.02738046646118164
1759856395.9433658,1759856395.9440682,0.0007023811340332031
1759856396.0518973,1759856396.0817122,0.029814958572387695
1759856396.2147894,1759856396.21545,0.0006606578826904297
1759856396.280903,1759856396.3058355,0.024932384490966797
1759856396.4344687,1759856396.4350836,0.0006148815155029297
1759856396.479062,1759856396.5045376,0.025475502014160156
1759856396.664681,1759856396.6652822,0.0006012916564941406
1759856396.6727116,1759856396.6995306,0.02681899070739746
1759856396.8216937,1759856396.8223298,0.0006361007690429688
1759856396.899768,1759856396.925131,0.02536296844482422
1759856397.0728564,1759856397.073446,0.0005896091461181641
1759856397.129525,1759856397.1544929,0.02496790885925293
1759856397.303771,1759856397.3045268,0.0007557868957519531
1759856397.3483205,1759856397.378811,0.030490398406982422
1759856397.5280712,1759856397.52883,0.0007588863372802734
1759856397.5525334,1759856397.5824218,0.029888391494750977
1759856397.7076209,1759856397.708337,0.0007162094116210938
1759856397.767363,1759856397.7980838,0.03072071075439453
1759856397.952346,1759856397.9529424,0.0005962848663330078
1759856397.9555962,1759856397.9807746,0.02517843246459961
1759856398.1125653,1759856398.1132812,0.0007159709930419922
1759856398.1929917,1759856398.2211668,0.02817511558532715
1759856398.3718157,1759856398.3724163,0.0006005764007568359
1759856398.383378,1759856398.4142118,0.030833721160888672
1759856398.5704591,1759856398.5711143,0.0006551742553710938
1759856398.6069129,1759856398.6349566,0.028043746948242188
1759856398.7561853,1759856398.7567887,0.0006034374237060547
1759856398.875452,1759856398.9033756,0.027923583984375
1759856399.0461416,1759856399.0467927,0.0006511211395263672
1759856399.1122959,1759856399.14263,0.0303342342376709
1759856399.2842097,1759856399.2849286,0.0007188320159912109
1759856399.3115573,1759856399.3381512,0.026593923568725586
1759856399.4756072,1759856399.476234,0.0006268024444580078
1759856399.5136306,1759856399.5443177,0.03068709373474121
1759856399.7042,1759856399.704812,0.0006120204925537109
1759856399.7202384,1759856399.7481747,0.027936220169067383
1759856399.895652,1759856399.8963416,0.0006895065307617188
1759856399.9411895,1759856399.968122,0.026932477951049805
1759856400.1266465,1759856400.127408,0.0007615089416503906
1759856400.147212,1759856400.173833,0.026620864868164062
1759856400.3258703,1759856400.326485,0.0006146430969238281
1759856400.40728,1759856400.4361155,0.028835535049438477
1759856400.5675738,1759856400.5682936,0.0007197856903076172
1759856400.586816,1759856400.6176403,0.03082418441772461
1759856400.7424495,1759856400.743142,0.0006923675537109375
1759856400.7950757,1759856400.8201323,0.02505660057067871
1759856400.9546435,1759856400.957571,0.002927541732788086
1759856401.0113947,1759856401.0362785,0.024883747100830078
1759856401.1819036,1759856401.1824965,0.0005929470062255859
1759856401.2143483,1759856401.2389343,0.024585962295532227
1759856401.3804946,1759856401.3812194,0.00072479248046875
1759856401.433865,1759856401.4645185,0.03065347671508789
1759856401.6046267,1759856401.6052423,0.0006155967712402344
1759856401.6365035,1759856401.6649551,0.02845168113708496
1759856401.8388374,1759856401.8394332,0.0005958080291748047
1759856401.845913,1759856401.8722925,0.02637958526611328
1759856401.9995291,1759856402.000195,0.0006659030914306641
1759856402.0703025,1759856402.0978734,0.02757096290588379
1759856402.2408307,1759856402.2415795,0.0007488727569580078
1759856402.2552123,1759856402.2840707,0.028858423233032227
1759856402.4155617,1759856402.4161441,0.0005824565887451172
1759856402.4686866,1759856402.495951,0.02726435661315918
1759856402.6175485,1759856402.6182094,0.0006608963012695312
1759856402.6699417,1759856402.6950984,0.025156736373901367
1759856402.837499,1759856402.8381574,0.0006585121154785156
1759856402.8784044,1759856402.9091644,0.03076004981994629
1759856403.0833597,1759856403.0839517,0.0005919933319091797
1759856403.0882094,1759856403.1149545,0.026745080947875977
1759856403.2469258,1759856403.2476032,0.0006773471832275391
1759856403.3133833,1759856403.338048,0.024664640426635742
1759856403.4653563,1759856403.4659638,0.0006074905395507812
1759856403.491647,1759856403.5191958,0.027548789978027344
1759856403.6447158,1759856403.6454005,0.0006847381591796875
1759856403.6949635,1759856403.7217164,0.026752948760986328
1759856403.8605137,1759856403.8611503,0.0006365776062011719
1759856403.912863,1759856403.9392333,0.02637028694152832
1759856404.0698342,1759856404.0704749,0.0006406307220458984
1759856404.1050665,1759856404.1340024,0.028935909271240234
1759856404.2811265,1759856404.2817533,0.0006268024444580078
1759856404.3044198,1759856404.3325768,0.02815699577331543
1759856404.4705517,1759856404.4712465,0.0006947517395019531
1759856404.5169704,1759856404.5456686,0.028698205947875977
1759856404.7097976,1759856404.7104204,0.0006227493286132812
1759856404.7284539,1759856404.7562537,0.02779984474182129
1759856404.8860307,1759856404.8866868,0.0006561279296875
1759856404.9380274,1759856404.9655547,0.027527332305908203
1759856405.116964,1759856405.1176343,0.0006701946258544922
1759856405.145503,1759856405.1708102,0.025307178497314453
1759856405.3050542,1759856405.3057134,0.0006592273712158203
1759856405.3598664,1759856405.3867757,0.026909351348876953
1759856405.525464,1759856405.5261474,0.0006833076477050781
1759856405.550397,1759856405.580185,0.02978801727294922
1759856405.713502,1759856405.7141979,0.0006959438323974609
1759856405.813734,1759856405.83821,0.024476051330566406
1759856405.963777,1759856405.9644141,0.000637054443359375
1759856406.0511057,1759856406.0758133,0.024707555770874023
1759856406.2153964,1759856406.2160363,0.0006399154663085938
1759856406.2172751,1759856406.244907,0.027631759643554688
1759856406.365175,1759856406.3658695,0.0006945133209228516
1759856406.4394372,1759856406.4674282,0.027991056442260742
1759856406.598914,1759856406.5995224,0.0006084442138671875
1759856406.6031163,1759856406.6278825,0.024766206741333008
1759856406.7531645,1759856406.7537637,0.0005991458892822266
1759856406.8270922,1759856406.8519652,0.024873018264770508
1759856406.9856513,1759856406.9863193,0.0006680488586425781
1759856406.9968712,1759856407.0222762,0.025404930114746094
1759856407.1523094,1759856407.1529298,0.0006203651428222656
1759856407.2234375,1759856407.2501404,0.026702880859375
1759856407.385704,1759856407.3863778,0.0006737709045410156
1759856407.3984678,1759856407.423534,0.025066137313842773
1759856407.5565188,1759856407.55725,0.0007312297821044922
1759856407.6094155,1759856407.6465626,0.03714704513549805
1759856407.776441,1759856407.7770865,0.0006453990936279297
1759856407.845029,1759856407.8748715,0.029842376708984375
1759856408.0167756,1759856408.0174587,0.0006830692291259766
1759856408.023232,1759856408.0508413,0.02760934829711914
1759856408.1781664,1759856408.1788101,0.0006437301635742188
1759856408.2470264,1759856408.2720153,0.024988889694213867
1759856408.4080305,1759856408.4086888,0.0006582736968994141
1759856408.4253998,1759856408.451046,0.025646209716796875
1759856408.6369953,1759856408.6376326,0.0006372928619384766
1759856408.6447968,1759856408.6700325,0.025235652923583984
1759856408.8014295,1759856408.8021522,0.0007226467132568359
1759856408.8974996,1759856408.9248037,0.02730417251586914
1759856409.053561,1759856409.0542262,0.0006651878356933594
1759856409.140798,1759856409.166293,0.025494813919067383
1759856409.314589,1759856409.3153238,0.0007348060607910156
1759856409.3149862,1759856409.3450322,0.03004598617553711
1759856409.487676,1759856409.4882734,0.0005974769592285156
1759856409.490155,1759856409.5173695,0.027214527130126953
1759856409.6580708,1759856409.6587336,0.0006628036499023438
1759856409.7445722,1759856409.7732868,0.028714656829833984
1759856409.9149396,1759856409.9155998,0.0006601810455322266
1759856409.9158998,1759856409.943527,0.027627229690551758
1759856410.0669453,1759856410.0676162,0.0006709098815917969
1759856410.1438391,1759856410.1689026,0.025063514709472656
1759856410.310163,1759856410.3107607,0.0005977153778076172
1759856410.3138514,1759856410.3432875,0.029436111450195312
1759856410.4756112,1759856410.476278,0.0006668567657470703
1759856410.588592,1759856410.619041,0.03044891357421875
1759856410.7353492,1759856410.7359512,0.0006020069122314453
1759856410.8329425,1759856410.8587039,0.02576136589050293
1759856410.980544,1759856410.9811552,0.0006110668182373047
1759856411.071326,1759856411.1011333,0.029807329177856445
1759856411.2296185,1759856411.23022,0.0006015300750732422
1759856411.3245192,1759856411.354123,0.029603958129882812
1759856411.4764667,1759856411.4771216,0.0006549358367919922
1759856411.5785022,1759856411.6076035,0.02910137176513672
1759856411.7483447,1759856411.7491663,0.0008215904235839844
1759856411.872178,1759856411.89776,0.025581836700439453
1759856412.0302362,1759856412.0309346,0.0006983280181884766
1759856412.0901685,1759856412.1175866,0.027418136596679688
1759856412.2573571,1759856412.2579958,0.0006387233734130859
1759856412.2817485,1759856412.3100624,0.028313875198364258
1759856412.4447303,1759856412.4453926,0.0006623268127441406
1759856412.4927711,1759856412.5191367,0.02636551856994629
1759856412.6664166,1759856412.6670282,0.0006115436553955078
1759856412.697453,1759856412.727649,0.030195951461791992
1759856412.8808396,1759856412.881608,0.0007684230804443359
1759856412.902399,1759856412.927652,0.025252819061279297
1759856413.0592058,1759856413.0598838,0.0006780624389648438
1759856413.1219854,1759856413.1475,0.025514602661132812
1759856413.2906377,1759856413.2913663,0.000728607177734375
1759856413.3044522,1759856413.3344655,0.030013322830200195
1759856413.467814,1759856413.4684908,0.0006768703460693359
1759856413.5435927,1759856413.574057,0.03046441078186035
1759856413.7241485,1759856413.7247858,0.0006372928619384766
1759856413.7606893,1759856413.7890542,0.028364896774291992
1759856413.9327347,1759856413.9334395,0.0007047653198242188
1759856413.9899387,1759856414.0191426,0.02920389175415039
1759856414.1727893,1759856414.1734903,0.0007009506225585938
1759856414.1822345,1759856414.2119985,0.02976393699645996
1759856414.3371344,1759856414.3377283,0.0005939006805419922
1759856414.418537,1759856414.4437234,0.025186538696289062
1759856414.5878308,1759856414.5884476,0.0006167888641357422
1759856414.5890644,1759856414.6141453,0.02508091926574707
1759856414.7360878,1759856414.7367716,0.0006837844848632812
1759856414.8822708,1759856414.9110773,0.028806447982788086
1759856415.0698867,1759856415.0705595,0.0006728172302246094
1759856415.101053,1759856415.1311662,0.03011322021484375
1759856415.2626016,1759856415.2632031,0.0006015300750732422
1759856415.315295,1759856415.3443255,0.029030561447143555
1759856415.4886389,1759856415.489304,0.0006651878356933594
1759856415.5003462,1759856415.5260851,0.025738954544067383
1759856415.6622777,1759856415.6629307,0.0006530284881591797
1759856415.7321787,1759856415.7590947,0.026916027069091797
1759856415.9044352,1759856415.905066,0.0006308555603027344
1759856415.9261208,1759856415.9561033,0.029982566833496094
1759856416.1081991,1759856416.108832,0.0006327629089355469
1759856416.152711,1759856416.1777165,0.025005578994750977
1759856416.3240147,1759856416.324653,0.0006382465362548828
1759856416.374301,1759856416.3989866,0.02468562126159668
1759856416.5563717,1759856416.5569577,0.0005860328674316406
1759856416.5611966,1759856416.5895529,0.028356313705444336
1759856416.7706506,1759856416.7713296,0.00067901611328125
1759856416.8034513,1759856416.8334324,0.029981136322021484
1759856416.9923732,1759856416.9930797,0.0007064342498779297
1759856417.0140777,1759856417.0442996,0.030221939086914062
1759856417.181757,1759856417.1823964,0.0006394386291503906
1759856417.2527895,1759856417.2807562,0.027966737747192383
1759856417.4366724,1759856417.4373343,0.0006618499755859375
1759856417.437422,1759856417.461933,0.024510860443115234
1759856417.5888786,1759856417.5895464,0.0006678104400634766
1759856417.6928906,1759856417.722042,0.029151439666748047
1759856417.8679583,1759856417.8686335,0.000675201416015625
1759856417.9458616,1759856417.9760273,0.030165672302246094
1759856418.1025128,1759856418.103205,0.0006921291351318359
1759856418.178481,1759856418.215906,0.03742480278015137
1759856418.3580315,1759856418.3586757,0.0006442070007324219
1759856418.369559,1759856418.3985238,0.028964757919311523
1759856418.540933,1759856418.541606,0.0006730556488037109
1759856418.5941594,1759856418.6230059,0.02884650230407715
1759856418.7630446,1759856418.763689,0.0006444454193115234
1759856418.8013058,1759856418.8317747,0.03046894073486328
1759856418.972742,1759856418.973407,0.0006649494171142578
1759856419.0006855,1759856419.0255165,0.024831056594848633
1759856419.1597242,1759856419.1604311,0.0007069110870361328
1759856419.220485,1759856419.2507632,0.03027820587158203
1759856419.3981254,1759856419.398803,0.0006775856018066406
1759856419.4059668,1759856419.4366763,0.030709505081176758
1759856419.5684972,1759856419.5692697,0.0007724761962890625
1759856419.6537592,1759856419.69252,0.03876066207885742
1759856419.832964,1759856419.8336303,0.0006663799285888672
1759856419.9622383,1759856419.9922607,0.030022382736206055
1759856420.1258745,1759856420.1264758,0.0006012916564941406
1759856420.2060065,1759856420.2454515,0.039444923400878906
1759856420.3806295,1759856420.3812847,0.0006551742553710938
1759856420.4773698,1759856420.502128,0.024758100509643555
1759856420.6324885,1759856420.6331291,0.0006406307220458984
1759856420.7321029,1759856420.757613,0.025510072708129883
1759856420.8991537,1759856420.899796,0.0006422996520996094
1759856420.9693766,1759856421.0008652,0.031488656997680664
1759856421.1389725,1759856421.1396375,0.0006649494171142578
1759856421.2210631,1759856421.2461054,0.025042295455932617
1759856421.3993526,1759856421.4000401,0.0006875991821289062
1759856421.4221613,1759856421.4474509,0.025289535522460938
1759856421.5939887,1759856421.594623,0.0006344318389892578
1759856421.6309543,1759856421.6560678,0.025113582611083984
1759856421.7858317,1759856421.786508,0.0006763935089111328
1759856421.856582,1759856421.8877225,0.031140565872192383
1759856422.041559,1759856422.0421336,0.0005745887756347656
1759856422.047264,1759856422.0776505,0.03038644790649414
1759856422.22806,1759856422.2287586,0.0006985664367675781
1759856422.2767699,1759856422.3076353,0.03086543083190918
1759856422.434605,1759856422.435251,0.0006461143493652344
1759856422.4884915,1759856422.5171492,0.02865767478942871
1759856422.6627254,1759856422.6633666,0.0006411075592041016
1759856422.6751602,1759856422.7089515,0.033791303634643555
1759856422.8265166,1759856422.8271613,0.000644683837890625
1759856422.9267404,1759856422.9513712,0.02463078498840332
1759856423.0855267,1759856423.0861824,0.0006556510925292969
1759856423.2216294,1759856423.2483578,0.026728391647338867
1759856423.379307,1759856423.3799775,0.0006704330444335938
1759856423.4531128,1759856423.484075,0.030962228775024414
1759856423.6239707,1759856423.624792,0.0008213520050048828
1759856423.6467998,1759856423.67314,0.026340246200561523
1759856423.823752,1759856423.8243773,0.0006253719329833984
1759856423.8650017,1759856423.8937976,0.028795957565307617
1759856424.033002,1759856424.033633,0.0006310939788818359
1759856424.0844915,1759856424.1138053,0.02931380271911621
1759856424.2836835,1759856424.28433,0.0006463527679443359
1759856424.2974064,1759856424.32788,0.03047347068786621
1759856424.4599,1759856424.460572,0.0006721019744873047
1759856424.579447,1759856424.6103857,0.03093862533569336
1759856424.7562873,1759856424.7569075,0.0006201267242431641
1759856424.811949,1759856424.8400972,0.028148174285888672
1759856424.9791548,1759856424.9798326,0.0006778240203857422
1759856425.028557,1759856425.0571544,0.028597354888916016
1759856425.2193587,1759856425.2200246,0.0006659030914306641
1759856425.229708,1759856425.254585,0.024877071380615234
1759856425.3776681,1759856425.3782692,0.0006010532379150391
1759856425.4728856,1759856425.5037022,0.03081655502319336
1759856425.635238,1759856425.635911,0.0006730556488037109
1759856425.7128236,1759856425.7409663,0.028142690658569336
1759856425.8899004,1759856425.8905308,0.0006303787231445312
1759856425.917915,1759856425.9481125,0.0301973819732666
1759856426.0920672,1759856426.0926588,0.0005915164947509766
1759856426.1247895,1759856426.1522553,0.0274658203125
1759856426.3489602,1759856426.349572,0.0006117820739746094
1759856426.3509858,1759856426.3818343,0.03084850311279297
1759856426.5068173,1759856426.5074492,0.0006318092346191406
1759856426.5924249,1759856426.6230276,0.030602693557739258
1759856426.7588909,1759856426.7596138,0.0007228851318359375
1759856426.7844555,1759856426.823549,0.0390934944152832
1759856426.9805918,1759856426.9812686,0.0006768703460693359
1759856427.0025046,1759856427.0278742,0.025369644165039062
1759856427.1803854,1759856427.1810675,0.0006821155548095703
1759856427.2579198,1759856427.2833736,0.025453805923461914
1759856427.44558,1759856427.4462266,0.0006465911865234375
1759856427.4884646,1759856427.5133052,0.024840593338012695
1759856427.664897,1759856427.6656156,0.0007185935974121094
1759856427.6912134,1759856427.7165635,0.025350093841552734
1759856427.8558357,1759856427.8564289,0.0005931854248046875
1759856427.9124546,1759856427.937723,0.0252683162689209
1759856428.0829978,1759856428.0836194,0.0006215572357177734
1759856428.103883,1759856428.1293378,0.02545475959777832
1759856428.2611833,1759856428.2618327,0.0006494522094726562
1759856428.327579,1759856428.3577104,0.03013134002685547
1759856428.5027683,1759856428.5033815,0.0006132125854492188
1759856428.5108685,1759856428.5386581,0.027789592742919922
1759856428.6662576,1759856428.6669343,0.0006766319274902344
1759856428.7444508,1759856428.7696104,0.025159597396850586
1759856428.9062426,1759856428.9069617,0.0007190704345703125
1759856428.9213476,1759856428.9522505,0.030902862548828125
1759856429.105314,1759856429.1059692,0.0006551742553710938
1759856429.1381917,1759856429.1633363,0.025144577026367188
1759856429.3579757,1759856429.3586988,0.0007231235504150391
1759856429.358427,1759856429.3872225,0.028795480728149414
1759856429.5373821,1759856429.5380335,0.0006513595581054688
1759856429.5531805,1759856429.5836275,0.030447006225585938
1759856429.7384088,1759856429.7390318,0.0006229877471923828
1759856429.7691298,1759856429.7951834,0.026053667068481445
1759856429.942769,1759856429.9434114,0.0006422996520996094
1759856429.9987907,1759856430.026736,0.027945280075073242
1759856430.1856208,1759856430.1862707,0.0006499290466308594
1759856430.1872606,1759856430.2154853,0.028224706649780273
1759856430.3589392,1759856430.3596027,0.0006635189056396484
1759856430.4201481,1759856430.4460385,0.025890350341796875
1759856430.5873158,1759856430.5879617,0.0006458759307861328
1759856430.6693249,1759856430.7008169,0.031491994857788086
1759856430.8445232,1759856430.8452492,0.0007259845733642578
1759856430.8628173,1759856430.893471,0.030653715133666992
1759856431.0445862,1759856431.0451958,0.0006096363067626953
1759856431.0842242,1759856431.109881,0.025656700134277344
1759856431.2407086,1759856431.241358,0.0006494522094726562
1759856431.2910533,1759856431.3214676,0.030414342880249023
1759856431.4717834,1759856431.4724464,0.0006630420684814453
1759856431.4919207,1759856431.5186853,0.026764631271362305
1759856431.6503568,1759856431.651046,0.0006892681121826172
1759856431.7170982,1759856431.7477934,0.030695199966430664
1759856431.900011,1759856431.900675,0.0006639957427978516
1759856431.9026105,1759856431.9276915,0.02508091926574707
1759856432.0706477,1759856432.071298,0.0006501674652099609
1759856432.1820002,1759856432.2073097,0.02530956268310547
1759856432.3619359,1759856432.3626077,0.0006718635559082031
1759856432.4152498,1759856432.445907,0.030657291412353516
1759856432.6399634,1759856432.6406128,0.0006494522094726562
1759856432.6558347,1759856432.6806993,0.024864673614501953
1759856432.8171856,1759856432.817909,0.0007233619689941406
1759856432.8872476,1759856432.9174862,0.030238628387451172
1759856433.0794425,1759856433.0800405,0.0005979537963867188
1759856433.0850358,1759856433.11545,0.030414104461669922
1759856433.2703702,1759856433.2710044,0.0006341934204101562
1759856433.3233373,1759856433.3527045,0.02936720848083496
1759856433.4896233,1759856433.4902284,0.0006051063537597656
1759856433.5687182,1759856433.5937645,0.025046348571777344
1759856433.7404876,1759856433.7411225,0.0006349086761474609
1759856433.756805,1759856433.7858794,0.029074430465698242
1759856433.93306,1759856433.9336724,0.0006124973297119141
1759856433.995435,1759856434.0253336,0.029898643493652344
1759856434.1873443,1759856434.1880138,0.0006694793701171875
1759856434.187794,1759856434.213227,0.025433063507080078
1759856434.356477,1759856434.3570833,0.0006062984466552734
1759856434.4366496,1759856434.4662862,0.029636621475219727
1759856434.616604,1759856434.617155,0.0005509853363037109
1759856434.6190763,1759856434.6494036,0.030327320098876953
1759856434.7910712,1759856434.791709,0.0006377696990966797
1759856434.8640735,1759856434.8895798,0.025506258010864258
1759856435.0568154,1759856435.0574293,0.0006139278411865234
1759856435.0630476,1759856435.0897698,0.026722192764282227
1759856435.2393997,1759856435.2400272,0.0006275177001953125
1759856435.3043382,1759856435.3383155,0.03397727012634277
1759856435.4898567,1759856435.4905488,0.0006921291351318359
1759856435.5107632,1759856435.5384789,0.027715682983398438
1759856435.6751165,1759856435.6757267,0.0006101131439208984
1759856435.7705078,1759856435.8053901,0.034882307052612305
1759856435.9257193,1759856435.926371,0.0006518363952636719
1759856436.0273247,1759856436.0582924,0.03096771240234375
1759856436.1982465,1759856436.1988626,0.0006160736083984375
1759856436.2715008,1759856436.296244,0.024743080139160156
1759856436.431237,1759856436.4319093,0.0006723403930664062
1759856436.4684885,1759856436.4995692,0.03108072280883789
1759856436.6830869,1759856436.6837769,0.0006899833679199219
1759856436.6947565,1759856436.7240305,0.02927398681640625
1759856436.8594549,1759856436.8600912,0.0006363391876220703
1759856436.9253314,1759856436.9510057,0.02567434310913086
1759856437.0993478,1759856437.1000586,0.0007107257843017578
1759856437.1333654,1759856437.1587965,0.025431156158447266
1759856437.3000896,1759856437.3007839,0.00069427490234375
1759856437.3311572,1759856437.3571196,0.025962352752685547
1759856437.490055,1759856437.4906871,0.0006320476531982422
1759856437.5517573,1759856437.582404,0.030646562576293945
1759856437.7343705,1759856437.7349744,0.0006039142608642578
1759856437.7440505,1759856437.7733831,0.029332637786865234
1759856437.9170477,1759856437.9177406,0.0006928443908691406
1759856437.965032,1759856437.9901452,0.02511310577392578
1759856438.1234388,1759856438.124131,0.0006921291351318359
1759856438.1705296,1759856438.1964037,0.02587413787841797
1759856438.3521113,1759856438.352823,0.0007116794586181641
1759856438.3939126,1759856438.4240036,0.030091047286987305
1759856438.6055765,1759856438.6062436,0.0006670951843261719
1759856438.6219385,1759856438.6485484,0.02660989761352539
1759856438.8034658,1759856438.8040893,0.0006234645843505859
1759856438.8597994,1759856438.8897676,0.02996826171875
1759856439.0525382,1759856439.053172,0.0006339550018310547
1759856439.088155,1759856439.1181488,0.029993772506713867
1759856439.2718158,1759856439.2724397,0.0006239414215087891
1759856439.3278008,1759856439.3575256,0.029724836349487305
1759856439.4990847,1759856439.4997218,0.000637054443359375
1759856439.528771,1759856439.5603406,0.031569719314575195
1759856439.6999786,1759856439.7006483,0.0006697177886962891
1759856439.8032756,1759856439.8326194,0.029343843460083008
1759856439.9757955,1759856439.9763784,0.0005829334259033203
1759856440.0544538,1759856440.0796244,0.025170564651489258
1759856440.2359483,1759856440.2366383,0.0006899833679199219
1759856440.2435274,1759856440.2718832,0.028355836868286133
1759856440.4155195,1759856440.4161572,0.0006377696990966797
1759856440.4798687,1759856440.5075414,0.027672767639160156
1759856440.6534896,1759856440.6542482,0.0007586479187011719
1759856440.6724043,1759856440.7031503,0.030745983123779297
1759856440.8549705,1759856440.8556108,0.0006403923034667969
1759856440.8968604,1759856440.9217315,0.024871110916137695
1759856441.0767422,1759856441.077472,0.0007297992706298828
1759856441.1171546,1759856441.1481495,0.030994892120361328
1759856441.30581,1759856441.3065224,0.0007123947143554688
1759856446.2983065,1759856446.2991266,0.000820159912109375
1759856446.438153,1759856446.438958,0.000804901123046875
1759856446.562091,1759856446.5629752,0.0008840560913085938
1759856446.6948802,1759856446.6956408,0.0007605552673339844
1759856446.826427,1759856446.8272765,0.0008494853973388672
1759856446.9592443,1759856446.9600997,0.0008554458618164062
1759856447.1430485,1759856447.1439111,0.0008625984191894531
1759856447.2782595,1759856447.2791066,0.0008471012115478516
1759856447.4092941,1759856447.4101765,0.0008823871612548828
1759856447.5402873,1759856447.5411499,0.0008625984191894531
1759856447.693092,1759856447.6939595,0.0008673667907714844
1759856447.8250046,1759856447.825896,0.0008914470672607422
1759856447.9524105,1759856447.9534292,0.0010187625885009766
1759856448.0891972,1759856448.0900264,0.0008292198181152344
1759856448.2211356,1759856448.2219987,0.0008630752563476562
1759856448.357611,1759856448.3584757,0.0008647441864013672
1759856448.5060444,1759856448.5069556,0.0009112358093261719
1759856448.6470902,1759856448.6480849,0.0009946823120117188
1759856448.786128,1759856448.7869682,0.0008401870727539062
1759856448.9268763,1759856448.9277346,0.000858306884765625
1759856449.070615,1759856449.0714695,0.0008544921875
1759856449.265832,1759856449.2666907,0.0008587837219238281
1759856449.3969371,1759856449.3978283,0.0008912086486816406
1759856449.5293283,1759856449.5302138,0.0008854866027832031
1759856449.6647613,1759856449.6655657,0.0008044242858886719
1759856449.794918,1759856449.7957537,0.0008356571197509766
1759856449.9286244,1759856449.9294775,0.0008530616760253906
1759856450.0630188,1759856450.063829,0.0008101463317871094
1759856450.2037165,1759856450.2045643,0.0008478164672851562
1759856450.3337474,1759856450.3345866,0.0008392333984375
1759856450.4634588,1759856450.4642544,0.0007956027984619141
1759856450.5943537,1759856450.5952067,0.0008530616760253906
1759856450.7247667,1759856450.7256067,0.0008399486541748047
1759856450.8553123,1759856450.8561397,0.0008273124694824219
1759856450.9850645,1759856450.9858928,0.0008282661437988281
1759856451.1802514,1759856451.1811016,0.0008502006530761719
1759856451.3239558,1759856451.3248198,0.0008640289306640625
1759856451.4521713,1759856451.4530513,0.0008800029754638672
1759856451.5861752,1759856451.587044,0.0008687973022460938
1759856908.774141,1759856908.798763,0.024621963500976562
1759856909.7029817,1759856909.7036161,0.0006344318389892578
1759856910.8022861,1759856910.8242555,0.021969318389892578
1759856911.8438723,1759856911.844558,0.0006856918334960938
1759856911.8594754,1759856911.8837695,0.024294137954711914
1759856912.084513,1759856912.0852017,0.0006887912750244141
1759856912.1368968,1759856912.1632442,0.02634739875793457
1759856912.3337634,1759856912.3343797,0.0006163120269775391
1759856912.4159486,1759856912.439978,0.024029254913330078
1759856912.7074096,1759856912.7081232,0.0007135868072509766
1759856912.7084677,1759856912.735257,0.026789188385009766
1759856912.956058,1759856912.9566953,0.0006372928619384766
1759856912.9929183,1759856913.01518,0.022261857986450195
1759856913.2129216,1759856913.2134924,0.0005707740783691406
1759856913.2598789,1759856913.281391,0.02151203155517578
1759856913.455182,1759856913.455763,0.0005810260772705078
1759856913.5278692,1759856913.549752,0.02188277244567871
1759856913.697703,1759856913.6983533,0.0006504058837890625
1759856913.7947707,1759856913.8165252,0.02175450325012207
1759856914.0577307,1759856914.0583954,0.0006647109985351562
1759856914.0669076,1759856914.0918949,0.024987220764160156
1759856914.2925837,1759856914.2932613,0.0006775856018066406
1759856914.3444912,1759856914.3692865,0.0247952938079834
1759856914.5356598,1759856914.53632,0.0006601810455322266
1759856914.6237655,1759856914.649322,0.025556564331054688
1759856914.9043157,1759856914.904986,0.0006701946258544922
1759856914.936283,1759856914.9578848,0.02160167694091797
1759856915.1869931,1759856915.1877267,0.0007336139678955078
1759856915.2105095,1759856915.235663,0.025153398513793945
1759856915.4264448,1759856915.427125,0.0006802082061767578
1759856915.496556,1759856915.5268917,0.030335664749145508
1759856915.6659153,1759856915.6665373,0.0006220340728759766
1759856915.769174,1759856915.79578,0.026605844497680664
1759856916.0020177,1759856916.0027924,0.0007746219635009766
1759856916.039171,1759856916.0613759,0.022204875946044922
1759856916.2393117,1759856916.2400029,0.0006911754608154297
1759856916.3043292,1759856916.3303604,0.0260312557220459
1759856916.478298,1759856916.4789844,0.0006864070892333984
1759856916.5725198,1759856916.5945287,0.022008895874023438
1759856916.834483,1759856916.8352032,0.0007202625274658203
1759856916.8512523,1759856916.8756526,0.02440023422241211
1759856917.067686,1759856917.068374,0.0006878376007080078
1759856917.1159751,1759856917.1400988,0.024123668670654297
1759856917.302732,1759856917.3033576,0.0006256103515625
1759856917.399732,1759856917.4220958,0.022363662719726562
1759856917.6411598,1759856917.6417673,0.0006074905395507812
1759856917.665432,1759856917.687365,0.02193307876586914
1759856917.8806162,1759856917.8812351,0.0006189346313476562
1759856917.9430902,1759856917.9681115,0.02502131462097168
1759856918.1070724,1759856918.1076944,0.0006220340728759766
1759856918.2288985,1759856918.2525492,0.023650646209716797
1759856918.4967353,1759856918.4973824,0.0006470680236816406
1759856918.5065417,1759856918.5302246,0.023682832717895508
1759856918.760247,1759856918.7609992,0.0007522106170654297
1759856918.7949595,1759856918.821208,0.026248455047607422
1759856918.9958477,1759856918.996538,0.0006902217864990234
1759856919.059308,1759856919.0854993,0.026191234588623047
1759856919.2180083,1759856919.2186427,0.0006344318389892578
1759856919.3232162,1759856919.3459313,0.022715091705322266
1759856919.5870607,1759856919.5877771,0.0007164478302001953
1759856919.6127844,1759856919.6344118,0.021627426147460938
1759856919.8360572,1759856919.8366575,0.0006003379821777344
1759856919.9011161,1759856919.925762,0.02464580535888672
1759856920.0717256,1759856920.0723612,0.0006356239318847656
1759856920.169425,1759856920.1956391,0.026214122772216797
1759856920.410691,1759856920.4114058,0.0007147789001464844
1759856920.4367135,1759856920.4670024,0.0302889347076416
1759856920.6474736,1759856920.6480966,0.0006229877471923828
1759856920.718902,1759856920.740927,0.022024869918823242
1759856920.8749282,1759856920.8755367,0.0006084442138671875
1759856920.9808943,1759856921.0068707,0.02597641944885254
1759856921.2126422,1759856921.2132947,0.0006525516510009766
1759856921.2540226,1759856921.2766955,0.02267289161682129
1759856921.442248,1759856921.4429421,0.0006940364837646484
1759856921.5199935,1759856921.5437229,0.023729324340820312
1759856921.688732,1759856921.689409,0.0006771087646484375
1759856921.793654,1759856921.8204737,0.026819705963134766
1759856922.0365596,1759856922.0372086,0.0006489753723144531
1759856922.070045,1759856922.0917196,0.021674633026123047
1759856922.337559,1759856922.338195,0.0006361007690429688
1759856922.3523076,1759856922.3789563,0.026648759841918945
1759856922.5713618,1759856922.5720434,0.0006816387176513672
1759856922.680631,1759856922.7025268,0.021895885467529297
1759856922.9273062,1759856922.9280217,0.0007154941558837891
1759856922.9680798,1759856922.9929328,0.024852991104125977
1759856923.1560564,1759856923.156849,0.0007925033569335938
1759856923.2326713,1759856923.2570436,0.024372339248657227
1759856923.3932903,1759856923.3940308,0.0007405281066894531
1759856923.5006,1759856923.5278287,0.027228593826293945
1759856923.7384377,1759856923.7392194,0.0007817745208740234
1759856923.7766137,1759856923.7984352,0.02182149887084961
1759856923.9678998,1759856923.9685798,0.0006799697875976562
1759856924.0499012,1759856924.0744867,0.024585485458374023
1759856924.3051417,1759856924.3058896,0.0007479190826416016
1759856924.3306742,1759856924.352257,0.021582841873168945
1759856924.55878,1759856924.5594625,0.0006825923919677734
1759856924.6171322,1759856924.639355,0.02222275733947754
1759856924.7923179,1759856924.7929623,0.0006444454193115234
1759856924.880227,1759856924.9068563,0.026629209518432617
1759856925.1329951,1759856925.1336427,0.0006475448608398438
1759856925.1530423,1759856925.1795974,0.02655506134033203
1759856925.3765397,1759856925.3772166,0.0006768703460693359
1759856925.422884,1759856925.4446626,0.021778583526611328
1759856925.6111605,1759856925.6118124,0.0006518363952636719
1759856925.6892805,1759856925.711223,0.0219423770904541
1759856925.8557189,1759856925.856419,0.0007002353668212891
1759856925.9505522,1759856925.977622,0.027069807052612305
1759856926.2323284,1759856926.2329812,0.0006527900695800781
1759856926.2619572,1759856926.2848392,0.02288198471069336
1759856926.516813,1759856926.5175576,0.0007445812225341797
1759856926.543661,1759856926.5680056,0.024344444274902344
1759856926.7636926,1759856926.7643976,0.0007050037384033203
1759856926.826781,1759856926.8542295,0.027448415756225586
1759856927.0033283,1759856927.0040119,0.0006835460662841797
1759856927.0957594,1759856927.1226938,0.026934385299682617
1759856927.3523636,1759856927.353077,0.000713348388671875
1759856927.3766563,1759856927.4014812,0.024824857711791992
1759856927.5993812,1759856927.6000419,0.0006606578826904297
1759856927.6480734,1759856927.672975,0.024901628494262695
1759856927.8356779,1759856927.836417,0.0007390975952148438
1759856927.916255,1759856927.9400587,0.0238037109375
1759856928.1830006,1759856928.1837149,0.0007143020629882812
1759856928.1892662,1759856928.2130075,0.02374124526977539
1759856928.4383214,1759856928.439132,0.0008106231689453125
1759856928.460628,1759856928.4877315,0.027103424072265625
1759856928.663784,1759856928.6644583,0.0006742477416992188
1759856928.7329948,1759856928.7593918,0.026396989822387695
1759856928.9095423,1759856928.9102468,0.0007045269012451172
1759856928.9983838,1759856929.0250967,0.026712894439697266
1759856929.267025,1759856929.2677066,0.0006816387176513672
1759856929.2679708,1759856929.3017638,0.033792972564697266
1759856929.5012736,1759856929.5018978,0.0006241798400878906
1759856929.5493608,1759856929.5716143,0.02225351333618164
1759856929.7384646,1759856929.7392232,0.0007586479187011719
1759856929.8200357,1759856929.8474674,0.027431726455688477
1759856930.0973806,1759856930.0980103,0.0006296634674072266
1759856930.1122274,1759856930.1364396,0.024212121963500977
1759856930.3964074,1759856930.397107,0.0006995201110839844
1759856930.4380302,1759856930.4622934,0.02426314353942871
1759856930.6226218,1759856930.623254,0.0006322860717773438
1759856930.7016628,1759856930.728947,0.02728414535522461
1759856930.9884675,1759856930.989179,0.0007114410400390625
1759856930.999129,1759856931.0257907,0.02666163444519043
1759856931.2417204,1759856931.24236,0.0006396770477294922
1759856931.269501,1759856931.2965178,0.027016878128051758
1759856931.4832277,1759856931.4838943,0.0006666183471679688
1759856931.541155,1759856931.563702,0.022547006607055664
1759856931.7153635,1759856931.7160072,0.0006437301635742188
1759856931.8096719,1759856931.832868,0.02319622039794922
1759856932.087141,1759856932.087808,0.0006668567657470703
1759856932.098678,1759856932.120397,0.021718978881835938
1759856932.3112426,1759856932.3119848,0.0007421970367431641
1759856932.3588934,1759856932.3854644,0.026571035385131836
1759856932.5696864,1759856932.5703712,0.0006847381591796875
1759856932.6329117,1759856932.6549265,0.022014856338500977
1759856932.8130476,1759856932.8137367,0.0006890296936035156
1759856932.8856668,1759856932.9129226,0.027255773544311523
1759856933.052389,1759856933.052992,0.0006031990051269531
1759856933.1380596,1759856933.1599255,0.0218658447265625
1759856933.392747,1759856933.3934438,0.0006968975067138672
1759856933.3993442,1759856933.4261515,0.026807308197021484
1759856933.6467059,1759856933.6473918,0.0006859302520751953
1759856933.6626189,1759856933.697964,0.03534507751464844
1759856933.8855462,1759856933.8862197,0.0006735324859619141
1759856933.9336329,1759856933.960683,0.027050256729125977
1759856934.1155803,1759856934.1162517,0.00067138671875
1759856934.2383368,1759856934.260575,0.02223825454711914
1759856934.4896755,1759856934.4904013,0.0007257461547851562
1759856934.5262258,1759856934.5481353,0.021909475326538086
1759856934.7224228,1759856934.723141,0.0007181167602539062
1759856934.7762723,1759856934.7981997,0.021927356719970703
1759856934.9671297,1759856934.9678364,0.0007066726684570312
1759856935.0249984,1759856935.0515723,0.026573896408081055
1759856935.199192,1759856935.199852,0.000659942626953125
1759856935.2915485,1759856935.313914,0.022365570068359375
1759856935.5419416,1759856935.54255,0.0006084442138671875
1759856935.5464418,1759856935.5734444,0.027002573013305664
1759856935.7675555,1759856935.7682452,0.0006897449493408203
1759856935.8013887,1759856935.8258486,0.0244598388671875
1759856936.008938,1759856936.0095994,0.0006613731384277344
1759856936.0508814,1759856936.073623,0.02274155616760254
1759856936.2396414,1759856936.2402909,0.0006494522094726562
1759856936.3133786,1759856936.3351736,0.021795034408569336
1759856936.4760935,1759856936.4768002,0.0007066726684570312
1759856936.5615544,1759856936.5965354,0.03498101234436035
1759856936.843812,1759856936.844463,0.0006511211395263672
1759856936.847421,1759856936.8695874,0.02216649055480957
1759856937.0715263,1759856937.0721729,0.0006465911865234375
1759856937.1146944,1759856937.1369474,0.022253036499023438
1759856937.3049986,1759856937.305632,0.0006334781646728516
1759856937.3808997,1759856937.402939,0.022039413452148438
1759856937.5467668,1759856937.5473948,0.0006279945373535156
1759856937.642512,1759856937.6685686,0.026056528091430664
1759856937.954601,1759856937.955271,0.0006699562072753906
1759856937.9777868,1759856938.000921,0.023134231567382812
1759856938.1858318,1759856938.186459,0.0006272792816162109
1759856938.227577,1759856938.2526603,0.025083303451538086
1759856938.4169464,1759856938.4175882,0.0006418228149414062
1759856938.4995155,1759856938.5254943,0.025978803634643555
1759856938.7569506,1759856938.7575808,0.0006301403045654297
1759856938.7583513,1759856938.7798994,0.021548032760620117
1759856938.9867883,1759856938.987415,0.0006268024444580078
1759856939.0066466,1759856939.0313232,0.02467656135559082
1759856939.2115726,1759856939.2122462,0.0006735324859619141
1759856939.257281,1759856939.2790442,0.021763086318969727
1759856939.4581532,1759856939.4587867,0.0006334781646728516
1759856939.516476,1759856939.5434656,0.02698969841003418
1759856939.697575,1759856939.6982856,0.0007104873657226562
1759856939.7733715,1759856939.8080413,0.03466987609863281
1759856940.039209,1759856940.0399327,0.0007238388061523438
1759856940.0449426,1759856940.0670912,0.022148609161376953
1759856940.2741187,1759856940.274885,0.0007662773132324219
1759856940.3002396,1759856940.32712,0.026880502700805664
1759856940.5124776,1759856940.5131235,0.0006458759307861328
1759856940.5608997,1759856940.5842216,0.023321866989135742
1759856940.74984,1759856940.7506,0.0007600784301757812
1759856940.8134527,1759856940.837743,0.02429032325744629
1759856940.9900115,1759856940.9907122,0.0007007122039794922
1759856941.064378,1759856941.0889096,0.02453160285949707
1759856941.240546,1759856941.2411711,0.0006251335144042969
1759856941.32487,1759856941.3470278,0.022157669067382812
1759856941.6483812,1759856941.649023,0.0006418228149414062
1759856941.65108,1759856941.6769056,0.02582573890686035
1759856941.8804698,1759856941.881217,0.0007472038269042969
1759856941.9053288,1759856941.931166,0.025837182998657227
1759856942.1151638,1759856942.1158164,0.0006525516510009766
1759856942.1698384,1759856942.19414,0.024301528930664062
1759856942.3560607,1759856942.3567111,0.0006504058837890625
1759856942.417756,1759856942.443086,0.0253298282623291
1759856942.590715,1759856942.5913086,0.0005936622619628906
1759856942.665459,1759856942.6989837,0.03352475166320801
1759856942.9485888,1759856942.9492893,0.0007004737854003906
1759856942.9504528,1759856942.9742372,0.023784399032592773
1759856943.1973217,1759856943.1980252,0.0007035732269287109
1759856943.2104874,1759856943.2323077,0.0218203067779541
1759856943.4351861,1759856943.4358196,0.0006334781646728516
1759856943.4720721,1759856943.4952965,0.023224353790283203
1759856943.6727233,1759856943.6734035,0.0006802082061767578
1759856943.7245274,1759856943.7492287,0.024701356887817383
1759856943.9054453,1759856943.9061217,0.0006763935089111328
1759856943.974471,1759856943.99622,0.021749019622802734
1759856944.1441653,1759856944.1448097,0.0006444454193115234
1759856944.2320907,1759856944.2540412,0.021950483322143555
1759856944.4878728,1759856944.488486,0.0006132125854492188
1759856944.4951017,1759856944.5304422,0.03534054756164551
1759856944.7238524,1759856944.7245686,0.0007162094116210938
1759856944.8209112,1759856944.8424852,0.021574020385742188
1759856945.072719,1759856945.0733542,0.0006351470947265625
1759856945.0755126,1759856945.0994263,0.02391362190246582
1759856945.3439033,1759856945.3445663,0.0006630420684814453
1759856945.373735,1759856945.3980386,0.024303674697875977
1759856945.5808525,1759856945.5815005,0.0006480216979980469
1759856945.6465049,1759856945.6730826,0.02657771110534668
1759856945.8277977,1759856945.828433,0.0006353855133056641
1759856945.898312,1759856945.9233086,0.024996519088745117
1759856946.0754235,1759856946.076092,0.0006685256958007812
1759856946.1511035,1759856946.1757138,0.024610280990600586
1759856946.327712,1759856946.328379,0.0006668567657470703
1759856946.4055037,1759856946.4297798,0.024276018142700195
1759856946.5749974,1759856946.5756388,0.0006413459777832031
1759856946.653498,1759856946.6753283,0.021830320358276367
1759856946.8215165,1759856946.8221943,0.0006778240203857422
1759856946.8968284,1759856946.9208195,0.023991107940673828
1759856947.0576794,1759856947.0584223,0.0007429122924804688
1759856947.1454008,1759856947.167458,0.022057294845581055
1759856947.4150312,1759856947.415681,0.0006496906280517578
1759856947.4184115,1759856947.4397538,0.02134227752685547
1759856947.6577585,1759856947.6583424,0.0005838871002197266
1759856947.6684248,1759856947.6946852,0.0262603759765625
1759856947.8861895,1759856947.886821,0.0006315708160400391
1759856947.9257176,1759856947.9508529,0.025135278701782227
1759856948.1172116,1759856948.117837,0.0006253719329833984
1759856948.1791782,1759856948.203342,0.02416372299194336
1759856948.34686,1759856948.3475246,0.0006647109985351562
1759856948.4927955,1759856948.5179315,0.02513599395751953
1759856948.6931818,1759856948.693856,0.0006742477416992188
1759856948.7464812,1759856948.777517,0.031035900115966797
1759856949.0128617,1759856949.0136175,0.0007557868957519531
1759856949.0338166,1759856949.0564222,0.02260565757751465
1759856949.2422988,1759856949.2430077,0.0007088184356689453
1759856949.2838023,1759856949.309122,0.025319814682006836
1759856949.477172,1759856949.4778361,0.0006642341613769531
1759856949.5398753,1759856949.5623355,0.022460222244262695
1759856949.7054946,1759856949.706087,0.0005924701690673828
1759856949.7961323,1759856949.8177924,0.02166008949279785
1759856950.0430577,1759856950.043704,0.0006463527679443359
1759856950.0490553,1759856950.071204,0.022148609161376953
1759856950.2788918,1759856950.279503,0.0006113052368164062
1759856950.3070624,1759856950.3288946,0.02183222770690918
1759856950.5234952,1759856950.5241547,0.0006594657897949219
1759856950.5694342,1759856950.5909195,0.021485328674316406
1759856950.760496,1759856950.7612572,0.0007612705230712891
1759856950.831897,1759856950.8534615,0.021564483642578125
1759856950.988384,1759856950.989054,0.0006699562072753906
1759856951.0785942,1759856951.1001122,0.02151799201965332
1759856951.3341594,1759856951.3347762,0.0006167888641357422
1759856951.3444786,1759856951.3657534,0.021274805068969727
1759856951.578446,1759856951.5791705,0.0007245540618896484
1759856951.600872,1759856951.6396754,0.0388033390045166
1759856951.8162532,1759856951.8170488,0.0007956027984619141
1759856951.8798277,1759856951.9014564,0.021628618240356445
1759856952.0507846,1759856952.0514429,0.0006582736968994141
1759856952.1829262,1759856952.2043831,0.02145695686340332
1759856952.3964236,1759856952.3970704,0.0006468296051025391
1759856952.4320316,1759856952.45642,0.02438831329345703
1759856952.690154,1759856952.6908338,0.0006797313690185547
1759856952.6937165,1759856952.7181396,0.02442312240600586
1759856952.9230185,1759856952.9237018,0.0006833076477050781
1759856952.9589167,1759856952.9851577,0.026241064071655273
1759856953.1594253,1759856953.1602695,0.0008442401885986328
1759856953.2215714,1759856953.2479324,0.02636098861694336
1759856953.4104626,1759856953.4111192,0.0006566047668457031
1759856953.4799092,1759856953.505832,0.025922775268554688
1759856953.6471105,1759856953.647861,0.0007505416870117188
1759856953.7321131,1759856953.7537534,0.021640300750732422
1759856953.981687,1759856953.982337,0.0006499290466308594
1759856953.9895728,1759856954.01588,0.026307344436645508
1759856954.2159903,1759856954.216635,0.000644683837890625
1759856954.2461057,1759856954.2689974,0.022891759872436523
1759856954.441771,1759856954.4423897,0.0006186962127685547
1759856954.5043068,1759856954.5304818,0.02617502212524414
1759856954.6772308,1759856954.677861,0.0006301403045654297
1759856954.7617588,1759856954.7852802,0.02352142333984375
1759856955.0213835,1759856955.0220199,0.0006363391876220703
1759856955.0311959,1759856955.0526037,0.0214078426361084
1759856955.2579129,1759856955.258527,0.000614166259765625
1759856955.2846947,1759856955.3065608,0.0218660831451416
1759856955.4870727,1759856955.4876559,0.0005831718444824219
1759856955.5589936,1759856955.5808063,0.02181267738342285
1759856955.7817726,1759856955.78245,0.0006773471832275391
1759856955.8095198,1759856955.8320694,0.02254962921142578
1759856956.0181625,1759856956.018805,0.0006425380706787109
1759856956.0602467,1759856956.0946412,0.03439450263977051
1759856956.2527487,1759856956.2534208,0.0006721019744873047
1759856956.3765528,1759856956.4038002,0.02724742889404297
1759856956.6080546,1759856956.6087208,0.0006661415100097656
1759856956.6570413,1759856956.6833153,0.02627396583557129
1759856956.8477967,1759856956.8485262,0.0007295608520507812
1759856956.9095485,1759856956.9309297,0.021381139755249023
1759856957.079285,1759856957.0799673,0.0006823539733886719
1759856957.1526992,1759856957.1746135,0.021914243698120117
1759856957.3137178,1759856957.3144202,0.0007023811340332031
1759856957.4096656,1759856957.4335194,0.023853778839111328
1759856957.680232,1759856957.6809523,0.0007202625274658203
1759856957.7017615,1759856957.7236936,0.021932125091552734
1759856957.9119256,1759856957.9125957,0.0006701946258544922
1759856957.9505513,1759856957.9764543,0.025902986526489258
1759856958.1521375,1759856958.1528418,0.0007042884826660156
1759856958.2072673,1759856958.2306042,0.02333688735961914
1759856958.3853035,1759856958.3860934,0.0007898807525634766
1759856958.474995,1759856958.5000224,0.02502751350402832
1759856958.7314591,1759856958.7321165,0.0006573200225830078
1759856958.7343721,1759856958.756254,0.021881818771362305
1759856958.9643886,1759856958.9650896,0.0007009506225585938
1759856958.99678,1759856959.0228577,0.026077747344970703
1759856959.203499,1759856959.2041636,0.0006644725799560547
1759856959.2629187,1759856959.2846117,0.021692991256713867
1759856959.4489326,1759856959.4496727,0.00074005126953125
1759856959.5138097,1759856959.5354116,0.02160191535949707
1759856959.7408757,1759856959.7415462,0.0006704330444335938
1759856959.7753682,1759856959.7981913,0.022823095321655273
1759856959.9752245,1759856959.9759116,0.0006871223449707031
1759856960.0786426,1759856960.10231,0.023667335510253906
1759856960.3224857,1759856960.3232815,0.0007958412170410156
1759856960.3364668,1759856960.3587863,0.022319555282592773
1759856960.5572586,1759856960.557867,0.0006084442138671875
1759856960.586772,1759856960.6125655,0.02579355239868164
1759856960.794613,1759856960.7952845,0.0006716251373291016
1759856960.8669055,1759856960.8887599,0.021854400634765625
1759856961.034592,1759856961.03523,0.0006380081176757812
1759856961.1138504,1759856961.1394157,0.025565385818481445
1759856961.3672047,1759856961.3679633,0.0007586479187011719
1759856961.383578,1759856961.4099493,0.026371240615844727
1759856961.610511,1759856961.61117,0.0006589889526367188
1759856961.668006,1759856961.6897793,0.021773338317871094
1759856961.8408477,1759856961.8414872,0.0006394386291503906
1759856961.9164646,1759856961.941942,0.02547740936279297
1759856962.0762522,1759856962.076898,0.0006458759307861328
1759856962.1700907,1759856962.194076,0.02398538589477539
1759856962.4241881,1759856962.4248393,0.0006511211395263672
1759856962.4388802,1759856962.4695463,0.030666112899780273
1759856962.6591146,1759856962.6599126,0.0007979869842529297
1759856962.7203817,1759856962.7468705,0.026488780975341797
1759856962.8927426,1759856962.8934247,0.0006821155548095703
1759856962.9694967,1759856962.991159,0.021662235260009766
1759856963.1239517,1759856963.1246116,0.000659942626953125
1759856963.2118402,1759856963.2357066,0.02386641502380371
1759856963.4653027,1759856963.4660327,0.0007300376892089844
1759856963.4684374,1759856963.492014,0.02357649803161621
1759856963.7538528,1759856963.754706,0.0008530616760253906
1759856963.7947226,1759856963.8162007,0.02147817611694336
1759856963.9890447,1759856963.9897106,0.0006659030914306641
1759856964.0486407,1759856964.0747337,0.026093006134033203
1759856964.2242677,1759856964.2249095,0.0006418228149414062
1759856964.3001904,1759856964.322,0.02180957794189453
1759856964.4536254,1759856964.4542546,0.0006291866302490234
1759856964.5447369,1759856964.566155,0.021418094635009766
1759856964.809692,1759856964.8103342,0.0006422996520996094
1759856964.811564,1759856964.8415875,0.030023574829101562
1759856965.037466,1759856965.0381327,0.0006666183471679688
1759856965.0815482,1759856965.1031156,0.021567344665527344
1759856965.2695925,1759856965.270242,0.0006494522094726562
1759856965.3288732,1759856965.3502698,0.021396636962890625
1759856965.5085468,1759856965.5091984,0.0006515979766845703
1759856965.5743182,1759856965.5960078,0.021689653396606445
1759856965.7429976,1759856965.7436824,0.0006847381591796875
1759856965.8251545,1759856965.847472,0.02231740951538086
1759856966.089575,1759856966.0902658,0.0006906986236572266
1759856966.0925438,1759856966.1142058,0.021661996841430664
1759856966.314523,1759856966.3151665,0.0006434917449951172
1759856966.362685,1759856966.389352,0.026667118072509766
1759856966.5493712,1759856966.5500238,0.0006525516510009766
1759856966.6320183,1759856966.654154,0.02213573455810547
1759856966.7945838,1759856966.7952259,0.0006420612335205078
1759856966.8953936,1759856966.9203315,0.024937868118286133
1759856967.1770601,1759856967.1777244,0.0006642341613769531
1759856967.2185185,1759856967.2474616,0.02894306182861328
1759856967.4799042,1759856967.4806712,0.0007669925689697266
1759856967.5068822,1759856967.5286276,0.02174544334411621
1759856967.7213118,1759856967.7219493,0.0006375312805175781
1759856967.771862,1759856967.7984612,0.02659916877746582
1759856967.9534278,1759856967.9541554,0.0007276535034179688
1759856968.0421138,1759856968.068641,0.02652716636657715
1759856968.307936,1759856968.3085773,0.0006413459777832031
1759856968.3225458,1759856968.3483024,0.0257565975189209
1759856968.530986,1759856968.5316012,0.0006151199340820312
1759856968.59106,1759856968.6172762,0.02621626853942871
1759856968.7626977,1759856968.7633278,0.0006301403045654297
1759856968.8657916,1759856968.8873436,0.021552085876464844
1759856969.1064415,1759856969.1070666,0.0006251335144042969
1759856969.1320622,1759856969.1584256,0.026363372802734375
1759856969.332276,1759856969.3329086,0.0006325244903564453
1759856969.4161708,1759856969.4380136,0.02184271812438965
1759856969.6787999,1759856969.6795113,0.0007114410400390625
1759856969.6794374,1759856969.7044597,0.025022268295288086
1759856969.9150279,1759856969.9158087,0.0007808208465576172
1759856969.9402301,1759856969.9639683,0.02373814582824707
1759856970.1608818,1759856970.161494,0.0006122589111328125
1759856970.1963875,1759856970.217876,0.021488428115844727
1759856970.4126184,1759856970.4132378,0.0006194114685058594
1759856970.4554405,1759856970.4764915,0.02105093002319336
1759856970.6690886,1759856970.6697984,0.0007097721099853516
1759856970.7599552,1759856970.7860575,0.026102304458618164
1759856971.015268,1759856971.0159461,0.0006780624389648438
1759856971.0732558,1759856971.0999498,0.026694059371948242
1759856971.244414,1759856971.2450302,0.0006160736083984375
1759856971.3373494,1759856971.3635495,0.026200056076049805
1759856971.5978138,1759856971.5984464,0.0006325244903564453
1759856971.611589,1759856971.6368184,0.025229454040527344
1759856971.8521893,1759856971.8528192,0.0006299018859863281
1759856971.8862364,1759856971.907895,0.021658658981323242
1759856972.0990686,1759856972.099703,0.0006344318389892578
1759856972.1541934,1759856972.1760306,0.021837234497070312
1759856972.3463368,1759856972.3469768,0.0006399154663085938
1759856972.4469442,1759856972.4737592,0.026814937591552734
1759856972.6983216,1759856972.699035,0.000713348388671875
1759856972.720887,1759856972.7465196,0.025632619857788086
1759856972.9404814,1759856972.9411824,0.0007009506225585938
1759856972.9920251,1759856973.0174477,0.02542257308959961
1759856973.1963546,1759856973.1972752,0.0009205341339111328
1759856973.2662973,1759856973.2880385,0.021741151809692383
1759856973.4369872,1759856973.4376013,0.000614166259765625
1759856973.5245988,1759856973.549599,0.02500009536743164
1759856973.808656,1759856973.809282,0.0006260871887207031
1759856973.8097243,1759856973.8311772,0.021452903747558594
1759856974.0690641,1759856974.0696688,0.0006046295166015625
1759856974.088127,1759856974.1121588,0.024031877517700195
1759856974.2955666,1759856974.2962134,0.0006468296051025391
1759856974.3514452,1759856974.377977,0.026531696319580078
1759856974.5979776,1759856974.5986094,0.0006318092346191406
1759856974.6352687,1759856974.6584227,0.023154020309448242
1759856974.8345888,1759856974.8353257,0.0007369518280029297
1759856974.9553568,1759856974.9899507,0.034593820571899414
1759856975.1799898,1759856975.1806395,0.0006496906280517578
1759856975.229022,1759856975.2522542,0.023232221603393555
1759856975.4112623,1759856975.4119148,0.0006525516510009766
1759856975.4995975,1759856975.5259562,0.026358604431152344
1759856975.7597227,1759856975.760382,0.0006592273712158203
1759856975.7770112,1759856975.8004372,0.023426055908203125
1759856975.9890873,1759856975.98971,0.0006227493286132812
1759856976.0422385,1759856976.0681922,0.02595376968383789
1759856976.2207263,1759856976.221334,0.0006077289581298828
1759856976.3154397,1759856976.3416698,0.0262300968170166
1759856976.5757864,1759856976.5764878,0.0007014274597167969
1759856976.5979762,1759856976.6240692,0.026093006134033203
1759856976.8080616,1759856976.8087084,0.0006468296051025391
1759856976.8815708,1759856976.9082944,0.026723623275756836
1759856977.0550802,1759856977.0557156,0.0006353855133056641
1759856977.1602428,1759856977.1846507,0.02440786361694336
1759856977.4053366,1759856977.406028,0.0006914138793945312
1759856977.4299812,1759856977.4565437,0.02656245231628418
1759856977.643443,1759856977.644148,0.0007050037384033203
1759856977.7184076,1759856977.744652,0.026244401931762695
1759856977.8801496,1759856977.8808787,0.0007290840148925781
1759856977.979468,1759856978.0016186,0.022150516510009766
1759856978.2558255,1759856978.2565148,0.0006892681121826172
1759856978.2892966,1759856978.3155508,0.02625417709350586
1759856978.508894,1759856978.50959,0.0006959438323974609
1759856978.5762362,1759856978.5979552,0.021718978881835938
1759856978.7504065,1759856978.7510746,0.0006680488586425781
1759856978.860647,1759856978.8857174,0.0250704288482666
1759856979.1492338,1759856979.1498864,0.0006525516510009766
1759856979.1814985,1759856979.203185,0.021686553955078125
1759856979.400664,1759856979.401383,0.0007188320159912109
1759856979.445647,1759856979.467281,0.02163410186767578
1759856979.6471884,1759856979.6478367,0.0006482601165771484
1759856979.709381,1759856979.7332351,0.02385401725769043
1759856979.8943434,1759856979.8950207,0.0006773471832275391
1759856979.9782193,1759856980.0018976,0.023678302764892578
1759856980.253092,1759856980.2537,0.0006079673767089844
1759856980.2579622,1759856980.2804258,0.022463560104370117
1759856980.502041,1759856980.5026863,0.0006451606750488281
1759856980.5347564,1759856980.5580955,0.023339033126831055
1759856980.7498555,1759856980.750496,0.0006403923034667969
1759856980.8009167,1759856980.823113,0.022196292877197266
1759856981.01296,1759856981.01364,0.0006799697875976562
1759856981.0641744,1759856981.087418,0.02324366569519043
1759856981.2646978,1759856981.2653089,0.0006110668182373047
1759856981.3323946,1759856981.359463,0.027068376541137695
1759856981.519217,1759856981.519881,0.0006639957427978516
1759856981.6034563,1759856981.6288016,0.025345325469970703
1759856981.884241,1759856981.8848612,0.0006201267242431641
1759856981.890338,1759856981.9172108,0.026872873306274414
1759856982.144073,1759856982.1447482,0.000675201416015625
1759856987.1227043,1759856987.1235893,0.000885009765625
1759856987.3563426,1759856987.3572357,0.0008931159973144531
1759856987.6396687,1759856987.6405475,0.0008788108825683594
1759856987.8729951,1759856987.8738573,0.00086212158203125
1759856988.105302,1759856988.1061752,0.0008730888366699219
1759856988.3386228,1759856988.3394222,0.0007994174957275391
1759856988.5769186,1759856988.5777085,0.0007898807525634766
1759856988.810848,1759856988.8116946,0.0008466243743896484
1759856989.0425644,1759856989.0434394,0.0008749961853027344
1759856989.2758965,1759856989.2767966,0.0009000301361083984
1759856989.5113456,1759856989.5121913,0.0008456707000732422
1759856989.7541606,1759856989.7550364,0.0008757114410400391
1759856989.983699,1759856989.9845347,0.0008356571197509766
1759856990.2191818,1759856990.2200367,0.0008549690246582031
1759856990.4580345,1759856990.4589312,0.0008966922760009766
1759856990.7584643,1759856990.7593946,0.0009303092956542969
1759856990.999922,1759856991.0008192,0.0008971691131591797
1759856991.2375367,1759856991.2385123,0.0009756088256835938
1759856991.4790466,1759856991.4799373,0.0008907318115234375
1759856991.7143173,1759856991.71519,0.0008726119995117188
1759856991.9532275,1759856991.9541054,0.0008778572082519531
1759856992.1888373,1759856992.1896992,0.0008618831634521484
1759856992.4229324,1759856992.4237812,0.0008487701416015625
1759856992.6584342,1759856992.6592846,0.0008504390716552734
1759856992.8922646,1759856992.893125,0.0008604526519775391
1759856993.1299927,1759856993.1308858,0.0008931159973144531
1759856993.3674119,1759856993.3683958,0.0009839534759521484
1759856993.6148705,1759856993.6157563,0.0008857250213623047
1759856993.8546524,1759856993.855535,0.0008826255798339844
1759856994.087775,1759856994.0885994,0.0008244514465332031
1759856994.3808706,1759856994.381757,0.0008864402770996094
1759856994.6269262,1759856994.6277592,0.0008330345153808594
1759856994.8662882,1759856994.8671935,0.0009052753448486328
1759856995.097608,1759856995.0984223,0.0008141994476318359
1759856995.328908,1759856995.3297389,0.0008308887481689453
1759856995.5648777,1759856995.5657868,0.0009090900421142578
1759856995.7986457,1759856995.7995272,0.0008814334869384766
1759856996.0340834,1759856996.034924,0.0008406639099121094
1759856996.2680957,1759856996.2689497,0.0008540153503417969
1759856996.5049582,1759856996.505955,0.0009968280792236328
1759856996.740639,1759856996.7414923,0.0008533000946044922
1759856996.978642,1759856996.9794526,0.0008106231689453125
1759856997.212834,1759856997.2136817,0.0008478164672851562
1759856997.4488814,1759856997.4498115,0.0009300708770751953
1759856997.7459126,1759856997.746772,0.0008594989776611328
1759856997.975099,1759856997.9759314,0.0008323192596435547
