1756843769.7076979,1756843769.8116198,0.10392189025878906
1756843769.8119612,1756843769.8825362,0.07057499885559082
1756843769.8826802,1756843769.9928453,0.11016511917114258
1756843769.992966,1756843770.1070113,0.11404538154602051
1756843770.1072328,1756843770.1823332,0.07510042190551758
1756843770.182503,1756843770.2926958,0.11019277572631836
1756843770.2928145,1756843770.3822584,0.08944392204284668
1756843770.3824322,1756843770.4561355,0.07370328903198242
1756843770.45628,1756843770.566454,0.11017394065856934
1756843770.56658,1756843770.6607287,0.09414863586425781
1756843770.6609097,1756843770.7415428,0.08063316345214844
1756843770.7417226,1756843770.8519146,0.11019206047058105
1756843770.8520305,1756843770.9447823,0.09275174140930176
1756843770.9449794,1756843771.0211875,0.07620811462402344
1756843771.0213325,1756843771.1314566,0.11012411117553711
1756843771.1315682,1756843771.2309344,0.0993661880493164
1756843771.231104,1756843771.3056915,0.07458758354187012
1756843771.3058462,1756843771.4160378,0.11019158363342285
1756843771.4161448,1756843771.5073361,0.09119129180908203
1756843771.5075307,1756843771.6155782,0.1080474853515625
1756843771.6157782,1756843771.722255,0.1064767837524414
1756843771.7224355,1756843771.8002887,0.07785320281982422
1756843771.8004324,1756843771.9106307,0.1101982593536377
1756843771.9107444,1756843772.00422,0.0934755802154541
1756843772.0043907,1756843772.0753624,0.07097172737121582
1756843772.07551,1756843772.1857018,0.11019182205200195
1756843772.1858146,1756843772.286231,0.10041642189025879
1756843772.2864082,1756843772.3558428,0.06943464279174805
1756843772.3559856,1756843772.466173,0.11018729209899902
1756843772.4662864,1756843772.5697443,0.10345792770385742
1756843772.5699246,1756843772.6434102,0.0734856128692627
1756843772.6435587,1756843772.7537577,0.110198974609375
1756843772.7539158,1756843772.8569727,0.1030569076538086
1756843772.8571444,1756843772.9254966,0.06835222244262695
1756843772.9256403,1756843773.0358288,0.11018848419189453
1756843773.035961,1756843773.1396441,0.1036832332611084
1756843773.1398268,1756843773.2081451,0.06831836700439453
1756843773.2082946,1756843773.3184848,0.11019015312194824
1756843773.3186176,1756843773.4073136,0.08869600296020508
1756843773.4074998,1756843773.4832044,0.07570457458496094
1756843773.48336,1756843773.5935552,0.11019515991210938
1756843773.593679,1756843773.6907074,0.09702849388122559
1756843773.6908891,1756843773.759064,0.06817483901977539
1756843773.7592058,1756843773.869395,0.11018919944763184
1756843773.869527,1756843773.969693,0.10016584396362305
1756843773.9698796,1756843774.036115,0.06623530387878418
1756843774.0362885,1756843774.146464,0.11017560958862305
1756843774.1466272,1756843774.2435954,0.09696817398071289
1756843774.243777,1756843774.3174853,0.07370829582214355
1756843774.317631,1756843774.4278245,0.11019349098205566
1756843774.4279623,1756843774.5319345,0.10397219657897949
1756843774.5321133,1756843774.5993874,0.06727409362792969
1756843774.5995443,1756843774.7097344,0.11019015312194824
1756843774.7098608,1756843774.8104885,0.10062766075134277
1756843774.810665,1756843774.8823075,0.07164263725280762
1756843774.8824592,1756843774.992665,0.11020588874816895
1756843774.9929001,1756843775.1007018,0.10780167579650879
1756843775.1008906,1756843775.1703064,0.06941580772399902
1756843775.1704597,1756843775.2806487,0.11018896102905273
1756843775.2807753,1756843775.376751,0.09597563743591309
1756843775.3769274,1756843775.443589,0.06666159629821777
1756843775.4437287,1756843775.553918,0.11018919944763184
1756843775.5540376,1756843775.6494586,0.09542107582092285
1756843775.6496465,1756843775.7189066,0.0692601203918457
1756843775.7190526,1756843775.8292398,0.11018729209899902
1756843775.8293633,1756843775.934943,0.10557961463928223
1756843775.9351249,1756843776.0076637,0.07253885269165039
1756843776.0078323,1756843776.1180246,0.11019229888916016
1756843776.1181693,1756843776.2252152,0.10704588890075684
1756843776.2254019,1756843776.2953925,0.06999063491821289
1756843776.2955453,1756843776.405736,0.11019062995910645
1756843776.405874,1756843776.5015333,0.09565925598144531
1756843776.5017529,1756843776.5801587,0.07840585708618164
1756843776.5803359,1756843776.6904604,0.11012458801269531
1756843776.6906018,1756843776.782975,0.09237313270568848
1756843776.7832115,1756843776.8554058,0.07219433784484863
1756843776.8555803,1756843776.9657733,0.11019301414489746
1756843776.9658828,1756843777.0672224,0.10133957862854004
1756843777.0674174,1756843777.1417136,0.07429623603820801
1756843777.1418588,1756843777.2520518,0.11019301414489746
1756843777.2521687,1756843777.3647938,0.1126251220703125
1756843777.3650007,1756843777.4326723,0.06767153739929199
1756843777.4328184,1756843777.5430105,0.11019206047058105
1756843777.5431836,1756843777.616027,0.07284355163574219
1756843777.6161864,1756843777.7263777,0.11019134521484375
1756843777.726491,1756843777.813615,0.08712410926818848
1756843777.8137963,1756843777.886678,0.07288169860839844
1756843777.886863,1756843777.9970534,0.11019039154052734
1756843777.9971738,1756843778.0978541,0.10068035125732422
1756843778.0980601,1756843778.1720722,0.07401204109191895
1756843778.1722445,1756843778.2824442,0.1101996898651123
1756843778.2825618,1756843778.375193,0.09263134002685547
1756843778.3753798,1756843778.4474034,0.07202363014221191
1756843778.4475906,1756843778.5578396,0.11024904251098633
1756843778.5579545,1756843778.6504235,0.0924689769744873
1756843778.6506615,1756843778.7222116,0.07155013084411621
1756843778.7223647,1756843778.8325675,0.11020278930664062
1756843778.8326955,1756843778.927812,0.09511661529541016
1756843778.9280393,1756843778.9978015,0.0697622299194336
1756843778.9979522,1756843779.1081433,0.11019110679626465
1756843779.1082819,1756843779.1967125,0.08843064308166504
1756843779.1969068,1756843779.2665787,0.0696718692779541
1756843779.266739,1756843779.3769329,0.11019396781921387
1756843779.3770866,1756843779.47117,0.09408330917358398
1756843779.4713936,1756843779.5381253,0.06673169136047363
1756843779.5382795,1756843779.648455,0.11017537117004395
1756843779.648569,1756843779.7484765,0.09990739822387695
1756843779.7486732,1756843779.817945,0.06927180290222168
1756843779.8180943,1756843779.9282866,0.11019229888916016
1756843779.9284053,1756843780.027694,0.0992887020111084
1756843780.027878,1756843780.0971127,0.06923460960388184
1756843780.0972624,1756843780.2074554,0.11019301414489746
1756843780.2075691,1756843780.3088334,0.10126423835754395
1756843780.3090105,1756843780.379222,0.07021141052246094
1756843780.3793664,1756843780.4895601,0.11019372940063477
1756843780.4896717,1756843780.5607698,0.07109808921813965
1756843780.5609403,1756843780.6711316,0.11019134521484375
1756843780.6712399,1756843780.7675803,0.09634041786193848
1756843780.7678037,1756843780.9232194,0.15541577339172363
1756843780.9234645,1756843780.996066,0.0726015567779541
1756843780.9962418,1756843781.106436,0.11019420623779297
1756843781.1065671,1756843781.198977,0.09240984916687012
1756843781.1992092,1756843781.2868943,0.08768510818481445
1756843781.2870717,1756843781.3972645,0.11019277572631836
1756843781.3973796,1756843781.4925003,0.09512066841125488
1756843781.4927037,1756843781.566078,0.07337427139282227
1756843781.5662475,1756843781.6764457,0.1101982593536377
1756843781.6765683,1756843781.7634969,0.0869286060333252
1756843781.7636924,1756843781.844581,0.08088850975036621
1756843781.844754,1756843781.9549425,0.11018848419189453
1756843781.955053,1756843782.048386,0.09333300590515137
1756843782.0486133,1756843782.1260118,0.07739853858947754
1756843782.1261861,1756843782.2363784,0.11019229888916016
1756843782.2364895,1756843782.3290231,0.09253358840942383
1756843782.329234,1756843782.4026828,0.07344889640808105
1756843782.4028306,1756843782.5130217,0.11019110679626465
1756843782.51313,1756843782.6132984,0.10016846656799316
1756843782.6135092,1756843782.6903512,0.07684206962585449
1756843782.690516,1756843782.8007042,0.11018824577331543
1756843782.8008165,1756843782.8956547,0.09483814239501953
1756843782.8958657,1756843782.9729779,0.07711219787597656
1756843782.973143,1756843783.0833313,0.11018824577331543
1756843783.0834496,1756843783.1849213,0.1014716625213623
1756843783.1850898,1756843783.2597444,0.07465457916259766
1756843783.2598968,1756843783.3700888,0.11019206047058105
1756843783.3701992,1756843783.4688284,0.09862923622131348
1756843783.4690337,1756843783.5429316,0.0738978385925293
1756843783.543081,1756843783.653273,0.11019206047058105
1756843783.6533816,1756843783.7517166,0.09833502769470215
1756843783.7519186,1756843783.8621376,0.11021900177001953
1756843783.8623097,1756843783.9340334,0.07172369956970215
1756843783.9341745,1756843784.044367,0.11019253730773926
1756843784.0444932,1756843784.1493855,0.10489225387573242
1756843784.1495798,1756843784.2177007,0.06812095642089844
1756843784.2178485,1756843784.3280404,0.11019182205200195
1756843784.3281617,1756843784.433765,0.10560321807861328
1756843784.4339867,1756843784.5019846,0.06799793243408203
1756843784.50213,1756843784.6123207,0.11019062995910645
1756843784.612458,1756843784.7170198,0.10456180572509766
1756843784.7172077,1756843784.7885573,0.0713496208190918
1756843784.7887022,1756843784.898904,0.11020183563232422
1756843784.8990655,1756843784.9958935,0.09682798385620117
1756843784.9960847,1756843785.0720623,0.07597756385803223
1756843785.0722508,1756843785.1824522,0.11020135879516602
1756843785.1825914,1756843785.2753603,0.09276890754699707
1756843785.2755587,1756843785.3513474,0.07578873634338379
1756843785.3515124,1756843785.461703,0.11019062995910645
1756843785.461829,1756843785.5626085,0.10077953338623047
1756843785.5628042,1756843785.6426644,0.07986021041870117
1756843785.6428332,1756843785.753022,0.11018872261047363
1756843785.7531354,1756843785.84197,0.08883452415466309
1756843785.8421626,1756843785.9174676,0.07530498504638672
1756843785.9176445,1756843786.0278354,0.11019086837768555
1756843786.0279493,1756843786.119189,0.09123969078063965
1756843786.119388,1756843786.1950102,0.0756220817565918
1756843786.1951625,1756843786.3053565,0.11019396781921387
1756843786.3054698,1756843786.3947632,0.0892934799194336
1756843786.3949776,1756843786.4689999,0.07402229309082031
1756843786.4691737,1756843786.5793712,0.11019754409790039
1756843786.579543,1756843786.6718066,0.09226346015930176
1756843786.6719687,1756843786.740705,0.06873631477355957
1756843786.7408526,1756843786.851048,0.11019539833068848
1756843786.851216,1756843786.947284,0.09606790542602539
1756843786.9474912,1756843787.018636,0.07114481925964355
1756843787.0187817,1756843787.1289816,0.1101999282836914
1756843787.1291292,1756843787.2249475,0.09581828117370605
1756843787.2251508,1756843787.2948856,0.06973481178283691
1756843787.29503,1756843787.4052308,0.11020064353942871
1756843787.4053974,1756843787.5028799,0.09748244285583496
1756843787.5030684,1756843787.573987,0.07091856002807617
1756843787.5741339,1756843787.6843297,0.11019587516784668
1756843787.6844785,1756843787.7788386,0.0943601131439209
1756843787.7790456,1756843787.8620903,0.08304476737976074
1756843787.8622596,1756843787.9724555,0.11019587516784668
1756843787.9725952,1756843788.0733433,0.10074806213378906
1756843788.07355,1756843788.1485832,0.07503318786621094
1756843788.148734,1756843788.2589262,0.11019206047058105
1756843788.2590423,1756843788.3593361,0.10029387474060059
1756843788.3595247,1756843788.428388,0.0688633918762207
1756843788.4285529,1756843788.5387456,0.11019277572631836
1756843788.5388691,1756843788.6375945,0.0987253189086914
1756843788.6377995,1756843788.721005,0.0832054615020752
1756843788.7211552,1756843788.8313463,0.11019110679626465
1756843788.8314824,1756843788.9228728,0.09139037132263184
1756843788.9230883,1756843788.993988,0.07089972496032715
1756843788.9941614,1756843789.1043527,0.11019134521484375
1756843789.1044972,1756843789.1971781,0.0926809310913086
1756843789.1973991,1756843789.2739465,0.07654738426208496
1756843789.2741349,1756843789.3843257,0.11019086837768555
1756843789.384456,1756843789.4813268,0.09687089920043945
1756843789.4815269,1756843789.571153,0.08962607383728027
1756843789.5713205,1756843789.681459,0.1101384162902832
1756843789.6815712,1756843789.7773616,0.09579038619995117
1756843789.7776244,1756843789.8501616,0.07253718376159668
1756843789.8503072,1756843789.9604545,0.11014723777770996
1756843789.9605634,1756843790.0581646,0.09760117530822754
1756843790.058427,1756843790.1323607,0.07393360137939453
1756843790.132514,1756843790.2427032,0.11018919944763184
1756843790.2428129,1756843790.336258,0.0934450626373291
1756843790.336475,1756843790.4114926,0.07501769065856934
1756843790.4116638,1756843790.5218573,0.11019349098205566
1756843790.5219724,1756843790.620587,0.09861469268798828
1756843790.620814,1756843790.6956027,0.07478857040405273
1756843790.6957748,1756843790.8059678,0.11019301414489746
1756843790.8060923,1756843790.9031549,0.09706258773803711
1756843790.9033587,1756843790.989536,0.08617734909057617
1756843790.9896936,1756843791.099886,0.11019229888916016
1756843791.1000042,1756843791.1979141,0.09790992736816406
1756843791.1980886,1756843791.333843,0.13575434684753418
1756843791.3340778,1756843791.4223464,0.08826851844787598
1756843791.4225252,1756843791.5327184,0.11019325256347656
1756843791.532847,1756843791.6419482,0.1091012954711914
1756843791.6421716,1756843791.7173867,0.07521510124206543
1756843791.7175791,1756843791.8277755,0.11019635200500488
1756843791.827901,1756843791.9259295,0.09802865982055664
1756843791.9262269,1756843791.9966555,0.07042860984802246
1756843791.996833,1756843792.10703,0.11019682884216309
1756843792.107185,1756843792.2283275,0.12114262580871582
1756843792.2285252,1756843792.3146145,0.0860893726348877
1756843792.3148363,1756843792.4250376,0.11020135879516602
1756843792.4251814,1756843792.5324864,0.10730504989624023
1756843792.5326872,1756843792.6031332,0.07044601440429688
1756843792.6032884,1756843792.7134647,0.11017632484436035
1756843792.7136333,1756843792.8207242,0.10709095001220703
1756843792.8209195,1756843792.8914273,0.07050776481628418
1756843792.891577,1756843793.0017715,0.11019444465637207
1756843793.0019038,1756843793.1000547,0.09815096855163574
1756843793.1002574,1756843793.1727731,0.07251572608947754
1756843793.172918,1756843793.2831035,0.11018538475036621
1756843793.2832284,1756843793.3827524,0.09952402114868164
1756843793.382944,1756843793.454733,0.07178878784179688
1756843793.454877,1756843793.565071,0.11019420623779297
1756843793.5652232,1756843793.6676357,0.10241246223449707
1756843793.6678233,1756843793.741894,0.07407069206237793
1756843793.7420464,1756843793.85224,0.11019372940063477
1756843995.89578,1756843997.4794445,1.5836644172668457
1756843997.479744,1756843997.579551,0.0998070240020752
1756843997.5798233,1756843997.6534503,0.07362699508666992
1756843997.653641,1756843997.785538,0.13189697265625
1756843997.7857442,1756843997.8813038,0.09555959701538086
1756843997.88148,1756843997.952136,0.07065606117248535
1756843997.9522965,1756843998.0529125,0.1006159782409668
1756843998.0531116,1756843998.1523283,0.09921669960021973
1756843998.1525097,1756843998.2315946,0.07908487319946289
1756843998.2318583,1756843998.3385367,0.10667848587036133
1756843998.3387682,1756843998.4095457,0.07077741622924805
1756843998.4097002,1756843998.479239,0.06953883171081543
1756843998.4793954,1756843998.5733128,0.0939173698425293
1756843998.5735419,1756843998.6485534,0.0750114917755127
1756843998.6487494,1756843998.738673,0.08992362022399902
1756843998.7388809,1756843998.8034976,0.06461668014526367
1756843998.803643,1756843998.8789532,0.07531023025512695
1756843998.8791378,1756843998.9494457,0.07030797004699707
1756843998.949704,1756843999.044548,0.09484410285949707
1756843999.0447445,1756843999.1248448,0.08010029792785645
1756843999.1250284,1756843999.207962,0.08293366432189941
1756843999.2081287,1756843999.2801275,0.07199883460998535
1756843999.2802827,1756843999.377579,0.09729623794555664
1756843999.3777835,1756843999.4544644,0.07668089866638184
1756843999.4547138,1756843999.5505378,0.09582400321960449
1756843999.550769,1756843999.6299195,0.07915043830871582
1756843999.6300893,1756843999.7054276,0.07533836364746094
1756843999.7057564,1756843999.7840014,0.07824492454528809
1756843999.7843869,1756843999.8644145,0.08002758026123047
1756843999.86473,1756843999.9638057,0.0990757942199707
1756843999.9640706,1756844000.0877888,0.12371826171875
1756844000.088031,1756844000.1787117,0.09068059921264648
1756844000.1790018,1756844000.2848659,0.10586404800415039
1756844000.2851536,1756844000.379977,0.09482336044311523
1756844000.3802285,1756844000.4692647,0.08903622627258301
1756844000.4695504,1756844000.5574067,0.08785629272460938
1756844000.5577044,1756844000.6573362,0.09963178634643555
1756844000.6575682,1756844000.7474895,0.08992123603820801
1756844000.7477188,1756844000.8407881,0.09306931495666504
1756844000.8410642,1756844000.9313972,0.0903329849243164
1756844000.9317176,1756844001.0228913,0.09117364883422852
1756844001.0231702,1756844001.1285765,0.10540628433227539
1756844001.1288257,1756844001.3200886,0.19126296043395996
1756844001.32031,1756844001.3783596,0.05804944038391113
1756844001.3785214,1756844001.4556549,0.0771334171295166
1756844001.455884,1756844001.5240526,0.06816864013671875
1756844001.5243468,1756844001.6226025,0.09825563430786133
1756844001.6228263,1756844001.679865,0.05703854560852051
1756844001.6800237,1756844001.744709,0.06468534469604492
1756844001.744934,1756844001.8056884,0.06075429916381836
1756844001.8059702,1756844001.8921223,0.0861520767211914
1756844001.892358,1756844001.9550273,0.06266927719116211
1756844001.9552212,1756844002.0351298,0.07990860939025879
1756844002.0353568,1756844002.118597,0.08324027061462402
1756844002.1188247,1756844002.210516,0.09169125556945801
1756844002.2107475,1756844002.2746763,0.06392884254455566
1756844002.2748456,1756844002.3555634,0.08071780204772949
1756844002.3558106,1756844002.419218,0.06340742111206055
1756844002.4194868,1756844002.5114195,0.09193277359008789
1756844002.511672,1756844002.571796,0.06012392044067383
1756844002.5719488,1756844002.6504292,0.07848048210144043
1756844002.650636,1756844002.7136233,0.0629873275756836
1756844002.7138975,1756844002.7979238,0.08402633666992188
1756844002.7981484,1756844002.8586664,0.06051802635192871
1756844002.8588192,1756844002.93731,0.0784907341003418
1756844002.937601,1756844003.0056329,0.06803178787231445
1756844003.005879,1756844003.0974095,0.09153056144714355
1756844003.0976732,1756844003.1641328,0.06645965576171875
1756844003.1642976,1756844003.2255263,0.06122875213623047
1756844003.2257411,1756844003.2986283,0.07288718223571777
1756844003.2989287,1756844003.3887239,0.08979511260986328
1756844003.3889644,1756844003.4494517,0.06048727035522461
1756844003.44961,1756844003.5230224,0.07341241836547852
1756844003.5232582,1756844003.5890296,0.06577134132385254
1756844003.589244,1756844003.67415,0.08490610122680664
1756844003.6743581,1756844003.7324429,0.058084726333618164
1756844003.7326026,1756844003.8042274,0.071624755859375
1756844003.8044086,1756844003.8706338,0.06622529029846191
1756844003.8708656,1756844003.9559429,0.08507728576660156
1756844003.9561794,1756844004.015043,0.05886363983154297
1756844004.0151944,1756844004.0889084,0.07371401786804199
1756844004.0890965,1756844004.161247,0.07215046882629395
1756844004.1614902,1756844004.2504601,0.08896994590759277
1756844004.2506702,1756844004.318322,0.06765174865722656
1756844004.3185086,1756844004.376133,0.05762434005737305
1756844004.3763244,1756844004.4426146,0.06629014015197754
1756844004.4428453,1756844004.5249112,0.08206582069396973
1756844004.5251036,1756844004.581647,0.05654335021972656
1756844004.5817962,1756844004.659573,0.07777690887451172
1756844004.6598108,1756844004.7245963,0.06478548049926758
1756844004.724806,1756844004.8040926,0.07928657531738281
1756844004.8042867,1756844004.8581166,0.05382990837097168
1756844004.8582604,1756844004.9115658,0.05330538749694824
1756844004.911797,1756844004.996121,0.08432388305664062
1756844004.996312,1756844005.0515106,0.05519866943359375
1756844005.051668,1756844005.1108284,0.059160470962524414
1756844005.1110818,1756844005.1740112,0.06292939186096191
1756844005.1742275,1756844005.2610435,0.08681607246398926
1756844005.2612655,1756844005.3205268,0.059261322021484375
1756844005.3206666,1756844005.392117,0.07145047187805176
1756844005.3922968,1756844005.4527807,0.06048393249511719
1756844005.4529877,1756844005.538256,0.08526825904846191
1756844005.538464,1756844005.594289,0.055824995040893555
1756844005.594433,1756844005.665371,0.0709378719329834
1756844005.66557,1756844005.7254214,0.05985140800476074
1756844005.7256696,1756844005.804198,0.07852840423583984
1756844005.804418,1756844005.8572876,0.052869558334350586
1756844005.857467,1756844005.911794,0.05432701110839844
1756844005.9120154,1756844005.9963992,0.08438372611999512
1756844005.9966109,1756844006.0515423,0.0549314022064209
1756844006.0517075,1756844006.124982,0.07327461242675781
1756844006.125213,1756844006.1842005,0.05898761749267578
1756844006.1844273,1756844006.2652493,0.08082199096679688
1756844006.2654746,1756844006.3211162,0.05564165115356445
1756844006.3212857,1756844006.3754807,0.05419492721557617
1756844006.3757622,1756844006.4569354,0.08117318153381348
1756844006.457144,1756844006.5164454,0.05930137634277344
1756844006.5166378,1756844006.585724,0.06908631324768066
1756844006.5859373,1756844006.6463983,0.06046104431152344
1756844006.6466196,1756844006.7284706,0.08185100555419922
1756844006.72867,1756844006.7859426,0.05727267265319824
1756844006.7861097,1756844006.896312,0.11020231246948242
1756844006.8964717,1756844006.9840045,0.08753275871276855
1756844006.9842296,1756844007.067607,0.08337736129760742
1756844007.0678437,1756844007.1569262,0.08908247947692871
1756844007.1571312,1756844007.2398763,0.08274507522583008
1756844007.2401469,1756844007.4021585,0.16201162338256836
1756844007.4023426,1756844007.4903433,0.08800077438354492
1756844007.49057,1756844007.5769198,0.0863497257232666
1756844007.5771983,1756844007.6709204,0.09372210502624512
1756844007.6711948,1756844007.7582326,0.08703780174255371
1756844007.7584786,1756844007.8452873,0.08680868148803711
1756844007.8455424,1756844007.9322221,0.08667969703674316
1756844007.932486,1756844008.0174725,0.08498644828796387
1756844008.0176995,1756844008.1030173,0.08531785011291504
1756844008.1032808,1756844008.1889954,0.08571457862854004
1756844008.1892707,1756844008.2802854,0.09101462364196777
1756844008.2805629,1756844008.3638842,0.08332133293151855
1756844008.3641098,1756844008.4512858,0.08717608451843262
1756844008.451527,1756844008.546926,0.0953989028930664
1756844008.5472054,1756844008.6335802,0.08637475967407227
1756844008.6338599,1756844008.7184167,0.08455681800842285
1756844008.7186565,1756844008.8025627,0.08390617370605469
1756844008.8028245,1756844008.8904798,0.08765530586242676
1756844008.8907518,1756844008.983254,0.09250211715698242
1756844008.9834852,1756844009.071872,0.08838677406311035
1756844009.0721521,1756844009.1605473,0.0883951187133789
1756844009.1608074,1756844009.2455432,0.08473587036132812
1756844009.2457917,1756844009.3334827,0.08769106864929199
1756844009.3337317,1756844009.4251208,0.09138917922973633
1756844009.425401,1756844009.515622,0.09022092819213867
1756844009.5158756,1756844009.606776,0.09090042114257812
1756844009.6070266,1756844009.6939316,0.08690500259399414
1756844009.6941984,1756844009.7967193,0.10252094268798828
1756844009.7970138,1756844009.8840163,0.08700251579284668
1756844009.8842747,1756844009.969829,0.08555436134338379
1756844009.97008,1756844010.0531082,0.08302831649780273
1756844010.0533504,1756844010.1404822,0.08713173866271973
1756844010.1407492,1756844010.2289555,0.08820629119873047
1756844010.2292159,1756844010.3182096,0.08899378776550293
1756844010.318484,1756844010.4079442,0.08946013450622559
1756844010.4082298,1756844010.4977987,0.0895688533782959
1756844010.4980724,1756844010.5900135,0.09194111824035645
1756844010.5902886,1756844010.6804132,0.09012460708618164
1756844010.680694,1756844010.7753758,0.0946817398071289
1756844010.7756608,1756844010.8660135,0.09035277366638184
1756844010.8662899,1756844010.9597862,0.09349632263183594
1756844010.960046,1756844011.0533621,0.09331607818603516
1756844011.0536435,1756844011.1402147,0.08657121658325195
1756844011.1405048,1756844011.228396,0.0878911018371582
1756844011.2286112,1756844011.3189337,0.09032249450683594
1756844011.3191893,1756844011.4201317,0.10094237327575684
1756844011.4203537,1756844011.502874,0.0825202465057373
1756844011.5031185,1756844011.6019158,0.09879732131958008
1756844011.602135,1756844011.6997368,0.09760189056396484
1756844011.7000196,1756844011.7863452,0.08632564544677734
1756844011.7865753,1756844011.8691013,0.08252596855163574
1756844011.869364,1756844011.9681554,0.09879136085510254
1756844011.9683936,1756844012.0550585,0.08666491508483887
1756844012.0553277,1756844012.1484313,0.09310364723205566
1756844012.148724,1756844012.234775,0.08605098724365234
1756844012.2350347,1756844012.3276327,0.09259796142578125
1756844012.3279157,1756844012.4150758,0.08716011047363281
1756844012.4152873,1756844012.5017142,0.08642697334289551
1756844012.50194,1756844012.5955744,0.09363436698913574
1756844012.5958583,1756844012.688159,0.0923006534576416
1756844012.6884496,1756844012.780809,0.09235930442810059
1756844012.781076,1756844012.8670447,0.0859687328338623
1756844012.8672915,1756844012.9539263,0.08663487434387207
1756844012.95422,1756844013.0412042,0.08698415756225586
1756844013.0414648,1756844013.127491,0.08602619171142578
1756844013.1277552,1756844013.211999,0.0842437744140625
1756844013.212245,1756844013.3032587,0.09101366996765137
1756844013.3035233,1756844013.3926663,0.08914303779602051
1756844013.3929226,1756844013.4984334,0.10551071166992188
1756844013.4987128,1756844013.5834115,0.08469867706298828
1756844013.5836573,1756844013.669146,0.08548879623413086
1756844013.669407,1756844013.7571564,0.08774948120117188
1756844013.7573984,1756844013.8457084,0.08831000328063965
1756844013.8459706,1756844013.933759,0.08778834342956543
1756844013.9340067,1756844014.0237465,0.08973979949951172
1756844014.0239968,1756844014.107175,0.08317828178405762
1756844014.107427,1756844014.1908238,0.08339691162109375
1756844014.1910827,1756844014.2773545,0.08627176284790039
1756844014.2775958,1756844014.370899,0.09330320358276367
1756844014.3711307,1756844014.4537563,0.0826256275177002
1756844014.4539561,1756844014.551084,0.09712791442871094
1756844014.551323,1756844014.6382797,0.08695673942565918
1756844014.638546,1756844014.7396455,0.10109949111938477
1756844014.7399316,1756844014.8273735,0.08744192123413086
1756844014.8276615,1756844014.9118211,0.08415961265563965
1756844014.912121,1756844015.0030334,0.0909123420715332
1756844015.0032818,1756844015.1187859,0.11550402641296387
1756844015.1190197,1756844015.2277505,0.10873079299926758
1756844015.227969,1756844015.3130488,0.08507990837097168
1756844015.3133101,1756844015.4052155,0.09190535545349121
1756844015.4055035,1756844015.489588,0.08408451080322266
1756844015.4898553,1756844015.574538,0.08468270301818848
1756844015.574796,1756844015.6634011,0.08860516548156738
1756844015.663652,1756844015.7562473,0.09259533882141113
1756844015.7565227,1756844015.8569803,0.10045766830444336
1756844015.8572304,1756844015.9487314,0.09150099754333496
1756844015.9490082,1756844016.122633,0.17362475395202637
1756844016.1227925,1756844016.2913084,0.16851592063903809
1756844016.2915256,1756844016.3620625,0.07053685188293457
1756844016.3623323,1756844016.4379644,0.07563209533691406
1756844016.4382458,1756844016.5180385,0.07979273796081543
1756844016.5182807,1756844016.5878778,0.06959700584411621
1756844016.5880969,1756844016.6555865,0.0674896240234375
1756844016.6558352,1756844016.728402,0.07256674766540527
1756844016.7286267,1756844016.7940536,0.06542682647705078
1756844016.794277,1756844016.8606536,0.0663766860961914
1756844016.8608556,1756844016.9286406,0.06778502464294434
1756844016.9289112,1756844016.9947243,0.06581306457519531
1756844016.9949694,1756844017.0607693,0.06579995155334473
1756844017.0609794,1756844017.1271992,0.06621980667114258
1756844017.1274216,1756844017.19455,0.06712841987609863
1756844017.1947925,1756844017.2595952,0.06480264663696289
1756844017.2598536,1756844017.3350456,0.07519197463989258
1756844017.3352344,1756844017.4001613,0.0649268627166748
1756844017.4003584,1756844017.4784005,0.07804203033447266
1756844017.4785922,1756844017.5434675,0.06487536430358887
1756844017.5436757,1756844017.6092114,0.0655357837677002
1756844017.6094313,1756844017.674629,0.06519770622253418
1756844017.674845,1756844017.741272,0.06642699241638184
1756844017.7415113,1756844017.8038769,0.06236553192138672
1756844017.8040717,1756844017.864178,0.06010627746582031
1756844017.864359,1756844017.9249861,0.06062722206115723
1756844017.9251711,1756844017.9855363,0.06036520004272461
1756844017.985756,1756844018.043749,0.057993173599243164
1756844018.043959,1756844018.099605,0.05564618110656738
1756844018.0997875,1756844018.1562319,0.056444406509399414
1756844018.1564093,1756844018.2131834,0.056774139404296875
1756844018.2134242,1756844018.2731733,0.05974912643432617
1756844018.2734203,1756844018.3318348,0.058414459228515625
1756844018.3320453,1756844018.3911211,0.05907583236694336
1756844018.3912785,1756844018.4513392,0.060060739517211914
1756844018.451537,1756844018.5107803,0.05924344062805176
1756844018.51096,1756844018.5689754,0.05801534652709961
1756844018.5691926,1756844018.6234946,0.05430197715759277
1756844018.6237228,1756844018.678908,0.05518531799316406
1756844018.679103,1756844018.7340949,0.054991960525512695
1756844018.7342575,1756844018.7890358,0.054778337478637695
1756844018.7892077,1756844018.8440263,0.05481863021850586
1756844018.8442194,1756844018.8984208,0.054201364517211914
1756844018.8986278,1756844018.9531367,0.05450892448425293
1756844018.953325,1756844019.0566099,0.10328483581542969
1756844019.0568287,1756844019.111908,0.05507922172546387
1756844019.1121352,1756844019.165895,0.05375981330871582
1756844019.1661088,1756844019.2224352,0.05632638931274414
1756844019.2226493,1756844019.2807884,0.05813908576965332
1756844019.281024,1756844019.338041,0.05701708793640137
1756844019.3382316,1756844019.3954885,0.05725693702697754
1756844019.3956964,1756844019.451825,0.056128501892089844
1756844019.4519973,1756844019.507856,0.055858612060546875
1756844019.5080626,1756844019.5642,0.0561373233795166
1756844019.564407,1756844019.6186264,0.05421924591064453
1756844019.6188152,1756844019.6724648,0.0536496639251709
1756844019.67268,1756844019.7269168,0.05423688888549805
1756844019.7271163,1756844019.782586,0.05546975135803223
1756844019.7827873,1756844019.8367023,0.05391502380371094
1756844019.8368945,1756844019.891842,0.0549473762512207
1756844019.89204,1756844019.9472926,0.0552525520324707
1756844019.947534,1756844020.0015693,0.054035186767578125
1756844020.0017855,1756844020.0559828,0.05419731140136719
1756844020.0561802,1756844020.1106594,0.054479122161865234
1756844020.1108553,1756844020.1653922,0.05453681945800781
1756844020.1656194,1756844020.2200282,0.05440878868103027
1756844020.22023,1756844020.2769995,0.056769371032714844
1756844020.277221,1756844020.3326435,0.05542254447937012
1756844020.332838,1756844020.3876078,0.05476975440979004
1756844020.387823,1756844020.4421542,0.054331064224243164
1756844020.4423437,1756844020.496995,0.05465126037597656
1756844020.4971993,1756844020.551739,0.05453968048095703
1756844020.5519652,1756844020.6070507,0.05508542060852051
1756844020.6072345,1756844020.6618857,0.05465126037597656
1756844020.6620774,1756844020.7165701,0.05449271202087402
1756844020.716774,1756844020.7731175,0.05634355545043945
1756844020.7732897,1756844020.8277087,0.05441904067993164
1756844020.8279047,1756844020.882472,0.05456733703613281
1756844020.882684,1756844020.9376683,0.054984331130981445
1756844020.9378548,1756844020.994654,0.05679917335510254
1756844020.994848,1756844021.0506048,0.05575680732727051
1756854864.3068457,1756854864.4784758,0.1716301441192627
1756854864.4798653,1756854864.62588,0.14601469039916992
1756854864.626058,1756854864.7612565,0.13519835472106934
1756854864.7614133,1756854864.8972156,0.1358022689819336
1756854864.8974512,1756854865.082977,0.18552589416503906
1756854865.0831513,1756854865.2191484,0.13599705696105957
1756854865.2193282,1756854865.35716,0.1378319263458252
1756854865.3573542,1756854865.4967773,0.13942313194274902
1756854865.4969618,1756854865.630659,0.1336972713470459
1756854865.6308725,1756854865.768475,0.1376025676727295
1756854865.7686384,1756854865.9044235,0.13578510284423828
1756854865.9046223,1756854866.0408733,0.13625097274780273
1756854866.041048,1756854866.1775098,0.13646173477172852
1756854866.1776903,1756854866.316351,0.13866066932678223
1756854866.3165185,1756854866.459384,0.14286541938781738
1756854866.4595513,1756854866.6436322,0.1840808391571045
1756854866.64381,1756854866.7766917,0.13288164138793945
1756854866.7768755,1756854866.914177,0.13730144500732422
1756854866.9143507,1756854867.0479493,0.13359856605529785
1756854867.0481284,1756854867.1822035,0.13407516479492188
1756854867.1823866,1756854867.3158495,0.13346290588378906
1756854867.3160205,1756854867.4515536,0.13553309440612793
1756854867.451731,1756854867.5941343,0.14240336418151855
1756854867.5942864,1756854867.7365286,0.1422421932220459
1756854867.7366924,1756854867.8764083,0.13971590995788574
1756854867.8765662,1756854868.028112,0.15154576301574707
1756854868.0282617,1756854868.2130985,0.18483686447143555
1756854868.2132747,1756854868.354376,0.14110136032104492
1756854868.354533,1756854868.4977458,0.14321279525756836
1756854868.4979293,1756854868.634629,0.13669967651367188
1756854868.6347988,1756854868.769954,0.13515520095825195
1756854868.770129,1756854868.9125817,0.14245271682739258
1756854868.912745,1756854869.0503492,0.1376042366027832
1756854869.050511,1756854869.1834416,0.13293075561523438
1756854869.1836035,1756854869.3280845,0.14448094367980957
1756854869.328246,1756854869.4663212,0.1380751132965088
1756854869.4664786,1756854869.6054842,0.1390056610107422
1756854869.6056516,1756854869.7967355,0.1910839080810547
1756854869.7969265,1756854869.9325335,0.13560700416564941
1756854869.9326882,1756854870.0624712,0.12978291511535645
1756854870.0626252,1756854870.196484,0.13385891914367676
1756854870.1966588,1756854870.3267398,0.1300809383392334
1756854870.326899,1756854870.4572017,0.13030266761779785
1756854870.4573557,1756854870.5913098,0.13395404815673828
1756854870.5914805,1756854870.7252364,0.13375592231750488
1756854870.725408,1756854870.862099,0.13669085502624512
1756854870.8622746,1756854870.9962811,0.13400650024414062
1756854870.9964302,1756854871.1297774,0.1333472728729248
1756854871.1299305,1756854871.3130124,0.18308186531066895
1756854871.313163,1756854871.4506586,0.1374955177307129
1756854871.4508228,1756854871.5894957,0.1386728286743164
1756854871.589659,1756854871.725719,0.13605999946594238
1756854871.725917,1756854871.8722036,0.1462864875793457
1756854871.8723702,1756854872.0205905,0.14822030067443848
1756854872.0208492,1756854872.1601994,0.13935017585754395
1756854872.160352,1756854872.2998466,0.1394946575164795
1756854872.3000042,1756854872.4379456,0.1379413604736328
1756854872.4380984,1756854872.5783355,0.14023709297180176
1756854872.578488,1756854872.7685325,0.19004440307617188
1756854872.7688425,1756854872.9076939,0.13885140419006348
1756854872.9078517,1756854873.046374,0.13852238655090332
1756854873.046542,1756854873.1843112,0.13776922225952148
1756854873.184471,1756854873.320318,0.1358470916748047
1756854873.320472,1756854873.454153,0.133681058883667
1756854873.454321,1756854873.586821,0.13250017166137695
1756854873.5869827,1756854873.7236006,0.13661789894104004
1756854873.7237544,1756854873.863189,0.1394345760345459
1756854873.8633459,1756854874.0011456,0.13779973983764648
1756854874.001295,1756854874.189919,0.18862390518188477
1756854874.1901011,1756854874.3250878,0.13498663902282715
1756854874.3252375,1756854874.4697032,0.14446568489074707
1756854874.46988,1756854874.607257,0.1373767852783203
1756854920.161299,1756854920.3008633,0.13956427574157715
1756854920.3010268,1756854920.3758233,0.07479643821716309
1756854920.3759906,1756854920.486183,0.11019229888916016
1756854920.4862964,1756854920.577075,0.09077858924865723
1756854920.577264,1756854920.6471932,0.06992912292480469
1756854920.6473489,1756854920.7575178,0.1101689338684082
1756854920.7576327,1756854920.8513992,0.09376645088195801
1756854920.8516262,1756854920.921392,0.06976580619812012
1756854920.9215662,1756854921.0317523,0.11018610000610352
1756854921.0318675,1756854921.12826,0.09639239311218262
1756854921.1284297,1756854921.2669208,0.13849115371704102
1756854921.2670784,1756854921.3772688,0.11019039154052734
1756854921.377384,1756854921.4695725,0.09218859672546387
1756854921.4697597,1756854921.5393994,0.06963968276977539
1756854921.5395586,1756854921.6497462,0.11018753051757812
1756854921.649864,1756854921.7456,0.09573602676391602
1756854921.7458405,1756854921.8157375,0.06989693641662598
1756854921.8158953,1756854921.926082,0.11018657684326172
1756854921.9261978,1756854922.0130713,0.08687353134155273
1756854922.0132685,1756854922.0837204,0.07045197486877441
1756854922.0839262,1756854922.1941214,0.11019515991210938
1756854922.1942563,1756854922.293385,0.09912872314453125
1756854922.2935615,1756854922.3644083,0.0708467960357666
1756854922.3645713,1756854922.4747605,0.11018919944763184
1756854922.4748776,1756854922.5673907,0.0925130844116211
1756854922.5675535,1756854922.6379359,0.07038235664367676
1756854922.638093,1756854922.748282,0.11018896102905273
1756854922.7483969,1756854922.8419363,0.09353947639465332
1756854922.8421264,1756854922.9135783,0.07145190238952637
1756854922.9137325,1756854923.0239286,0.11019611358642578
1756854923.0240626,1756854923.123915,0.09985232353210449
1756854923.1241038,1756854923.1921167,0.06801295280456543
1756854923.1922693,1756854923.3024564,0.11018705368041992
1756854923.3025799,1756854923.3902152,0.08763527870178223
1756854923.3904057,1756854923.4578803,0.0674746036529541
1756854923.4580288,1756854923.5682137,0.11018490791320801
1756854923.5683289,1756854923.6615255,0.09319663047790527
1756854923.6617079,1756854923.7294576,0.0677497386932373
1756854923.7296257,1756854923.839815,0.11018919944763184
1756854923.839929,1756854923.9334326,0.09350347518920898
1756854923.9336002,1756854924.002835,0.06923484802246094
1756854924.0030174,1756854924.1132135,0.11019611358642578
1756854924.1133542,1756854924.1754026,0.06204843521118164
1756854924.1755621,1756854924.2857523,0.11019015312194824
1756854924.285857,1756854924.37395,0.08809304237365723
1756854924.3741639,1756854924.522734,0.14857006072998047
1756854924.5228927,1756854924.5929644,0.07007169723510742
1756854924.5931141,1756854924.7033012,0.11018705368041992
1756854924.703418,1756854924.7902296,0.08681154251098633
1756854924.790428,1756854924.8573322,0.06690430641174316
1756854924.8574843,1756854924.9676704,0.11018610000610352
1756854924.9677877,1756854925.0597084,0.09192061424255371
1756854925.0598643,1756854925.1281352,0.06827092170715332
1756854925.1282897,1756854925.2384806,0.11019086837768555
1756854925.2386022,1756854925.331352,0.09274983406066895
1756854925.3315253,1756854925.398763,0.06723761558532715
1756854925.3989153,1756854925.5090976,0.11018228530883789
1756854925.5092123,1756854925.6016326,0.09242033958435059
1756854925.6018162,1756854925.6706133,0.06879711151123047
1756854925.6707952,1756854925.7809882,0.11019301414489746
1756854925.7811058,1756854925.8697493,0.08864355087280273
1756854925.8699136,1756854925.9390068,0.06909322738647461
1756854925.9391623,1756854926.049359,0.11019682884216309
1756854926.0495265,1756854926.1589158,0.1093893051147461
1756854926.1590853,1756854926.2380464,0.07896113395690918
1756854926.2387478,1756854926.3489442,0.11019635200500488
1756854926.3490906,1756854926.4567926,0.10770201683044434
1756854926.45699,1756854926.5271246,0.07013463973999023
1756854926.5272775,1756854926.6374657,0.11018824577331543
1756854926.6375902,1756854926.725658,0.08806777000427246
1756854926.7258496,1756854926.793848,0.06799840927124023
1756854926.7940042,1756854926.9041965,0.11019229888916016
1756854926.9043155,1756854926.992221,0.0879056453704834
1756854926.9924393,1756854927.0605159,0.06807661056518555
1756854927.0606718,1756854927.17086,0.11018824577331543
1756854927.170985,1756854927.281189,0.11020398139953613
1756854927.281301,1756854927.3753297,0.09402871131896973
1756854927.3754852,1756854927.5425618,0.16707658767700195
1756854927.542733,1756854927.6141138,0.0713808536529541
1756854927.6142743,1756854927.724467,0.11019277572631836
1756854927.7245789,1756854927.8129244,0.08834552764892578
1756854927.813114,1756854927.8942683,0.08115434646606445
1756854927.8944218,1756854928.004518,0.11009621620178223
1756854928.004625,1756854928.0989585,0.09433341026306152
1756854928.0991488,1756854928.1697378,0.07058906555175781
1756854928.1699252,1756854928.2801206,0.11019539833068848
1756854928.2802284,1756854928.3692563,0.08902788162231445
1756854928.3694427,1756854928.4500787,0.08063602447509766
1756854928.4502347,1756854928.5604253,0.11019062995910645
1756854928.5605361,1756854928.6536393,0.09310317039489746
1756854928.653822,1756854928.724685,0.07086300849914551
1756854928.7248478,1756854928.8350422,0.11019444465637207
1756854928.8351498,1756854928.929279,0.09412932395935059
1756854928.929445,1756854929.0247838,0.09533882141113281
1756854929.0249398,1756854929.1351283,0.11018848419189453
1756854929.1352327,1756854929.2280097,0.09277701377868652
1756854929.2282126,1756854929.298276,0.07006335258483887
1756854929.2984307,1756854929.4086294,0.1101987361907959
1756854929.4087617,1756854929.500334,0.09157228469848633
1756854929.5005276,1756854929.570584,0.07005643844604492
1756854929.5707433,1756854929.6809309,0.11018753051757812
1756854929.6810398,1756854929.7731302,0.09209036827087402
1756854929.7733057,1756854929.8538332,0.08052754402160645
1756854929.854,1756854929.9641936,0.11019349098205566
1756854929.9642975,1756854930.0559022,0.09160470962524414
1756854930.0561295,1756854930.1282494,0.07211995124816895
1756854930.1284053,1756854930.2385178,0.11011242866516113
1756854930.238636,1756854930.327477,0.08884096145629883
1756854930.3276806,1756854930.4486232,0.12094259262084961
1756854930.448813,1756854930.5590017,0.11018872261047363
1756854930.5591066,1756854930.6502173,0.0911107063293457
1756854930.6503835,1756854930.7192223,0.06883883476257324
1756854930.719385,1756854930.8295212,0.11013627052307129
1756854930.8296306,1756854930.9233584,0.09372782707214355
1756854930.9235308,1756854930.9917982,0.0682673454284668
1756854930.9919517,1756854931.10214,0.11018824577331543
1756854931.1022427,1756854931.1887057,0.08646297454833984
1756854931.1889012,1756854931.2564669,0.0675656795501709
1756854931.2566278,1756854931.3668134,0.11018562316894531
1756854931.3669324,1756854931.4596224,0.09268999099731445
1756854931.4598055,1756854931.526943,0.06713747978210449
1756854931.5270958,1756854931.6372852,0.11018943786621094
1756854931.637404,1756854931.7310402,0.09363627433776855
1756854931.73122,1756854931.8001564,0.06893634796142578
1756854931.8003175,1756854931.910505,0.11018753051757812
1756854931.910608,1756854932.003131,0.09252285957336426
1756854932.003318,1756854932.072843,0.06952500343322754
1756854932.0730703,1756854932.18326,0.11018967628479004
1756854932.183367,1756854932.275945,0.09257793426513672
1756854932.2761636,1756854932.3456235,0.06945991516113281
1756854932.3457797,1756854932.4559734,0.11019372940063477
1756854932.4561064,1756854932.5526133,0.09650683403015137
1756854932.552795,1756854932.6221075,0.06931257247924805
1756854932.6222615,1756854932.7324467,0.11018514633178711
1756854932.7325647,1756854932.8264236,0.09385895729064941
1756854932.8266103,1756854932.8962529,0.06964254379272461
1756854932.8964097,1756854933.0065973,0.11018753051757812
1756854933.0067239,1756854933.1016352,0.09491133689880371
1756854933.1018107,1756854933.1696563,0.06784558296203613
1756854933.1698072,1756854933.2800035,0.11019635200500488
1756854933.2801282,1756854933.4486248,0.16849660873413086
1756854933.4488094,1756854933.5176182,0.06880879402160645
1756854933.5177722,1756854933.62796,0.11018776893615723
1756854933.6280754,1756854933.7217243,0.09364891052246094
1756854933.7219083,1756854933.7919564,0.07004809379577637
1756854933.7921112,1756854933.902301,0.11018991470336914
1756854933.9024196,1756854933.995923,0.09350347518920898
1756854933.9961872,1756854934.0641851,0.06799793243408203
1756854934.0643659,1756854934.1745172,0.11015129089355469
1756854934.1746385,1756854934.2747405,0.10010194778442383
1756854934.2749226,1756854934.3432057,0.0682830810546875
1756854934.3433614,1756854934.4535162,0.11015486717224121
1756854934.453619,1756854934.5474215,0.09380245208740234
1756854934.547582,1756854934.6326008,0.08501887321472168
1756854934.6328163,1756854934.7429645,0.11014819145202637
1756854934.7430837,1756854934.8401139,0.0970301628112793
1756854934.8403053,1756854934.911813,0.07150769233703613
1756854934.9119644,1756854935.0221534,0.11018896102905273
1756854935.022259,1756854935.11737,0.09511089324951172
1756854935.117535,1756854935.1861362,0.06860113143920898
1756854935.1862915,1756854935.2964802,0.11018872261047363
1756855084.0510602,1756855084.2608998,0.2098395824432373
1756855084.2611003,1756855084.413403,0.15230274200439453
1756855084.4136124,1756855084.5238092,0.11019682884216309
1756855084.5239525,1756855084.6967301,0.17277765274047852
1756855084.6969504,1756855084.8365405,0.13959002494812012
1756855084.8367069,1756855084.9468968,0.11018991470336914
1756855084.9470267,1756855085.1685843,0.2215576171875
1756855085.168813,1756855085.3118012,0.1429882049560547
1756855085.311988,1756855085.4221847,0.11019659042358398
1756855085.422311,1756855085.5901413,0.167830228805542
1756855085.5903776,1756855085.7700684,0.17969083786010742
1756855085.7703001,1756855085.9532492,0.18294906616210938
1756855085.953453,1756855086.1408749,0.1874217987060547
1756855086.1410367,1756855086.3181803,0.17714357376098633
1756855086.3183875,1756855086.4691317,0.15074419975280762
1756855086.4693244,1756855086.5813348,0.11201047897338867
1756855086.5814714,1756855086.771413,0.1899416446685791
1756855086.771653,1756855086.9196157,0.1479628086090088
1756855086.9198217,1756855087.0300124,0.11019062995910645
1756855087.0301442,1756855087.2614486,0.23130440711975098
1756855087.2616637,1756855087.4106681,0.14900445938110352
1756855087.4108508,1756855087.5210497,0.110198974609375
1756855087.5211813,1756855087.6860266,0.16484522819519043
1756855087.6862152,1756855087.8319993,0.1457841396331787
1756855087.832176,1756855087.9423726,0.11019659042358398
1756855087.942533,1756855088.1078622,0.1653292179107666
1756855088.108047,1756855088.2549107,0.14686369895935059
1756855088.255105,1756855088.3653,0.11019492149353027
1756855088.3654268,1756855088.5243056,0.15887880325317383
1756855088.5245192,1756855088.6714096,0.14689040184020996
1756855088.671605,1756855088.781799,0.11019396781921387
1756855088.7819703,1756855088.9551275,0.1731572151184082
1756855088.955298,1756855089.1015594,0.14626145362854004
1756855089.1017523,1756855089.2119436,0.11019134521484375
1756855089.212071,1756855089.379077,0.1670060157775879
1756855089.3792732,1756855089.5755687,0.19629549980163574
1756855089.5757391,1756855089.6859303,0.11019110679626465
1756855089.686044,1756855089.857052,0.17100811004638672
1756855089.8572516,1756855090.0400808,0.1828291416168213
1756855090.040307,1756855090.1792395,0.138932466506958
1756855090.1794205,1756855090.2896092,0.11018872261047363
1756855090.2897277,1756855090.459891,0.17016339302062988
1756855090.4600892,1756855090.6127484,0.15265917778015137
1756855090.61292,1756855090.7231076,0.11018753051757812
1756855090.7232268,1756855090.8682148,0.1449880599975586
1756855090.868382,1756855090.980528,0.11214613914489746
1756855090.9806402,1756855091.150802,0.17016172409057617
1756855091.1510005,1756855091.3043823,0.1533818244934082
1756855091.3045468,1756855091.414735,0.11018824577331543
1756855091.4148602,1756855091.5898795,0.1750192642211914
1756855091.5900533,1756855091.8173745,0.22732114791870117
1756855091.817587,1756855091.957037,0.1394500732421875
1756855091.9572031,1756855092.0673966,0.11019349098205566
1756855092.067526,1756855092.237537,0.17001080513000488
1756855092.2377496,1756855092.3785105,0.1407608985900879
1756855092.3786714,1756855092.4888606,0.11018919944763184
1756855092.4889739,1756855092.6644163,0.17544245719909668
1756855092.6646168,1756855092.805547,0.14093017578125
1756855092.805716,1756855092.9159038,0.11018776893615723
1756855092.9160237,1756855093.0928333,0.17680954933166504
1756855093.0929985,1756855093.2354329,0.14243435859680176
1756855093.2356043,1756855093.345789,0.1101846694946289
1756855093.3459105,1756855093.4561138,0.11020326614379883
1756855093.4562397,1756855093.623707,0.16746735572814941
1756855093.6239116,1756855093.7706685,0.14675688743591309
1756855093.7708633,1756855093.8810601,0.11019682884216309
1756855093.8811893,1756855094.0988066,0.21761727333068848
1756855094.0990055,1756855094.2405205,0.14151501655578613
1756855094.240688,1756855094.35088,0.11019182205200195
1756855094.3509958,1756855094.5270433,0.17604756355285645
1756855094.527267,1756855094.6661494,0.13888239860534668
1756855094.6663127,1756855094.7765095,0.11019682884216309
1756855094.7766368,1756855094.9608228,0.18418598175048828
1756855094.9610164,1756855095.0998833,0.13886690139770508
1756855095.1000419,1756855095.2102363,0.11019444465637207
1756855095.2103589,1756855095.3803086,0.16994976997375488
1756855095.380525,1756855095.5286322,0.14810705184936523
1756855095.5288002,1756855095.638989,0.11018872261047363
1756855095.639133,1756855095.7834673,0.1443343162536621
1756855095.783783,1756855095.8939712,0.11018824577331543
1756855095.8941069,1756855096.0653062,0.17119932174682617
1756855096.0655286,1756855096.2067902,0.14126157760620117
1756855096.2069569,1756855096.3171442,0.11018729209899902
1756855096.3172667,1756855096.5321383,0.21487164497375488
1756855096.53236,1756855096.6756754,0.14331531524658203
1756855096.6758637,1756855096.786054,0.11019015312194824
1756855096.7861717,1756855096.954702,0.16853022575378418
1756855096.95491,1756855097.0977886,0.14287853240966797
1756855097.097947,1756855097.2081375,0.11019062995910645
1756855097.2082646,1756855097.379761,0.17149639129638672
1756855097.3799672,1756855097.5228753,0.14290809631347656
1756855097.5230427,1756855097.6332374,0.11019468307495117
1756855097.6333654,1756855097.8002496,0.166884183883667
1756855097.8004575,1756855097.9418097,0.14135217666625977
1756855097.941984,1756855098.0521765,0.11019253730773926
1756855098.0522985,1756855098.1625047,0.11020612716674805
1756855098.1626198,1756855098.3243012,0.1616814136505127
1756855098.324533,1756855098.4687502,0.14421725273132324
1756855098.468981,1756855098.5791807,0.1101996898651123
1756855098.579335,1756855098.7514076,0.1720726490020752
1756855098.7516453,1756855098.976679,0.22503376007080078
1756855098.9768898,1756855099.1149333,0.13804340362548828
1756855099.1151347,1756855099.2253277,0.11019301414489746
1756855099.2254493,1756855099.387469,0.1620197296142578
1756855099.3877082,1756855099.5217593,0.13405108451843262
1756855099.521933,1756855099.6321235,0.11019039154052734
1756855099.6322377,1756855099.7972624,0.1650247573852539
1756855099.797462,1756855099.9330819,0.1356198787689209
1756855099.9332561,1756855100.043462,0.11020588874816895
1756855100.0436118,1756855100.183948,0.140336275100708
1756855100.1841383,1756855100.294334,0.11019563674926758
1756855100.2944598,1756855100.4600687,0.16560888290405273
1756855100.4602978,1756855100.603284,0.14298605918884277
1756855100.6034496,1756855100.7136304,0.11018085479736328
1756855100.7137601,1756855100.8896782,0.1759181022644043
1756855100.889868,1756855101.1166003,0.2267322540283203
1756855101.1167855,1756855101.2701292,0.15334367752075195
1756855101.2703216,1756855101.3805156,0.11019396781921387
1756855101.3806376,1756855101.5652618,0.18462419509887695
1756855101.565498,1756855101.7109325,0.14543437957763672
1756855101.7110934,1756855101.8212821,0.11018872261047363
1756855101.8214104,1756855101.9996772,0.1782667636871338
1756855101.999911,1756855102.1475515,0.14764046669006348
1756855102.1477287,1756855102.2579226,0.11019396781921387
1756855102.258048,1756855102.4255354,0.16748738288879395
1756855102.4257889,1756855102.5749257,0.14913678169250488
1756855102.575108,1756855102.685311,0.11020302772521973
1756855102.6854334,1756855102.8346128,0.14917945861816406
1756855102.8347867,1756855102.9449766,0.11018991470336914
1756855102.945088,1756855103.1098702,0.16478228569030762
1756855103.1100712,1756855103.329274,0.21920275688171387
1756855103.329488,1756855103.4662538,0.136765718460083
1756855103.4664214,1756855103.5765219,0.11010050773620605
1756855103.5766473,1756855103.7410839,0.16443657875061035
1756855103.741287,1756855103.8775573,0.13627028465270996
1756855103.8777237,1756855103.9887464,0.1110227108001709
1756855103.9888852,1756855104.1662824,0.1773972511291504
1756855104.1664996,1756855104.3114514,0.14495182037353516
1756855104.3116798,1756855104.421871,0.11019110679626465
1756855104.4219968,1756855104.594733,0.17273616790771484
1756855104.5949254,1756855104.747249,0.15232348442077637
1756855104.7474134,1756855104.8575182,0.11010479927062988
1756855104.8576484,1756855104.9955592,0.1379108428955078
1756855104.9957325,1756855105.1059253,0.11019277572631836
1756855105.106069,1756855105.270424,0.16435480117797852
1756855105.270643,1756855105.414043,0.14339995384216309
1756855105.4142115,1756855105.524402,0.11019039154052734
1756855105.5245504,1756855105.7417145,0.2171640396118164
1756855105.7419157,1756855105.8807697,0.1388540267944336
1756855105.8809657,1756855105.9911573,0.11019158363342285
1756855105.9912815,1756855106.1014874,0.11020588874816895
1756855106.101607,1756855106.2636564,0.1620492935180664
1756855106.2638562,1756855106.4133801,0.14952397346496582
1756855106.413624,1756855106.523824,0.1101999282836914
1756855106.5239494,1756855106.6341639,0.1102144718170166
1756855106.634301,1756855106.8217964,0.18749547004699707
1756855106.8219953,1756855106.9596403,0.13764500617980957
1756855106.959837,1756855107.070029,0.11019206047058105
1756855107.070159,1756855107.2185707,0.14841175079345703
1756855107.218783,1756855107.3289785,0.11019563674926758
1756855107.3291163,1756855107.495268,0.166151762008667
1756855107.495518,1756855107.6385775,0.14305949211120605
1756855107.6387596,1756855107.7489557,0.11019611358642578
1756855107.7490938,1756855107.9327717,0.18367791175842285
1756855107.9329798,1756855108.0783832,0.14540338516235352
1756855108.0785606,1756855108.188749,0.11018848419189453
1756855108.1888745,1756855108.4138381,0.22496366500854492
1756855108.4140434,1756855108.5582883,0.14424490928649902
1756855108.5584524,1756855108.6686432,0.11019086837768555
1756855108.6687715,1756855108.8311238,0.1623523235321045
1756855108.8313236,1756855108.9761264,0.14480280876159668
1756855108.9762928,1756855109.0864844,0.11019158363342285
1756855109.086621,1756855109.2485158,0.1618947982788086
1756855109.2487254,1756855109.390981,0.14225554466247559
1756855109.3911448,1756855109.501245,0.11010026931762695
1756855109.5014107,1756855109.6659799,0.16456913948059082
1756855109.6661606,1756855109.805451,0.13929033279418945
1756855109.805652,1756855109.9158452,0.11019325256347656
1756855109.915984,1756855110.0262113,0.11022734642028809
1756855110.0263324,1756855110.187494,0.1611616611480713
1756855110.1876926,1756855110.319856,0.13216328620910645
1756855110.3200324,1756855110.4302247,0.11019229888916016
1756855110.4303498,1756855110.540519,0.1101691722869873
1756855110.540631,1756855110.7584832,0.21785211563110352
1756855110.7586884,1756855110.8981202,0.13943171501159668
1756855110.898278,1756855111.008468,0.11018991470336914
1756855111.0086036,1756855111.2139251,0.2053215503692627
1756855111.214102,1756855111.3533926,0.13929057121276855
1756855111.353577,1756855111.4637694,0.11019253730773926
1756855111.463898,1756855111.637734,0.17383599281311035
1756855111.6379473,1756855111.783696,0.14574861526489258
1756855111.7838624,1756855111.895177,0.11131453514099121
1756855111.8953037,1756855112.0675147,0.1722109317779541
1756855112.0677602,1756855112.2067378,0.1389775276184082
1756855112.2069237,1756855112.317126,0.11020231246948242
1756855112.3172517,1756855112.4274595,0.11020779609680176
1756855112.4275818,1756855112.5846496,0.15706777572631836
1756855112.5848372,1756855112.7624278,0.17759060859680176
1756855112.7626534,1756855112.993409,0.23075556755065918
1756855112.9936264,1756855113.1331022,0.13947582244873047
1756855113.133295,1756855113.2434914,0.11019635200500488
1756855113.24363,1756855113.410209,0.166579008102417
1756855113.410413,1756855113.550498,0.14008498191833496
1756855113.550676,1756855113.6610427,0.1103665828704834
1756855113.6611702,1756855113.8328862,0.17171597480773926
1756855113.8330708,1756855113.9714522,0.1383814811706543
1756855113.971622,1756855114.0818179,0.11019587516784668
1756855114.0819442,1756855114.2575665,0.17562222480773926
1756855114.2578025,1756855114.3945823,0.13677978515625
1756855114.3947723,1756855114.504963,0.11019062995910645
1756855114.5051029,1756855114.6413612,0.13625836372375488
1756855114.6415317,1756855114.7517273,0.11019563674926758
1756855114.7518492,1756855114.92499,0.1731407642364502
1756855114.925177,1756855115.0705361,0.14535903930664062
1756855115.070706,1756855115.1808996,0.11019372940063477
1756855115.1810145,1756855115.4010127,0.21999812126159668
1756855115.401217,1756855115.5390358,0.1378188133239746
1756855115.5392194,1756855115.64941,0.11019062995910645
1756855115.6495388,1756855115.8217728,0.17223405838012695
1756855115.8219805,1756855115.9681752,0.1461946964263916
1756855115.9683452,1756855116.0785196,0.11017441749572754
1756855116.078652,1756855116.252816,0.1741640567779541
1756855116.2530372,1756855116.4072971,0.15425992012023926
1756855116.4074638,1756855116.5176506,0.11018681526184082
1756855116.5177753,1756855116.6835227,0.16574740409851074
1756855116.6837237,1756855116.8195298,0.13580608367919922
1756855116.8196929,1756855116.9298806,0.11018776893615723
1756855116.9300122,1756855117.0682895,0.13827729225158691
1756855117.068459,1756855117.178631,0.11017203330993652
1756855117.178763,1756855117.337591,0.1588280200958252
1756855117.3377967,1756855117.4786606,0.14086389541625977
1756855117.4788249,1756855117.5890212,0.11019635200500488
1756855117.5891452,1756855117.815449,0.2263038158416748
1756855117.8156974,1756855117.9714205,0.15572309494018555
1756855117.971591,1756855118.0817862,0.11019515991210938
1756855118.0819013,1756855118.246092,0.16419076919555664
1756855118.2463453,1756855118.3923604,0.14601516723632812
1756855118.3925376,1756855118.502733,0.11019539833068848
1756855118.5028596,1756855118.6807168,0.1778571605682373
1756855118.6808999,1756855118.8249667,0.14406681060791016
1756855118.8251326,1756855118.9353244,0.11019182205200195
1756855118.9354508,1756855119.1034555,0.16800475120544434
1756855119.1036873,1756855119.2512252,0.1475379467010498
1756855119.2514465,1756855119.3616512,0.11020469665527344
1756855119.3617766,1756855119.5430152,0.18123865127563477
1756855119.5431988,1756855119.68961,0.14641118049621582
1756855119.6897745,1756855119.799963,0.11018848419189453
1756855119.8000872,1756855119.9733052,0.1732180118560791
1756855119.973541,1756855120.2073476,0.23380661010742188
1756855120.207575,1756855120.3532672,0.1456921100616455
1756855120.3534353,1756855120.4636352,0.1101999282836914
1756855120.4638772,1756855120.6326318,0.16875457763671875
1756855120.63284,1756855120.7858577,0.15301775932312012
1756855120.786022,1756855120.8962107,0.11018872261047363
1756855120.8963366,1756855121.0680761,0.1717395782470703
1756855121.0682812,1756855121.2135096,0.14522838592529297
1756855121.2136717,1756855121.3238618,0.11019015312194824
1756855121.3241172,1756855121.5018122,0.17769503593444824
1756855121.501996,1756855121.6423385,0.14034247398376465
1756855121.6425154,1756855121.7527041,0.11018872261047363
1756855121.752852,1756855121.8630567,0.11020469665527344
1756855121.863172,1756855122.0300016,0.16682958602905273
1756855302.1872056,1756855303.8154497,1.628244161605835
1756855303.8165429,1756855303.9609616,0.14441871643066406
1756855303.9612024,1756855304.0925481,0.1313457489013672
1756855304.0927422,1756855304.2140648,0.1213226318359375
1756855304.2142534,1756855304.3445961,0.13034272193908691
1756855304.3448114,1756855304.5572083,0.21239686012268066
1756855304.5574324,1756855304.731129,0.17369651794433594
1756855304.7314124,1756855304.8869324,0.15551996231079102
1756855304.8871176,1756855305.0450196,0.15790200233459473
1756855305.0452704,1756855305.2124753,0.1672048568725586
1756855305.2127452,1756855305.3709786,0.1582334041595459
1756855305.3711867,1756855305.5213492,0.1501624584197998
1756855305.5215962,1756855305.676195,0.15459871292114258
1756855305.676436,1756855305.825204,0.14876794815063477
1756855305.8254263,1756855305.9770606,0.15163421630859375
1756855305.9773936,1756855306.1332965,0.15590286254882812
1756855306.1335266,1756855306.3518333,0.2183067798614502
1756855306.3520827,1756855306.5290225,0.1769397258758545
1756855306.5293653,1756855306.6862926,0.15692734718322754
1756855306.686545,1756855306.847685,0.16114020347595215
1756855306.8479147,1756855306.998996,0.15108132362365723
1756855306.9992115,1756855307.1554685,0.15625691413879395
1756855307.1556823,1756855307.3133347,0.1576523780822754
1756855307.3135815,1756855307.4700546,0.15647315979003906
1756855307.470274,1756855307.6234062,0.15313220024108887
1756855307.623652,1756855307.7755163,0.15186429023742676
1756855307.7757657,1756855307.9469295,0.17116379737854004
1756855307.9472375,1756855308.2487514,0.3015139102935791
1756855308.2489617,1756855308.3850532,0.1360914707183838
1756855308.3852296,1756855308.528484,0.14325451850891113
1756855308.5287557,1756855308.6871245,0.15836882591247559
1756855308.6873012,1756855308.8111153,0.12381410598754883
1756855308.8114529,1756855308.9605176,0.1490647792816162
1756855308.9608254,1756855309.0795488,0.11872339248657227
1756855309.0797186,1756855309.2196732,0.1399545669555664
1756855309.2198489,1756855309.3386555,0.11880660057067871
1756855309.3389072,1756855309.4823864,0.1434791088104248
1756855309.4826167,1756855309.629794,0.14717721939086914
1756855309.6301112,1756855309.8555915,0.225480318069458
1756855309.8558345,1756855310.0220506,0.16621613502502441
1756855310.0223029,1756855310.1803975,0.1580946445465088
1756855310.180655,1756855310.4299116,0.24925661087036133
1756855310.4300807,1756855310.5625463,0.13246560096740723
1756855310.56282,1756855310.6938853,0.13106536865234375
1756855310.6941059,1756855310.8316846,0.13757872581481934
1756855310.831918,1756855310.955872,0.12395405769348145
1756855310.9560466,1756855311.0764375,0.1203908920288086
1756855311.0766132,1756855311.2041836,0.12757039070129395
1756855311.204407,1756855311.3737266,0.16931962966918945
1756855311.3739014,1756855311.496342,0.12244057655334473
1756855311.496527,1756855311.616332,0.11980509757995605
1756855311.6164947,1756855311.735325,0.11883044242858887
1756855311.7355103,1756855318.0170667,6.2815563678741455
1756855318.017266,1756855321.391456,3.374189853668213
1757177785.4453316,1757177785.6505342,0.20520257949829102
1757177785.6513405,1757177785.7281694,0.0768289566040039
1757177785.7283146,1757177785.8385062,0.11019158363342285
1757177785.8386316,1757177785.9488008,0.1101691722869873
1757177785.9489849,1757177786.1634,0.2144150733947754
1757177786.1635847,1757177786.240127,0.07654237747192383
1757177786.2402825,1757177786.3504767,0.11019420623779297
1757177786.3506103,1757177786.4608128,0.11020255088806152
1757177786.4609268,1757177786.6797645,0.21883773803710938
1757177786.6799557,1757177786.7534065,0.07345080375671387
1757177786.753589,1757177786.8637865,0.11019754409790039
1757177786.863931,1757177786.9741359,0.11020493507385254
1757177786.9742813,1757177787.184194,0.20991277694702148
1757177787.1843843,1757177787.2653568,0.08097243309020996
1757177787.265542,1757177787.375676,0.11013388633728027
1757177787.3758147,1757177787.4860225,0.11020779609680176
1757177787.4861548,1757177787.7085333,0.22237849235534668
1757177787.7087443,1757177787.7827992,0.07405495643615723
1757177787.7829683,1757177787.8931627,0.11019444465637207
1757177787.8932943,1757177788.0049672,0.11167287826538086
1757177788.005099,1757177788.215587,0.21048784255981445
1757177788.2158191,1757177788.2874408,0.07162165641784668
1757177788.287605,1757177788.397803,0.1101980209350586
1757177788.3979487,1757177788.5081549,0.11020612716674805
1757177788.5082772,1757177788.7204297,0.21215248107910156
1757177788.7206213,1757177788.792011,0.07138967514038086
1757177788.7921712,1757177788.902366,0.11019468307495117
1757177788.902493,1757177789.0126748,0.11018180847167969
1757177789.0128057,1757177789.2235847,0.21077895164489746
1757177789.223785,1757177789.297975,0.07419013977050781
1757177789.2981262,1757177789.4083204,0.11019420623779297
1757177789.4084508,1757177789.5186658,0.1102149486541748
1757177789.5188053,1757177789.7367597,0.21795439720153809
1757177789.7369494,1757177789.8092475,0.07229804992675781
1757177789.8094199,1757177789.9196227,0.11020278930664062
1757177789.9197767,1757177790.0299852,0.11020851135253906
1757177790.0301223,1757177790.2360156,0.20589327812194824
1757177790.2362585,1757177790.3095505,0.07329201698303223
1757177790.3097196,1757177790.4199157,0.11019611358642578
1757177790.4200516,1757177790.5302553,0.11020374298095703
1757177790.5303948,1757177790.7460015,0.215606689453125
1757177790.746263,1757177790.8372664,0.09100341796875
1757177790.8374817,1757177790.9476721,0.11019039154052734
1757177790.9478023,1757177791.0580041,0.11020183563232422
1757177791.0581326,1757177791.267524,0.20939135551452637
1757177791.2677376,1757177791.3518634,0.08412575721740723
1757177791.3520334,1757177791.4622238,0.11019039154052734
1757177791.4623523,1757177791.5725534,0.11020112037658691
1757177791.572688,1757177791.799063,0.22637486457824707
1757177791.7993011,1757177791.877449,0.07814788818359375
1757177791.8776643,1757177791.987855,0.11019062995910645
1757177791.9879904,1757177792.0982068,0.11021637916564941
1757177792.098351,1757177792.309379,0.2110280990600586
1757177792.3095615,1757177792.387098,0.07753658294677734
1757177792.38726,1757177792.4974494,0.11018943786621094
1757177792.4975808,1757177792.6077998,0.11021900177001953
1757177792.6079302,1757177792.8098128,0.20188260078430176
1757177792.8100317,1757177792.8924005,0.08236885070800781
1757177792.892568,1757177793.0026743,0.11010622978210449
1757177793.0028129,1757177793.1130207,0.11020779609680176
1757177793.1131494,1757177793.2017338,0.08858442306518555
1757177793.20194,1757177793.3121355,0.11019539833068848
1757177793.3122659,1757177793.4224691,0.11020326614379883
1757177793.4225833,1757177793.6328084,0.21022510528564453
1757177793.6330667,1757177793.8522196,0.21915292739868164
1757177793.852404,1757177793.9218907,0.06948661804199219
1757177793.9220867,1757177794.0322824,0.11019563674926758
1757177794.032423,1757177794.142627,0.11020398139953613
1757177794.142762,1757177794.3671658,0.22440385818481445
1757177794.3673759,1757177794.443289,0.0759131908416748
1757177794.443448,1757177794.5536401,0.11019206047058105
1757177794.5537927,1757177794.6639948,0.11020207405090332
1757177794.6641104,1757177794.881609,0.2174985408782959
1757177794.8818393,1757177794.9505246,0.06868529319763184
1757177794.9506927,1757177795.0608845,0.11019182205200195
1757177795.0610073,1757177795.1712103,0.11020302772521973
1757177795.1713269,1757177795.3819156,0.21058869361877441
1757177795.382136,1757177795.4539971,0.07186102867126465
1757177795.454148,1757177795.5643427,0.11019468307495117
1757177795.564476,1757177795.6746817,0.11020565032958984
1757177795.6748102,1757177795.7611225,0.08631229400634766
1757177795.7612858,1757177795.8714812,0.11019539833068848
1757177795.8716066,1757177795.9817855,0.11017894744873047
1757177795.9818935,1757177796.1914613,0.20956778526306152
1757177796.1916673,1757177796.2701495,0.07848215103149414
1757177796.270326,1757177796.3805263,0.11020040512084961
1757177796.3806663,1757177796.4908717,0.11020541191101074
1757177796.4910233,1757177796.699321,0.2082977294921875
1757177796.6995244,1757177796.7773826,0.07785820960998535
1757177796.7775347,1757177796.8876715,0.11013674736022949
1757177796.8877985,1757177796.9979985,0.1101999282836914
1757177796.9981172,1757177797.2088315,0.21071434020996094
1757177797.2090497,1757177797.2914414,0.08239173889160156
1757177797.291604,1757177797.401787,0.1101830005645752
1757177797.4019132,1757177797.5121183,0.11020517349243164
1757177797.512278,1757177797.734169,0.22189092636108398
1757177797.7343662,1757177797.8070807,0.07271456718444824
1757177797.8072476,1757177797.9174418,0.11019420623779297
1757177797.9175708,1757177798.02778,0.11020922660827637
1757177798.0279129,1757177798.2359076,0.20799469947814941
1757177798.2361212,1757177798.3137934,0.07767224311828613
1757177798.3139825,1757177798.4241743,0.11019182205200195
1757177798.4243143,1757177798.5345185,0.11020421981811523
1757177798.5346467,1757177798.7436628,0.2090160846710205
1757177798.7438745,1757177798.8145487,0.07067418098449707
1757177798.8147273,1757177798.9249194,0.11019206047058105
1757177798.92505,1757177799.0352604,0.11021041870117188
1757177799.0353825,1757177799.2515237,0.2161412239074707
1757177799.2517517,1757177799.322027,0.07027530670166016
1757177799.3221998,1757177799.4323983,0.1101984977722168
1757177799.43254,1757177799.5426686,0.11012864112854004
1757177799.5427873,1757177799.766415,0.22362780570983887
1757177799.7665954,1757177799.844259,0.07766366004943848
1757177799.8444092,1757177799.9546053,0.11019611358642578
1757177799.9547668,1757177800.064978,0.11021113395690918
1757177800.0651193,1757177800.2918937,0.2267744541168213
1757177800.2920825,1757177800.3617296,0.06964707374572754
1757177800.3618848,1757177800.4720788,0.11019396781921387
1757177800.4722092,1757177800.5824153,0.11020612716674805
1757177800.58256,1757177800.8077528,0.22519278526306152
1757177800.8084958,1757177800.8866127,0.07811689376831055
1757177800.886774,1757177800.9969661,0.11019206047058105
1757177800.9970958,1757177801.1073008,0.11020493507385254
1757177801.107425,1757177801.3201697,0.21274471282958984
1757177801.320352,1757177801.4089978,0.08864569664001465
1757177801.4091833,1757177801.5193782,0.11019492149353027
1757177801.5195088,1757177801.6296706,0.11016178131103516
1757177801.629795,1757177801.8424761,0.21268105506896973
1757177801.8426738,1757177801.9146023,0.07192850112915039
1757177801.9147694,1757177802.024967,0.11019754409790039
1757177802.025101,1757177802.13531,0.11020898818969727
1757177802.135438,1757177802.3520534,0.2166154384613037
1757177802.35224,1757177802.4348896,0.08264946937561035
1757177802.4352472,1757177802.545444,0.11019682884216309
1757177802.5455713,1757177802.6557784,0.11020708084106445
1757177802.6558905,1757177802.8558757,0.19998526573181152
1757177802.856107,1757177802.932828,0.0767209529876709
1757177802.9330416,1757177803.0432353,0.11019372940063477
1757177803.0433657,1757177803.1535678,0.11020207405090332
1757177803.1536975,1757177803.358822,0.2051246166229248
1757177803.359039,1757177803.4342303,0.07519125938415527
1757177803.4344172,1757177803.5446126,0.11019539833068848
1757177803.5447526,1757177803.654954,0.11020135879516602
1757177803.6550815,1757177803.8634746,0.20839309692382812
1757177803.863714,1757177803.9374454,0.0737314224243164
1757177803.937594,1757177804.0477877,0.11019372940063477
1757177804.047918,1757177804.1581187,0.11020064353942871
1757177804.1582487,1757177804.3599193,0.20167064666748047
1757177804.3601038,1757177804.4330878,0.07298398017883301
1757177804.4332917,1757177804.5434945,0.11020278930664062
1757177804.5436337,1757177804.653847,0.1102132797241211
1757177804.6539803,1757177804.870007,0.21602678298950195
1757177804.8702073,1757177804.9589474,0.08874011039733887
1757177804.9591117,1757177805.0693026,0.11019086837768555
1757177805.0694354,1757177805.1796403,0.11020493507385254
1757177805.179788,1757177805.3945448,0.21475672721862793
1757177805.3947468,1757177805.4758968,0.08115005493164062
1757177805.4760854,1757177805.5862732,0.11018776893615723
1757177805.58641,1757177805.6966126,0.11020255088806152
1757177805.6967633,1757177805.959829,0.26306581497192383
1757177805.9600248,1757177806.0367475,0.07672262191772461
1757177806.036899,1757177806.147091,0.11019182205200195
1757177806.147217,1757177806.2574196,0.11020255088806152
1757177806.2575479,1757177806.3363333,0.07878541946411133
1757177806.3365097,1757177806.4466727,0.11016297340393066
1757177806.4467943,1757177806.556994,0.1101996898651123
1757177806.5571048,1757177806.7661648,0.2090599536895752
1757177806.7663634,1757177806.8492713,0.08290791511535645
1757177806.849433,1757177806.959625,0.11019206047058105
1757177806.9597633,1757177807.069964,0.11020064353942871
1757177807.070083,1757177807.2826304,0.21254754066467285
1757177807.2828212,1757177807.3522322,0.06941103935241699
1757177807.3524184,1757177807.4626186,0.11020016670227051
1757177807.4627929,1757177807.5729983,0.11020541191101074
1757177807.5731254,1757177807.6788046,0.10567927360534668
1757177807.6790137,1757177807.7997704,0.12075662612915039
1757177807.8000028,1757177807.878096,0.07809329032897949
1757177807.87826,1757177807.9884515,0.11019158363342285
1757177807.9885619,1757177808.088332,0.09977006912231445
1757177808.0885391,1757177808.1645722,0.07603311538696289
1757177808.16475,1757177808.2749453,0.11019515991210938
1757177808.2750554,1757177808.37142,0.09636449813842773
1757177808.3716283,1757177808.4494598,0.07783150672912598
1757177808.449617,1757177808.5597878,0.11017084121704102
1757177808.5598993,1757177808.6602361,0.10033679008483887
1757177808.6604187,1757177808.7643623,0.1039435863494873
1757177808.7646267,1757177808.888536,0.12390923500061035
1757177808.888769,1757177808.9648752,0.07610630989074707
1757177808.9650304,1757177809.0752206,0.11019015312194824
1757177809.0753493,1757177809.172499,0.09714961051940918
1757177809.1727145,1757177809.2401059,0.06739139556884766
1757177809.2402506,1757177809.3504422,0.11019158363342285
1757177809.3505552,1757177809.4463942,0.09583902359008789
1757177809.4465976,1757177809.5148005,0.06820297241210938
1757177809.5149505,1757177809.6251419,0.11019134521484375
1757177809.6252568,1757177809.7257798,0.10052299499511719
1757177809.7259915,1757177809.79602,0.07002854347229004
1757177809.7961662,1757177809.9063752,0.11020898818969727
1757177809.9066057,1757177810.0039709,0.09736514091491699
1757177810.0041995,1757177810.075525,0.07132554054260254
1757177810.0756896,1757177810.1858535,0.11016392707824707
1757177810.1860256,1757177810.2827513,0.0967257022857666
1757177810.2829554,1757177810.3529239,0.06996846199035645
1757177810.3530679,1757177810.463263,0.11019515991210938
1757177810.4633842,1757177810.5698562,0.10647201538085938
1757177810.5700817,1757177810.6434243,0.07334256172180176
1757177810.6435785,1757177810.7537727,0.11019420623779297
1757177810.7538893,1757177810.8505273,0.09663796424865723
1757177810.8507586,1757177810.9215539,0.07079529762268066
1757177810.921743,1757177811.0319417,0.1101987361907959
1757177811.032097,1757177811.1093116,0.07721447944641113
1757177811.1094716,1757177811.219671,0.1101994514465332
1757177811.2197807,1757177811.3184228,0.09864211082458496
1757177811.3186138,1757177811.3897505,0.0711367130279541
1757177811.389907,1757177811.500106,0.1101992130279541
1757177811.5002253,1757177811.597876,0.09765076637268066
1757177811.5980802,1757177811.671176,0.07309579849243164
1757177811.671356,1757177811.7815528,0.11019682884216309
1757177811.7816749,1757177811.877186,0.09551119804382324
1757177811.8773797,1757177811.9481936,0.07081389427185059
1757177811.9483604,1757177812.0585544,0.11019396781921387
1757177812.0587177,1757177812.154992,0.09627437591552734
1757177812.1552117,1757177812.223077,0.06786537170410156
1757177812.2232711,1757177812.333465,0.11019396781921387
1757177812.3335905,1757177812.4278932,0.09430265426635742
1757177812.4280906,1757177812.5011766,0.07308602333068848
1757177812.5013459,1757177812.611538,0.11019206047058105
1757177812.6116767,1757177812.702764,0.09108734130859375
1757177812.7029588,1757177812.772518,0.06955909729003906
1757177812.7726896,1757177812.8828897,0.11020016670227051
1757177812.8830564,1757177812.9932754,0.11021900177001953
1757177812.9933872,1757177813.0833168,0.08992958068847656
1757177813.0835268,1757177813.1618142,0.07828736305236816
1757177813.1619692,1757177813.2721608,0.11019158363342285
1757177813.2722697,1757177813.3634155,0.09114575386047363
1757177813.3636305,1757177813.4468322,0.08320164680480957
1757177813.4469986,1757177813.557194,0.11019539833068848
1757177813.5573099,1757177813.6501644,0.09285449981689453
1757177813.6504676,1757177813.7260904,0.0756227970123291
1757177813.7262726,1757177813.836474,0.11020135879516602
1757177813.8366013,1757177813.9299016,0.09330034255981445
1757177813.9300995,1757177814.0082164,0.07811689376831055
1757177814.0083916,1757177814.1185856,0.11019396781921387
1757177814.118721,1757177814.2092736,0.09055256843566895
1757177814.2094843,1757177814.2882571,0.07877278327941895
1757177814.288407,1757177814.3985984,0.11019134521484375
1757177814.3987179,1757177814.492735,0.09401702880859375
1757177814.4929416,1757177814.5671637,0.07422208786010742
1757177814.567348,1757177814.6775415,0.11019349098205566
1757177814.6776576,1757177814.7668986,0.08924102783203125
1757177814.767112,1757177814.8377705,0.07065844535827637
1757177814.8379607,1757177814.948159,0.1101982593536377
1757177814.9482875,1757177815.0457885,0.09750103950500488
1757177815.045987,1757177815.11957,0.07358312606811523
1757177815.119748,1757177815.2299368,0.11018872261047363
1757177815.2300484,1757177815.326014,0.09596562385559082
1757177815.32623,1757177815.4000077,0.07377767562866211
1757177815.4001935,1757177815.510385,0.11019158363342285
1757177815.5105112,1757177815.603033,0.09252190589904785
1757177815.6032403,1757177815.6793227,0.07608246803283691
1757177815.6794717,1757177815.7896714,0.1101996898651123
1757177815.7898178,1757177815.8966963,0.10687851905822754
1757177815.896905,1757177815.9773014,0.08039641380310059
1757177815.9774837,1757177816.0876749,0.11019110679626465
1757177816.0878193,1757177816.1891553,0.10133600234985352
1757177816.1893826,1757177816.264362,0.07497954368591309
1757177816.2645164,1757177816.3746758,0.11015939712524414
1757177816.374804,1757177816.479079,0.10427498817443848
1757177816.4792714,1757177816.5485258,0.06925439834594727
1757177816.548706,1757177816.6588967,0.11019062995910645
1757177816.659026,1757177816.7504902,0.09146428108215332
1757177816.7507226,1757177816.8410265,0.09030389785766602
1757177816.8412375,1757177816.9514403,0.11020278930664062
1757177816.951591,1757177817.054786,0.1031949520111084
1757177817.055017,1757177817.1306138,0.07559680938720703
1757177817.1307895,1757177817.240984,0.11019444465637207
1757177817.241122,1757177817.3329673,0.09184527397155762
1757177817.3332078,1757177817.4061255,0.07291769981384277
1757177817.4063272,1757177817.5165231,0.11019587516784668
1757177817.5166354,1757177817.6156168,0.09898138046264648
1757177817.6158555,1757177817.6874762,0.07162070274353027
1757177817.6876388,1757177817.7978299,0.11019110679626465
1757178017.2771869,1757178019.0621839,1.7849969863891602
1757178019.062775,1757178019.2565656,0.19379067420959473
1757178019.2568054,1757178019.3089979,0.05219244956970215
1757178019.3091385,1757178019.503084,0.19394540786743164
1757178019.503292,1757178019.6712945,0.16800236701965332
1757178019.6715386,1757178019.8674915,0.1959528923034668
1757178019.8677776,1757178019.944622,0.07684445381164551
1757178019.9448085,1757178020.0877204,0.1429119110107422
1757178020.087912,1757178020.2574043,0.16949224472045898
1757178020.2576783,1757178020.4581552,0.20047688484191895
1757178020.458437,1757178020.519318,0.06088113784790039
1757178020.519474,1757178020.6642787,0.1448047161102295
1757178020.6645222,1757178020.8654277,0.20090556144714355
1757178020.8656046,1757178021.0362055,0.17060089111328125
1757178064.9758298,1757178065.0676136,0.09178376197814941
1757178065.0678055,1757178065.1405907,0.0727851390838623
1757178065.1408281,1757178065.2045012,0.06367301940917969
1757178065.2046833,1757178065.2850986,0.08041524887084961
1757178065.2853446,1757178065.385352,0.10000729560852051
1757178065.3855598,1757178065.4530408,0.06748104095458984
1757178065.4531891,1757178065.56338,0.11019086837768555
1757178065.5635042,1757178065.6702876,0.10678339004516602
1757178065.6704965,1757178065.7384787,0.06798219680786133
1757178065.7386246,1757178065.848813,0.11018848419189453
1757178065.8489287,1757178065.9541447,0.10521602630615234
1757178065.9544265,1757178066.0234294,0.06900286674499512
1757178066.0235734,1757178066.133764,0.11019062995910645
1757178066.1338909,1757178066.2331436,0.09925270080566406
1757178066.2334132,1757178066.3014848,0.06807160377502441
1757178066.3016322,1757178066.4118226,0.11019039154052734
1757178066.4119487,1757178066.5096362,0.0976874828338623
1757178066.5099149,1757178066.5804405,0.0705256462097168
1757178066.5805895,1757178066.6907861,0.11019659042358398
1757178066.6909149,1757178066.7978885,0.10697364807128906
1757178066.7981355,1757178066.8650985,0.06696295738220215
1757178066.865253,1757178066.975442,0.11018896102905273
1757178066.9755936,1757178067.0766075,0.1010138988494873
1757178067.0768628,1757178067.1441073,0.0672445297241211
1757178067.1442673,1757178067.2544549,0.11018753051757812
1757178067.2545795,1757178067.357036,0.10245656967163086
1757178067.357244,1757178067.4249563,0.06771230697631836
1757178067.4251156,1757178067.535309,0.11019349098205566
1757178067.53546,1757178067.6316495,0.09618949890136719
1757178067.6319442,1757178067.7011569,0.06921267509460449
1757178067.7013137,1757178067.81151,0.11019635200500488
1757178067.811687,1757178067.9145293,0.10284233093261719
1757178067.9148393,1757178067.9850907,0.07025146484375
1757178067.9852564,1757178068.0954552,0.1101987361907959
1757178068.095607,1757178068.1928966,0.0972895622253418
1757178068.1931474,1757178068.2619288,0.06878137588500977
1757178068.2620785,1757178068.3722725,0.11019396781921387
1757178068.3724148,1757178068.4872139,0.11479902267456055
1757178068.4874403,1757178068.5591102,0.0716698169708252
1757178068.55927,1757178068.669462,0.11019206047058105
1757178068.6696048,1757178068.7679727,0.09836792945861816
1757178068.7682493,1757178068.850666,0.08241677284240723
1757178068.85085,1757178068.96104,0.11018991470336914
1757178068.9611704,1757178069.05088,0.08970952033996582
1757178069.0511527,1757178069.1231291,0.0719764232635498
1757178069.123282,1757178069.2334723,0.11019039154052734
1757178069.233605,1757178069.331084,0.09747910499572754
1757178069.3313231,1757178069.4838722,0.15254902839660645
1757178069.4841235,1757178069.5490167,0.06489324569702148
1757178069.5491679,1757178069.6625896,0.11342167854309082
1757178069.6627169,1757178069.7595577,0.09684085845947266
1757178069.7598283,1757178069.828443,0.06861472129821777
1757178069.828635,1757178069.9388316,0.11019659042358398
1757178069.9389558,1757178070.049158,0.11020231246948242
1757178070.0492733,1757178070.1486955,0.09942221641540527
1757178070.1489117,1757178070.2205718,0.07166004180908203
1757178070.2207284,1757178070.330918,0.11018967628479004
1757178070.3310406,1757178070.4437697,0.11272907257080078
1757178070.4439995,1757178070.5089886,0.06498908996582031
1757178070.5091326,1757178070.6193194,0.11018681526184082
1757178070.6194315,1757178070.7249677,0.10553622245788574
1757178070.7251892,1757178070.7919714,0.06678223609924316
1757178070.7921176,1757178070.9023128,0.11019515991210938
1757178070.9024432,1757178071.029412,0.1269688606262207
1757178071.0297241,1757178071.0951083,0.0653841495513916
1757178071.0952528,1757178071.2054374,0.1101846694946289
1757178071.2055478,1757178071.3126016,0.10705375671386719
1757178071.3128228,1757178071.3801801,0.06735730171203613
1757178071.3803253,1757178071.4905186,0.11019325256347656
1757178071.4906323,1757178071.592067,0.10143470764160156
1757178071.5923483,1757178071.6604273,0.06807899475097656
1757178071.6605735,1757178071.7706764,0.11010289192199707
1757178071.7707953,1757178071.8756733,0.10487794876098633
1757178071.8759415,1757178071.9437559,0.06781435012817383
1757178071.9438982,1757178072.054088,0.11018991470336914
1757178072.0542161,1757178072.1571314,0.10291528701782227
1757178072.1573598,1757178072.2302108,0.07285094261169434
1757178072.2303798,1757178072.340571,0.11019110679626465
1757178072.340731,1757178072.4443028,0.10357189178466797
1757178072.444563,1757178072.510504,0.06594109535217285
1757178072.510692,1757178072.62089,0.1101980209350586
1757178072.621029,1757178072.731539,0.11051011085510254
1757178072.7317913,1757178072.8160923,0.08430099487304688
1757178072.8162973,1757178072.9264927,0.11019539833068848
1757178072.9266205,1757178073.0203292,0.09370875358581543
1757178073.02061,1757178073.086198,0.06558799743652344
1757178073.0863743,1757178073.1965702,0.11019587516784668
1757178073.1967032,1757178073.2905066,0.09380340576171875
1757178073.2907624,1757178073.3719769,0.08121442794799805
1757178073.3721967,1757178073.4823947,0.1101980209350586
1757178073.4825351,1757178073.574836,0.0923008918762207
1757178073.575099,1757178073.6479805,0.07288146018981934
1757178073.6481304,1757178073.7583253,0.11019492149353027
1757178073.7584686,1757178073.8688438,0.11037516593933105
1757178073.869118,1757178073.9367132,0.06759524345397949
1757178073.9369068,1757178074.0470984,0.11019158363342285
1757178074.0472178,1757178074.1416876,0.09446978569030762
1757178074.1419747,1757178074.209713,0.06773829460144043
1757178074.2099035,1757178074.3200953,0.11019182205200195
1757178074.3202226,1757178074.4151902,0.09496760368347168
1757178074.4154646,1757178074.486173,0.0707082748413086
1757178074.4863527,1757178074.5965443,0.11019158363342285
1757178074.59669,1757178074.6867228,0.09003281593322754
1757178074.6869993,1757178074.767811,0.08081173896789551
1757178074.7680461,1757178074.8782516,0.11020541191101074
1757178074.878391,1757178074.9896202,0.11122918128967285
1757178074.9899101,1757178075.0582433,0.06833314895629883
1757178075.0583942,1757178075.1685853,0.11019110679626465
1757178075.1687531,1757178075.262856,0.09410285949707031
1757178075.2631376,1757178075.3308969,0.06775927543640137
1757178075.331069,1757178075.4412763,0.11020731925964355
1757178075.441421,1757178075.537458,0.09603691101074219
1757178075.5377593,1757178075.6052532,0.06749391555786133
1757178075.6054006,1757178075.7155907,0.11019015312194824
1757178075.715723,1757178075.8074756,0.09175252914428711
1757178075.8077486,1757178075.8757703,0.06802177429199219
1757178075.8759303,1757178075.986123,0.11019277572631836
1757178075.9862726,1757178076.0985413,0.11226868629455566
1757178076.0988085,1757178076.1652732,0.06646466255187988
1757178076.1654518,1757178076.2756407,0.11018896102905273
1757178076.275784,1757178076.3697214,0.09393739700317383
1757178076.3700285,1757178076.437448,0.06741952896118164
1757178076.4376059,1757178076.547791,0.11018514633178711
1757178076.5479596,1757178076.6463578,0.09839820861816406
1757178076.6466272,1757178076.7125933,0.06596612930297852
1757178076.7127595,1757178076.8229492,0.11018967628479004
1757178076.8230946,1757178076.9286492,0.10555458068847656
1757178076.9289262,1757178076.9989967,0.07007050514221191
1757178076.999153,1757178077.1094913,0.11033844947814941
1757178077.109618,1757178077.204127,0.09450912475585938
1757178077.204361,1757178077.274891,0.07052993774414062
1757178077.2750442,1757178077.385236,0.11019182205200195
1757178077.3854332,1757178077.4824128,0.09697961807250977
1757178077.482662,1757178077.5564177,0.07375574111938477
1757178077.556575,1757178077.6666734,0.11009836196899414
1757178077.6668186,1757178077.7794247,0.11260604858398438
1757178077.7796857,1757178077.8516805,0.07199478149414062
1757178077.8518364,1757178077.9619424,0.11010599136352539
1757178077.962062,1757178078.0562248,0.0941629409790039
1757178078.0564697,1757178078.1244469,0.0679771900177002
1757178078.124602,1757178078.23479,0.11018800735473633
1757178078.2349205,1757178078.332153,0.09723258018493652
1757178078.3324494,1757178078.399684,0.06723451614379883
1757178078.3998458,1757178078.5100095,0.11016368865966797
1757178078.5101364,1757178078.6061077,0.09597134590148926
1757178078.6063292,1757178078.673426,0.06709671020507812
1757178078.6735706,1757178078.7855463,0.11197566986083984
1757178078.7856724,1757178078.8849258,0.09925341606140137
1757178078.8851917,1757178078.9537528,0.06856107711791992
1757178078.953928,1757178079.0641172,0.11018919944763184
1757178079.0642407,1757178079.16762,0.1033792495727539
1757178079.1678894,1757178079.235479,0.06758975982666016
1757178079.2356334,1757178079.3458219,0.11018848419189453
1757178079.3459451,1757178079.4544897,0.10854458808898926
1757178079.4547803,1757178079.522178,0.0673975944519043
1757178079.5223281,1757178079.6325176,0.11018943786621094
1757178079.6326706,1757178079.7268665,0.09419584274291992
1757178079.7270997,1757178079.797068,0.06996846199035645
1757178079.7972496,1757178079.907448,0.1101984977722168
1757178079.9075818,1757178080.0102675,0.10268568992614746
1757178080.0105038,1757178080.0792773,0.06877350807189941
1757178080.079433,1757178080.1896198,0.11018681526184082
1757178080.1897566,1757178080.2896008,0.09984421730041504
1757178080.2898865,1757178080.3576355,0.0677490234375
1757178080.3578029,1757178080.4679978,0.11019492149353027
1757178080.4681199,1757178080.56503,0.09691023826599121
1757178080.5652585,1757178080.6343153,0.06905674934387207
1757178080.6344616,1757178080.7446492,0.11018753051757812
1757178080.744767,1757178080.855301,0.1105339527130127
1757178080.8555934,1757178080.9312968,0.07570338249206543
1757178080.931441,1757178081.0416315,0.11019039154052734
1757178081.0417686,1757178081.1590807,0.11731219291687012
1757178081.1593113,1757178081.3165126,0.15720129013061523
1757178081.3167863,1757178081.3865812,0.06979489326477051
1757178081.386771,1757178081.4969604,0.11018943786621094
1757178081.4970877,1757178081.5957053,0.0986175537109375
1757178081.5959764,1757178081.6622221,0.06624579429626465
1757178081.6623907,1757178081.7725773,0.11018657684326172
1757178081.7726955,1757178081.8713226,0.09862709045410156
1757178081.871563,1757178081.9382832,0.06672024726867676
1757178081.938442,1757178082.0486333,0.11019134521484375
1757178082.0487542,1757178082.1481864,0.09943222999572754
1757178082.1484127,1757178082.2159042,0.06749153137207031
1757178082.2161012,1757178082.3262923,0.11019110679626465
1757178082.3264089,1757178082.4241798,0.09777092933654785
1757178082.424388,1757178082.492638,0.06825017929077148
1757178082.492816,1757178082.6030045,0.11018848419189453
1757178082.6031196,1757178082.6747298,0.0716102123260498
1757178082.6749182,1757178082.7851129,0.11019468307495117
1757178082.7852314,1757178082.8786583,0.09342694282531738
1757178082.8788772,1757178082.948208,0.06933093070983887
1757178082.9483607,1757178083.0585558,0.11019515991210938
1757178083.05869,1757178083.1590252,0.10033512115478516
1757178083.159297,1757178083.2296257,0.0703287124633789
1757178083.229811,1757178083.3400035,0.11019253730773926
1757178083.3401213,1757178083.4380524,0.0979311466217041
1757178083.4383342,1757178083.5137963,0.07546210289001465
1757178083.5139527,1757178083.6241405,0.11018776893615723
1757178083.624255,1757178083.7274714,0.10321640968322754
1757178083.7277412,1757178083.8013384,0.07359719276428223
1757178083.8014915,1757178083.9116724,0.11018085479736328
1757178083.9117851,1757178084.0130904,0.10130524635314941
1757178084.013338,1757178084.1315844,0.11824631690979004
1757178084.131817,1757178084.2002091,0.06839203834533691
1757178084.2003603,1757178084.3105536,0.11019325256347656
1757178084.3106863,1757178084.4199145,0.10922813415527344
1757178084.4201436,1757178084.5392303,0.11908674240112305
1757178084.5394487,1757178084.6079333,0.06848454475402832
1757178084.6081038,1757178084.7182982,0.11019444465637207
1757178084.7184255,1757178084.8200867,0.10166120529174805
1757178084.82037,1757178084.888806,0.0684361457824707
1757178084.888952,1757178084.9991252,0.11017322540283203
1757178084.9992416,1757178085.1057932,0.1065516471862793
1757178085.106016,1757178085.1741,0.0680840015411377
1757178085.1742795,1757178085.2844677,0.11018824577331543
1757178085.2845845,1757178085.3883564,0.10377192497253418
1757178085.3886428,1757178085.4589632,0.07032036781311035
1757178085.459107,1757178085.5692945,0.11018753051757812
1757178085.5694091,1757178085.6746027,0.1051936149597168
1757178085.6748152,1757178085.7433634,0.06854820251464844
1757178085.7435021,1757178085.8536742,0.11017203330993652
1757178085.853797,1757178085.9579813,0.10418438911437988
1757178085.958244,1757178086.0331476,0.07490348815917969
1757178086.033363,1757178086.1435618,0.1101987361907959
1757178086.1437135,1757178086.2606144,0.11690092086791992
1757178086.2608747,1757178086.3299632,0.06908845901489258
1757178086.3301604,1757178086.4403672,0.11020684242248535
1757178086.440535,1757178086.5478125,0.10727739334106445
1757178086.5480602,1757178086.6303267,0.08226656913757324
1757178086.6305506,1757178086.7406785,0.11012792587280273
1757178086.7408195,1757178086.843617,0.1027975082397461
1757178086.843888,1757178086.9144502,0.07056212425231934
1757178086.9146063,1757178087.0247936,0.11018729209899902
1757178087.0249188,1757178087.1183677,0.09344887733459473
1757178087.1186202,1757178087.187369,0.06874895095825195
1757178087.1875234,1757178087.297675,0.11015152931213379
1757178087.2977993,1757178087.3952813,0.09748196601867676
1757178087.3955572,1757178087.4656081,0.07005095481872559
1757178087.4657695,1757178087.5772364,0.11146688461303711
1757178087.5773618,1757178087.6701016,0.09273982048034668
1757178087.6703873,1757178087.7479293,0.07754206657409668
1757178087.7481608,1757178087.8583598,0.110198974609375
1757178276.8531582,1757178278.5258846,1.6727263927459717
1757178278.5260928,1757178278.6084323,0.08233952522277832
1757178278.6087332,1757178278.6649446,0.05621147155761719
1757178278.6650982,1757178278.7221203,0.0570220947265625
1757178278.7223275,1757178278.7965991,0.07427167892456055
1757178278.7967746,1757178278.860402,0.06362748146057129
1757178278.860631,1757178278.9481487,0.08751773834228516
1757178278.9483762,1757178279.0065842,0.05820798873901367
1757178279.0067596,1757178279.0635786,0.05681896209716797
1757178279.06375,1757178279.1370754,0.07332539558410645
1757178279.1373177,1757178279.1977143,0.060396671295166016
1757178279.1979573,1757178279.2860856,0.08812832832336426
1757178279.2862802,1757178279.3476923,0.06141209602355957
1757178279.3478544,1757178279.4032822,0.05542778968811035
1757178279.4034555,1757178279.4985878,0.09513235092163086
1757178328.560978,1757178328.6584506,0.0974726676940918
1757178328.6586847,1757178328.7369704,0.07828569412231445
1757178328.7371573,1757178328.8473501,0.11019277572631836
1757178328.8474667,1757178328.9368076,0.0893409252166748
1757178328.9370532,1757178329.0102692,0.07321596145629883
1757178329.0104382,1757178329.1206326,0.11019444465637207
1757178329.1207592,1757178329.2191212,0.09836196899414062
1757178329.2193189,1757178329.292928,0.0736091136932373
1757178329.2931097,1757178329.4033043,0.11019468307495117
1757178329.4034212,1757178329.4934185,0.0899972915649414
1757178329.493647,1757178329.5698936,0.07624650001525879
1757178329.570053,1757178329.6802447,0.11019158363342285
1757178329.680366,1757178329.7803075,0.09994149208068848
1757178329.7805078,1757178329.8568594,0.07635164260864258
1757178329.8570235,1757178329.9672153,0.11019182205200195
1757178329.9673257,1757178330.0618358,0.09451007843017578
1757178330.062029,1757178330.1327453,0.07071638107299805
1757178330.1329262,1757178330.2431173,0.11019110679626465
1757178330.2432284,1757178330.332108,0.08887958526611328
1757178330.3323507,1757178330.4252174,0.09286665916442871
1757178330.4253798,1757178330.5355685,0.11018872261047363
1757178330.5356922,1757178330.624324,0.08863186836242676
1757178330.624516,1757178330.7000866,0.07557058334350586
1757178330.7002437,1757178330.8104339,0.11019015312194824
1757178330.810546,1757178330.8988547,0.08830881118774414
1757178330.8990426,1757178331.004516,0.10547327995300293
1757178331.0047257,1757178331.1088185,0.10409283638000488
1757178331.1090224,1757178331.1824927,0.0734703540802002
1757178331.1826386,1757178331.292826,0.11018729209899902
1757178331.2929447,1757178331.3950884,0.10214376449584961
1757178331.3952696,1757178331.4664717,0.07120203971862793
1757178331.4666219,1757178331.5768158,0.11019396781921387
1757178331.576991,1757178331.679221,0.10222983360290527
1757178331.679408,1757178331.7526197,0.073211669921875
1757178331.7527819,1757178331.8629737,0.11019182205200195
1757178331.863102,1757178331.963918,0.10081601142883301
1757178331.964111,1757178332.0348666,0.0707554817199707
1757178332.035012,1757178332.1452026,0.11019062995910645
1757178332.145335,1757178332.244213,0.09887814521789551
1757178332.2444236,1757178332.314126,0.0697023868560791
1757178332.3142898,1757178332.4244838,0.11019396781921387
1757178332.424611,1757178332.522548,0.09793686866760254
1757178332.5227745,1757178332.5894887,0.06671428680419922
1757178332.5896292,1757178332.6998167,0.11018753051757812
1757178332.6999488,1757178332.8012173,0.10126852989196777
1757178332.8014107,1757178332.8679698,0.0665590763092041
1757178332.8681235,1757178332.9783206,0.11019706726074219
1757178332.9784915,1757178333.0973022,0.11881065368652344
1757178333.097495,1757178333.165793,0.0682978630065918
1757178333.165952,1757178333.2761407,0.11018872261047363
1757178333.2762897,1757178333.3740053,0.09771561622619629
1757178333.3741963,1757178333.441991,0.0677947998046875
1757178333.4421415,1757178333.5523403,0.1101987361907959
1757178333.5524879,1757178333.6471744,0.09468650817871094
1757178333.647362,1757178333.7160878,0.0687258243560791
1757178333.7162468,1757178333.8264356,0.11018872261047363
1757178333.8265672,1757178333.9164104,0.0898432731628418
1757178333.9166236,1757178333.984829,0.06820535659790039
1757178333.9849815,1757178334.0951738,0.11019229888916016
1757178334.0953307,1757178334.1916595,0.0963287353515625
1757178334.1918502,1757178334.260761,0.06891083717346191
1757178334.260918,1757178334.371117,0.1101992130279541
1757178334.3712544,1757178334.478101,0.10684657096862793
1757178334.4782968,1757178334.5621662,0.08386945724487305
1757178334.562383,1757178334.672582,0.110198974609375
1757178334.672722,1757178334.7731786,0.10045647621154785
1757178334.773382,1757178334.8587682,0.08538627624511719
1757178334.8589826,1757178334.9691796,0.11019706726074219
1757178334.9693441,1757178335.0671012,0.09775710105895996
1757178335.0673194,1757178335.1404696,0.0731501579284668
1757178335.1406355,1757178335.2508283,0.11019277572631836
1757178335.2509642,1757178335.3151343,0.06417012214660645
1757178335.3152971,1757178335.425493,0.11019587516784668
1757178335.4256065,1757178335.5152986,0.0896921157836914
1757178335.5155118,1757178335.5850852,0.06957340240478516
1757178335.585261,1757178335.6954544,0.11019325256347656
1757178335.6955686,1757178335.7835252,0.08795666694641113
1757178335.7837465,1757178335.8519373,0.0681908130645752
1757178335.8520918,1757178335.9622834,0.11019158363342285
1757178335.9624007,1757178336.0514863,0.08908557891845703
1757178336.051705,1757178336.1247234,0.07301855087280273
1757178336.1249077,1757178336.2351017,0.11019396781921387
1757178336.23524,1757178336.3340096,0.0987696647644043
1757178336.3342667,1757178336.4151921,0.08092546463012695
1757178336.4153576,1757178336.5255506,0.11019301414489746
1757178336.5256846,1757178336.6213467,0.09566211700439453
1757178336.6215672,1757178336.6907465,0.06917929649353027
1757178336.6909306,1757178336.801121,0.11019039154052734
1757178336.801263,1757178336.8934393,0.09217619895935059
1757178336.8936868,1757178336.9687746,0.0750877857208252
1757178336.9689507,1757178337.07914,0.11018919944763184
1757178337.0792673,1757178337.1775641,0.0982968807220459
1757178337.1777725,1757178337.2528665,0.07509398460388184
1757178337.2530386,1757178337.3632278,0.11018919944763184
1757178337.3633413,1757178337.4561694,0.09282803535461426
1757178337.4563806,1757178337.5302505,0.07386994361877441
1757178337.5304253,1757178337.6406171,0.11019182205200195
1757178337.6407492,1757178337.731978,0.09122872352600098
1757178337.732192,1757178337.8076825,0.07549047470092773
1757178337.807838,1757178337.918027,0.11018896102905273
1757178337.9181373,1757178338.0110521,0.09291481971740723
1757178338.011286,1757178338.086578,0.07529187202453613
1757178338.0867498,1757178338.196943,0.11019325256347656
1757178338.1970854,1757178338.2871003,0.09001493453979492
1757178338.2872944,1757178338.3529432,0.06564879417419434
1757178338.3530912,1757178338.4632897,0.1101984977722168
1757178338.4634542,1757178338.556687,0.09323287010192871
1757178338.5568962,1757178338.6244192,0.06752300262451172
1757178338.62457,1757178338.7346718,0.11010193824768066
1757178338.7348042,1757178338.8249714,0.09016728401184082
1757178338.825192,1757178338.9025068,0.07731485366821289
1757178338.9026704,1757178339.012862,0.11019158363342285
1757178339.012991,1757178339.1096985,0.09670758247375488
1757178339.1099346,1757178339.206307,0.09637236595153809
1757178339.2064862,1757178339.3166797,0.11019349098205566
1757178339.316795,1757178339.4235744,0.10677933692932129
1757178339.4237812,1757178339.5181727,0.0943915843963623
1757178339.5183897,1757178339.6378329,0.11944317817687988
1757178339.6380029,1757178339.748272,0.11026906967163086
1757178339.7483983,1757178339.842331,0.0939326286315918
1757178339.8425608,1757178339.9123867,0.06982588768005371
1757178339.9125624,1757178340.0226731,0.11011075973510742
1757178340.0227873,1757178340.1103208,0.08753347396850586
1757178340.11054,1757178340.1777797,0.06723976135253906
1757178340.1779323,1757178340.288119,0.11018681526184082
1757178340.2882466,1757178340.3820176,0.09377098083496094
1757178340.3822103,1757178340.4499192,0.06770896911621094
1757178340.4500692,1757178340.5602624,0.11019325256347656
1757178340.560416,1757178340.6533954,0.09297943115234375
1757178340.653588,1757178340.7201078,0.06651973724365234
1757178340.7202652,1757178340.8304543,0.11018919944763184
1757178340.8305826,1757178340.9200108,0.08942818641662598
1757178340.9201984,1757178341.0062354,0.08603692054748535
1757178341.00642,1757178341.1166086,0.11018872261047363
1757178341.11675,1757178341.2168732,0.10012316703796387
1757178341.217072,1757178341.2872925,0.0702204704284668
1757178341.2875757,1757178341.3976784,0.11010265350341797
1757178341.3978252,1757178341.4892218,0.09139657020568848
1757178341.489414,1757178341.5577085,0.06829452514648438
1757178341.5578785,1757178341.668069,0.11019039154052734
1757178341.6682057,1757178341.7568562,0.08865046501159668
1757178341.7570446,1757178341.8385942,0.08154964447021484
1757178341.838819,1757178341.9490135,0.11019444465637207
1757178341.9491458,1757178342.0498805,0.10073471069335938
1757178342.0500822,1757178342.1229396,0.07285737991333008
1757178342.1230896,1757178342.2332833,0.11019372940063477
1757178342.2334201,1757178342.3293786,0.09595847129821777
1757178342.3295772,1757178342.3985512,0.06897401809692383
1757178342.3987076,1757178342.5089035,0.11019587516784668
1757178342.5090425,1757178342.6027339,0.09369134902954102
1757178342.6029239,1757178342.6704776,0.06755375862121582
1757178342.6706247,1757178342.780837,0.11021232604980469
1757178342.780973,1757178342.8969717,0.11599874496459961
1757178342.897169,1757178342.9774175,0.08024835586547852
1757178342.9775841,1757178343.087778,0.11019396781921387
1757178343.0878854,1757178343.1774635,0.08957815170288086
1757178343.1776772,1757178343.2528334,0.07515621185302734
1757178343.2530127,1757178343.3632066,0.11019396781921387
1757178343.3633509,1757178343.4525192,0.08916831016540527
1757178343.4527357,1757178343.5200026,0.06726694107055664
1757178343.5201526,1757178343.6303449,0.11019229888916016
1757178343.6304724,1757178343.7248585,0.09438610076904297
1757178343.7250683,1757178343.7942357,0.0691673755645752
1757178343.7943866,1757178343.9045763,0.11018967628479004
1757178343.9047184,1757178343.9979565,0.09323811531066895
1757178343.9981449,1757178344.0817912,0.08364629745483398
1757178344.0819478,1757178344.1921408,0.11019301414489746
1757178344.1922853,1757178344.281887,0.08960175514221191
1757178344.2820792,1757178344.3504288,0.06834959983825684
1757178344.350606,1757178344.460807,0.11020112037658691
1757178344.4609933,1757178344.5601034,0.09911012649536133
1757178344.5603397,1757178344.629348,0.06900835037231445
1757178344.629501,1757178344.7396753,0.11017417907714844
1757178344.7398107,1757178344.8322048,0.09239411354064941
1757178344.8324122,1757178344.900561,0.06814885139465332
1757178344.900724,1757178345.0109158,0.11019182205200195
1757178345.011042,1757178345.1023219,0.09127974510192871
1757178345.1025252,1757178345.1706913,0.06816601753234863
1757178345.1708684,1757178345.2810595,0.11019110679626465
1757178345.2811835,1757178345.3803837,0.09920024871826172
1757178345.380589,1757178345.4497173,0.06912827491760254
1757178345.4498568,1757178345.56005,0.11019325256347656
1757178345.5601907,1757178345.652773,0.09258222579956055
1757178345.6530042,1757178345.7237346,0.07073044776916504
1757178345.7238824,1757178345.8340816,0.1101992130279541
1757178345.8342266,1757178345.9349446,0.10071802139282227
1757178345.9352417,1757178346.0085082,0.07326650619506836
1757178346.0086503,1757178346.1188529,0.11020255088806152
1757178346.1189768,1757178346.2205102,0.10153341293334961
1757178346.2207303,1757178346.2942858,0.07355546951293945
1757178346.294439,1757178346.4046264,0.11018729209899902
1757178346.4047596,1757178346.5000846,0.09532499313354492
1757178346.5003047,1757178346.5698986,0.06959390640258789
1757178346.570093,1757178346.680288,0.11019515991210938
1757178346.6804128,1757178346.775873,0.09546017646789551
1757178346.7760642,1757178346.8463025,0.07023835182189941
1757178346.8464518,1757178346.9566429,0.11019110679626465
1757178346.9568782,1757178347.0593977,0.10251951217651367
1757178347.0596182,1757178347.1257858,0.06616759300231934
1757178347.1259317,1757178347.2361226,0.11019086837768555
1757178347.236276,1757178347.3067381,0.07046222686767578
1757178347.3069422,1757178347.4171364,0.11019420623779297
1757178347.4172509,1757178347.5104995,0.09324860572814941
1757178347.510738,1757178347.5805855,0.06984758377075195
1757178347.580794,1757178347.6909854,0.11019134521484375
1757178347.6911,1757178347.7931216,0.10202169418334961
1757178347.7933474,1757178347.8624802,0.06913280487060547
1757178347.862688,1757178347.9728804,0.11019229888916016
1757178347.973015,1757178348.0831141,0.11009907722473145
1757178348.0832915,1757178348.1661608,0.08286929130554199
1757178348.1663344,1757178348.2765975,0.11026310920715332
1757178348.2767134,1757178348.367236,0.09052252769470215
1757178348.367439,1757178348.445404,0.07796502113342285
1757178348.4456005,1757178348.555787,0.11018657684326172
1757178348.5558982,1757178348.650078,0.09417986869812012
1757178348.650277,1757178348.7282944,0.0780174732208252
1757178348.728491,1757178348.8386695,0.11017847061157227
1757178348.8387794,1757178348.9320662,0.09328675270080566
1757178348.9322762,1757178349.0089495,0.07667326927185059
1757178349.0091133,1757178349.1193018,0.11018848419189453
1757178349.1194108,1757178349.2138083,0.09439754486083984
1757178349.2140026,1757178349.3157434,0.10174083709716797
1757178349.3159473,1757178349.385679,0.0697317123413086
1757178349.385836,1757178349.496026,0.11019015312194824
1757178349.4961438,1757178349.5899205,0.09377670288085938
1757178349.590166,1757178349.65842,0.06825399398803711
1757178349.658589,1757178349.7687795,0.11019062995910645
1757178349.7688947,1757178349.8643105,0.09541583061218262
1757178349.8644958,1757178349.935647,0.0711512565612793
1757178349.9358685,1757178350.0460875,0.11021900177001953
1757178350.0461922,1757178350.1457503,0.09955811500549316
1757178350.1459591,1757178350.2167447,0.0707855224609375
1757178350.2168899,1757178350.327084,0.11019420623779297
1757178350.327214,1757178350.4362233,0.1090092658996582
1757178350.4364169,1757178350.5036812,0.06726431846618652
1757178350.5038376,1757178350.614028,0.11019039154052734
1757178350.6141791,1757178350.7166421,0.1024630069732666
1757178350.7168589,1757178350.788021,0.07116222381591797
1757178350.7881646,1757178350.8983564,0.11019182205200195
1757178350.898478,1757178351.0255556,0.12707757949829102
1757178351.0257633,1757178351.097157,0.07139372825622559
1757178351.0973084,1757178351.2075055,0.11019706726074219
1757178351.2076366,1757178351.3092303,0.1015937328338623
1757178351.3094535,1757178351.3818524,0.07239890098571777
1757178351.3820012,1757178351.4921937,0.11019253730773926
1757178351.4923255,1757178351.5900352,0.09770965576171875
1757178351.5902715,1757178351.6622982,0.07202672958374023
1757178351.6624722,1757178351.7726743,0.11020207405090332
1757178351.7728527,1757178351.8641162,0.0912635326385498
1757178351.864345,1757178351.935349,0.07100391387939453
1757178351.935531,1757178352.0457366,0.11020565032958984
1757178352.0458674,1757178352.1422591,0.09639167785644531
1757178352.1424835,1757178352.2130613,0.07057785987854004
1757178352.2132072,1757178352.3233962,0.11018896102905273
1757178546.7129245,1757178548.321909,1.6089844703674316
1757178548.322142,1757178548.4108675,0.08872556686401367
1757178548.4111254,1757178548.463403,0.052277565002441406
1757178548.4636,1757178548.5240297,0.06042981147766113
1757178548.5242712,1757178548.621523,0.09725165367126465
1757178548.6217296,1757178548.6776779,0.05594825744628906
1757178548.6779213,1757178548.741782,0.06386065483093262
1757178548.7420347,1757178548.8349643,0.09292960166931152
1757178548.8351817,1757178548.8930173,0.05783557891845703
1757178548.8932545,1757178548.961274,0.06801939010620117
1757178548.9615166,1757178549.068375,0.10685849189758301
1757178565.4012558,1757178566.9926987,1.5914428234100342
1757178566.9929073,1757178567.075033,0.08212566375732422
1757178567.0752962,1757178567.128073,0.05277681350708008
1757178567.1282246,1757178567.190506,0.06228137016296387
1757178567.1907442,1757178567.2727954,0.08205127716064453
1757178567.2730405,1757178567.3469627,0.07392215728759766
1757178567.3471465,1757178567.4022164,0.055069923400878906
1757178567.4023771,1757178567.466829,0.06445193290710449
1757178567.4670534,1757178567.5487351,0.08168172836303711
1757178567.548971,1757178567.6061997,0.057228803634643555
1757178567.6063514,1757178567.6905096,0.08415818214416504
1757178567.690735,1757178567.7502437,0.059508562088012695
1757178567.7504616,1757178567.8459897,0.09552812576293945
1757178567.8461895,1757178567.9016302,0.055440664291381836
1757178567.9017873,1757178567.9735076,0.07172036170959473
1757178567.9737272,1757178568.031724,0.05799674987792969
1757178568.0319476,1757178568.111059,0.07911133766174316
1757178568.1112714,1757178568.1670687,0.05579733848571777
1757178568.1672268,1757178568.2484176,0.08119082450866699
1757178568.2486086,1757178568.3141882,0.06557965278625488
1757178568.314391,1757178568.3966165,0.08222556114196777
1757178568.3968575,1757178568.452742,0.055884599685668945
1757178568.4528866,1757178568.5266936,0.0738070011138916
1757178568.5268722,1757178568.5993707,0.07249855995178223
1757178568.5996308,1757178568.6823266,0.08269572257995605
1757178568.6825306,1757178568.7399654,0.057434797286987305
1757178568.7401736,1757178568.8079379,0.0677642822265625
1757178568.8081717,1757178568.8671687,0.05899691581726074
1757178568.867431,1757178568.9523582,0.08492732048034668
1757178568.952583,1757178569.0082588,0.05567574501037598
1757178569.0084136,1757178569.0629463,0.054532766342163086
1757178569.0631986,1757178569.1422164,0.07901787757873535
1757178569.1424208,1757178569.1990063,0.05658555030822754
1757178569.1991625,1757178569.2785006,0.07933807373046875
1757178569.2786722,1757178569.3409977,0.062325477600097656
1757178569.3412273,1757178569.4217937,0.08056640625
1757178569.4219923,1757178569.4795942,0.0576019287109375
1757178569.4797637,1757178569.5558743,0.0761106014251709
1757178569.5560663,1757178569.61468,0.05861377716064453
1757178569.6148913,1757178569.6968997,0.08200836181640625
1757178569.6971471,1757178569.753839,0.056691884994506836
1757178569.7539937,1757178569.8362875,0.08229374885559082
1757178569.8364954,1757178569.9009094,0.06441402435302734
1757178569.9011345,1757178569.989413,0.08827853202819824
1757178569.9896185,1757178570.0507371,0.06111860275268555
1757178570.0509167,1757178570.1064074,0.055490732192993164
1757178570.1066306,1757178570.1709006,0.06427001953125
1757178570.1711187,1757178570.2553155,0.08419680595397949
1757178570.2555432,1757178570.311548,0.05600476264953613
1757178570.3117285,1757178570.3862433,0.07451486587524414
1757178570.38647,1757178570.449962,0.0634918212890625
1757178570.4501462,1757178570.5362992,0.08615303039550781
1757178570.536503,1757178570.6024232,0.06592011451721191
1757178570.6026368,1757178570.6777306,0.07509374618530273
1757178570.6779146,1757178570.7374306,0.059515953063964844
1757178570.7376509,1757178570.8164937,0.0788428783416748
1757178570.8166919,1757178570.8711898,0.05449795722961426
1757178570.8713381,1757178570.9506993,0.0793612003326416
1757178570.9508913,1757178571.0155168,0.06462550163269043
1757178571.0157428,1757178571.0945382,0.0787954330444336
1757178571.0947492,1757178571.1500282,0.05527901649475098
1757178571.1501727,1757178571.2327042,0.08253145217895508
1757178571.2328787,1757178571.2960706,0.06319189071655273
1757178571.2963164,1757178571.389706,0.09338951110839844
1757178571.3899033,1757178571.4501193,0.06021595001220703
1757178571.450303,1757178571.5081027,0.057799577713012695
1757178571.5082712,1757178571.5679553,0.059684038162231445
1757178571.568164,1757178571.6472027,0.07903861999511719
1757178571.6474292,1757178571.7008076,0.05337834358215332
1757178571.7009597,1757178571.7837534,0.0827937126159668
1757178571.7839417,1757178571.885497,0.10155534744262695
1757178571.8857236,1757178571.9477282,0.06200456619262695
1757178571.9479427,1757178572.0255446,0.07760190963745117
1757178572.025741,1757178572.0803688,0.05462765693664551
1757178572.0805593,1757178572.159807,0.07924771308898926
1757178572.159968,1757178572.2197297,0.059761762619018555
1757178572.2199192,1757178572.30455,0.08463072776794434
1757178572.3047602,1757178572.3612173,0.0564570426940918
1757178572.3613741,1757178572.43934,0.07796597480773926
1757178572.439541,1757178572.4978938,0.05835270881652832
1757178572.498117,1757178572.5785387,0.08042168617248535
1757178572.5787952,1757178572.6333463,0.054551124572753906
1757178572.6334968,1757178572.7191951,0.08569836616516113
1757178572.7193804,1757178572.780311,0.060930728912353516
1757178572.780507,1757178572.8617153,0.0812082290649414
1757178572.8619108,1757178572.9217904,0.05987954139709473
1757178572.9219537,1757178572.9929533,0.0709996223449707
1757178572.9931223,1757178573.0568118,0.0636894702911377
1757178573.057027,1757178573.1403553,0.0833282470703125
1757178573.1405826,1757178573.2084587,0.06787610054016113
1757178573.208608,1757178573.2830567,0.07444882392883301
1757178573.2832522,1757178573.3462398,0.0629875659942627
1757178573.3465292,1757178573.433875,0.08734583854675293
1757178573.4340715,1757178573.4912298,0.05715823173522949
1757178573.4913766,1757178573.601571,0.11019444465637207
1757178573.6017234,1757178573.684948,0.08322453498840332
1757178573.6851914,1757178573.7821941,0.09700274467468262
1757178573.7824404,1757178573.8688633,0.08642292022705078
1757178573.8691285,1757178573.9593678,0.09023928642272949
1757178573.9596102,1757178574.0485172,0.08890700340270996
1757178574.0487828,1757178574.1380439,0.08926105499267578
1757178574.1382701,1757178574.2280505,0.08978033065795898
1757178574.2283232,1757178574.3193555,0.09103226661682129
1757178574.319645,1757178574.4104,0.09075498580932617
1757178574.410634,1757178574.499804,0.08916997909545898
1757178574.5000772,1757178574.5901022,0.09002494812011719
1757178574.5903137,1757178574.6829655,0.0926518440246582
1757178574.683244,1757178574.7808197,0.09757566452026367
1757178574.7810788,1757178574.8752866,0.094207763671875
1757178574.8755884,1757178574.9691837,0.09359526634216309
1757178574.9694004,1757178575.054467,0.08506655693054199
1757178575.0547452,1757178575.1390827,0.08433747291564941
1757178575.1393213,1757178575.2243183,0.08499693870544434
1757178575.22454,1757178575.3113532,0.08681321144104004
1757178575.311625,1757178575.3958814,0.08425641059875488
1757178575.3961124,1757178575.4855814,0.08946895599365234
1757178575.4858322,1757178575.5697021,0.08386993408203125
1757178575.5699484,1757178575.659338,0.08938956260681152
1757178575.659595,1757178575.7489946,0.08939957618713379
1757178575.7492802,1757178575.8450384,0.09575819969177246
1757178575.8453057,1757178575.9335093,0.08820366859436035
1757178575.9337904,1757178576.0246341,0.09084367752075195
1757178576.0249083,1757178576.1156597,0.09075140953063965
1757178576.115969,1757178576.20263,0.08666110038757324
1757178576.2029896,1757178576.287926,0.08493638038635254
1757178576.2881851,1757178576.4668598,0.17867469787597656
1757178576.4670935,1757178576.528665,0.061571598052978516
1757178576.5288112,1757178576.5820007,0.05318951606750488
1757178576.582157,1757178576.640021,0.05786418914794922
1757178576.6402621,1757178576.721309,0.08104681968688965
1757178576.7215223,1757178576.7794368,0.05791449546813965
1757178576.7795906,1757178576.8897824,0.11019182205200195
1757178576.8899226,1757178576.9719324,0.08200979232788086
1757178576.9721549,1757178577.1862175,0.21406269073486328
1757178577.1864085,1757178577.2486992,0.06229066848754883
1757178577.24887,1757178577.3115578,0.06268787384033203
1757178577.3118267,1757178577.4016724,0.08984565734863281
1757178577.401845,1757178577.459684,0.05783891677856445
1757178577.4599044,1757178577.5424478,0.08254337310791016
1757178577.5426617,1757178577.5991273,0.05646562576293945
1757178577.5992787,1757178577.70947,0.11019134521484375
1757178577.7096288,1757178577.8086674,0.09903860092163086
1757178577.8089073,1757178577.8939447,0.0850374698638916
1757178577.8941684,1757178578.0000126,0.10584425926208496
1757178578.0002592,1757178578.0838687,0.08360958099365234
1757178578.0841289,1757178578.1684048,0.08427596092224121
1757178578.1686938,1757178578.2534351,0.08474135398864746
1757178578.2537043,1757178578.3422148,0.08851051330566406
1757178578.34248,1757178578.4384217,0.09594178199768066
1757178578.4387486,1757178578.5285213,0.08977270126342773
1757178578.5287473,1757178578.6224616,0.09371423721313477
1757178578.6227355,1757178578.710954,0.08821845054626465
1757178578.7112198,1757178578.7985826,0.08736276626586914
1757178578.7988777,1757178578.8851724,0.08629465103149414
1757178578.8854284,1757178578.968665,0.0832364559173584
1757178578.9689245,1757178579.0607798,0.09185528755187988
1757178579.0610013,1757178579.150803,0.08980178833007812
1757178579.1510715,1757178579.235602,0.08453035354614258
1757178579.2359047,1757178579.3208811,0.0849764347076416
1757178579.3211317,1757178579.4052808,0.08414912223815918
1757178579.405562,1757178579.4891818,0.08361983299255371
1757178579.4894526,1757178579.5728397,0.08338713645935059
1757178579.573073,1757178579.6647384,0.09166550636291504
1757178579.6649973,1757178579.7474234,0.08242607116699219
1757178579.7476315,1757178579.8322537,0.08462214469909668
1757178579.8324542,1757178579.9176786,0.08522439002990723
1757178579.9180214,1757178580.098174,0.18015265464782715
1757178580.098385,1757178580.21251,0.11412501335144043
1757178580.2127767,1757178580.3196797,0.106903076171875
1757178580.3199544,1757178580.4105608,0.0906064510345459
1757178580.4108264,1757178580.4971263,0.08629989624023438
1757178580.4973898,1757178580.5985858,0.1011960506439209
1757178580.5988593,1757178580.692527,0.09366774559020996
1757178580.6927562,1757178580.7818003,0.08904409408569336
1757178580.7820606,1757178580.8704903,0.08842968940734863
1757178580.8707733,1757178580.957884,0.08711075782775879
1757178580.9581568,1757178581.0408707,0.08271384239196777
1757178581.0410914,1757178581.12606,0.08496856689453125
1757178581.1263554,1757178581.2134714,0.08711600303649902
1757178581.2137206,1757178581.2970898,0.08336925506591797
1757178581.2973409,1757178581.3807893,0.08344841003417969
1757178581.381021,1757178581.4660966,0.08507561683654785
1757178581.4663358,1757178581.5491917,0.0828559398651123
1757178581.5494215,1757178581.6323097,0.08288812637329102
1757178581.6325436,1757178581.7172403,0.08469676971435547
1757178581.7174718,1757178581.804213,0.08674120903015137
1757178581.8044865,1757178581.8972082,0.09272170066833496
1757178581.8974142,1757178581.989388,0.09197378158569336
1757178581.989664,1757178582.083935,0.09427094459533691
1757178582.0842035,1757178582.1739354,0.08973193168640137
1757178582.1741676,1757178582.2677383,0.09357070922851562
1757178582.2680018,1757178582.3576403,0.08963847160339355
1757178582.357898,1757178582.4456835,0.08778548240661621
1757178582.446084,1757178582.5308905,0.08480644226074219
1757178582.5311656,1757178582.6179736,0.0868079662322998
1757178582.6183867,1757178582.7036672,0.0852804183959961
1757178582.7040734,1757178582.7917862,0.08771276473999023
1757178582.7921298,1757178582.879238,0.08710813522338867
1757178582.8794825,1757178582.9716587,0.09217619895935059
1757178582.971905,1757178583.055838,0.08393311500549316
1757178583.056095,1757178583.2334466,0.177351713180542
1757178583.233636,1757178583.3413365,0.10770058631896973
1757178583.3415868,1757178583.4409494,0.09936261177062988
1757178583.441165,1757178583.533877,0.0927119255065918
1757178583.5341592,1757178583.6185741,0.08441495895385742
1757178583.6188254,1757178583.6732433,0.05441784858703613
1757230392.3011563,1757230392.6150112,0.3138549327850342
1757230392.6167092,1757230392.7669907,0.15028142929077148
1757230392.7671676,1757230392.8773649,0.11019730567932129
1757230392.8774936,1757230392.9876506,0.11015701293945312
1757230392.9877694,1757230393.2617679,0.273998498916626
1757230393.2619717,1757230393.4049685,0.14299678802490234
1757230393.4051633,1757230393.5153542,0.11019086837768555
1757230393.5154667,1757230393.6256633,0.11019659042358398
1757230393.6257794,1757230393.9558673,0.33008790016174316
1757230393.9560554,1757230394.0974343,0.14137887954711914
1757230394.0975957,1757230394.2077916,0.11019587516784668
1757230394.2079196,1757230394.3181183,0.1101987361907959
1757230394.3182695,1757230394.599522,0.2812526226043701
1757230394.5997024,1757230394.7379742,0.13827180862426758
1757230394.738143,1757230394.8483338,0.11019086837768555
1757230394.8484588,1757230394.9586492,0.11019039154052734
1757230394.9587667,1757230395.236523,0.2777562141418457
1757230395.2367337,1757230395.3755317,0.13879799842834473
1757230395.3757117,1757230395.4858992,0.11018753051757812
1757230395.4860125,1757230395.5962126,0.11020016670227051
1757230395.596335,1757230395.7065332,0.1101982593536377
1757230395.7066524,1757230395.9892857,0.28263330459594727
1757230395.989478,1757230396.2689323,0.27945423126220703
1757230396.269126,1757230396.4243867,0.15526080131530762
1757230396.4245918,1757230396.5347629,0.11017107963562012
1757230396.5348918,1757230396.645092,0.11020016670227051
1757230396.6452293,1757230396.9243073,0.27907800674438477
1757230396.9245002,1757230397.2717292,0.34722900390625
1757230397.2718894,1757230397.4332864,0.16139698028564453
1757230397.433467,1757230397.5436466,0.11017966270446777
1757230397.5437727,1757230397.6539698,0.11019706726074219
1757230397.6540892,1757230397.9267244,0.27263522148132324
1757230397.9268944,1757230398.065799,0.13890457153320312
1757230398.0659986,1757230398.1761935,0.11019492149353027
1757230398.1763225,1757230398.2865205,0.1101980209350586
1757230398.2866397,1757230398.5612068,0.2745671272277832
1757230398.561401,1757230398.7044404,0.14303946495056152
1757230398.7046013,1757230398.814766,0.11016464233398438
1757230398.8148928,1757230398.9250903,0.11019754409790039
1757230398.9252055,1757230399.0354033,0.11019778251647949
1757230399.035524,1757230399.3082082,0.27268433570861816
1757230399.308395,1757230399.5884247,0.2800297737121582
1757230399.5885954,1757230399.7305021,0.14190673828125
1757230399.7307065,1757230399.8409011,0.11019468307495117
1757230399.8410308,1757230399.9512324,0.11020159721374512
1757230399.9513679,1757230400.239217,0.28784918785095215
1757230400.2394485,1757230400.379997,0.1405484676361084
1757230400.3802197,1757230400.4904141,0.11019444465637207
1757230400.4905524,1757230400.6007612,0.11020874977111816
1757230400.6009011,1757230400.937964,0.3370628356933594
1757230400.9381304,1757230401.077787,0.13965654373168945
1757230401.0779762,1757230401.1881683,0.11019206047058105
1757230401.1883013,1757230401.2985065,0.11020517349243164
1757230401.2986286,1757230401.6011922,0.3025636672973633
1757230401.6013792,1757230401.742213,0.14083385467529297
1757230401.7423875,1757230401.852584,0.11019635200500488
1757230401.852719,1757230401.9629202,0.11020112037658691
1757230401.963047,1757230402.103762,0.1407148838043213
1757230402.1039364,1757230402.2141302,0.11019372940063477
1757230402.2142577,1757230402.324453,0.11019539833068848
1757230402.3245747,1757230402.6009958,0.27642107009887695
1757230402.601222,1757230402.7479336,0.1467115879058838
1757230402.7481017,1757230402.8582911,0.11018943786621094
1757230402.858418,1757230402.9686162,0.1101982593536377
1757230402.968774,1757230403.2385628,0.2697887420654297
1757230403.2387369,1757230403.381925,0.1431882381439209
1757230403.3820872,1757230403.4922743,0.11018705368041992
1757230403.4923887,1757230403.602583,0.11019420623779297
1757230403.6027682,1757230403.873433,0.27066493034362793
1757230403.8736045,1757230404.2137878,0.3401832580566406
1757230404.2139525,1757230404.3537724,0.13981986045837402
1757230404.3539398,1757230404.4641314,0.11019158363342285
1757230404.4642568,1757230404.5744607,0.11020398139953613
1757230404.5746138,1757230404.8524282,0.2778143882751465
1757230404.852622,1757230404.9982107,0.14558863639831543
1757230404.9983747,1757230405.10857,0.11019539833068848
1757230405.1086986,1757230405.2188988,0.11020016670227051
1757230405.2190504,1757230405.4950674,0.2760169506072998
1757230405.4952574,1757230405.6357982,0.14054083824157715
1757230405.6359742,1757230405.7461727,0.1101984977722168
1757230405.7463222,1757230405.8565266,0.11020445823669434
1757230405.8566587,1757230406.0014052,0.1447465419769287
1757230406.0016053,1757230406.1117682,0.11016297340393066
1757230406.111904,1757230406.2221076,0.11020374298095703
1757230406.2222347,1757230406.4953032,0.2730684280395508
1757230406.4954863,1757230406.6450684,0.1495821475982666
1757230406.645233,1757230406.7554407,0.11020779609680176
1757230406.7555733,1757230406.8657718,0.1101984977722168
1757230406.8659024,1757230407.144008,0.2781054973602295
1757230407.1441913,1757230407.4844854,0.34029412269592285
1757230407.4846551,1757230407.6264858,0.1418306827545166
1757230407.6266508,1757230407.7368398,0.11018896102905273
1757230407.7369628,1757230407.84716,0.11019730567932129
1757230407.8472877,1757230408.1255293,0.2782416343688965
1757230408.1256976,1757230408.268497,0.14279937744140625
1757230408.2686713,1757230408.3788614,0.11019015312194824
1757230408.3789823,1757230408.489179,0.11019659042358398
1757230408.4893036,1757230408.7658467,0.27654314041137695
1757230408.766036,1757230408.9376457,0.17160964012145996
1757230408.9378073,1757230409.047997,0.11018967628479004
1757230409.0481205,1757230409.1583254,0.11020493507385254
1757230409.1584554,1757230409.4415367,0.2830812931060791
1757230409.4417102,1757230409.5858526,0.14414238929748535
1757230409.586016,1757230409.696204,0.11018800735473633
1757230409.6963294,1757230409.806532,0.11020255088806152
1757230409.8067768,1757230410.083385,0.2766082286834717
1757230410.0835474,1757230410.2309222,0.14737486839294434
1757230410.231128,1757230410.3413332,0.11020517349243164
1757230410.3414629,1757230410.4516578,0.11019492149353027
1757230410.4518113,1757230410.7359676,0.28415632247924805
1757230410.7361546,1757230411.07124,0.335085391998291
1757230411.071428,1757230411.2118056,0.14037752151489258
1757230411.21202,1757230411.3222184,0.1101984977722168
1757230411.322343,1757230411.4325411,0.1101980209350586
1757230411.432665,1757230411.7129095,0.2802443504333496
1757230411.713104,1757230411.8530526,0.13994860649108887
1757230411.8532395,1757230411.9634306,0.11019110679626465
1757230411.9635534,1757230412.0737631,0.11020970344543457
1757230412.0739014,1757230412.222139,0.1482374668121338
1757230412.222331,1757230412.332521,0.11018991470336914
1757230412.332655,1757230412.4428558,0.11020088195800781
1757230412.4430058,1757230412.7170007,0.27399492263793945
1757230412.7171905,1757230412.8605385,0.14334797859191895
1757230412.8607342,1757230412.9709244,0.11019015312194824
1757230412.9710517,1757230413.0812478,0.11019611358642578
1757230413.0813696,1757230413.353812,0.2724423408508301
1757230413.3539958,1757230413.4931743,0.13917851448059082
1757230413.4933615,1757230413.6035576,0.11019611358642578
1757230413.6036866,1757230413.7138863,0.1101996898651123
1757230413.714015,1757230413.9932907,0.27927565574645996
1757230413.9934864,1757230414.1319199,0.13843345642089844
1757230414.1320844,1757230414.2422736,0.11018919944763184
1757230414.2423944,1757230414.3526096,0.1102151870727539
1757230414.3527665,1757230414.710207,0.3574404716491699
1757230414.710381,1757230414.8632936,0.15291261672973633
1757230414.8634577,1757230414.9736521,0.11019444465637207
1757230414.9737947,1757230415.0839944,0.1101996898651123
1757230415.0841143,1757230415.364205,0.2800905704498291
1757230415.3643906,1757230415.6585236,0.29413294792175293
1757230415.658758,1757230415.800936,0.14217805862426758
1757230415.8011136,1757230415.9113069,0.11019325256347656
1757230415.9114294,1757230416.0216427,0.1102132797241211
1757230416.0217652,1757230416.1319594,0.11019420623779297
1757230416.132088,1757230416.4159513,0.2838633060455322
1757230416.4161348,1757230416.7101111,0.2939763069152832
1757230416.710295,1757230416.9984567,0.2881617546081543
1757230416.998616,1757230417.1546667,0.1560506820678711
1757230417.1548324,1757230417.265024,0.11019158363342285
1757230417.2651598,1757230417.3753588,0.110198974609375
1757230417.3754807,1757230417.6465404,0.2710597515106201
1757230417.646721,1757230417.8450184,0.19829750061035156
1757230417.8452005,1757230417.9553916,0.11019110679626465
1757230417.9555154,1757230418.0656543,0.1101388931274414
1757230418.0657957,1757230418.3529446,0.28714895248413086
1757230418.353135,1757230418.4949596,0.14182448387145996
1757230418.4951236,1757230418.6053138,0.11019015312194824
1757230418.605428,1757230418.7156248,0.11019682884216309
1757230418.7157571,1757230418.9961984,0.2804412841796875
1757230418.996383,1757230419.1616495,0.1652665138244629
1757230419.16184,1757230419.2720284,0.11018848419189453
1757230419.2721481,1757230419.3823464,0.1101982593536377
1757230419.3824801,1757230419.6592672,0.27678704261779785
1757230419.6594548,1757230419.815178,0.15572309494018555
1757230419.8153367,1757230419.9255319,0.11019515991210938
1757230419.9256709,1757230420.0358958,0.11022496223449707
1757230420.0360727,1757230420.3191748,0.28310203552246094
1757230420.3193913,1757230420.452502,0.13311076164245605
1757230420.4526694,1757230420.5628588,0.11018943786621094
1757230420.5629816,1757230420.6731849,0.11020326614379883
1757230420.6733298,1757230420.992775,0.3194451332092285
1757230420.99296,1757230421.3297353,0.3367753028869629
1757230421.3299184,1757230421.4669127,0.1369943618774414
1757230421.4671009,1757230421.577295,0.11019420623779297
1757230421.5774202,1757230421.6876197,0.1101994514465332
1757230421.6877449,1757230421.9627848,0.2750399112701416
1757230421.9629743,1757230422.1021655,0.1391911506652832
1757230422.102332,1757230422.212525,0.11019277572631836
1757230422.2126555,1757230422.322861,0.11020541191101074
1757230422.3230104,1757230422.6043417,0.28133130073547363
1757230422.6045282,1757230422.7414474,0.13691926002502441
1757230422.741624,1757230422.851826,0.11020183563232422
1757230422.8519487,1757230422.96215,0.11020135879516602
1757230422.9622765,1757230423.0724733,0.11019682884216309
1757230423.0726042,1757230423.350159,0.2775547504425049
1757230423.3503852,1757230423.500513,0.15012788772583008
1757230423.50074,1757230423.6109314,0.11019134521484375
1757230423.6110501,1757230423.721247,0.11019682884216309
1757230423.7213697,1757230423.9894006,0.26803088188171387
1757230423.9895945,1757230424.1288354,0.13924098014831543
1757230424.1289961,1757230424.2391834,0.11018729209899902
1757230424.2392983,1757230424.3494954,0.11019706726074219
1757230424.3496222,1757230424.6303144,0.28069210052490234
1757230424.6304746,1757230424.9755228,0.345048189163208
1757230424.9757159,1757230425.1175723,0.14185643196105957
1757230425.1177337,1757230425.227929,0.11019539833068848
1757230425.2280471,1757230425.3382442,0.11019706726074219
1757230425.3383632,1757230425.6195087,0.2811455726623535
1757230425.6197343,1757230425.7631757,0.14344143867492676
1757230425.7633333,1757230425.87352,0.11018657684326172
1757230425.8736544,1757230426.0068915,0.13323712348937988
1757230426.007055,1757230426.1172485,0.11019349098205566
1757230426.1173954,1757230426.2728238,0.15542840957641602
1757230426.273042,1757230426.4134147,0.14037275314331055
1757230426.4135752,1757230426.5237668,0.11019158363342285
1757230426.523909,1757230426.6878896,0.16398048400878906
1757230426.688082,1757230426.830097,0.1420149803161621
1757230426.8302596,1757230426.9404564,0.11019682884216309
1757230426.940586,1757230427.1005557,0.15996956825256348
1757230427.1008143,1757230427.2387807,0.13796639442443848
1757230427.238966,1757230427.3491602,0.11019420623779297
1757230427.3492894,1757230427.5696652,0.22037577629089355
1757230427.5698736,1757230427.7135448,0.14367127418518066
1757230427.7137396,1757230427.8239346,0.11019492149353027
1757230427.8240516,1757230427.9964094,0.17235779762268066
1757230427.9965887,1757230428.136658,0.14006924629211426
1757230428.1368377,1757230428.24704,0.11020231246948242
1757230428.2473843,1757230428.386321,0.13893675804138184
1757230428.3864944,1757230428.4966488,0.11015439033508301
1757230428.4967875,1757230428.6893582,0.19257068634033203
1757230428.689532,1757230428.8284154,0.13888335227966309
1757230428.8285806,1757230428.9387681,0.11018753051757812
1757230428.9388907,1757230429.100745,0.16185426712036133
1757230429.1009824,1757230429.2343178,0.13333535194396973
1757230429.2345104,1757230429.3446481,0.1101377010345459
1757230429.3447764,1757230429.503718,0.15894150733947754
1757230429.5039604,1757230429.7353165,0.23135614395141602
1757230429.7355187,1757230429.87627,0.14075136184692383
1757230429.876456,1757230429.9866502,0.11019420623779297
1757230429.9867713,1757230430.1560242,0.16925287246704102
1757230430.1562352,1757230430.295796,0.13956069946289062
1757230430.295959,1757230430.4061484,0.11018943786621094
1757230430.406269,1757230430.5839596,0.1776905059814453
1757230430.5841517,1757230430.7259963,0.1418445110321045
1757230430.726193,1757230430.8363929,0.1101999282836914
1757230430.8365288,1757230430.9466553,0.11012649536132812
1757230430.9467735,1757230431.110688,0.16391444206237793
1757230431.1109035,1757230431.308579,0.19767546653747559
1757230431.3088,1757230431.446514,0.13771390914916992
1757230431.4467154,1757230431.556905,0.11018967628479004
1757230431.5570378,1757230431.7247157,0.1676778793334961
1757230431.7249231,1757230431.9230795,0.19815635681152344
1757230431.9232457,1757230432.0334446,0.110198974609375
1757230432.0335863,1757230432.1993973,0.16581106185913086
1757230432.1996279,1757230432.34458,0.14495205879211426
1757230432.344756,1757230432.454947,0.11019110679626465
1757230432.4550807,1757230432.623553,0.1684722900390625
1757230432.623773,1757230432.7642176,0.14044451713562012
1757230432.7643855,1757230432.874575,0.11018943786621094
1757230432.8747175,1757230433.0375483,0.16283082962036133
1757230433.0377507,1757230433.1755142,0.13776350021362305
1757230433.1756966,1757230433.2858884,0.11019182205200195
1757230433.2860146,1757230433.3962204,0.11020588874816895
1757230433.396344,1757230433.557299,0.16095495223999023
1757230433.5574973,1757230433.6994205,0.141923189163208
1757230433.6995866,1757230433.8097625,0.11017584800720215
1757230433.8098814,1757230433.9742198,0.1643383502960205
1757230433.9744208,1757230434.1166477,0.1422269344329834
1757230434.1168556,1757230434.2270527,0.11019706726074219
1757230434.227187,1757230434.437095,0.20990800857543945
1757230434.4372978,1757230434.5808847,0.1435868740081787
1757230434.581093,1757230434.6912847,0.11019158363342285
1757230434.6914093,1757230434.857356,0.16594672203063965
1757230434.8575275,1757230434.999796,0.14226841926574707
1757230435.0000033,1757230435.110195,0.11019158363342285
1757230435.1103177,1757230435.2834544,0.17313671112060547
1757230435.2836626,1757230435.4371347,0.1534721851348877
1757230435.4374392,1757230435.5476468,0.11020755767822266
1757230435.5477686,1757230435.6579714,0.11020278930664062
1757230435.658107,1757230435.8226511,0.16454410552978516
1757230435.8228934,1757230435.9663255,0.1434321403503418
1757230435.96649,1757230436.0766518,0.11016178131103516
1757230436.0767863,1757230436.2453096,0.16852331161499023
1757230436.245531,1757230436.3810778,0.13554668426513672
1757230436.3812714,1757230436.4914656,0.11019420623779297
1757230436.491605,1757230436.6559584,0.1643533706665039
1757230436.656177,1757230436.8940637,0.23788666725158691
1757230436.894251,1757230437.039533,0.14528179168701172
1757230437.0397458,1757230437.1499395,0.11019372940063477
1757230437.1500638,1757230437.322027,0.17196321487426758
1757230437.3222299,1757230437.4627366,0.14050674438476562
1757230437.4629374,1757230437.573129,0.11019158363342285
1757230437.5732565,1757230437.7094603,0.13620376586914062
1757230437.7096343,1757230437.819824,0.11018967628479004
1757230437.8199546,1757230437.9855528,0.16559815406799316
1757230437.9858024,1757230438.1262317,0.14042925834655762
1757230438.126423,1757230438.2366211,0.1101982593536377
1757230438.2367592,1757230438.4012012,0.1644420623779297
1757230438.4014096,1757230438.546353,0.1449434757232666
1757230438.546541,1757230438.6566525,0.11011147499084473
1757230438.6567843,1757230438.8217602,0.16497588157653809
1757230438.821971,1757230438.9583232,0.1363523006439209
1757230438.9584897,1757230439.0686777,0.11018800735473633
1757230439.0688033,1757230439.2849593,0.216156005859375
1757230439.285128,1757230439.4218445,0.13671636581420898
1757230439.422009,1757230439.5322015,0.11019253730773926
1757230439.5323267,1757230439.7077157,0.17538905143737793
1757230439.70791,1757230439.8503864,0.14247632026672363
1757230439.8505538,1757230439.9607549,0.11020112037658691
1757230439.9608922,1757230440.1305802,0.16968798637390137
1757230440.1307957,1757230440.2757335,0.14493775367736816
1757230440.2759185,1757230440.38611,0.11019158363342285
1757230440.3862305,1757230440.5643024,0.1780719757080078
1757230440.5645053,1757230440.7055817,0.14107632637023926
1757230440.7057745,1757230440.8159716,0.11019706726074219
1757230440.8161082,1757230440.9847348,0.1686265468597412
1757230440.9849682,1757230441.1251247,0.14015650749206543
1757230441.1252887,1757230441.2354815,0.11019277572631836
1757230441.235612,1757230441.4704182,0.23480629920959473
1757230441.4706178,1757230441.6167204,0.1461026668548584
1757230441.6168842,1757230441.7270823,0.1101980209350586
1757230441.727208,1757230441.8896542,0.1624462604522705
1757230441.889856,1757230442.0320318,0.14217567443847656
1757230442.0321977,1757230442.142387,0.11018919944763184
1757230442.1424892,1757230442.2526543,0.11016511917114258
1757230634.385425,1757230636.1165977,1.7311725616455078
1757230636.1175935,1757230636.4220085,0.3044149875640869
1757230636.4222023,1757230636.5396214,0.11741900444030762
1757230636.5398185,1757230636.77283,0.23301148414611816
1757230636.7731376,1757230637.0345712,0.26143360137939453
1757230637.0348053,1757230637.321253,0.28644776344299316
1757230637.3215284,1757230637.5774126,0.25588417053222656
1757230637.5776684,1757230637.8343527,0.2566843032836914
1757230637.8345852,1757230638.104089,0.2695038318634033
1757230666.719504,1757230668.4424574,1.7229533195495605
1757230668.4427202,1757230668.6913779,0.2486577033996582
1757230668.6915581,1757230668.813097,0.12153887748718262
1757230668.8132975,1757230669.0065775,0.19327998161315918
1757230669.0068467,1757230669.2429278,0.23608112335205078
1757230669.243297,1757230669.5074973,0.26420021057128906
1757230669.5077286,1757230669.773014,0.2652854919433594
1757230669.7732794,1757230670.1408002,0.367520809173584
1757230670.141127,1757230670.390218,0.24909090995788574
1757230670.3905108,1757230670.6283855,0.23787474632263184
1757230670.6286361,1757230670.8866277,0.2579915523529053
1757230670.8868515,1757230671.1592126,0.27236104011535645
1757230671.1594503,1757230671.4187737,0.2593233585357666
1757230671.419032,1757230671.674922,0.255889892578125
1757230671.675164,1757230671.9552627,0.28009867668151855
1757230671.9555855,1757230672.3105154,0.35492992401123047
1757230672.3107128,1757230672.4986768,0.18796396255493164
1757230672.4988778,1757230672.7310677,0.23218989372253418
1757230672.7313044,1757230673.044708,0.3134036064147949
1757230673.0449324,1757230673.3134906,0.2685582637786865
1757230673.3136902,1757230673.570792,0.25710177421569824
1757230673.5710428,1757230673.834872,0.26382923126220703
1757230673.8351274,1757230674.098917,0.26378965377807617
1757230674.0992131,1757230674.362348,0.2631349563598633
1757230674.3625963,1757230674.7113056,0.3487093448638916
1757230674.711479,1757230674.8886967,0.17721772193908691
1757230674.8889108,1757230675.1216917,0.23278093338012695
1757230675.1219058,1757230675.3811154,0.25920963287353516
1757230675.381311,1757230675.6355617,0.25425076484680176
1757230675.6357658,1757230675.9885557,0.35278987884521484
1757230675.9887366,1757230676.1651905,0.1764538288116455
1757230676.1655369,1757230676.4002895,0.23475265502929688
1757230676.4004807,1757230676.6626267,0.26214599609375
1757230676.6628525,1757230676.9278007,0.26494812965393066
1757230676.9280245,1757230677.2182517,0.29022717475891113
1757230677.218459,1757230677.4812846,0.26282572746276855
1757230677.4815602,1757230677.746325,0.26476478576660156
1757230677.746555,1757230678.0090654,0.2625102996826172
1757230678.00932,1757230678.2724123,0.2630922794342041
1757230678.272672,1757230678.5361845,0.26351261138916016
1757230678.5363824,1757230678.88822,0.3518376350402832
1757230678.888425,1757230679.059697,0.17127180099487305
1757230679.0598786,1757230679.2944434,0.23456478118896484
1757230679.2946622,1757230679.561809,0.2671468257904053
1757230679.562002,1757230679.8257658,0.2637639045715332
1757230679.8260367,1757230680.090458,0.2644212245941162
1757230680.0906968,1757230680.352494,0.2617971897125244
1757230680.3527462,1757230680.6117117,0.25896549224853516
1757230680.6119504,1757230680.8707979,0.2588474750518799
1757230680.870997,1757230681.1435978,0.2726008892059326
1757230681.1438065,1757230681.409574,0.26576757431030273
1757230681.4097877,1757230681.7601955,0.35040783882141113
1757230681.7603693,1757230681.9348962,0.17452692985534668
1757230681.9350684,1757230682.1666262,0.23155784606933594
1757230682.1668737,1757230682.415267,0.24839329719543457
1757230682.4154956,1757230682.676826,0.26133036613464355
1757230682.67706,1757230682.937213,0.26015305519104004
1757230682.9374642,1757230683.198173,0.2607088088989258
1757230683.19839,1757230683.4654615,0.2670714855194092
1757230683.4657552,1757230683.7629545,0.2971992492675781
1757230683.7631938,1757230684.0287004,0.2655065059661865
1757230684.0289202,1757230684.2961423,0.26722216606140137
1757230684.2963917,1757230684.6496587,0.35326695442199707
1757230684.6498516,1757230684.821093,0.17124152183532715
1757230684.8212886,1757230685.0515313,0.23024272918701172
1757230685.0517561,1757230685.3168616,0.2651054859161377
1757230685.317096,1757230685.5943482,0.277252197265625
1757230685.59458,1757230685.8606858,0.26610589027404785
1757230685.860886,1757230686.1383166,0.27743053436279297
1757230686.1385689,1757230686.4887412,0.3501722812652588
1757230686.4889407,1757230686.6724415,0.1835007667541504
1757230686.6726258,1757230686.908599,0.23597311973571777
1757230686.908822,1757230687.1682894,0.25946736335754395
1757230687.1684823,1757230687.522776,0.3542935848236084
1757230687.522987,1757230687.701149,0.1781620979309082
1757230687.7013323,1757230687.934061,0.2327287197113037
1757230687.9342833,1757230688.1939876,0.2597043514251709
1757230688.1942687,1757230688.4550505,0.26078176498413086
1757230688.4553084,1757230688.7233603,0.2680518627166748
1757230688.7235782,1757230688.991429,0.2678508758544922
1757230688.9916253,1757230689.2550664,0.2634410858154297
1757230689.2553456,1757230689.515562,0.26021647453308105
1757230689.5157752,1757230689.7807322,0.2649569511413574
1757230689.7809658,1757230690.1372967,0.35633087158203125
1757230690.137466,1757230690.3176558,0.180189847946167
1757230690.317867,1757230690.5582914,0.24042439460754395
1757230690.558687,1757230690.82606,0.26737308502197266
1757230690.8263102,1757230691.0988708,0.27256059646606445
1757230691.0990732,1757230691.3622336,0.26316046714782715
1757230691.3624382,1757230691.634202,0.27176380157470703
1757230691.6344044,1757230691.902194,0.2677896022796631
1757230691.9024365,1757230692.173945,0.27150845527648926
1757230692.1742005,1757230692.450909,0.27670836448669434
1757230692.4511592,1757230692.7278285,0.2766692638397217
1757230692.7280471,1757230692.9956074,0.2675602436065674
1757230692.995836,1757230693.3465948,0.35075879096984863
1757230693.3467848,1757230693.5241082,0.1773233413696289
1757230693.524312,1757230693.753322,0.22900986671447754
1757230693.7535474,1757230694.0062675,0.2527201175689697
1757230694.0065231,1757230694.273059,0.26653575897216797
1757230694.2733014,1757230694.5466993,0.27339792251586914
1757230694.5468972,1757230694.8189514,0.27205419540405273
1757230694.8191798,1757230695.0876098,0.2684299945831299
1757230695.0879707,1757230695.3541093,0.26613855361938477
1757230695.3543444,1757230695.6700337,0.3156893253326416
1757230718.3949137,1757230718.786784,0.39187026023864746
1757230718.7869968,1757230719.0428762,0.25587940216064453
1757230719.043151,1757230719.2857215,0.2425706386566162
1757230719.2859457,1757230719.581355,0.2954094409942627
1757230719.5815995,1757230719.8272324,0.24563288688659668
1757230719.8274314,1757230720.0829241,0.2554926872253418
1757230720.0831342,1757230720.338361,0.25522685050964355
1757230720.3385558,1757230720.592244,0.25368809700012207
1757230720.5924308,1757230720.8367875,0.24435663223266602
1757230720.8370006,1757230721.0971694,0.26016879081726074
1757230721.0973995,1757230721.3488672,0.2514677047729492
1757230721.3491127,1757230721.603436,0.25432324409484863
1757230721.6036713,1757230721.8590999,0.2554285526275635
1757230721.8593204,1757230722.1985087,0.3391883373260498
1757230722.1987326,1757230722.4516244,0.25289177894592285
1757230722.4518166,1757230722.758545,0.3067283630371094
1757230722.7587752,1757230723.0080962,0.24932098388671875
1757230723.0083356,1757230723.2622142,0.2538785934448242
1757230723.2624087,1757230723.5304036,0.26799488067626953
1757230723.5306292,1757230723.693329,0.16269993782043457
1757230723.6935015,1757230723.8036485,0.11014699935913086
1757230723.8037727,1757230723.9154253,0.11165261268615723
1757230723.9155552,1757230724.025766,0.11021065711975098
1757230724.0259068,1757230724.1361156,0.11020874977111816
1757230724.1362572,1757230724.2464616,0.11020445823669434
1757230724.2465746,1757230724.3567605,0.11018586158752441
1757230724.3568568,1757230724.4670453,0.11018848419189453
1757230724.4671326,1757230724.5773177,0.11018514633178711
1757230724.5773973,1757230724.6875813,0.1101839542388916
1757230724.6876688,1757230724.797861,0.11019229888916016
1757230724.7979767,1757230724.9081824,0.11020565032958984
1757230724.9083138,1757230725.0185175,0.11020374298095703
1757230725.0186465,1757230725.1288517,0.11020517349243164
1757230725.1289732,1757230725.2391763,0.11020302772521973
1757230725.2392983,1757230725.3495023,0.11020398139953613
1757230725.3496392,1757230725.4598548,0.11021566390991211
1757230725.45998,1757230725.5701778,0.11019778251647949
1757230725.5702977,1757230725.6804998,0.11020207405090332
1757230725.6806169,1757230725.7908225,0.11020565032958984
1757230725.7909489,1757230725.9011548,0.11020588874816895
1757230725.9012988,1757230726.1950781,0.2937793731689453
1757230726.1952841,1757230726.349497,0.15421295166015625
1757230726.3496997,1757230726.4598956,0.11019587516784668
1757230726.4600263,1757230726.570231,0.11020469665527344
1757230726.5703597,1757230726.7312405,0.16088080406188965
1757230726.7314322,1757230726.841625,0.11019277572631836
1757230726.8417604,1757230726.9519627,0.11020231246948242
1757230726.9520822,1757230727.2841966,0.33211445808410645
1757230727.2843695,1757230727.61014,0.32577061653137207
1757230727.610308,1757230727.7569034,0.14659547805786133
1757230727.7570686,1757230727.8672588,0.11019015312194824
1757230727.867382,1757230727.9775794,0.11019730567932129
1757230727.9777043,1757230728.2579677,0.28026342391967773
1757230728.258221,1757230728.3978822,0.13966131210327148
1757230728.398057,1757230728.508259,0.11020207405090332
1757230728.5083802,1757230728.6185825,0.11020231246948242
1757230728.61872,1757230728.9143379,0.29561781883239746
1757230728.9145432,1757230729.05461,0.14006686210632324
1757230729.0548127,1757230729.165008,0.11019539833068848
1757230729.1651382,1757230729.2753441,0.11020588874816895
1757230729.2754624,1757230729.553236,0.2777736186981201
1757230729.5534427,1757230729.7057774,0.15233469009399414
1757230729.706,1757230729.8162012,0.11020112037658691
1757230729.8163335,1757230729.9265428,0.11020922660827637
1757230729.9266715,1757230730.0781581,0.15148663520812988
1757230730.0783372,1757230730.1885364,0.1101992130279541
1757230730.1886759,1757230730.2988775,0.11020159721374512
1757230730.298997,1757230730.6303616,0.33136463165283203
1757230730.630533,1757230730.7717462,0.14121317863464355
1757230730.7719226,1757230730.882115,0.11019229888916016
1757230730.882245,1757230730.9924521,0.11020708084106445
1757230730.9925735,1757230731.2802875,0.28771400451660156
1757230731.2804615,1757230731.5699801,0.2895185947418213
1757230731.5701778,1757230731.7061043,0.1359264850616455
1757230731.706284,1757230731.8164814,0.11019730567932129
1757230731.8166168,1757230731.926833,0.11021614074707031
1757230731.9269745,1757230732.0844228,0.15744829177856445
1757230732.08462,1757230732.1948187,0.1101987361907959
1757230732.1949391,1757230732.3051362,0.11019706726074219
1757230732.3052533,1757230732.5683444,0.2630910873413086
1757230732.5685456,1757230732.7155545,0.14700889587402344
1757230732.7157671,1757230732.8259609,0.11019372940063477
1757230732.8260922,1757230732.9362972,0.11020493507385254
1757230732.936463,1757230733.203677,0.2672138214111328
1757230733.2039049,1757230733.344211,0.1403062343597412
1757230733.3443801,1757230733.4545748,0.11019468307495117
1757230733.4547315,1757230733.5649374,0.11020588874816895
1757230733.5650587,1757230733.6752625,0.11020374298095703
1757230733.6753893,1757230734.005089,0.3296997547149658
1757230734.0052867,1757230734.157713,0.15242624282836914
1757230734.1578813,1757230734.2680717,0.11019039154052734
1757230734.268194,1757230734.3783917,0.11019778251647949
1757230734.3785205,1757230734.6560283,0.2775077819824219
1757230734.6562245,1757230734.808718,0.15249347686767578
1757230734.808894,1757230734.9190848,0.11019086837768555
1757230734.919205,1757230735.0294044,0.1101994514465332
1757230735.0295303,1757230735.3031263,0.27359604835510254
1757230735.3033166,1757230735.4491866,0.14586997032165527
1757230735.4493551,1757230735.559543,0.11018776893615723
1757230735.5596716,1757230735.6698687,0.11019706726074219
1757230735.6700122,1757230735.9428852,0.2728729248046875
1757230735.943102,1757230736.0940044,0.15090250968933105
1757230736.0942414,1757230736.2043855,0.11014413833618164
1757230736.2044957,1757230736.3146517,0.11015605926513672
1757230736.314846,1757230736.595064,0.28021788597106934
1757230736.5952377,1757230736.7424352,0.14719748497009277
1757230736.7425988,1757230736.8527944,0.11019563674926758
1757230736.852937,1757230736.9631453,0.11020827293395996
1757230736.9632676,1757230737.300593,0.3373253345489502
1757230737.3007889,1757230737.4437616,0.14297270774841309
1757230737.443961,1757230737.5541492,0.11018824577331543
1757230737.5542583,1757230737.6644597,0.11020135879516602
1757230737.664604,1757230737.9527555,0.28815150260925293
1757230737.9529471,1757230738.240354,0.28740692138671875
1757230738.240647,1757230738.4033074,0.1626603603363037
1757230738.40349,1757230738.5136814,0.11019134521484375
1757230738.513792,1757230738.6239834,0.11019134521484375
1757230738.6240988,1757230738.8935635,0.26946473121643066
1757230738.893775,1757230739.0359762,0.14220118522644043
1757230739.0361767,1757230739.1463683,0.11019158363342285
1757230739.1464853,1757230739.2566519,0.11016654968261719
1757230739.256767,1757230739.525706,0.2689390182495117
1757230739.5258942,1757230739.6695945,0.14370036125183105
1757230739.6697736,1757230739.7799628,0.11018919944763184
1757230739.7800817,1757230739.890278,0.11019635200500488
1757230739.8904,1757230740.1610765,0.2706766128540039
1757230740.1612532,1757230740.3030589,0.14180564880371094
1757230740.3032372,1757230740.413428,0.11019086837768555
1757230740.4135516,1757230740.5237586,0.11020708084106445
1757230740.5238824,1757230740.8615894,0.3377070426940918
1757230740.8617563,1757230741.1703029,0.3085465431213379
1757230741.1704946,1757230741.3105218,0.14002728462219238
1757230741.3106956,1757230741.4208925,0.11019682884216309
1757230741.421023,1757230741.5312228,0.1101999282836914
1757230741.5313485,1757230741.8075507,0.2762022018432617
1757230741.8077312,1757230741.9474998,0.1397686004638672
1757230741.9476979,1757230742.0578911,0.11019325256347656
1757230742.0580213,1757230742.168225,0.11020374298095703
1757230742.1683514,1757230742.4381075,0.2697560787200928
1757230742.4383142,1757230742.5786269,0.14031267166137695
1757230742.5788252,1757230742.6890192,0.11019396781921387
1757230742.6891458,1757230742.7993472,0.11020135879516602
1757230742.7994683,1757230743.0688274,0.26935911178588867
1757230743.069064,1757230743.20903,0.13996601104736328
1757230743.2091908,1757230743.3193815,0.11019062995910645
1757230743.3195038,1757230743.4296534,0.11014962196350098
1757230743.4297884,1757230743.5653684,0.13558006286621094
1757230743.5655332,1757230743.6756501,0.11011695861816406
1757230743.6757717,1757230743.785971,0.1101992130279541
1757230743.7861059,1757230744.1217165,0.33561062812805176
1757230744.1219292,1757230744.26297,0.14104080200195312
1757230744.2631862,1757230744.3733811,0.11019492149353027
1757230744.3735054,1757230744.4837017,0.11019635200500488
1757230744.4838398,1757230744.7719536,0.2881138324737549
1757230744.77217,1757230744.9249346,0.15276455879211426
1757230744.925135,1757230745.0353334,0.1101984977722168
1757230745.0354655,1757230745.1456504,0.11018490791320801
1757230745.1458187,1757230745.4343288,0.2885100841522217
1757230745.434492,1757230745.5781972,0.14370512962341309
1757230745.578359,1757230745.6885538,0.11019492149353027
1757230745.688689,1757230745.7988915,0.11020255088806152
1757230745.7990162,1757230746.0744157,0.27539944648742676
1757230746.0746098,1757230746.2209518,0.14634203910827637
1757230746.221165,1757230746.3313608,0.11019587516784668
1757230746.3314931,1757230746.441693,0.1101999282836914
1757230746.4418163,1757230746.7235985,0.2817821502685547
1757230746.7237716,1757230746.8708942,0.14712262153625488
1757230746.87106,1757230746.981252,0.11019206047058105
1757230746.9813757,1757230747.0915716,0.11019587516784668
1757230747.091708,1757230747.4203742,0.32866621017456055
1757230747.4205363,1757230747.5696106,0.14907431602478027
1757230747.5698311,1757230747.6800268,0.11019563674926758
1757230747.6801617,1757230747.7903686,0.11020684242248535
1757230747.7905006,1757230748.0686593,0.27815866470336914
1757230748.0688305,1757230748.2092807,0.14045023918151855
1757230748.2094493,1757230748.3196437,0.11019444465637207
1757230748.3197658,1757230748.429965,0.1101992130279541
1757230748.4301002,1757230748.7064812,0.2763810157775879
1757230748.7066612,1757230748.852086,0.14542484283447266
1757230748.8522632,1757230748.9624538,0.11019062995910645
1757230748.9625757,1757230749.0727751,0.1101994514465332
1757230749.072912,1757230749.3479247,0.275012731552124
1757230749.3481293,1757230749.4934237,0.1452944278717041
1757230749.4936023,1757230749.6037927,0.11019039154052734
1757230749.6039174,1757230749.7141237,0.11020636558532715
1757230749.7142823,1757230750.0206268,0.30634450912475586
1757230750.020849,1757230750.1626706,0.14182162284851074
1757230750.1628666,1757230750.2730603,0.11019372940063477
1757230750.273187,1757230750.3833938,0.11020684242248535
1757230750.3835313,1757230750.6607645,0.2772331237792969
1757230750.6609876,1757230750.8566978,0.1957101821899414
1757230750.8568795,1757230750.967072,0.11019253730773926
1757230750.9671965,1757230751.077396,0.1101994514465332
1757230751.0775154,1757230751.347559,0.27004361152648926
1757230751.3477287,1757230751.4895756,0.1418468952178955
1757230751.4897416,1757230751.5999303,0.11018872261047363
1757230751.6000476,1757230751.7102454,0.11019778251647949
1757230751.7103772,1757230751.9801693,0.2697920799255371
1757230751.9803727,1757230752.123144,0.14277124404907227
1757230752.1233091,1757230752.2334971,0.11018800735473633
1757230752.233614,1757230752.3438203,0.11020636558532715
1757230752.3439586,1757230752.6203575,0.2763988971710205
1757230752.6205158,1757230752.9350817,0.31456589698791504
1757230752.935255,1757230753.0750496,0.13979458808898926
1757230753.0752358,1757230753.1854284,0.11019253730773926
1757230753.1855576,1757230753.2957585,0.11020088195800781
1757230753.2958815,1757230753.5707543,0.2748727798461914
1757230753.5709705,1757230753.7093153,0.13834476470947266
1757230753.7094877,1757230753.81968,0.11019229888916016
1757230753.8198082,1757230753.9300046,0.11019635200500488
1757230753.9301236,1757230754.073594,0.14347052574157715
1757230754.0737643,1757230754.1839576,0.11019325256347656
1757230754.1840982,1757230754.2943082,0.11020994186401367
1757230754.2944407,1757230754.632405,0.3379642963409424
1757230754.6325753,1757230754.7766068,0.14403152465820312
1757230754.7767766,1757230754.8869684,0.11019182205200195
1757230754.887092,1757230754.9972894,0.11019730567932129
1757230754.997393,1757230755.283178,0.2857851982116699
1757230755.283366,1757230755.429286,0.1459200382232666
1757230755.4294589,1757230755.5396483,0.11018943786621094
1757230755.5397773,1757230755.6499772,0.1101999282836914
1757230755.6500967,1757230755.933807,0.283710241317749
1757230755.9339907,1757230756.084017,0.1500263214111328
1757230756.0842023,1757230756.1943948,0.11019253730773926
1757230756.1945183,1757230756.3046482,0.11012983322143555
1757230756.3047867,1757230756.6002278,0.2954411506652832
1757230756.6003911,1757230756.7379985,0.13760733604431152
1757230756.7381854,1757230756.8483758,0.11019039154052734
1757230756.848497,1757230756.958649,0.11015200614929199
1757230756.958783,1757230757.2577865,0.29900360107421875
1757230757.2579737,1757230757.4050953,0.14712166786193848
1757230757.4052699,1757230757.5154593,0.11018943786621094
1757230757.5155804,1757230757.6257706,0.11019015312194824
1757230757.625909,1757230757.9586775,0.33276844024658203
1757230757.958897,1757230758.0951023,0.13620519638061523
1757230758.0952926,1757230758.2054837,0.11019110679626465
1757230758.2056086,1757230758.3158085,0.1101999282836914
1757230758.3159475,1757230758.6027455,0.28679800033569336
1757230758.6029446,1757230758.7540703,0.15112566947937012
1757230758.7542953,1757230758.8645136,0.11021828651428223
1757230758.864723,1757230759.042881,0.17815804481506348
1757230759.0431085,1757230759.1859763,0.1428678035736084
1757230759.1861503,1757230759.2963412,0.11019086837768555
1757230759.2964697,1757230759.4675415,0.17107176780700684
1757230759.4677463,1757230759.613002,0.14525580406188965
1757230759.6132057,1757230759.7234023,0.11019659042358398
1757230759.7235334,1757230759.8892045,0.16567111015319824
1757230759.8894303,1757230760.05111,0.16167974472045898
1757230760.0513399,1757230760.161545,0.11020517349243164
1757230760.1616995,1757230760.4176767,0.25597715377807617
1757230760.4178774,1757230760.5705862,0.1527087688446045
1757230760.5707939,1757230760.6809862,0.11019229888916016
1757230760.6811056,1757230760.8424888,0.16138315200805664
1757230760.842731,1757230760.9899495,0.1472184658050537
1757230760.9901295,1757230761.100328,0.1101984977722168
1757230761.1004486,1757230761.2749636,0.1745150089263916
1757230761.2752256,1757230761.4600267,0.1848011016845703
1757230761.460306,1757230761.6047966,0.14449071884155273
1757230761.605014,1757230761.71521,0.11019587516784668
1757230761.715402,1757230761.8879962,0.17259430885314941
1757230761.888212,1757230762.0286264,0.14041447639465332
1757230762.02887,1757230762.139068,0.11019778251647949
1757230762.1391962,1757230762.303274,0.1640777587890625
1757230762.3035076,1757230762.4529796,0.14947199821472168
1757230762.453154,1757230762.5633454,0.11019134521484375
1757230762.56347,1757230762.6736789,0.11020898818969727
1757230762.6737971,1757230762.9125159,0.23871874809265137
1757230762.9127414,1757230763.0615845,0.14884305000305176
1757230763.0617912,1757230763.1719844,0.11019325256347656
1757230763.172115,1757230763.3362088,0.1640937328338623
1757230763.3364153,1757230763.478018,0.1416027545928955
1757230763.4781847,1757230763.588378,0.11019325256347656
1757230763.5885127,1757230763.7523036,0.16379094123840332
1757230763.7525003,1757230763.8988168,0.1463165283203125
1757230763.898986,1757230764.0091767,0.11019062995910645
1757230764.0093117,1757230764.1771371,0.16782546043395996
1757230764.177357,1757230764.3250408,0.14768385887145996
1757230764.3252065,1757230764.435405,0.1101984977722168
1757230764.4355528,1757230764.6026094,0.16705656051635742
1757230764.6028428,1757230764.7438881,0.14104533195495605
1757230764.7440987,1757230764.854302,0.11020326614379883
1757230764.854527,1757230765.0769844,0.2224574089050293
1757230765.0772202,1757230765.2819407,0.20472049713134766
1757230765.282151,1757230765.4283452,0.1461942195892334
1757230765.4285142,1757230765.5387094,0.11019515991210938
1757230765.5388398,1757230765.7357347,0.19689488410949707
1757230765.735969,1757230765.8738558,0.13788676261901855
1757230765.874047,1757230765.9842386,0.11019158363342285
1757230765.98436,1757230766.158355,0.1739950180053711
1757230766.1585426,1757230766.2970986,0.13855600357055664
1757230766.2972982,1757230766.40749,0.11019182205200195
1757230766.407614,1757230766.5753324,0.16771841049194336
1757230766.5755458,1757230766.716508,0.1409621238708496
1757230766.7167094,1757230766.8269024,0.11019301414489746
1757230766.8270268,1757230766.9937873,0.16676044464111328
1757230766.9940205,1757230767.1412833,0.1472628116607666
1757230767.141467,1757230767.251654,0.11018681526184082
1757230767.2517805,1757230767.3619885,0.11020803451538086
1757230767.3621035,1757230767.581508,0.2194044589996338
1757230767.5817072,1757230767.7257433,0.14403605461120605
1757230767.7259097,1757230767.8361006,0.11019086837768555
1757230767.8362231,1757230768.0078297,0.17160654067993164
1757230768.0080497,1757230768.1533656,0.14531588554382324
1757230768.1535382,1757230768.2636528,0.11011457443237305
1757230768.2638717,1757230768.435076,0.1712043285369873
1757230768.4352863,1757230768.5754235,0.1401371955871582
1757230768.5755901,1757230768.6857836,0.11019349098205566
1757230768.6859145,1757230768.8432806,0.15736603736877441
1757230768.843505,1757230768.983823,0.1403181552886963
1757230768.9840667,1757230769.0942674,0.11020064353942871
1757230769.0944147,1757230769.2866046,0.19218993186950684
1757230769.2868695,1757230769.4374092,0.15053963661193848
1757230769.4376075,1757230769.5477645,0.11015701293945312
1757230769.547894,1757230769.7161586,0.16826462745666504
1757230769.7163975,1757230769.9475956,0.23119807243347168
1757230769.947782,1757230770.0950892,0.1473071575164795
1757230770.0952482,1757230770.2054374,0.11018919944763184
1757230770.205554,1757230770.3843355,0.17878150939941406
1757230770.384543,1757230770.5308056,0.14626264572143555
1757230770.5309703,1757230770.6411674,0.11019706726074219
1757230770.6413033,1757230770.8139844,0.17268109321594238
1757230770.814207,1757230770.9607153,0.14650821685791016
1757230770.9609056,1757230771.0711007,0.11019515991210938
1757230771.071229,1757230771.2448566,0.17362761497497559
1757230771.245123,1757230771.4118173,0.16669440269470215
1757230771.4119856,1757230771.5221806,0.11019492149353027
1757230771.5223005,1757230771.6914556,0.16915512084960938
1757230771.6916425,1757230771.8336747,0.14203214645385742
1757230771.8338397,1757230771.9440374,0.11019778251647949
1757230771.9441721,1757230772.174125,0.22995281219482422
1757230772.174318,1757230772.332906,0.15858793258666992
1757230772.3330986,1757230772.4432988,0.11020016670227051
1757230772.4434223,1757230772.6068878,0.1634654998779297
1757230772.6071374,1757230772.7529676,0.1458301544189453
1757230772.7531412,1757230772.8633347,0.11019349098205566
1757230772.8634677,1757230773.0302718,0.16680407524108887
1757230773.030481,1757230773.1756096,0.14512848854064941
1757230773.1758022,1757230773.2859974,0.11019515991210938
1757230773.2861328,1757230773.4529176,0.16678476333618164
1757230773.453159,1757230773.5965564,0.14339733123779297
1757230773.596731,1757230773.7069266,0.11019563674926758
1757230773.7070663,1757230773.874558,0.16749167442321777
1757230773.8747802,1757230774.0200424,0.1452622413635254
1757230774.020218,1757230774.1304157,0.11019778251647949
1757230774.1305609,1757230774.3605099,0.2299489974975586
1757230774.3607347,1757230774.518582,0.15784740447998047
1757230774.5187633,1757230774.628958,0.11019468307495117
1757230997.0450895,1757230998.8411267,1.796037197113037
1757230998.8413424,1757230999.1153727,0.2740302085876465
1757230999.1157525,1757230999.2594528,0.14370036125183105
1757230999.2596748,1757230999.4695933,0.20991849899291992
1757230999.469835,1757230999.7490957,0.27926063537597656
1757230999.7494206,1757231000.028431,0.2790102958679199
1757231000.0287511,1757231000.310327,0.28157591819763184
1757231000.3105497,1757231000.593763,0.28321337699890137
1757231000.5941331,1757231000.8727753,0.2786421775817871
1757231000.8731833,1757231001.1519532,0.27876996994018555
1757231001.1521678,1757231001.4311028,0.27893495559692383
1757231001.4313288,1757231001.7097445,0.2784156799316406
1757231001.7099829,1757231001.9870896,0.27710676193237305
1757231001.9873466,1757231002.241152,0.25380539894104004
1757231002.24136,1757231002.520154,0.2787940502166748
1757231002.5204837,1757231002.8718047,0.3513209819793701
1757231002.871987,1757231003.0606725,0.18868541717529297
1757231003.060842,1757231003.3306837,0.26984167098999023
1757231003.3308897,1757231003.6060414,0.27515172958374023
1757231003.6062262,1757231003.8939223,0.28769612312316895
1757231003.8942623,1757231004.178338,0.2840757369995117
1757231004.1785479,1757231004.4595401,0.2809922695159912
1757231004.4597368,1757231004.7423768,0.2826399803161621
1757231004.7426183,1757231004.995691,0.25307273864746094
1757231004.9958954,1757231005.2661712,0.2702758312225342
1757231005.2663794,1757231005.6178784,0.351499080657959
1757231005.6181078,1757231005.8066058,0.18849802017211914
1757231005.8067894,1757231006.0896711,0.2828817367553711
1757231006.089981,1757231006.3472261,0.2572450637817383
1757231006.3474138,1757231006.6489778,0.30156397819519043
1757231006.649206,1757231007.0062807,0.3570747375488281
1757231007.0064886,1757231007.1914294,0.18494081497192383
1757231007.1917703,1757231007.472527,0.28075671195983887
1757231007.4727502,1757231007.7473142,0.2745640277862549
1757231007.7476792,1757231008.0506597,0.3029804229736328
1757231008.0510542,1757231008.4094417,0.35838747024536133
1757231008.4096608,1757231008.5955346,0.18587374687194824
1757231008.5957675,1757231008.8567243,0.2609567642211914
1757231008.8569515,1757231009.1847188,0.32776737213134766
1757231009.184964,1757231009.5382686,0.3533046245574951
1757231009.53845,1757231009.718204,0.17975401878356934
1757231009.71847,1757231010.000191,0.2817208766937256
1757231010.0005784,1757231010.2855637,0.2849853038787842
1757231010.2858465,1757231010.5704908,0.28464436531066895
1757231010.570729,1757231010.8292463,0.2585172653198242
1757231010.829539,1757231011.114767,0.28522801399230957
1757231011.115055,1757231011.4727583,0.35770320892333984
1757231011.4729574,1757231011.6586251,0.1856677532196045
1757231011.6588438,1757231011.9447556,0.28591179847717285
1757231011.94495,1757231012.2251115,0.28016138076782227
1757231012.2253954,1757231012.5144737,0.2890782356262207
1757231012.5148745,1757231012.7677042,0.25282979011535645
1757231012.7679172,1757231013.05245,0.2845327854156494
1757231013.0528364,1757231013.3310177,0.2781813144683838
1757231013.331285,1757231013.6184509,0.28716588020324707
1757231013.6186557,1757231013.965698,0.3470423221588135
1757231013.9658732,1757231014.1455798,0.17970657348632812
1757231014.1458027,1757231014.4009519,0.25514912605285645
1757231014.401205,1757231014.6956632,0.29445815086364746
1757231014.6959617,1757231015.0537827,0.357820987701416
1757231015.0540497,1757231015.2540815,0.20003175735473633
1757231015.2542813,1757231015.5073729,0.25309157371520996
1757231015.5077138,1757231015.7951992,0.28748536109924316
1757231015.7953928,1757231016.0738044,0.2784116268157959
1757231016.0740151,1757231016.3572865,0.28327131271362305
1757231016.3575654,1757231016.6331089,0.2755434513092041
1757231016.6333025,1757231016.9106379,0.27733540534973145
1757231016.9108436,1757231017.2617648,0.3509211540222168
1757231017.2619548,1757231017.4403224,0.17836761474609375
1757231017.4405158,1757231017.7375932,0.2970774173736572
1757231017.737823,1757231017.9897382,0.25191521644592285
1757231017.9899392,1757231018.269351,0.27941179275512695
1757231018.2696006,1757231018.6374714,0.3678708076477051
1757231018.6377566,1757231018.8261497,0.18839311599731445
1757231018.826508,1757231019.1311505,0.3046424388885498
1757231019.13135,1757231019.418782,0.2874319553375244
1757231019.4189603,1757231019.6723912,0.2534308433532715
1757231019.672696,1757231019.9510078,0.27831172943115234
1757231019.951212,1757231020.3051207,0.3539087772369385
1757231020.3053267,1757231020.4967196,0.1913928985595703
1757231020.4970253,1757231020.7751486,0.2781233787536621
1757231020.7753634,1757231021.0565429,0.28117942810058594
1757231021.0567918,1757231021.33967,0.28287816047668457
1757231021.3399882,1757231021.6217875,0.28179931640625
1757231021.6219807,1757231021.8992841,0.27730345726013184
1757231021.8994937,1757231022.1837897,0.28429603576660156
1757231022.183966,1757231022.4452083,0.2612423896789551
1757231022.4454284,1757231022.7251787,0.27975034713745117
1757231022.7254052,1757231023.0852976,0.3598923683166504
1757231023.0855114,1757231023.2613747,0.17586326599121094
1757231023.2616215,1757231023.5517662,0.290144681930542
1757231023.5521276,1757231023.8064601,0.2543325424194336
1757231023.8066502,1757231024.0955207,0.28887057304382324
1757231024.0957916,1757231024.4490285,0.3532369136810303
1757231024.4491997,1757231024.6248333,0.17563366889953613
1757231024.6250865,1757231024.8997314,0.2746448516845703
1757231024.899929,1757231025.1807363,0.2808072566986084
1757231025.181066,1757231025.4309618,0.24989581108093262
1757231025.4312718,1757231025.713194,0.2819221019744873
1757231025.7133868,1757231026.0656548,0.3522679805755615
1757231026.0658543,1757231026.2552953,0.18944096565246582
1757231026.255475,1757231026.5260665,0.27059149742126465
1757231026.5263813,1757231026.8079123,0.28153109550476074
1757231026.8081028,1757231027.09083,0.2827272415161133
1757231027.0910752,1757231027.3691773,0.27810215950012207
1757231027.369466,1757231027.6615162,0.2920501232147217
1757231027.661733,1757231027.939898,0.2781651020050049
1757231027.9401445,1757231028.2028272,0.2626826763153076
1757231028.2030616,1757231028.4927933,0.2897317409515381
1757231028.4930553,1757231028.8454244,0.3523690700531006
1757231028.8456469,1757231029.0312645,0.18561768531799316
1757231029.0314813,1757231029.3227217,0.2912404537200928
1757231029.3229039,1757231029.614805,0.2919011116027832
1757231029.615172,1757231029.8983626,0.2831907272338867
1757231029.8985376,1757231030.182284,0.28374648094177246
1757231030.1824992,1757231030.465788,0.28328871726989746
1757231030.4660337,1757231030.749795,0.28376126289367676
1757231030.7500703,1757231031.002271,0.2522006034851074
1757231031.0024629,1757231031.2775888,0.27512598037719727
1757231031.2778032,1757231031.5656164,0.2878131866455078
1757231031.5659277,1757231031.9192243,0.35329651832580566
1757231031.9194016,1757231032.0987058,0.1793041229248047
1757231032.09892,1757231032.3809652,0.2820451259613037
1757231032.3811557,1757231032.6700997,0.2889440059661865
1757231032.670409,1757231032.9604962,0.2900872230529785
1757231032.9608314,1757231033.2147968,0.2539653778076172
1757231033.2150035,1757231033.4920983,0.27709484100341797
1757231033.4923115,1757231033.8452559,0.35294437408447266
1757231033.8454409,1757231034.0319173,0.186476469039917
1757231034.0321648,1757231034.3160574,0.2838926315307617
1757231034.3162947,1757231034.6010392,0.2847445011138916
1757231034.6014264,1757231034.961905,0.36047863960266113
1757231034.9621007,1757231035.1621196,0.20001888275146484
1757231035.162376,1757231035.4269152,0.2645392417907715
1757231035.4272106,1757231035.70513,0.2779195308685303
1757231035.705309,1757231035.9806285,0.27531957626342773
1757231035.9808438,1757231036.261537,0.28069329261779785
1757231036.2617335,1757231036.5393014,0.27756786346435547
1757231036.5395176,1757231036.8921244,0.35260677337646484
1757231036.892294,1757231037.0797975,0.18750357627868652
1757231037.0800033,1757231037.336757,0.25675368309020996
1757231037.3371077,1757231037.6195421,0.28243446350097656
1757231037.6197865,1757231037.969716,0.3499295711517334
1757231037.9699166,1757231038.168987,0.19907045364379883
1757231038.169162,1757231038.4201262,0.2509641647338867
1757231038.4203322,1757231038.6791477,0.2588155269622803
1757231038.6794443,1757231038.9664662,0.2870218753814697
1757231038.9666972,1757231039.3219862,0.3552889823913574
1757231039.3221698,1757231039.499239,0.17706918716430664
1757231039.4995232,1757231039.7874234,0.2879002094268799
1757231039.7875931,1757231040.0455496,0.25795650482177734
1757231040.0459006,1757231040.3281124,0.2822117805480957
1757231040.3284137,1757231040.6808987,0.35248494148254395
1757231040.6810954,1757231040.8661036,0.18500828742980957
1757231040.866295,1757231041.1516168,0.2853217124938965
1757231041.1518595,1757231041.401397,0.24953746795654297
1757231041.401594,1757231041.6854722,0.2838783264160156
1757231041.6856744,1757231041.9606893,0.27501487731933594
1757231041.9609325,1757231042.239374,0.2784414291381836
1757231042.2395797,1757231042.5236504,0.2840707302093506
1757231042.5239384,1757231042.877767,0.35382866859436035
1757231042.8779643,1757231043.1100318,0.23206758499145508
1757231043.110304,1757231043.3703468,0.260042667388916
1757231043.3706746,1757231043.6638763,0.2932016849517822
1757231043.664247,1757231044.0207577,0.35651063919067383
1757231044.0209467,1757231044.2163694,0.19542264938354492
1757231044.2165616,1757231044.5042653,0.2877037525177002
1757231044.5044956,1757231044.7885885,0.28409290313720703
1757231044.7889028,1757231045.0840526,0.2951498031616211
1757231045.0842206,1757231045.3685188,0.2842981815338135
1757231045.368761,1757231045.6446774,0.27591633796691895
1757231045.644911,1757231045.8983772,0.2534661293029785
1757231045.8986015,1757231046.1813684,0.28276681900024414
1757231046.1815805,1757231046.5376973,0.35611677169799805
1757231046.537906,1757231046.7176013,0.17969536781311035
1757231046.7178652,1757231047.013983,0.29611778259277344
1757231047.0141857,1757231047.2995684,0.2853827476501465
1757231047.299881,1757231047.5876598,0.2877788543701172
1757231047.5878372,1757231047.87161,0.28377270698547363
1757231047.8718286,1757231048.1505773,0.2787487506866455
1757231048.1507983,1757231048.405053,0.2542545795440674
1757231048.4052346,1757231048.702833,0.29759836196899414
1757231048.7030406,1757231048.9837902,0.2807495594024658
1757231048.984011,1757231049.3353255,0.3513145446777344
1757231049.3355267,1757231049.5140498,0.17852306365966797
1757231049.5142653,1757231049.8148434,0.30057811737060547
1757231049.8150692,1757231050.093239,0.2781698703765869
1757231050.0934908,1757231050.3736627,0.28017187118530273
1757231050.3739095,1757231050.6565328,0.282623291015625
1757231050.656743,1757231050.9416668,0.284923791885376
1757231050.942005,1757231051.2204936,0.2784886360168457
1757231051.2206903,1757231051.5055332,0.28484296798706055
1757231051.5057197,1757231051.7876096,0.2818899154663086
1757231051.7878637,1757231052.0413141,0.2534503936767578
1757231052.0415945,1757231052.3300793,0.2884848117828369
1757231052.3302543,1757231052.686179,0.3559246063232422
1757231052.6863527,1757231052.8805878,0.19423508644104004
1757231052.8807573,1757231053.1472905,0.26653313636779785
1757231053.147522,1757231053.434381,0.28685903549194336
1757231053.4345813,1757231053.7218814,0.28730010986328125
1757231053.722084,1757231053.9850168,0.26293277740478516
1757231053.9852457,1757231054.2794237,0.2941780090332031
1757231054.2796607,1757231054.5821648,0.3025040626525879
1757231054.58241,1757231054.84607,0.2636599540710449
1757231054.8463128,1757231055.1017113,0.2553985118865967
1757231055.102143,1757231055.3445513,0.24240827560424805
1757231379.0917919,1757231379.5223408,0.43054890632629395
1757231379.5225418,1757231379.8213067,0.2987649440765381
1757231379.8215652,1757231380.0881746,0.26660943031311035
1757231380.0883777,1757231380.3546693,0.26629161834716797
1757231380.3548715,1757231380.6736474,0.31877589225769043
1757231380.6739254,1757231380.9529822,0.2790567874908447
1757231380.9532187,1757231381.222593,0.26937437057495117
1757231381.2228637,1757231381.5082297,0.2853660583496094
1757231381.508447,1757231381.8016658,0.29321885108947754
1757231381.801906,1757231382.072673,0.2707669734954834
1757231382.072862,1757231382.340555,0.26769304275512695
1757231382.340786,1757231382.6232705,0.2824845314025879
1757231382.6234913,1757231382.8889074,0.26541614532470703
1757231382.8891559,1757231383.189976,0.30082011222839355
1757231383.190195,1757231383.495326,0.3051309585571289
1757231383.4955573,1757231383.8477755,0.3522181510925293
1757231383.8480015,1757231383.9581988,0.11019730567932129
1757231383.9583275,1757231384.2750642,0.31673669815063477
1757231384.27529,1757231384.6626203,0.3873302936553955
1757231384.6628408,1757231385.0109193,0.34807848930358887
1757231385.0111268,1757231385.2095206,0.1983938217163086
1757231385.2097514,1757231385.3199494,0.1101980209350586
1757231385.3200934,1757231385.4302943,0.11020088195800781
1757231385.4304256,1757231385.5406458,0.11022019386291504
1757231385.5407894,1757231385.6509993,0.11020994186401367
1757231385.6511314,1757231385.761333,0.11020159721374512
1757231385.7614515,1757231385.871649,0.11019754409790039
1757231385.8717844,1757231385.9819791,0.11019468307495117
1757231385.9820726,1757231386.092261,0.11018848419189453
1757231386.092378,1757231386.2025793,0.11020135879516602
1757231386.202712,1757231386.3129163,0.11020421981811523
1757231386.313036,1757231386.423243,0.11020708084106445
1757231386.423368,1757231386.5338852,0.11051726341247559
1757231386.5341375,1757231386.645816,0.1116786003112793
1757231386.6459498,1757231386.7561524,0.11020255088806152
1757231386.7562861,1757231386.8664892,0.11020302772521973
1757231386.8666224,1757231386.976824,0.11020159721374512
1757231386.9769468,1757231387.0887785,0.1118316650390625
1757231387.0889258,1757231387.199135,0.11020922660827637
1757231387.1992612,1757231387.3094685,0.11020731925964355
1757231387.309601,1757231387.4197655,0.11016440391540527
1757231387.4198866,1757231387.5300927,0.11020612716674805
1757231387.5302413,1757231387.6404493,0.11020803451538086
1757231387.6405797,1757231387.7507858,0.11020612716674805
1757231387.750931,1757231388.0634184,0.3124873638153076
1757231388.063623,1757231388.2400756,0.17645263671875
1757231388.2402747,1757231388.3504853,0.11021065711975098
1757231388.3506184,1757231388.4608254,0.11020708084106445
1757231388.460958,1757231388.7366056,0.2756476402282715
1757231388.736835,1757231388.847036,0.11020088195800781
1757231388.8471854,1757231388.9573874,0.11020207405090332
1757231388.9575343,1757231389.1722631,0.21472883224487305
1757231389.1727982,1757231389.2829936,0.11019539833068848
1757231389.2831368,1757231389.3933375,0.11020064353942871
1757231389.3934631,1757231389.7007222,0.30725908279418945
1757231389.7009082,1757231390.1001785,0.39927029609680176
1757231390.1003935,1757231390.28352,0.18312644958496094
1757231390.2837217,1757231390.394772,0.11105036735534668
1757231390.3948915,1757231390.5050893,0.11019778251647949
1757231390.5052106,1757231390.882869,0.3776583671569824
1757231390.8830295,1757231391.118712,0.23568248748779297
1757231391.1188896,1757231391.229092,0.11020231246948242
1757231391.229224,1757231391.33943,0.11020612716674805
1757231391.3436494,1757231391.8219683,0.4783189296722412
1757231391.8221285,1757231392.016855,0.19472646713256836
1757231392.0170565,1757231392.1297693,0.11271286010742188
1757231392.129899,1757231392.2401059,0.11020684242248535
1757231392.2402337,1757231392.4484253,0.2081916332244873
1757231392.4489253,1757231392.559134,0.11020874977111816
1757231392.559274,1757231392.6694922,0.11021828651428223
1757231392.6696343,1757231393.0015354,0.33190107345581055
1757231393.0018296,1757231393.201229,0.19939947128295898
1757231393.2014306,1757231393.3131456,0.11171507835388184
1757231393.313294,1757231393.4235039,0.11020994186401367
1757231393.4236405,1757231393.5338438,0.11020326614379883
1757231393.53398,1757231393.8489902,0.31501030921936035
1757231393.8491814,1757231394.2590249,0.40984344482421875
1757231394.2592237,1757231394.505118,0.245894193649292
1757231394.5053158,1757231394.6160264,0.11071062088012695
1757231394.6161628,1757231394.7263665,0.11020374298095703
1757231394.7265084,1757231395.0680633,0.3415548801422119
1757231395.068254,1757231395.3079998,0.2397458553314209
1757231395.3082523,1757231395.4184444,0.11019206047058105
1757231395.41857,1757231395.5287747,0.11020469665527344
1757231395.529052,1757231395.9098327,0.3807806968688965
1757231395.910052,1757231396.2650304,0.3549783229827881
1757231396.2652142,1757231396.7028506,0.4376363754272461
1757231396.703065,1757231396.8926563,0.1895914077758789
1757231396.892864,1757231397.003057,0.11019301414489746
1757231397.0032065,1757231397.1134136,0.11020708084106445
1757231397.1135397,1757231397.3466349,0.2330951690673828
1757231397.3468547,1757231397.457052,0.11019730567932129
1757231397.4586625,1757231397.5688992,0.11023664474487305
1757231397.5690353,1757231397.6826475,0.11361217498779297
1757231397.6827936,1757231398.0327816,0.3499879837036133
1757231398.0329592,1757231398.2447367,0.2117774486541748
1757231398.2449398,1757231398.3551307,0.11019086837768555
1757231398.3552618,1757231398.465464,0.11020231246948242
1757231398.4655893,1757231398.8480237,0.3824343681335449
1757231398.848227,1757231399.0296254,0.1813983917236328
1757231399.0298386,1757231399.1400313,0.11019277572631836
1757231399.1401658,1757231399.2503798,0.1102139949798584
1757231399.2505183,1757231399.360651,0.11013269424438477
1757231399.3607943,1757231399.5806396,0.21984529495239258
1757231399.580864,1757231399.6910598,0.11019587516784668
1757231399.6913047,1757231399.8015141,0.11020946502685547
1757231399.8016546,1757231400.239888,0.4382333755493164
1757231400.2401206,1757231400.458592,0.21847128868103027
1757231400.4591224,1757231400.5693207,0.1101982593536377
1757231400.5694501,1757231400.6796548,0.11020469665527344
1757231400.6797864,1757231400.9927335,0.31294703483581543
1757231400.9929435,1757231401.178541,0.18559741973876953
1757231401.1787412,1757231401.2889347,0.11019349098205566
1757231401.2890627,1757231401.3992696,0.11020684242248535
1757231401.3994043,1757231401.6979592,0.2985548973083496
1757231401.6981444,1757231401.8977125,0.1995680332183838
1757231401.8979092,1757231402.0104392,0.11252999305725098
1757231402.0105722,1757231402.1207643,0.11019206047058105
1757231402.1209004,1757231402.301906,0.18100571632385254
1757231402.302102,1757231402.4122202,0.11011815071105957
1757231402.412351,1757231402.523706,0.11135506629943848
1757231402.5238192,1757231402.9852526,0.46143341064453125
1757231402.985459,1757231403.1794174,0.19395828247070312
1757231403.179613,1757231403.289814,0.11020088195800781
1757231403.290739,1757231403.4009526,0.1102135181427002
1757231403.401084,1757231403.5112894,0.11020541191101074
1757231403.5114279,1757231403.9103777,0.39894986152648926
1757231403.9105415,1757231404.0814035,0.17086195945739746
1757231404.0816104,1757231404.191764,0.1101536750793457
1757231404.1919055,1757231404.3021147,0.11020922660827637
1757231404.3022454,1757231404.4124491,0.11020374298095703
1757231404.4125965,1757231404.7611463,0.34854984283447266
1757231404.761387,1757231405.0872777,0.32589054107666016
1757231405.0874593,1757231405.2960134,0.20855402946472168
1757231405.2962675,1757231405.4064755,0.11020803451538086
1757231405.4066122,1757231405.5168207,0.11020851135253906
1757231405.5169442,1757231405.8495362,0.3325920104980469
1757231405.8497305,1757231406.0308318,0.18110132217407227
1757231406.0310292,1757231406.1412263,0.11019706726074219
1757231406.1413562,1757231406.251555,0.1101987361907959
1757231406.2516835,1757231406.4652262,0.21354269981384277
1757231406.4654195,1757231406.5756104,0.11019086837768555
1757231406.5757525,1757231406.6859503,0.11019778251647949
1757231406.6860778,1757231407.03297,0.3468921184539795
1757231407.0331335,1757231407.485721,0.4525876045227051
1757231407.485924,1757231407.671756,0.18583202362060547
1757231407.671968,1757231407.7826533,0.11068534851074219
1757231407.7828245,1757231407.8930345,0.11020994186401367
1757231407.8931625,1757231408.0065424,0.11337995529174805
1757231408.006694,1757231408.3316057,0.32491159439086914
1757231408.331807,1757231408.7219002,0.3900933265686035
1757231408.7220619,1757231408.901278,0.1792161464691162
1757231408.9015267,1757231409.0116591,0.11013245582580566
1757231409.0118177,1757231409.1220767,0.1102590560913086
1757231409.1221902,1757231409.4621627,0.33997249603271484
1757231409.4623215,1757231409.933866,0.4715445041656494
1757231409.9340303,1757231410.1139143,0.1798839569091797
1757231410.1141067,1757231410.2243013,0.11019468307495117
1757231410.2244287,1757231410.3353164,0.11088776588439941
1757231410.3354475,1757231410.5438282,0.20838069915771484
1757231410.5440474,1757231410.6542406,0.11019325256347656
1757231410.6543808,1757231410.7645822,0.11020135879516602
1757231410.7647192,1757231410.875184,0.11046481132507324
1757231410.8753178,1757231411.2174008,0.3420829772949219
1757231411.2176116,1757231411.5883021,0.37069058418273926
1757231411.5884974,1757231411.7954824,0.2069849967956543
1757231411.7957547,1757231411.9059548,0.11020016670227051
1757231411.9060822,1757231412.0162902,0.11020803451538086
1757231412.016419,1757231412.251379,0.23496007919311523
1757231412.2515843,1757231412.361777,0.11019277572631836
1757231412.3619132,1757231412.4736462,0.11173295974731445
1757231412.4737868,1757231412.6607864,0.18699955940246582
1757231412.6609643,1757231412.7711568,0.11019253730773926
1757231412.771278,1757231412.8814828,0.11020493507385254
1757231412.8816292,1757231413.26066,0.379030704498291
1757231413.260849,1757231413.4735146,0.21266555786132812
1757231413.4737284,1757231413.583924,0.11019563674926758
1757231413.5840592,1757231413.6942654,0.11020612716674805
1757231413.6944323,1757231414.0409555,0.3465232849121094
1757231414.0411592,1757231414.248918,0.20775890350341797
1757231414.2491417,1757231414.3593473,0.11020565032958984
1757231414.3595083,1757231414.4696507,0.11014246940612793
1757231414.4697752,1757231414.6692834,0.1995081901550293
1757231414.669467,1757231414.7796624,0.11019539833068848
1757231414.779795,1757231414.889997,0.11020207405090332
1757231414.8901348,1757231415.085934,0.1957991123199463
1757231415.0861416,1757231415.196439,0.11029744148254395
1757231415.196579,1757231415.306765,0.11018610000610352
1757231415.3068967,1757231415.4171004,0.11020374298095703
1757231415.4175913,1757231415.7805853,0.3629939556121826
1757231415.7808185,1757231415.9487877,0.1679692268371582
1757231415.9490318,1757231416.0592294,0.11019754409790039
1757231416.05937,1757231416.1695786,0.11020851135253906
1757231416.1697147,1757231416.2816472,0.11193251609802246
1757231416.281807,1757231416.6219666,0.34015965461730957
1757231416.6222034,1757231416.8179562,0.19575285911560059
1757231416.818135,1757231416.9307742,0.11263918876647949
1757231416.930904,1757231417.0411062,0.11020231246948242
1757231417.0412376,1757231417.4422052,0.4009675979614258
1757231417.4424105,1757231417.6405082,0.19809770584106445
1757231417.640742,1757231417.7509358,0.11019372940063477
1757231417.7510636,1757231417.8626716,0.11160802841186523
1757231417.862814,1757231418.2429404,0.3801264762878418
1757231418.2431512,1757231418.6333792,0.3902280330657959
1757231418.6335757,1757231418.8068073,0.1732316017150879
1757231418.807014,1757231418.917211,0.11019706726074219
1757231418.9173508,1757231419.0275574,0.11020660400390625
1757231419.027696,1757231419.1378999,0.11020398139953613
1757231419.1380336,1757231419.4547875,0.3167538642883301
1757231419.4549992,1757231419.8710313,0.416032075881958
1757231419.871254,1757231420.076987,0.205733060836792
1757231420.0771825,1757231420.1873794,0.11019682884216309
1757231420.187523,1757231420.2977302,0.11020731925964355
1757231420.2978642,1757231420.4080663,0.11020207405090332
1757231420.4082108,1757231420.7727704,0.3645596504211426
1757231420.7730157,1757231421.0040953,0.2310795783996582
1757231421.0042992,1757231421.1144896,0.11019039154052734
1757231421.1146212,1757231421.2248378,0.11021661758422852
1757231421.2249563,1757231421.5368102,0.31185388565063477
1757231421.5370378,1757231421.7547116,0.21767377853393555
1757231421.7549143,1757231421.8651118,0.11019754409790039
1757231421.8652797,1757231421.9754899,0.11021018028259277
1757231421.9756172,1757231422.2962976,0.3206803798675537
1757231422.2965071,1757231422.7157698,0.4192626476287842
1757231422.7159805,1757231423.0930014,0.37702083587646484
1757231423.0932002,1757231423.3695545,0.2763543128967285
1757231423.3697753,1757231423.4799702,0.11019492149353027
1757231423.4801059,1757231423.5903175,0.11021161079406738
1757231423.590453,1757231424.125449,0.5349960327148438
1757231424.1256154,1757231424.3175688,0.19195342063903809
1757231424.3180535,1757231424.4282455,0.11019206047058105
1757231424.4284153,1757231424.5386248,0.11020946502685547
1757231424.5387623,1757231424.648966,0.11020374298095703
1757231424.6490974,1757231424.9602864,0.3111889362335205
1757231424.9604821,1757231425.1626453,0.2021632194519043
1757231425.1628401,1757231425.2730324,0.11019229888916016
1757231425.2731633,1757231425.3833632,0.1101999282836914
1757231425.384648,1757231425.70569,0.3210418224334717
1757231425.7059035,1757231426.1098309,0.4039273262023926
1757231426.1100223,1757231426.283074,0.1730515956878662
1757231426.2832632,1757231426.3934512,0.11018800735473633
1757231426.3935688,1757231426.5037732,0.11020445823669434
1757231426.5039008,1757231426.6141016,0.11020088195800781
1757231426.6176484,1757231426.9583106,0.34066224098205566
1757231426.958501,1757231427.2138374,0.25533628463745117
1757231427.2140408,1757231427.3242354,0.11019468307495117
1757231427.3243668,1757231427.4345224,0.11015558242797852
1757231427.4346647,1757231427.7377465,0.303081750869751
1757231427.7379344,1757231427.9679217,0.22998738288879395
1757231427.9684281,1757231428.0786257,0.11019754409790039
1757231428.0787675,1757231428.1889708,0.11020326614379883
1757231428.191963,1757231428.5372121,0.3452491760253906
1757231428.537419,1757231428.7801516,0.24273252487182617
1757231428.7803397,1757231428.8906488,0.11030912399291992
1757231428.8908153,1757231429.1206431,0.229827880859375
1757231429.1208851,1757231429.3094933,0.18860816955566406
1757231429.3097012,1757231429.419891,0.11018991470336914
1757231429.4200158,1757231429.6400611,0.2200453281402588
1757231429.640258,1757231429.8803065,0.24004840850830078
1757231429.8805315,1757231430.1341157,0.2535841464996338
1757231430.1343138,1757231430.2445168,0.11020302772521973
1757231430.2446814,1757231430.5164611,0.27177977561950684
1757231430.5166278,1757231430.7457123,0.22908449172973633
1757231430.7461493,1757231430.8586667,0.1125173568725586
1757231430.858816,1757231431.08549,0.22667407989501953
1757231431.0857115,1757231431.3077624,0.22205090522766113
1757231431.30797,1757231431.4181645,0.11019444465637207
1757231431.4183202,1757231431.7369258,0.3186056613922119
1757231431.7371254,1757231431.9785707,0.24144530296325684
1757231431.978775,1757231432.1633549,0.18457984924316406
1757231432.1635628,1757231432.2773037,0.11374092102050781
1757231432.277426,1757231432.5649369,0.28751087188720703
1757231432.5651476,1757231432.743537,0.178389310836792
1757231432.743743,1757231432.8539581,0.1102151870727539
1757231432.8541067,1757231433.1023338,0.24822711944580078
1757231433.1025636,1757231433.3392615,0.23669791221618652
1757231433.3394854,1757231433.4496517,0.11016631126403809
1757231433.4497912,1757231433.6701183,0.22032713890075684
1757231433.6703272,1757231434.0283504,0.35802316665649414
1757231434.0288258,1757231434.2405033,0.21167755126953125
1757231434.2407188,1757231434.3509128,0.11019396781921387
1757231434.3510585,1757231434.628122,0.27706360816955566
1757231434.628359,1757231434.8641412,0.23578214645385742
1757231434.864341,1757231434.9745324,0.11019134521484375
1757231434.974662,1757231435.1743903,0.19972825050354004
1757231435.174586,1757231435.3595855,0.1849994659423828
1757231435.3597968,1757231435.4699967,0.1101999282836914
1757231435.470144,1757231435.580356,0.11021184921264648
1757231435.580477,1757231435.8358643,0.2553873062133789
1757231435.836068,1757231436.0374937,0.20142579078674316
1757231436.0376968,1757231436.147812,0.11011505126953125
1757231436.1479557,1757231436.3758283,0.22787261009216309
1757231436.37603,1757231436.5885286,0.21249866485595703
1757231436.58874,1757231436.6989381,0.1101980209350586
1757231436.6990788,1757231436.9244716,0.22539281845092773
1757231436.9246795,1757231437.1353745,0.2106950283050537
1757231437.135578,1757231437.2457569,0.11017894744873047
1757231437.2458684,1757231437.5134807,0.2676122188568115
1757231437.5137367,1757231437.747002,0.23326516151428223
1757231437.7471924,1757231437.8574061,0.1102137565612793
1757231437.857546,1757231438.0867085,0.22916245460510254
1757231438.0869443,1757231438.3779094,0.29096508026123047
1757231438.3781562,1757231438.672751,0.29459476470947266
1757231438.6729922,1757231438.850952,0.17795968055725098
1757231438.8511822,1757231438.9633734,0.11219120025634766
1757231438.9634924,1757231439.1453698,0.18187737464904785
1757231439.1455607,1757231439.2557535,0.11019277572631836
1757231439.2586424,1757231439.4916759,0.2330334186553955
1757231439.4918866,1757231439.7155118,0.22362518310546875
1757231439.7157178,1757231439.825912,0.11019420623779297
1757231439.8260565,1757231439.9362812,0.11022472381591797
1757231439.9364116,1757231440.1408699,0.20445823669433594
1757231440.14108,1757231440.3588305,0.21775054931640625
1757231440.3590333,1757231440.4692247,0.11019134521484375
1757231440.469363,1757231440.5806475,0.11128449440002441
1757231440.5807774,1757231440.8598847,0.27910733222961426
1757231440.8601193,1757231441.0671926,0.20707321166992188
1757231441.0673933,1757231441.1776016,0.11020827293395996
1757231441.1777375,1757231441.414182,0.23644447326660156
1757231441.414405,1757231441.5656428,0.15123772621154785
1757231441.5658474,1757231441.676038,0.11019062995910645
1757231441.67618,1757231441.985144,0.3089640140533447
1757231441.9854965,1757231442.1903732,0.20487666130065918
1757231442.190575,1757231442.3007627,0.11018776893615723
1757231442.3009,1757231442.5230234,0.222123384475708
1757231442.5233607,1757231442.688062,0.16470122337341309
1757231442.6882427,1757231442.798451,0.11020827293395996
1757231442.7986548,1757231443.0025966,0.20394182205200195
1757231443.0028512,1757231443.2536066,0.25075531005859375
1757231443.2538338,1757231443.4242945,0.17046070098876953
1757231443.4244976,1757231443.5346937,0.11019611358642578
1757231443.5348299,1757231443.8479953,0.31316542625427246
1757231443.8482492,1757231444.018298,0.17004871368408203
1757231444.0185118,1757231444.1297817,0.11126995086669922
1757231444.12993,1757231444.2401366,0.11020660400390625
1757231444.2403738,1757231444.4806013,0.24022746086120605
1757231444.4808342,1757231444.6693764,0.18854212760925293
1757231444.669593,1757231444.7797596,0.11016654968261719
1757231444.7798927,1757231444.8900945,0.11020183563232422
1757231444.890233,1757231445.0716705,0.18143749237060547
1757231445.0719268,1757231445.1821258,0.110198974609375
1757231445.1822486,1757231445.367009,0.18476033210754395
1757231445.3672063,1757231445.5520716,0.18486523628234863
1757231445.5522938,1757231445.6624866,0.11019277572631836
1757231445.6626139,1757231445.7729414,0.11032748222351074
1757231445.7730792,1757231445.9927619,0.2196826934814453
1757231445.9930127,1757231446.1995459,0.20653319358825684
1757231446.199766,1757231446.3117669,0.11200094223022461
1757231446.3119001,1757231446.5558336,0.24393343925476074
1757231446.5561268,1757231446.8494732,0.2933464050292969
1757231446.8496842,1757231447.1007483,0.2510640621185303
1757231447.1009498,1757231447.211767,0.11081719398498535
1757231447.2119122,1757231447.4457726,0.23386049270629883
1757231447.4460354,1757231447.653711,0.20767569541931152
1757231447.6539893,1757231447.9033904,0.24940109252929688
1757231447.9036958,1757231448.0858147,0.18211889266967773
1757231448.0859938,1757231448.197703,0.1117091178894043
1757231448.197833,1757231448.4304578,0.23262476921081543
1757231448.430703,1757231448.7218783,0.29117536544799805
1757231448.7221286,1757231448.940873,0.21874427795410156
1757231448.9413655,1757231449.0516489,0.11028337478637695
1757231449.0518892,1757231449.16465,0.11276078224182129
1757231449.164789,1757231449.4011042,0.23631525039672852
1757231676.1823804,1757231678.0482783,1.8658978939056396
1757231678.0485005,1757231678.3582535,0.3097529411315918
1757231678.358496,1757231678.5338452,0.17534923553466797
1757231678.5340827,1757231678.7866135,0.2525308132171631
1757231678.7868192,1757231679.1150687,0.328249454498291
1757231679.1153524,1757231679.4552183,0.33986592292785645
1757231679.455443,1757231679.7749076,0.31946468353271484
1757231679.7751577,1757231680.1359499,0.3607921600341797
1757231680.1361654,1757231680.5816655,0.44550013542175293
1757231680.5818553,1757231680.9505172,0.36866188049316406
1757231680.950745,1757231681.310286,0.3595409393310547
1757231681.3106945,1757231681.689877,0.3791825771331787
1757231681.6900756,1757231681.984221,0.2941453456878662
1757231721.9952557,1757231722.444264,0.4490082263946533
1757231722.4445007,1757231722.7093658,0.2648651599884033
1757231722.7095857,1757231722.970657,0.26107144355773926
1757231722.9708755,1757231723.2232466,0.25237107276916504
1757231723.2234938,1757231723.5309596,0.3074657917022705
1757231723.5312035,1757231723.7986672,0.26746368408203125
1757231723.7988935,1757231724.0768683,0.27797484397888184
1757231724.0770907,1757231724.3591104,0.28201961517333984
1757231724.3593323,1757231724.6904361,0.3311038017272949
1757231724.6906683,1757231724.965328,0.2746596336364746
1757231724.9655583,1757231725.2742705,0.3087122440338135
1757231725.2745042,1757231725.5467756,0.27227139472961426
1757231725.5470407,1757231725.8667874,0.319746732711792
1757231725.866994,1757231726.1609972,0.2940032482147217
1757231726.1612272,1757231726.4456103,0.28438305854797363
1757231726.4457984,1757231726.8180926,0.37229418754577637
1757231726.8182948,1757231727.1425269,0.3242321014404297
1757231727.1427379,1757231727.448708,0.3059701919555664
1757231727.4489172,1757231727.8447328,0.3958156108856201
1757231727.8452528,1757231728.1670084,0.32175564765930176
1757231728.1672313,1757231728.4365423,0.26931095123291016
1757231728.4367273,1757231728.5469215,0.11019420623779297
1757231728.5470576,1757231728.6572683,0.11021065711975098
1757231728.6573963,1757231728.76761,0.1102137565612793
1757231728.7677457,1757231728.8779466,0.11020088195800781
1757231728.878073,1757231728.990763,0.11268997192382812
1757231728.990906,1757231729.1011155,0.11020946502685547
1757231729.101245,1757231729.2114449,0.1101999282836914
1757231729.2115645,1757231729.3217576,0.11019301414489746
1757231729.3218443,1757231729.4320364,0.11019206047058105
1757231729.4321642,1757231729.5430338,0.1108696460723877
1757231729.54314,1757231729.6541119,0.11097192764282227
1757231729.6543207,1757231729.7656488,0.111328125
1757231729.7658627,1757231729.877647,0.11178421974182129
1757231729.8777769,1757231729.9879818,0.11020493507385254
1757231729.988137,1757231730.0983486,0.11021161079406738
1757231730.0984821,1757231730.209472,0.11098980903625488
1757231730.2095969,1757231730.319764,0.11016702651977539
1757231730.3198965,1757231730.4300966,0.11020016670227051
1757231730.4303188,1757231730.5405192,0.11020040512084961
1757231730.540665,1757231730.6508696,0.11020469665527344
1757231730.65108,1757231730.7612839,0.11020398139953613
1757231730.7614148,1757231730.8716135,0.1101987361907959
1757231730.8717248,1757231730.981926,0.11020112037658691
1757231730.9820604,1757231731.2958338,0.31377339363098145
1757231731.2960458,1757231731.4729912,0.17694544792175293
1757231731.473285,1757231731.583487,0.11020207405090332
1757231731.583667,1757231731.693872,0.11020493507385254
1757231731.6940124,1757231731.8717208,0.17770838737487793
1757231731.8719172,1757231731.9821076,0.11019039154052734
1757231731.982233,1757231732.0924315,0.1101984977722168
1757231732.0925596,1757231732.4055011,0.3129415512084961
1757231732.405717,1757231732.5882418,0.1825249195098877
1757231732.5884478,1757231732.6986456,0.11019778251647949
1757231732.6987743,1757231732.8089755,0.11020112037658691
1757231732.8090968,1757231733.185709,0.37661218643188477
1757231733.1858833,1757231733.5370095,0.35112619400024414
1757231733.5371985,1757231733.7758126,0.23861408233642578
1757231733.775999,1757231733.8861163,0.11011719703674316
1757231733.8862402,1757231733.996439,0.1101987361907959
1757231733.9966598,1757231734.3406644,0.34400463104248047
1757231734.3408618,1757231734.7211573,0.3802955150604248
1757231734.7213955,1757231734.8917255,0.17033004760742188
1757231734.8919294,1757231735.0021248,0.11019539833068848
1757231735.0022573,1757231735.1124592,0.11020183563232422
1757231735.1125712,1757231735.485486,0.37291479110717773
1757231735.4856648,1757231735.6501946,0.16452980041503906
1757231735.6504123,1757231735.7606072,0.11019492149353027
1757231735.7607489,1757231735.8709557,0.11020684242248535
1757231735.8710837,1757231735.9812913,0.11020755767822266
1757231735.981432,1757231736.2878823,0.30645036697387695
1757231736.2880483,1757231736.4921114,0.20406317710876465
1757231736.4923117,1757231736.6025112,0.1101994514465332
1757231736.60265,1757231736.7128658,0.11021590232849121
1757231736.7130053,1757231737.074048,0.36104273796081543
1757231737.0742564,1757231737.297731,0.22347450256347656
1757231737.2979298,1757231737.4081256,0.11019587516784668
1757231737.408252,1757231737.5184722,0.11022019386291504
1757231737.5186238,1757231737.7139897,0.19536590576171875
1757231737.7150724,1757231737.8252726,0.11020016670227051
1757231737.825404,1757231737.935607,0.11020302772521973
1757231737.935751,1757231738.2471635,0.3114125728607178
1757231738.2473583,1757231738.4445531,0.19719481468200684
1757231738.4447885,1757231738.5549843,0.11019587516784668
1757231738.5551124,1757231738.6653154,0.11020302772521973
1757231738.6654496,1757231738.977014,0.31156444549560547
1757231738.9771922,1757231739.3134823,0.3362901210784912
1757231739.3136811,1757231739.492718,0.17903685569763184
1757231739.492928,1757231739.603129,0.11020088195800781
1757231739.6032772,1757231739.7134848,0.11020755767822266
1757231739.7136147,1757231739.827648,0.11403322219848633
1757231739.8277934,1757231740.1331222,0.3053288459777832
1757231740.1333132,1757231740.3007107,0.16739749908447266
1757231740.3009152,1757231740.4111083,0.11019301414489746
1757231740.4112365,1757231740.5234294,0.11219286918640137
1757231740.5235665,1757231740.9372437,0.4136772155761719
1757231740.9374354,1757231741.1143835,0.17694807052612305
1757231741.1145885,1757231741.224788,0.1101994514465332
1757231741.2249174,1757231741.3351202,0.11020278930664062
1757231741.3352566,1757231741.648589,0.31333231925964355
1757231741.6488147,1757231741.847248,0.19843339920043945
1757231741.8474653,1757231741.9576514,0.11018610000610352
1757231741.9577823,1757231742.0679872,0.11020493507385254
1757231742.0681083,1757231742.4209113,0.35280299186706543
1757231742.4210758,1757231742.593538,0.17246222496032715
1757231742.5937452,1757231742.7039385,0.11019325256347656
1757231742.7040744,1757231742.8142896,0.1102151870727539
1757231742.8144157,1757231743.1723683,0.3579525947570801
1757231743.1725614,1757231743.406986,0.23442459106445312
1757231743.4072034,1757231743.5173948,0.11019134521484375
1757231743.5175226,1757231743.6286473,0.11112475395202637
1757231743.6288054,1757231744.0062315,0.3774261474609375
1757231744.0064483,1757231744.1795344,0.17308616638183594
1757231744.179736,1757231744.2899296,0.11019372940063477
1757231744.2900562,1757231744.400262,0.11020588874816895
1757231744.400429,1757231744.7387543,0.33832526206970215
1757231744.7389324,1757231745.197967,0.45903468132019043
1757231745.198155,1757231745.4443252,0.2461702823638916
1757231745.4445276,1757231745.5547218,0.11019420623779297
1757231745.5548513,1757231745.667647,0.11279559135437012
1757231745.667788,1757231746.0183263,0.3505382537841797
1757231746.0185146,1757231746.2965615,0.2780468463897705
1757231746.296819,1757231746.4070268,0.11020779609680176
1757231746.4071586,1757231746.5186477,0.11148905754089355
1757231746.5187907,1757231746.8383205,0.31952977180480957
1757231746.8385537,1757231747.0461318,0.20757818222045898
1757231747.0463052,1757231747.1567621,0.11045694351196289
1757231747.1568973,1757231747.2670958,0.1101984977722168
1757231747.2672272,1757231747.4789915,0.21176433563232422
1757231747.479212,1757231747.5894113,0.1101992130279541
1757231747.5895512,1757231747.6997678,0.11021661758422852
1757231747.6998892,1757231748.0485282,0.34863901138305664
1757231748.0487273,1757231748.4113848,0.3626575469970703
1757231748.4115934,1757231748.7678547,0.3562612533569336
1757231748.768018,1757231749.1683192,0.4003012180328369
1757231749.168528,1757231749.5691712,0.40064311027526855
1757231749.5693605,1757231749.755417,0.18605661392211914
1757231749.7556348,1757231749.8658264,0.11019158363342285
1757231749.8659685,1757231749.976175,0.11020660400390625
1757231749.9763453,1757231750.3126156,0.3362703323364258
1757231750.3128119,1757231750.5302615,0.21744966506958008
1757231750.5304754,1757231750.6406536,0.11017823219299316
1757231750.6407988,1757231750.7510133,0.1102144718170166
1757231750.751148,1757231750.8613513,0.11020326614379883
1757231750.861482,1757231751.1655953,0.30411338806152344
1757231751.1658132,1757231751.38227,0.21645689010620117
1757231751.3824396,1757231751.4926438,0.11020421981811523
1757231751.4927745,1757231751.6029768,0.11020231246948242
1757231751.6031234,1757231751.7856374,0.18251395225524902
1757231751.7858112,1757231751.8960106,0.1101994514465332
1757231751.8961413,1757231752.006342,0.11020064353942871
1757231752.00646,1757231752.3477805,0.3413205146789551
1757231752.3479738,1757231752.5334377,0.18546390533447266
1757231752.533907,1757231752.644099,0.11019206047058105
1757231752.6442297,1757231752.7544398,0.11021018028259277
1757231752.754554,1757231753.1875794,0.4330253601074219
1757231753.1877525,1757231753.4462879,0.25853538513183594
1757231753.4464848,1757231753.5566483,0.11016345024108887
1757231753.5567782,1757231753.6669827,0.11020445823669434
1757231753.6671152,1757231753.972853,0.3057377338409424
1757231753.9730196,1757231754.3801184,0.40709877014160156
1757231754.3803387,1757231754.7597408,0.37940216064453125
1757231754.759943,1757231755.2389202,0.4789772033691406
1757231755.2391086,1757231755.4560494,0.21694087982177734
1757231755.4563346,1757231755.5665398,0.11020517349243164
1757231755.5666807,1757231755.6768832,0.11020255088806152
1757231755.680663,1757231756.0288894,0.34822630882263184
1757231756.0290585,1757231756.2016926,0.17263412475585938
1757231756.2019112,1757231756.3121035,0.11019229888916016
1757231756.3122373,1757231756.422445,0.11020779609680176
1757231756.4225812,1757231756.5327864,0.11020517349243164
1757231756.5329137,1757231756.8393712,0.30645751953125
1757231756.8395722,1757231757.164746,0.32517385482788086
1757231757.1649497,1757231757.563094,0.3981442451477051
1757231757.5633283,1757231757.804467,0.24113869667053223
1757231757.8046768,1757231757.914868,0.11019134521484375
1757231757.9149957,1757231758.0251992,0.11020350456237793
1757231758.025326,1757231758.331552,0.3062260150909424
1757231758.331775,1757231758.6978974,0.3661224842071533
1757231758.698057,1757231758.906427,0.20836997032165527
1757231758.9066284,1757231759.0168235,0.11019515991210938
1757231759.016953,1757231759.1271572,0.11020421981811523
1757231759.1273096,1757231759.478497,0.35118746757507324
1757231759.4786997,1757231759.6604428,0.18174314498901367
1757231759.6607358,1757231759.770928,0.11019206047058105
1757231759.771071,1757231759.8812747,0.11020374298095703
1757231759.8813944,1757231760.082222,0.20082759857177734
1757231760.0824177,1757231760.1926103,0.11019253730773926
1757231760.1927464,1757231760.302951,0.11020469665527344
1757231760.3030777,1757231760.4132805,0.11020278930664062
1757231760.4134195,1757231760.7340624,0.32064294815063477
1757231760.7342246,1757231760.9455018,0.21127724647521973
1757231760.9457037,1757231761.0558932,0.11018943786621094
1757231761.0560184,1757231761.1662176,0.1101992130279541
1757231761.1692467,1757231761.513934,0.34468722343444824
1757231761.5140948,1757231761.803428,0.2893331050872803
1757231761.8036275,1757231761.9138262,0.1101987361907959
1757231761.9139502,1757231762.0241497,0.1101994514465332
1757231762.0242896,1757231762.3290732,0.30478358268737793
1757231762.3292701,1757231762.4885309,0.15926074981689453
1757231762.4887354,1757231762.5989742,0.11023879051208496
1757231762.5991087,1757231762.7093122,0.11020350456237793
1757231762.709435,1757231762.819643,0.11020803451538086
1757231762.8197782,1757231763.1974928,0.3777146339416504
1757231763.197696,1757231763.6217403,0.4240443706512451
1757231763.6219292,1757231763.8563693,0.23444008827209473
1757231763.8565814,1757231763.966771,0.11018943786621094
1757231763.9669263,1757231764.0770688,0.11014246940612793
1757231764.077196,1757231764.4460275,0.3688316345214844
1757231764.4461877,1757231764.63767,0.1914823055267334
1757231764.6378715,1757231764.7496498,0.11177825927734375
1757231764.7497897,1757231764.859994,0.11020421981811523
1757231764.860122,1757231764.9736497,0.11352777481079102
1757231764.9737842,1757231765.3260791,0.352294921875
1757231765.3262403,1757231765.5708153,0.24457502365112305
1757231765.5710099,1757231765.6812117,0.11020183563232422
1757231765.6813724,1757231765.7916052,0.11023283004760742
1757231765.791903,1757231766.2266703,0.4347672462463379
1757231766.2268925,1757231766.4211054,0.1942129135131836
1757231766.4213161,1757231766.5315108,0.11019468307495117
1757231766.5316505,1757231766.641856,0.11020541191101074
1757231766.6420038,1757231766.966378,0.3243741989135742
1757231766.9665987,1757231767.1961775,0.22957873344421387
1757231767.1964047,1757231767.3066032,0.1101984977722168
1757231767.3067608,1757231767.418699,0.1119382381439209
1757231767.4188488,1757231767.755863,0.33701419830322266
1757231767.756069,1757231768.1964705,0.440401554107666
1757231768.1967077,1757231768.4549952,0.2582874298095703
1757231768.4551914,1757231768.5653927,0.11020135879516602
1757231768.5655262,1757231768.6757247,0.1101984977722168
1757231768.6758697,1757231768.8742845,0.19841480255126953
1757231768.874487,1757231768.9846785,0.11019158363342285
1757231768.9848075,1757231769.095649,0.11084151268005371
1757231769.0958095,1757231769.4755068,0.379697322845459
1757231769.4757056,1757231769.6985693,0.22286367416381836
1757231769.698784,1757231769.808981,0.11019682884216309
1757231769.8091097,1757231769.9193132,0.11020350456237793
1757231769.9194424,1757231770.2971883,0.3777458667755127
1757231770.297376,1757231770.4965875,0.19921159744262695
1757231770.496796,1757231770.6069832,0.11018729209899902
1757231770.607117,1757231770.9329267,0.3258097171783447
1757231770.9331102,1757231771.1953256,0.26221537590026855
1757231771.1955512,1757231771.4168415,0.22129034996032715
1757231771.4170384,1757231771.52724,0.11020159721374512
1757231771.5274117,1757231771.8027952,0.27538347244262695
1757231771.8030221,1757231772.0449677,0.24194550514221191
1757231772.045169,1757231772.1553662,0.11019706726074219
1757231772.1555045,1757231772.3944392,0.23893475532531738
1757231772.3946872,1757231772.6090105,0.2143232822418213
1757231772.6092117,1757231772.719404,0.11019229888916016
1757231772.7196941,1757231773.056032,0.3363378047943115
1757231773.0566447,1757231773.3960736,0.3394289016723633
1757231773.3962805,1757231773.5873728,0.19109225273132324
1757231773.587599,1757231773.6977704,0.11017131805419922
1757231773.6979072,1757231773.9039118,0.20600461959838867
1757231773.9041035,1757231774.1119769,0.20787334442138672
1757231774.1121714,1757231774.222365,0.11019349098205566
1757231774.222483,1757231774.4275527,0.20506978034973145
1757231774.4277742,1757231774.6088843,0.18111014366149902
1757231774.6090732,1757231774.7192254,0.1101522445678711
1757231774.719347,1757231774.9493976,0.23005056381225586
1757231774.9497592,1757231775.1437304,0.1939711570739746
1757231775.143932,1757231775.2548974,0.11096525192260742
1757231775.255034,1757231775.5364408,0.28140687942504883
1757231775.5366848,1757231775.7374568,0.20077204704284668
1757231775.737677,1757231775.8478765,0.1101994514465332
1757231775.8480036,1757231776.0799835,0.2319798469543457
1757231776.0802145,1757231776.4027562,0.3225417137145996
1757231776.4029589,1757231776.6335313,0.23057246208190918
1757231776.6337583,1757231776.8705165,0.23675823211669922
1757231776.8707192,1757231776.9809227,0.11020350456237793
1757231776.9810922,1757231777.2807739,0.2996816635131836
1757231777.2810094,1757231777.4708507,0.18984127044677734
1757231777.4710684,1757231777.5816476,0.11057925224304199
1757231777.5818121,1757231777.8149958,0.2331836223602295
1757231777.8152685,1757231778.0566115,0.24134302139282227
1757231778.0568202,1757231778.167021,0.11020088195800781
1757231778.167166,1757231778.3618522,0.1946861743927002
1757231778.3620608,1757231778.476017,0.11395621299743652
1757231778.47615,1757231778.7813904,0.3052403926849365
1757231778.7816386,1757231778.9654849,0.18384623527526855
1757231778.9657288,1757231779.0759208,0.11019206047058105
1757231779.0760522,1757231779.3545587,0.2785065174102783
1757231779.3548236,1757231779.6805937,0.32577013969421387
1757231779.6808217,1757231779.87128,0.1904582977294922
1757231779.8714519,1757231779.9816499,0.1101980209350586
1757231779.981867,1757231780.2369983,0.25513124465942383
1757231780.2372031,1757231780.4053266,0.16812348365783691
1757231780.4055312,1757231780.5157213,0.11019015312194824
1757231780.515847,1757231780.6260517,0.11020469665527344
1757231780.6262007,1757231780.8382447,0.21204400062561035
1757231780.8384562,1757231781.0488305,0.2103743553161621
1757231781.0490437,1757231781.1592379,0.11019420623779297
1757231781.1593807,1757231781.3920872,0.23270654678344727
1757231781.392301,1757231781.5948956,0.20259451866149902
1757231781.5951068,1757231781.7055988,0.11049199104309082
1757231781.7057593,1757231782.026364,0.3206048011779785
1757231782.026556,1757231782.2383199,0.21176385879516602
1757231782.2385342,1757231782.3486497,0.11011552810668945
1757231782.3488002,1757231782.6060355,0.2572352886199951
1757231782.606263,1757231782.8711627,0.26489973068237305
1757231782.8713846,1757231783.060579,0.1891944408416748
1757231783.060759,1757231783.1709518,0.11019277572631836
1757231783.1710854,1757231783.4114912,0.24040579795837402
1757231783.411721,1757231783.585824,0.1741030216217041
1757231783.5862787,1757231783.6964712,0.11019253730773926
1757231783.6966155,1757231783.9142249,0.21760940551757812
1757231783.91439,1757231784.0245807,0.11019062995910645
1757231784.0266483,1757231784.2927988,0.26615047454833984
1757231784.2930171,1757231784.482027,0.1890099048614502
1757231784.4822202,1757231784.5924227,0.11020255088806152
1757231784.5925796,1757231784.8804924,0.28791284561157227
1757231784.880691,1757231784.9919386,0.11124753952026367
1757231784.9920888,1757231785.2031994,0.21111059188842773
1757231785.2033954,1757231785.4832857,0.2798902988433838
1757231785.4835477,1757231785.7761369,0.2925891876220703
1757231785.7763417,1757231785.9708722,0.19453048706054688
1757231785.971072,1757231786.0812724,0.11020040512084961
1757231786.0814195,1757231786.3131635,0.23174405097961426
1757231786.3133814,1757231786.51772,0.20433855056762695
1757231786.5179353,1757231786.6281333,0.1101980209350586
1757231786.628277,1757231786.9126992,0.2844221591949463
1757231786.9128978,1757231787.2637503,0.35085248947143555
1757231787.263958,1757231787.4627647,0.1988067626953125
1757231787.4667363,1757231787.576936,0.1101996898651123
1757231787.5806444,1757231787.8015153,0.2208709716796875
1757231787.8020272,1757231787.9122512,0.11022400856018066
1757231787.9123845,1757231788.0228355,0.11045098304748535
1757231788.0230439,1757231788.3204463,0.29740238189697266
1757231788.320684,1757231788.6011848,0.2805008888244629
1757231788.6013997,1757231788.795464,0.19406437873840332
1757231788.795651,1757231788.9076495,0.1119985580444336
1757231788.907784,1757231789.2319262,0.3241422176361084
1757231789.232131,1757231789.459591,0.22745990753173828
1757231789.459809,1757231789.570005,0.11019587516784668
1757231789.5701427,1757231789.7580106,0.1878678798675537
1757231789.7582273,1757231789.984247,0.22601962089538574
1757231789.9844208,1757231790.0967605,0.11233973503112793
1757231790.0969052,1757231790.3058643,0.20895910263061523
1757231790.3060935,1757231790.5868354,0.28074193000793457
1757231790.5870678,1757231790.6976445,0.11057662963867188
1757231790.6977785,1757231790.8884015,0.19062304496765137
1757231790.8886096,1757231790.9987652,0.11015558242797852
1757231790.9989386,1757231791.2348988,0.2359602451324463
1757231791.2351043,1757231791.4507513,0.21564698219299316
1757231791.4509912,1757231791.702787,0.25179576873779297
1757231791.702998,1757231791.813197,0.110198974609375
1757231791.8133442,1757231792.1213524,0.30800819396972656
1757231792.121588,1757231792.4013443,0.2797563076019287
1757232007.7163723,1757232009.6556919,1.9393196105957031
1757232009.655916,1757232009.9710279,0.3151118755340576
1757232009.9712386,1757232010.3670816,0.3958430290222168
1757232010.3672817,1757232010.8724165,0.5051348209381104
1757232010.8726146,1757232011.2022998,0.3296852111816406
1757232011.2025325,1757232011.449713,0.24718046188354492
1757232011.4499495,1757232011.654481,0.20453143119812012
1757232011.6547096,1757232011.9970496,0.34233999252319336
1757232011.99726,1757232012.3131053,0.315845251083374
1757232012.3133237,1757232012.6718733,0.3585495948791504
1757232012.672069,1757232013.0494366,0.3773674964904785
1757232013.0496967,1757232013.4655952,0.41589856147766113
1757232013.4658217,1757232013.9423547,0.4765329360961914
1757232013.9425697,1757232014.2211668,0.2785971164703369
1757232014.221474,1757232014.5261455,0.3046715259552002
1757232014.5265374,1757232014.872179,0.3456416130065918
1757232014.8724566,1757232015.252823,0.38036656379699707
1757232015.2530522,1757232015.5959125,0.34286022186279297
1757232015.5961244,1757232016.0084562,0.41233181953430176
1757232016.0086696,1757232016.3296566,0.3209869861602783
1757232016.329852,1757232016.6918526,0.3620004653930664
1757232016.692121,1757232017.1015403,0.40941929817199707
1757232017.1018212,1757232017.4421837,0.340362548828125
1757232017.4424522,1757232017.8327794,0.39032721519470215
1757232017.8329585,1757232018.1172607,0.2843022346496582
1757232018.1175094,1757232018.59583,0.4783205986022949
1757232018.5960517,1757232018.9980261,0.4019744396209717
1757232018.9982083,1757232019.3858845,0.3876762390136719
1757232019.3860853,1757232019.7382803,0.35219502449035645
1757232019.7384572,1757232020.118211,0.37975382804870605
1757232020.1185114,1757232020.4484932,0.32998180389404297
1757232020.448737,1757232020.8691063,0.42036938667297363
1757232020.8693209,1757232021.09474,0.2254190444946289
1757232021.094979,1757232021.4250782,0.33009910583496094
1757232021.4252846,1757232021.7872071,0.3619225025177002
1757232021.7875175,1757232022.2181323,0.430614709854126
1757232022.2183158,1757232022.4367158,0.2184000015258789
1757232022.4369836,1757232022.8425832,0.40559959411621094
1757232022.842877,1757232023.1929348,0.35005784034729004
1757232023.193272,1757232023.563779,0.37050700187683105
1757232023.5641477,1757232023.9412806,0.3771328926086426
1757232023.94157,1757232024.3015776,0.36000752449035645
1757232024.3017943,1757232024.7023451,0.40055084228515625
1757232024.7025652,1757232024.941079,0.23851370811462402
1757232024.94129,1757232025.2460685,0.3047785758972168
1757232025.246311,1757232025.554555,0.308243989944458
1757232025.5549297,1757232025.866523,0.31159329414367676
1757232025.8668025,1757232026.2718854,0.40508294105529785
1757232026.272262,1757232026.6218843,0.3496222496032715
1757232026.622116,1757232026.9251502,0.30303406715393066
1757232026.9253948,1757232027.2585871,0.3331923484802246
1757232027.2588577,1757232027.5729,0.314042329788208
1757232027.5731287,1757232028.0283294,0.4552006721496582
1757232028.0285318,1757232028.2488537,0.2203218936920166
1757232028.2490807,1757232028.5626888,0.31360816955566406
1757232028.5629075,1757232028.8668056,0.3038980960845947
1757232028.8671126,1757232029.181498,0.31438541412353516
1757232029.1818914,1757232029.4978886,0.3159971237182617
1757232029.498093,1757232029.8048904,0.30679750442504883
1757232029.8051174,1757232030.109224,0.3041067123413086
1757232030.1095247,1757232030.469592,0.36006736755371094
1757232030.4697976,1757232030.7939894,0.3241918087005615
1757232030.7942483,1757232031.119015,0.3247666358947754
1757232031.119193,1757232031.5243638,0.4051706790924072
1757232031.5245814,1757232031.7506907,0.22610926628112793
1757232031.7510595,1757232032.0201051,0.2690455913543701
1757232032.0203116,1757232032.3270426,0.3067309856414795
1757232032.3272974,1757232032.6516101,0.324312686920166
1757232032.651922,1757232032.9938562,0.3419342041015625
1757232032.9941285,1757232033.3010597,0.3069312572479248
1757232033.3012984,1757232033.6265156,0.32521724700927734
1757232033.6267412,1757232033.9298053,0.30306410789489746
1757232033.9300196,1757232034.235283,0.3052632808685303
1757232034.2354908,1757232034.6650126,0.4295217990875244
1757232034.6652071,1757232034.9235394,0.2583322525024414
1757232034.923866,1757232035.223864,0.29999804496765137
1757232035.2241106,1757232035.5405493,0.3164386749267578
1757232035.5408292,1757232035.9065084,0.3656792640686035
1757232035.9067173,1757232036.2327068,0.3259894847869873
1757232036.2330806,1757232036.551501,0.31842041015625
1757232036.5517113,1757232036.908502,0.35679078102111816
1757232036.90872,1757232037.242092,0.3333718776702881
1757232037.243327,1757232037.612141,0.36881399154663086
1757232037.6123643,1757232037.924489,0.31212472915649414
1757232037.9247434,1757232038.3429892,0.418245792388916
1757232038.3432617,1757232038.824529,0.48126721382141113
1757232038.8247612,1757232039.155424,0.33066296577453613
1757232039.1556375,1757232039.4126887,0.2570512294769287
1757232039.4130187,1757232039.6540508,0.24103212356567383
1757232279.9037416,1757232280.603856,0.7001144886016846
1757232280.605227,1757232280.8568478,0.2516207695007324
1757232280.8570435,1757232281.099139,0.2420954704284668
1757232281.0993466,1757232281.3909132,0.2915666103363037
1757232281.3911312,1757232281.637513,0.2463817596435547
1757232281.6377063,1757232281.8871033,0.24939703941345215
1757232281.887279,1757232282.1374893,0.2502102851867676
1757232282.137685,1757232282.3816338,0.24394869804382324
1757232282.3818073,1757232282.627899,0.24609160423278809
1757232282.6280763,1757232282.8817723,0.2536959648132324
1757232282.8819695,1757232283.1286538,0.24668431282043457
1757232283.1288345,1757232283.3721476,0.24331307411193848
1757232283.3723483,1757232283.618759,0.24641060829162598
1757232283.618925,1757232283.9578369,0.338911771774292
1757232283.9580197,1757232284.2076528,0.2496330738067627
1757232284.207865,1757232284.4900355,0.28217053413391113
1757232284.4901986,1757232284.7370474,0.24684882164001465
1757232284.737222,1757232284.9933252,0.2561032772064209
1757232284.9934974,1757232285.242937,0.24943971633911133
1757232285.2431269,1757232285.39326,0.1501331329345703
1757232285.3934247,1757232285.503607,0.11018228530883789
1757232285.503681,1757232285.6138694,0.11018848419189453
1757232285.6139958,1757232285.7241976,0.11020183563232422
1757232285.7243006,1757232285.8344986,0.1101980209350586
1757232285.8345916,1757232285.9447758,0.1101841926574707
1757232285.9448464,1757232286.0550275,0.11018109321594238
1757232286.055096,1757232286.1652353,0.11013936996459961
1757232286.1653156,1757232286.2754962,0.11018061637878418
1757232286.275565,1757232286.385746,0.11018109321594238
1757232286.3858123,1757232286.4959996,0.11018729209899902
1757232286.4961061,1757232286.606313,0.11020684242248535
1757232286.6064327,1757232286.7166295,0.11019682884216309
1757232286.7167222,1757232286.8269112,0.11018896102905273
1757232286.827005,1757232286.9371936,0.11018872261047363
1757232286.9372733,1757232287.0474317,0.11015844345092773
1757232287.0475104,1757232287.1576948,0.1101844310760498
1757232287.1577752,1757232287.267968,0.11019277572631836
1757232287.2680838,1757232287.3782887,0.11020493507385254
1757232287.378409,1757232287.4886076,0.1101987361907959
1757232287.4887023,1757232287.5989022,0.1101999282836914
1757232287.5990272,1757232287.8762643,0.2772371768951416
1757232287.8764596,1757232288.0146213,0.13816165924072266
1757232288.0147843,1757232288.1249635,0.11017918586730957
1757232288.1250753,1757232288.235271,0.11019563674926758
1757232288.2353964,1757232288.4993484,0.26395201683044434
1757232288.4995263,1757232288.6870651,0.18753886222839355
1757232288.6872244,1757232288.7974138,0.11018943786621094
1757232288.7975376,1757232288.9077353,0.11019778251647949
1757232288.907854,1757232289.1736708,0.26581668853759766
1757232289.1738808,1757232289.3163657,0.1424849033355713
1757232289.3165145,1757232289.4266992,0.1101846694946289
1757232289.4268079,1757232289.5370045,0.11019659042358398
1757232289.5371313,1757232289.8133569,0.27622556686401367
1757232289.813535,1757232289.9577281,0.14419317245483398
1757232289.9578762,1757232290.0680587,0.11018252372741699
1757232290.0681672,1757232290.1783605,0.11019325256347656
1757232290.1784906,1757232290.4693274,0.29083681106567383
1757232290.4694972,1757232290.6059985,0.13650131225585938
1757232290.6061716,1757232290.7163563,0.1101846694946289
1757232290.7164655,1757232290.8266602,0.11019468307495117
1757232290.8267741,1757232291.103157,0.2763829231262207
1757232291.1032987,1757232291.26235,0.15905141830444336
1757232291.262501,1757232291.3726814,0.11018037796020508
1757232291.3727915,1757232291.482986,0.11019444465637207
1757232291.4831107,1757232291.760344,0.277233362197876
1757232291.7605174,1757232291.9703686,0.20985126495361328
1757232291.9705443,1757232292.080735,0.11019062995910645
1757232292.080844,1757232292.1910439,0.1101999282836914
1757232292.1911695,1757232292.4620655,0.27089595794677734
1757232292.4622371,1757232292.6009667,0.13872957229614258
1757232292.601121,1757232292.7113013,0.11018037796020508
1757232292.7114193,1757232292.8216147,0.11019539833068848
1757232292.821742,1757232293.0972526,0.2755105495452881
1757232293.0974069,1757232293.2366939,0.13928699493408203
1757232293.2368853,1757232293.3470702,0.11018490791320801
1757232293.3471754,1757232293.457365,0.11018967628479004
1757232293.4574766,1757232293.734258,0.2767813205718994
1757232293.7344425,1757232293.8720994,0.13765692710876465
1757232293.8722537,1757232293.9824343,0.11018061637878418
1757232293.9825447,1757232294.0927384,0.11019372940063477
1757232294.0928648,1757232294.3679245,0.27505970001220703
1757232294.3680706,1757232294.5156333,0.14756274223327637
1757232294.5157816,1757232294.6259599,0.11017823219299316
1757232294.626067,1757232294.7362618,0.11019492149353027
1757232294.7364025,1757232295.006087,0.2696845531463623
1757232295.006269,1757232295.2059271,0.19965815544128418
1757232295.2060807,1757232295.316267,0.11018633842468262
1757232295.3163855,1757232295.4265788,0.11019325256347656
1757232295.4266968,1757232295.702449,0.27575230598449707
1757232295.7026474,1757232295.846156,0.1435084342956543
1757232295.846306,1757232295.9564989,0.11019277572631836
1757232295.9566057,1757232296.0668006,0.11019492149353027
1757232296.0669188,1757232296.3467157,0.279796838760376
1757232296.3468833,1757232296.4932663,0.14638304710388184
1757232296.4934406,1757232296.6036198,0.11017918586730957
1757232296.6037283,1757232296.71393,0.11020159721374512
1757232296.7140605,1757232296.9944932,0.28043270111083984
1757232296.9946706,1757232297.1356423,0.14097166061401367
1757232297.1357932,1757232297.2459788,0.11018562316894531
1757232297.246088,1757232297.356286,0.1101980209350586
1757232297.3564346,1757232297.647143,0.2907083034515381
1757232297.6473315,1757232297.785545,0.1382136344909668
1757232297.7856996,1757232297.8958898,0.11019015312194824
1757232297.89601,1757232298.0062072,0.11019730567932129
1757232298.006368,1757232298.2735667,0.2671988010406494
1757232298.2737367,1757232298.5998209,0.3260841369628906
1757232298.5999944,1757232298.734391,0.13439655303955078
1757232298.734549,1757232298.8447375,0.11018848419189453
1757232298.844857,1757232298.9550548,0.11019778251647949
1757232298.9551666,1757232299.065297,0.11013031005859375
1757232299.0654297,1757232299.3459888,0.28055906295776367
1757232299.3461354,1757232299.495601,0.14946556091308594
1757232299.4957528,1757232299.605937,0.1101841926574707
1757232299.6060421,1757232299.7162416,0.1101994514465332
1757232299.7163835,1757232299.9988246,0.2824411392211914
1757232299.999013,1757232300.1402385,0.14122557640075684
1757232300.1403925,1757232300.2505772,0.1101846694946289
1757232300.2506866,1757232300.360885,0.1101982593536377
1757232300.3610091,1757232300.6363842,0.2753751277923584
1757232300.6365805,1757232300.7833261,0.1467456817626953
1757232300.7834718,1757232300.8936567,0.11018490791320801
1757232300.893776,1757232301.0039718,0.11019587516784668
1757232301.0041,1757232301.270555,0.26645493507385254
1757232301.2707317,1757232301.4122617,0.14153003692626953
1757232301.4124148,1757232301.522594,0.11017918586730957
1757232301.5226996,1757232301.6328948,0.11019515991210938
1757232301.6330197,1757232301.9073029,0.27428317070007324
1757232301.9074576,1757232302.2379384,0.33048081398010254
1757232302.2380903,1757232302.3904328,0.1523425579071045
1757232302.3906128,1757232302.5007987,0.11018586158752441
1757232302.5009036,1757232302.6110165,0.11011290550231934
1757232302.6111205,1757232302.7213223,0.11020183563232422
1757232302.7214336,1757232303.0027092,0.28127551078796387
1757232303.0028808,1757232303.1407223,0.13784146308898926
1757232303.1408753,1757232303.2510629,0.11018753051757812
1757232303.251172,1757232303.3613665,0.11019444465637207
1757232303.3614798,1757232303.6250036,0.26352381706237793
1757232303.6251485,1757232303.7636855,0.13853693008422852
1757232303.7638493,1757232303.87403,0.11018085479736328
1757232303.8741448,1757232303.98434,0.11019515991210938
1757232303.98446,1757232304.2548099,0.27034974098205566
1757232304.2549767,1757232304.3982174,0.14324069023132324
1757232304.3983705,1757232304.5085495,0.11017894744873047
1757232304.5086548,1757232304.6188483,0.11019349098205566
1757232304.6189702,1757232304.889095,0.2701249122619629
1757232304.8892741,1757232305.0320323,0.14275813102722168
1757232305.0321906,1757232305.1423705,0.11017990112304688
1757232305.1424756,1757232305.252668,0.11019229888916016
1757232305.2527866,1757232305.5810673,0.3282806873321533
1757232305.581236,1757232305.7288837,0.14764785766601562
1757232305.729048,1757232305.8392417,0.11019372940063477
1757232305.839365,1757232305.949562,0.11019706726074219
1757232305.9496682,1757232306.0598664,0.1101982593536377
1757232306.0599885,1757232306.3392048,0.27921628952026367
1757232306.339388,1757232306.52119,0.18180203437805176
1757232306.5213566,1757232306.6315422,0.11018562316894531
1757232306.6316488,1757232306.7418432,0.11019444465637207
1757232306.7419672,1757232307.020782,0.27881479263305664
1757232307.0209534,1757232307.1788118,0.15785837173461914
1757232307.1789637,1757232307.289147,0.1101832389831543
1757232307.2892466,1757232307.3994389,0.11019229888916016
1757232307.3995652,1757232307.672614,0.27304887771606445
1757232307.6727822,1757232307.8178878,0.14510560035705566
1757232307.818048,1757232307.92823,0.11018204689025879
1757232307.9283533,1757232308.0385485,0.11019515991210938
1757232308.038687,1757232308.3184493,0.27976226806640625
1757232308.3186219,1757232308.4593654,0.14074349403381348
1757232308.4595175,1757232308.5696962,0.11017870903015137
1757232308.569796,1757232308.6799905,0.11019444465637207
1757232308.680105,1757232309.0108137,0.33070874214172363
1757232309.0109797,1757232309.155722,0.14474225044250488
1757232309.1558702,1757232309.2660565,0.11018633842468262
1757232309.2661605,1757232309.376331,0.11017060279846191
1757232309.3764458,1757232309.5221293,0.14568352699279785
1757232309.5222979,1757232309.632484,0.11018610000610352
1757232309.63265,1757232309.7428465,0.11019659042358398
1757232309.7429695,1757232310.0214324,0.27846288681030273
1757232310.0216036,1757232310.1619854,0.1403818130493164
1757232310.1621368,1757232310.2723198,0.1101830005645752
1757232310.2724233,1757232310.3826146,0.11019134521484375
1757232310.3827236,1757232310.6552134,0.2724897861480713
1757232310.6553643,1757232310.9362674,0.2809031009674072
1757232310.93648,1757232311.2149167,0.27843666076660156
1757232311.2150998,1757232311.355628,0.14052820205688477
1757232311.3557804,1757232311.4659696,0.11018919944763184
1757232311.4660857,1757232311.5762823,0.11019659042358398
1757232311.5764,1757232311.8601284,0.28372836112976074
1757232311.8602772,1757232312.0036838,0.14340662956237793
1757232312.0038373,1757232312.114028,0.11019062995910645
1757232312.1141431,1757232312.224328,0.11018490791320801
1757232312.2244444,1757232312.5528407,0.3283963203430176
1757232312.5530133,1757232312.834341,0.2813277244567871
1757232312.8345184,1757232312.9726305,0.13811206817626953
1757232312.972794,1757232313.0829847,0.11019062995910645
1757232313.0830927,1757232313.1932893,0.11019659042358398
1757232313.1934047,1757232313.303602,0.11019730567932129
1757232313.303734,1757232313.5818205,0.27808642387390137
1757232313.5820563,1757232313.7252598,0.1432034969329834
1757232313.7254164,1757232313.8355994,0.1101830005645752
1757232313.835718,1757232313.9459162,0.1101982593536377
1757232313.9460526,1757232314.216497,0.270444393157959
1757232314.2166712,1757232314.3590555,0.14238429069519043
1757232314.35921,1757232314.4693902,0.11018013954162598
1757232314.4695046,1757232314.5796995,0.11019492149353027
1757232314.579844,1757232314.8543668,0.2745227813720703
1757232314.8545208,1757232314.9957104,0.1411895751953125
1757232314.9958608,1757232315.106037,0.11017608642578125
1757232315.1061375,1757232315.216329,0.11019158363342285
1757232315.2164567,1757232315.4913998,0.27494311332702637
1757232315.4915714,1757232315.6308055,0.13923406600952148
1757232315.6309626,1757232315.7411468,0.1101841926574707
1757232315.7412562,1757232315.8514345,0.11017823219299316
1757232315.8515522,1757232316.180214,0.3286616802215576
1757232316.1803863,1757232316.3189337,0.13854742050170898
1757232316.3190851,1757232316.4292753,0.11019015312194824
1757232316.429402,1757232316.539605,0.11020278930664062
1757232316.5397155,1757232316.6499138,0.1101982593536377
1757232316.650042,1757232316.9244523,0.2744102478027344
1757232316.924604,1757232317.0741973,0.14959335327148438
1757232317.0743556,1757232317.1845338,0.11017823219299316
1757232317.1846411,1757232317.2948356,0.11019444465637207
1757232317.2949655,1757232317.571888,0.27692246437072754
1757232317.572176,1757232317.7156186,0.14344263076782227
1757232317.7157753,1757232317.8259661,0.11019086837768555
1757232317.8260837,1757232317.9362838,0.11020016670227051
1757232317.9364274,1757232318.2137897,0.2773623466491699
1757232318.2139719,1757232318.3585792,0.1446073055267334
1757232318.3587325,1757232318.4689162,0.1101837158203125
1757232318.4690263,1757232318.5792234,0.11019706726074219
1757232318.5793478,1757232318.848976,0.26962804794311523
1757232318.8491778,1757232319.01417,0.164992094039917
1757232319.0143316,1757232319.124512,0.11018037796020508
1757232319.1246188,1757232319.2348127,0.11019396781921387
1757232319.234936,1757232319.559923,0.32498693466186523
1757232319.560122,1757232319.6961036,0.13598155975341797
1757232319.6962554,1757232319.8064494,0.11019396781921387
1757232319.8065574,1757232319.916751,0.11019349098205566
1757232319.9168434,1757232320.0270388,0.11019539833068848
1757232320.0271664,1757232320.2993166,0.27215027809143066
1757232320.2994947,1757232320.4430006,0.14350581169128418
1757232320.4431772,1757232320.5533302,0.1101529598236084
1757232320.5534556,1757232320.7155418,0.16208624839782715
1757232320.7157617,1757232320.8799345,0.16417288780212402
1757232320.8800879,1757232320.990289,0.11020112037658691
1757232320.9904287,1757232321.1636095,0.17318081855773926
1757232321.1638155,1757232321.307873,0.1440575122833252
1757232321.3080266,1757232321.4181263,0.11009979248046875
1757232321.4182363,1757232321.5843596,0.1661233901977539
1757232321.5845482,1757232321.7281628,0.1436145305633545
1757232321.7283244,1757232321.8385224,0.1101980209350586
1757232321.8386512,1757232322.073135,0.2344837188720703
1757232322.073332,1757232322.2120953,0.1387631893157959
1757232322.2122693,1757232322.3224635,0.11019420623779297
1757232322.3226318,1757232322.4865117,0.1638798713684082
1757232322.486694,1757232322.6244175,0.13772344589233398
1757232322.6245751,1757232322.734767,0.11019182205200195
1757232322.734895,1757232322.8451035,0.11020851135253906
1757232322.8452184,1757232323.0115466,0.16632819175720215
1757232323.011722,1757232323.181583,0.16986083984375
1757232323.1817899,1757232323.3288767,0.14708685874938965
1757232323.329025,1757232323.4392138,0.11018872261047363
1757232323.4393377,1757232323.6075537,0.16821599006652832
1757232323.6077487,1757232323.7455492,0.1378004550933838
1757232323.7457414,1757232323.8559394,0.1101980209350586
1757232323.8560965,1757232324.0235868,0.16749024391174316
1757232324.0237696,1757232324.1640096,0.14023995399475098
1757232324.164163,1757232324.2743495,0.11018633842468262
1757232324.2744725,1757232324.496909,0.22243642807006836
1757232324.4970853,1757232324.63947,0.14238476753234863
1757232324.6396325,1757232324.7497988,0.11016631126403809
1757232324.7499106,1757232324.907341,0.15743041038513184
1757232324.9075704,1757232325.0549994,0.1474289894104004
1757232325.0551505,1757232325.1667075,0.1115570068359375
1757232325.1668122,1757232325.334466,0.16765379905700684
1757232325.3346312,1757232325.48611,0.15147876739501953
1757232325.4862757,1757232325.5964625,0.11018681526184082
1757232325.596593,1757232325.7704084,0.17381548881530762
1757232325.7705963,1757232325.9172606,0.14666438102722168
1757232325.9174228,1757232326.027611,0.11018824577331543
1757232326.0277424,1757232326.1956058,0.1678633689880371
1757232326.1957912,1757232326.3362079,0.14041662216186523
1757232326.3363671,1757232326.4465544,0.11018729209899902
1757232326.4466798,1757232326.6582453,0.21156549453735352
1757232326.6584077,1757232326.793713,0.13530540466308594
1757232326.7938948,1757232326.9040868,0.11019206047058105
1757232326.9042113,1757232327.0143278,0.11011648178100586
1757232327.0144465,1757232327.1769073,0.1624608039855957
1757232327.1770928,1757232327.3169277,0.13983488082885742
1757232327.3171031,1757232327.4272988,0.11019563674926758
1757232327.427422,1757232327.5376174,0.11019539833068848
1757232327.5377438,1757232327.6986363,0.16089248657226562
1757232327.6988316,1757232327.8684483,0.16961669921875
1757232327.8686051,1757232327.978798,0.11019277572631836
1757232327.9789445,1757232328.1400433,0.16109871864318848
1757232328.1402242,1757232328.2828834,0.14265918731689453
1757232328.2830393,1757232328.393228,0.11018872261047363
1757232328.3933842,1757232328.5549524,0.16156816482543945
1757232328.555154,1757232328.6975281,0.14237403869628906
1757232328.6976871,1757232328.8078876,0.11020040512084961
1757232328.808034,1757232328.9765055,0.1684715747833252
1757232328.9766695,1757232329.200323,0.22365355491638184
1757232329.2005072,1757232329.3369703,0.13646316528320312
1757232329.337129,1757232329.4473233,0.11019420623779297
1757232329.4474742,1757232329.6046638,0.15718960762023926
1757232329.604853,1757232329.750026,0.1451730728149414
1757232329.7501957,1757232329.8603268,0.11013102531433105
1757232329.8604438,1757232329.970646,0.11020207405090332
1757232329.970761,1757232330.1319904,0.16122937202453613
1757232330.1322207,1757232330.300932,0.16871118545532227
1757232330.3011227,1757232330.4401982,0.13907551765441895
1757232330.4403687,1757232330.5505574,0.11018872261047363
1757232330.5506606,1757232330.7177892,0.1671285629272461
1757232330.7180066,1757232330.8604898,0.14248323440551758
1757232330.8606434,1757232330.9708343,0.11019086837768555
1757232330.9709558,1757232331.1439316,0.17297577857971191
1757232331.1441493,1757232331.2845473,0.1403980255126953
1757232331.284699,1757232331.3948855,0.11018657684326172
1757232331.3950045,1757232331.6146896,0.21968507766723633
1757232331.6148956,1757232331.7567866,0.1418910026550293
1757232331.756942,1757232331.8671393,0.11019730567932129
1757232331.8672667,1757232332.0380247,0.17075800895690918
1757232332.0382066,1757232332.1795616,0.14135503768920898
1757232332.1797159,1757232332.2899072,0.11019134521484375
1757232332.2901237,1757232332.4632208,0.1730971336364746
1757232332.4633918,1757232332.612534,0.14914226531982422
1757232332.6126897,1757232332.7228854,0.11019563674926758
1757232332.7230153,1757232332.899637,0.176621675491333
1757232332.8998559,1757232333.0433574,0.14350152015686035
1757232333.0435057,1757232333.1536944,0.11018872261047363
1757232333.1538227,1757232333.3204284,0.16660571098327637
1757232333.3206124,1757232333.4616766,0.14106416702270508
1757232333.461854,1757232333.5720453,0.11019134521484375
1757232333.572178,1757232333.790184,0.21800613403320312
1757232333.7903564,1757232333.925875,0.13551855087280273
1757232333.9260602,1757232334.0362575,0.11019730567932129
1757232334.0363863,1757232334.2027905,0.16640424728393555
1757232334.2029524,1757232334.3131452,0.11019277572631836
1757232334.3132696,1757232334.4788446,0.1655750274658203
1757232334.4790418,1757232334.625187,0.14614510536193848
1757232334.6253445,1757232334.7355337,0.11018919944763184
1757232334.7356596,1757232334.906457,0.17079734802246094
1757232334.9066253,1757232335.056161,0.1495356559753418
1757232335.0563157,1757232335.1664999,0.1101841926574707
1757232335.166614,1757232335.3377867,0.1711726188659668
1757232335.338016,1757232335.479107,0.14109086990356445
1757232335.4792619,1757232335.589451,0.11018919944763184
1757232335.589569,1757232335.7579598,0.16839075088500977
1757232335.7581494,1757232335.9854395,0.22729015350341797
1757232335.9856431,1757232336.1236336,0.13799047470092773
1757232336.1238198,1757232336.234014,0.11019420623779297
1757233253.7629673,1757233254.164777,0.4018096923828125
1757233254.164951,1757233254.4237647,0.25881361961364746
1757233254.423958,1757233254.6735995,0.24964141845703125
1757233254.6738338,1757233254.923801,0.24996709823608398
1757233254.9240236,1757233255.2236602,0.2996366024017334
1757233255.22385,1757233255.4735594,0.2497093677520752
1757233255.4737387,1757233255.7274818,0.25374317169189453
1757233255.7276864,1757233255.9791186,0.2514321804046631
1757233255.9793472,1757233256.228998,0.2496507167816162
1757233256.2291875,1757233256.4799435,0.25075602531433105
1757233256.4802954,1757233256.7339978,0.25370240211486816
1757233256.734178,1757233256.9885569,0.2543787956237793
1757233256.988756,1757233257.241554,0.25279808044433594
1757233257.24175,1757233257.4961092,0.25435924530029297
1757233257.496296,1757233257.742887,0.24659109115600586
1757233257.7430918,1757233258.0482082,0.3051164150238037
1757233258.0484605,1757233258.2930965,0.24463605880737305
1757233258.293364,1757233258.5414727,0.2481086254119873
1757233258.5418198,1757233258.8072321,0.2654123306274414
1757233258.807449,1757233259.0692701,0.26182103157043457
1757233259.0694954,1757233259.3346038,0.2651083469390869
1757233259.3348258,1757233259.599592,0.26476621627807617
1757233259.5998282,1757233259.857242,0.2574138641357422
1757233259.8574684,1757233260.1107285,0.25326013565063477
1757233260.1109471,1757233260.2702043,0.159257173538208
1757233260.2703888,1757233260.551726,0.28133726119995117
1757233260.5519297,1757233260.767374,0.21544432640075684
1757233260.76764,1757233260.8778398,0.1101996898651123
1757233260.8780017,1757233260.9882033,0.11020159721374512
1757233260.9883056,1757233261.0985048,0.1101992130279541
1757233261.0986063,1757233261.2087998,0.11019349098205566
1757233261.2088926,1757233261.3190854,0.11019277572631836
1757233261.319191,1757233261.4293182,0.11012721061706543
1757233261.4294012,1757233261.5395842,0.1101830005645752
1757233261.5396724,1757233261.6498613,0.11018896102905273
1757233261.649982,1757233261.7601845,0.11020255088806152
1757233261.7603514,1757233261.8705554,0.11020398139953613
1757233261.8706782,1757233261.9808805,0.11020231246948242
1757233261.980992,1757233262.0911891,0.11019706726074219
1757233262.091315,1757233262.2015157,0.11020064353942871
1757233262.2016423,1757233262.311842,0.1101996898651123
1757233262.3119442,1757233262.4221394,0.11019515991210938
1757233262.4222372,1757233262.5324376,0.11020040512084961
1757233262.5325563,1757233262.6427584,0.11020207405090332
1757233262.6428711,1757233262.7530727,0.11020159721374512
1757233262.7531967,1757233262.8633235,0.11012673377990723
1757233262.8634565,1757233263.1608074,0.2973508834838867
1757233263.1609883,1757233263.4478924,0.28690409660339355
1757233263.4480834,1757233263.588859,0.1407756805419922
1757233263.5890312,1757233263.6992188,0.11018753051757812
1757233263.6993556,1757233263.809551,0.11019539833068848
1757233263.8096576,1757233263.9198525,0.11019492149353027
1757233263.919983,1757233264.2020388,0.2820558547973633
1757233264.2022376,1757233264.3545892,0.15235161781311035
1757233264.354759,1757233264.4649465,0.11018753051757812
1757233264.465068,1757233264.5752718,0.11020374298095703
1757233264.5754142,1757233264.8459914,0.27057719230651855
1757233264.8462038,1757233264.985516,0.1393122673034668
1757233264.9856837,1757233265.0958729,0.11018919944763184
1757233265.0960007,1757233265.2061996,0.110198974609375
1757233265.2063394,1757233265.4797907,0.2734513282775879
1757233265.4800305,1757233265.6235907,0.14356017112731934
1757233265.6237555,1757233265.7339447,0.11018919944763184
1757233265.7340715,1757233265.8442726,0.11020112037658691
1757233265.8443894,1757233266.1785038,0.33411431312561035
1757233266.1787426,1757233266.4680972,0.2893545627593994
1757233266.468372,1757233266.6207037,0.15233159065246582
1757233266.6208746,1757233266.7310677,0.11019301414489746
1757233266.7311954,1757233266.841393,0.11019754409790039
1757233266.8415358,1757233267.1287498,0.2872140407562256
1757233267.1289349,1757233267.2655654,0.13663053512573242
1757233267.2657611,1757233267.3759577,0.11019659042358398
1757233267.376086,1757233267.4862843,0.1101982593536377
1757233267.4864087,1757233267.7781413,0.2917325496673584
1757233267.778374,1757233267.9185977,0.14022374153137207
1757233267.9187636,1757233268.028951,0.11018729209899902
1757233268.029071,1757233268.1392665,0.11019539833068848
1757233268.139394,1757233268.4118006,0.27240657806396484
1757233268.4120247,1757233268.5500364,0.13801169395446777
1757233268.5501966,1757233268.660328,0.11013126373291016
1757233268.660452,1757233268.7706504,0.1101984977722168
1757233268.7707705,1757233269.052154,0.2813835144042969
1757233269.052379,1757233269.3892632,0.3368842601776123
1757233269.3895001,1757233269.5345097,0.14500951766967773
1757233269.5347068,1757233269.6448994,0.11019253730773926
1757233269.6450255,1757233269.7561502,0.11112475395202637
1757233269.7562678,1757233270.0432796,0.28701186180114746
1757233270.0434825,1757233270.2020233,0.1585407257080078
1757233270.202196,1757233270.3123288,0.11013293266296387
1757233270.3124523,1757233270.4226549,0.11020255088806152
1757233270.422775,1757233270.5329833,0.11020827293395996
1757233270.5331213,1757233270.829147,0.29602575302124023
1757233270.8294241,1757233270.9710054,0.14158129692077637
1757233270.971229,1757233271.0813265,0.11009740829467773
1757233271.081452,1757233271.191648,0.11019611358642578
1757233271.1917582,1757233271.3019564,0.1101982593536377
1757233271.3020716,1757233271.576868,0.2747964859008789
1757233271.577066,1757233271.717229,0.14016294479370117
1757233271.7174408,1757233271.8276277,0.11018681526184082
1757233271.8277478,1757233271.9379425,0.11019468307495117
1757233271.938083,1757233272.2145038,0.27642083168029785
1757233272.2147841,1757233272.356095,0.1413109302520752
1757233272.3562574,1757233272.4664445,0.11018705368041992
1757233272.4665697,1757233272.5767689,0.1101992130279541
1757233272.5769129,1757233272.8541965,0.2772836685180664
1757233272.854444,1757233273.1974401,0.34299612045288086
1757233273.1976342,1757233273.3410163,0.14338207244873047
1757233273.3411758,1757233273.451363,0.11018729209899902
1757233273.4514854,1757233273.561682,0.11019659042358398
1757233273.5618122,1757233273.8373518,0.2755396366119385
1757233273.8375607,1757233273.9882786,0.15071797370910645
1757233273.988513,1757233274.0987048,0.11019182205200195
1757233274.0988302,1757233274.209031,0.11020088195800781
1757233274.209161,1757233274.3594012,0.15024018287658691
1757233274.3595915,1757233274.4697726,0.11018109321594238
1757233274.4698899,1757233274.5800927,0.11020278930664062
1757233274.5802588,1757233274.849201,0.26894211769104004
1757233274.849474,1757233274.9862013,0.13672733306884766
1757233274.9863727,1757233275.096562,0.11018919944763184
1757233275.0966818,1757233275.2068815,0.1101996898651123
1757233275.2070258,1757233275.5130115,0.305985689163208
1757233275.513189,1757233275.6587622,0.14557313919067383
1757233275.658981,1757233275.7691748,0.11019372940063477
1757233275.7693012,1757233275.8795083,0.11020708084106445
1757233275.879647,1757233276.151203,0.27155590057373047
1757233276.1513848,1757233276.2998974,0.148512601852417
1757233276.3000882,1757233276.410275,0.11018681526184082
1757233276.4104023,1757233276.520601,0.1101987361907959
1757233276.520736,1757233276.850146,0.3294100761413574
1757233276.8503478,1757233276.9823043,0.1319565773010254
1757233276.9824948,1757233277.0927536,0.11025881767272949
1757233277.0928986,1757233277.2031019,0.11020326614379883
1757233277.2032058,1757233277.3134017,0.11019587516784668
1757233277.3135214,1757233277.5948155,0.2812941074371338
1757233277.5950096,1757233277.7322228,0.13721323013305664
1757233277.7324216,1757233277.8426125,0.11019086837768555
1757233277.842731,1757233277.9529297,0.1101987361907959
1757233277.953051,1757233278.0632472,0.11019611358642578
1757233278.0633779,1757233278.339402,0.27602410316467285
1757233278.3396027,1757233278.4830594,0.14345669746398926
1757233278.4832492,1757233278.5934384,0.11018919944763184
1757233278.5935683,1757233278.703771,0.11020278930664062
1757233278.7039106,1757233278.9720056,0.2680950164794922
1757233278.9721847,1757233279.1137114,0.1415266990661621
1757233279.1138723,1757233279.2240524,0.11018013954162598
1757233279.2241676,1757233279.3343282,0.11016058921813965
1757233279.3344605,1757233279.6164224,0.28196191787719727
1757233279.616675,1757233279.7561765,0.13950157165527344
1757233279.7563725,1757233279.8665597,0.11018729209899902
1757233279.8666792,1757233279.97688,0.11020088195800781
1757233279.97701,1757233280.3142364,0.33722639083862305
1757233280.3144412,1757233280.4604273,0.14598608016967773
1757233280.4606261,1757233280.5708213,0.11019515991210938
1757233280.5709515,1757233280.6811557,0.11020421981811523
1757233280.681267,1757233280.9753458,0.2940788269042969
1757233280.9755893,1757233281.1192098,0.14362049102783203
1757233281.1194217,1757233281.229613,0.11019134521484375
1757233281.229753,1757233281.3413508,0.11159777641296387
1757233281.3415022,1757233281.4864054,0.14490318298339844
1757233281.4865909,1757233281.5967765,0.11018562316894531
1757233281.5969064,1757233281.707106,0.1101996898651123
1757233281.7072363,1757233281.9820402,0.27480387687683105
1757233281.9823232,1757233282.1205554,0.13823223114013672
1757233282.1207206,1757233282.230909,0.11018848419189453
1757233282.231033,1757233282.3412254,0.11019229888916016
1757233282.3413553,1757233282.6226814,0.2813260555267334
1757233282.6229298,1757233282.7780848,0.15515494346618652
1757233282.7782524,1757233282.888439,0.11018657684326172
1757233282.8885622,1757233282.9987586,0.11019635200500488
1757233282.9988904,1757233283.2827876,0.28389716148376465
1757233283.283005,1757233283.6234705,0.3404655456542969
1757233283.6237018,1757233283.7680907,0.14438891410827637
1757233283.7682478,1757233283.8784428,0.11019492149353027
1757233283.8785908,1757233283.9887974,0.11020660400390625
1757233283.988935,1757233284.2844386,0.2955036163330078
1757233284.284652,1757233284.4262886,0.14163661003112793
1757233284.4264553,1757233284.536635,0.11017966270446777
1757233284.5367508,1757233284.6469479,0.11019706726074219
1757233284.6470947,1757233284.787921,0.14082622528076172
1757233284.7880845,1757233284.8982737,0.11018919944763184
1757233284.8984137,1757233285.0086172,0.11020350456237793
1757233285.0087547,1757233285.2804115,0.27165675163269043
1757233285.2805877,1757233285.4209774,0.14038968086242676
1757233285.4211383,1757233285.5313244,0.11018610000610352
1757233285.531439,1757233285.6416352,0.11019611358642578
1757233285.6417823,1757233285.9179826,0.2762002944946289
1757233285.9181783,1757233286.0585482,0.14036989212036133
1757233286.0587084,1757233286.1688879,0.11017942428588867
1757233286.1690004,1757233286.2791915,0.11019110679626465
1757233286.2793207,1757233286.5563405,0.277019739151001
1757233286.5565758,1757233286.6997306,0.14315485954284668
1757233286.6998935,1757233286.8100803,0.11018681526184082
1757233286.8101978,1757233286.9203286,0.11013078689575195
1757233286.9204824,1757233287.2447252,0.32424283027648926
1757233287.2450364,1757233287.3805463,0.13550996780395508
1757233287.3807063,1757233287.4908915,0.11018514633178711
1757233287.4910114,1757233287.6012068,0.11019539833068848
1757233287.601348,1757233287.8909938,0.2896459102630615
1757233287.8912003,1757233288.0343475,0.14314723014831543
1757233288.034513,1757233288.1447115,0.1101984977722168
1757233288.144845,1757233288.255055,0.11020994186401367
1757233288.2551897,1757233288.365328,0.1101384162902832
1757233288.3654726,1757233288.6427124,0.2772397994995117
1757233288.642922,1757233288.7872264,0.14430451393127441
1757233288.7874043,1757233288.8975933,0.11018896102905273
1757233288.897721,1757233289.0079231,0.11020207405090332
1757233289.0080914,1757233289.2801983,0.2721068859100342
1757233289.2804027,1757233289.4177094,0.13730669021606445
1757233289.4178796,1757233289.5280602,0.11018061637878418
1757233289.5281804,1757233289.6383278,0.11014747619628906
1757233289.6384692,1757233289.9140592,0.2755899429321289
1757233289.9142551,1757233290.0545237,0.14026856422424316
1757233290.0546885,1757233290.1648765,0.11018800735473633
1757233290.164995,1757233290.275191,0.11019611358642578
1757233290.2753267,1757233290.5473015,0.2719748020172119
1757233290.5475144,1757233290.89185,0.34433555603027344
1757233290.8920336,1757233291.0362575,0.14422392845153809
1757233291.036436,1757233291.1466212,0.11018514633178711
1757233291.1467378,1757233291.256933,0.11019515991210938
1757233291.2570782,1757233291.538849,0.2817709445953369
1757233291.5390487,1757233291.689516,0.1504673957824707
1757233291.6896825,1757233291.7998683,0.11018586158752441
1757233291.7999933,1757233291.9101875,0.11019420623779297
1757233291.9103024,1757233292.0205078,0.11020541191101074
1757233292.020643,1757233292.3109155,0.29027247428894043
1757233292.3111641,1757233292.6390328,0.3278687000274658
1757233292.639235,1757233292.772037,0.13280200958251953
1757233292.7722375,1757233292.8824391,0.11020159721374512
1757233292.8825595,1757233292.9927616,0.11020207405090332
1757233292.9928575,1757233293.1446004,0.15174293518066406
1757233293.1447706,1757233293.2549548,0.1101841926574707
1757233293.2550628,1757233293.3652587,0.11019587516784668
1757233293.3653913,1757233293.6401083,0.2747170925140381
1757233293.6403382,1757233293.780417,0.14007878303527832
1757233293.7805834,1757233293.8907712,0.11018776893615723
1757233293.8908997,1757233294.0010958,0.11019611358642578
1757233294.0012236,1757233294.331762,0.3305385112762451
1757233294.3319652,1757233294.469724,0.13775873184204102
1757233294.4698946,1757233294.580086,0.11019134521484375
1757233294.5802183,1757233294.6904328,0.1102144718170166
1757233294.6905453,1757233294.9725144,0.2819690704345703
1757233294.97273,1757233295.1148813,0.1421513557434082
1757233295.1150448,1757233295.225232,0.11018705368041992
1757233295.225358,1757233295.3355517,0.11019372940063477
1757233295.335667,1757233295.4798288,0.14416193962097168
1757233295.4799936,1757233295.5901859,0.11019229888916016
1757233295.5903163,1757233295.7595906,0.16927433013916016
1757233295.75977,1757233295.9003193,0.1405494213104248
1757233295.9004827,1757233296.0106692,0.11018657684326172
1757233296.0108216,1757233296.1818235,0.17100191116333008
1757233296.1820202,1757233296.3287122,0.14669203758239746
1757233296.3289058,1757233296.4390955,0.11018967628479004
1757233296.439242,1757233296.6153977,0.17615580558776855
1757233296.6155975,1757233296.760514,0.14491653442382812
1757233296.760678,1757233296.8708665,0.11018848419189453
1757233296.870994,1757233297.0972238,0.22622966766357422
1757233297.097463,1757233297.2329202,0.13545727729797363
1757233297.2331128,1757233297.343299,0.11018610000610352
1757233297.343428,1757233297.5163176,0.17288970947265625
1757233297.5165453,1757233297.6641195,0.14757418632507324
1757233297.664287,1757233297.7744744,0.11018729209899902
1757233297.774592,1757233297.9454498,0.17085790634155273
1757233297.9456358,1757233298.0889173,0.1432814598083496
1757233298.0891092,1757233298.199316,0.11020684242248535
1757233298.199489,1757233298.414195,0.2147059440612793
1757233298.4143934,1757233298.562097,0.1477036476135254
1757233298.562286,1757233298.67244,0.1101541519165039
1757233298.6725912,1757233298.8437088,0.17111754417419434
1757233298.8439212,1757233299.0048537,0.1609325408935547
1757233299.0050688,1757233299.115257,0.11018824577331543
1757233299.1153915,1757233299.281931,0.16653943061828613
1757233299.282147,1757233299.516294,0.2341470718383789
1757233299.5164888,1757233299.6692283,0.1527395248413086
1757233299.6693945,1757233299.7795885,0.11019396781921387
1757233299.779732,1757233299.9471235,0.16739153861999512
1757233299.9473433,1757233300.0983672,0.15102386474609375
1757233300.0985548,1757233300.208743,0.11018824577331543
1757233300.2088423,1757233300.3847008,0.1758584976196289
1757233300.384912,1757233300.5285945,0.14368247985839844
1757233300.5287552,1757233300.6389427,0.11018753051757812
1757233300.6390576,1757233300.8118196,0.1727619171142578
1757233300.812038,1757233300.9545174,0.14247941970825195
1757233300.954753,1757233301.0649529,0.1101999282836914
1757233301.065074,1757233301.2338047,0.1687307357788086
1757233301.23399,1757233301.3739264,0.1399364471435547
1757233301.3740916,1757233301.484281,0.11018943786621094
1757233301.4844162,1757233301.7089882,0.22457194328308105
1757233301.709215,1757233301.8509142,0.14169931411743164
1757233301.8511102,1757233301.961299,0.11018872261047363
1757233301.9614346,1757233302.1490371,0.18760251998901367
1757233302.1492524,1757233302.2919474,0.14269495010375977
1757233302.2921138,1757233302.4023042,0.11019039154052734
1757233302.4024305,1757233302.5447972,0.14236664772033691
1757233302.5449615,1757233302.6551633,0.11020183563232422
1757233302.655354,1757233302.8206532,0.1652991771697998
1757233302.820864,1757233302.9707775,0.14991354942321777
1757233302.9709427,1757233303.0811334,0.11019062995910645
1757233303.0812774,1757233303.2700596,0.1887822151184082
1757233303.2702522,1757233303.4109502,0.14069795608520508
1757233303.4111164,1757233303.521306,0.11018967628479004
1757233303.5214515,1757233303.6975815,0.17613005638122559
1757233303.6977587,1757233303.9357202,0.2379615306854248
1757233303.935966,1757233304.0798464,0.14388036727905273
1757233304.080009,1757233304.1901464,0.1101374626159668
1757233304.190277,1757233304.3522,0.16192293167114258
1757233304.3524058,1757233304.4960701,0.14366436004638672
1757233304.4962304,1757233304.606431,0.11020064353942871
1757233304.6065655,1757233304.744815,0.13824963569641113
1757233304.7449777,1757233304.85517,0.11019229888916016
1757233304.8552992,1757233305.0222447,0.1669454574584961
1757233305.0224605,1757233305.1659896,0.14352917671203613
1757233305.1661892,1757233305.276395,0.11020588874816895
1757233305.2765234,1757233305.4376333,0.16110992431640625
1757233305.437846,1757233305.5949302,0.15708422660827637
1757233305.5951052,1757233305.705303,0.11019778251647949
1757233305.705445,1757233305.8755977,0.1701526641845703
1757233305.8757932,1757233306.1092467,0.23345351219177246
1757233306.1094995,1757233306.2545855,0.14508605003356934
1757233306.2548404,1757233306.3650365,0.11019611358642578
1757233306.365162,1757233306.5293918,0.1642298698425293
1757233306.529625,1757233306.6754797,0.14585471153259277
1757233306.6756392,1757233306.7858322,0.11019301414489746
1757233306.7859783,1757233306.9600818,0.1741034984588623
1757233306.960291,1757233307.0965466,0.13625574111938477
1757233307.096718,1757233307.2069092,0.11019110679626465
1757233307.207026,1757233307.3743174,0.16729140281677246
1757233307.3745313,1757233307.518073,0.14354181289672852
1757233307.5182335,1757233307.6297965,0.11156296730041504
1757233307.629915,1757233307.7989888,0.16907382011413574
1757233307.7991745,1757233307.9421558,0.14298129081726074
1757233307.9423394,1757233308.052527,0.11018753051757812
1757233308.0526564,1757233308.2207835,0.16812705993652344
1757233308.220996,1757233308.4566946,0.23569869995117188
1757233308.4569001,1757233308.603095,0.1461949348449707
1757233308.6033483,1757233308.7135837,0.11023545265197754
1757233308.7137303,1757233308.8887362,0.17500591278076172
1757233308.8889372,1757233309.0291867,0.14024949073791504
1757233309.029355,1757233309.1395423,0.11018729209899902
1757233309.1396644,1757233309.2498634,0.110198974609375
1757233309.2499788,1757233309.414859,0.16488027572631836
1757233309.4150538,1757233309.5866072,0.171553373336792
1757233309.5868561,1757233309.7746232,0.18776702880859375
1757233309.7748122,1757233309.91879,0.14397788047790527
1757233309.9189556,1757233310.0290656,0.11011004447937012
1757233310.0291808,1757233310.2072606,0.17807984352111816
1757233310.2074516,1757233310.35005,0.14259839057922363
1757233310.3502135,1757233310.4603248,0.11011123657226562
1757233310.4604473,1757233310.6321504,0.17170310020446777
1757233310.632346,1757233310.870712,0.23836612701416016
1757233310.870893,1757233311.0120034,0.14111042022705078
1757233311.012169,1757233311.1223233,0.11015439033508301
1757233311.1224487,1757233311.2634773,0.14102864265441895
1757233311.2636409,1757233311.373829,0.11018800735473633
1757233311.3739564,1757233311.5414004,0.16744399070739746
1757233311.5415812,1757233311.681431,0.13984990119934082
1757233311.6815946,1757233311.7917888,0.11019420623779297
1757233311.791945,1757233311.9536955,0.16175055503845215
1757233311.953887,1757233312.0988688,0.14498186111450195
1757233312.0990906,1757233312.20928,0.11018943786621094
1757233312.2094095,1757233312.3196034,0.11019396781921387
1757233498.7213335,1757233500.508443,1.787109613418579
1757233500.509491,1757233500.7847319,0.2752408981323242
1757233500.784979,1757233500.9259024,0.14092326164245605
1757233500.9260678,1757233501.1108198,0.1847519874572754
1757233501.111039,1757233501.3822114,0.27117252349853516
1757233501.3824399,1757233501.6338167,0.2513768672943115
1757233501.634023,1757233501.9176204,0.283597469329834
1757233501.9178362,1757233502.2006311,0.2827949523925781
1757233502.2008624,1757233502.5501366,0.3492741584777832
1757233502.5503666,1757233502.7561886,0.20582199096679688
1757233502.7564282,1757233502.9858284,0.2294001579284668
1757233502.9860625,1757233503.2584767,0.2724142074584961
1757233503.258754,1757233503.5244565,0.265702486038208
1757233503.5246642,1757233503.8076787,0.28301453590393066
1757233503.807987,1757233504.084501,0.27651405334472656
1757233504.084705,1757233504.3656507,0.2809455394744873
1757233504.3658607,1757233504.6464112,0.280550479888916
1757233504.6466491,1757233504.9309497,0.2843005657196045
1757233504.9311826,1757233505.193054,0.261871337890625
1757233505.1932638,1757233505.4741187,0.2808549404144287
1757233505.474381,1757233505.8280299,0.3536489009857178
1757233505.8282397,1757233506.004917,0.17667722702026367
1757233506.0052168,1757233506.2907283,0.28551149368286133
1757233506.2909665,1757233506.580923,0.28995656967163086
1757233506.5811398,1757233506.8903763,0.3092365264892578
1757233506.890576,1757233507.163922,0.2733461856842041
1757233507.1641893,1757233507.4381883,0.2739989757537842
1757233507.4385543,1757233507.72762,0.2890655994415283
1757233507.7278833,1757233507.9864233,0.25853991508483887
1757233507.986673,1757233508.2798676,0.2931945323944092
1757233508.2800944,1757233508.6337893,0.3536949157714844
1757233508.6339705,1757233508.8646564,0.23068594932556152
1757233508.8648384,1757233509.1195252,0.2546868324279785
1757233509.119714,1757233509.3839884,0.26427435874938965
1757233509.3842118,1757233509.6819303,0.29771852493286133
1757233509.6821268,1757233510.040021,0.3578941822052002
1757233510.0402188,1757233510.2158191,0.17560029029846191
1757233510.2159944,1757233510.5055733,0.289578914642334
1757233510.5057786,1757233510.7639053,0.25812673568725586
1757233510.7641053,1757233511.0477364,0.2836310863494873
1757233511.0479486,1757233511.4002614,0.3523128032684326
1757233511.4004629,1757233511.6135497,0.21308684349060059
1757233511.6137576,1757233511.8593478,0.2455902099609375
1757233511.8596208,1757233512.1356907,0.27606987953186035
1757233512.1358871,1757233512.4150207,0.27913355827331543
1757233512.4153662,1757233512.7026975,0.28733134269714355
1757233512.7029762,1757233512.9921072,0.28913092613220215
1757233512.9924603,1757233513.2701764,0.27771615982055664
1757233513.2704923,1757233513.5507207,0.2802283763885498
1757233513.5509384,1757233513.8131893,0.2622509002685547
1757233513.813421,1757233514.0912793,0.27785825729370117
1757233514.0915868,1757233514.4486403,0.3570535182952881
1757233514.4488735,1757233514.6345353,0.18566179275512695
1757233514.6347294,1757233514.8854318,0.2507023811340332
1757233514.8856602,1757233515.1755266,0.28986644744873047
1757233515.1757596,1757233515.4821076,0.3063480854034424
1757233515.4823356,1757233515.8383005,0.35596489906311035
1757233515.8385053,1757233516.0342267,0.19572138786315918
1757233516.03444,1757233516.287615,0.2531750202178955
1757233516.2878344,1757233516.5648296,0.2769951820373535
1757233516.565047,1757233516.8480527,0.2830057144165039
1757233516.848288,1757233517.20224,0.35395193099975586
1757233517.2024415,1757233517.4048083,0.20236682891845703
1757233517.4049757,1757233517.6680694,0.2630937099456787
1757233517.6682441,1757233517.950082,0.28183794021606445
1757233517.9503016,1757233518.2278092,0.2775075435638428
1757233518.2280433,1757233518.5041947,0.2761514186859131
1757233518.5043733,1757233518.788478,0.284104585647583
1757233518.7887747,1757233519.045255,0.25648021697998047
1757233519.0454535,1757233519.3362865,0.2908329963684082
1757233519.336486,1757233519.6181138,0.2816276550292969
1757233519.6183307,1757233519.9721427,0.35381197929382324
1757233519.9723933,1757233520.1399934,0.16760015487670898
1757233520.1402173,1757233520.4158936,0.27567625045776367
1757233520.4161031,1757233520.6689746,0.2528715133666992
1757233520.6692493,1757233520.9509687,0.281719446182251
1757233520.951222,1757233521.3058407,0.35461878776550293
1757233521.306006,1757233521.4890838,0.18307781219482422
1757233521.4892774,1757233521.7713904,0.28211307525634766
1757233521.7715716,1757233522.0549579,0.28338623046875
1757233522.055189,1757233522.346163,0.29097414016723633
1757233522.3463728,1757233522.6026275,0.2562546730041504
1757233522.6028516,1757233522.8829145,0.2800629138946533
1757233522.8831873,1757233523.2358067,0.3526194095611572
1757233523.2359703,1757233523.4115596,0.17558932304382324
1757233523.4117296,1757233523.684136,0.27240633964538574
1757233523.6843452,1757233523.966587,0.2822418212890625
1757233523.966789,1757233524.2576528,0.2908637523651123
1757233524.2578275,1757233524.5134017,0.25557422637939453
1757233524.5136461,1757233524.7928693,0.2792232036590576
1757233524.7931619,1757233525.0804296,0.28726768493652344
1757233525.0806446,1757233525.4366326,0.3559880256652832
1757233525.4368718,1757233525.6735158,0.23664402961730957
1757233525.6738334,1757233525.9571128,0.2832794189453125
1757233525.9574463,1757233526.240502,0.28305578231811523
1757233526.240694,1757233526.5318055,0.29111146926879883
1757233526.531988,1757233526.8141758,0.28218793869018555
1757233526.8143914,1757233527.0921052,0.2777137756347656
1757233527.0922766,1757233527.3729613,0.2806847095489502
1757233527.3732839,1757233527.651237,0.2779531478881836
1757233527.651524,1757233527.9375348,0.2860107421875
1757233527.9377673,1757233528.2285876,0.2908203601837158
1757233528.2287834,1757233528.4894092,0.26062583923339844
1757233528.4897625,1757233528.8249545,0.3351919651031494
1757233528.825152,1757233529.1051402,0.27998828887939453
1757233529.1055007,1757233529.4894075,0.38390684127807617
1757233529.4896214,1757233529.6731522,0.1835308074951172
1757233529.6733735,1757233529.9548333,0.2814598083496094
1757233529.9552362,1757233530.213894,0.25865769386291504
1757233530.2140894,1757233530.4970663,0.2829768657684326
1757233530.4974403,1757233530.861728,0.3642876148223877
1757233530.8619359,1757233531.0481808,0.18624496459960938
1757233531.0485146,1757233531.3363018,0.28778719902038574
1757233531.3366437,1757233531.6343799,0.29773616790771484
1757233531.6346614,1757233531.993288,0.3586266040802002
1757233531.9935083,1757233532.1749196,0.1814112663269043
1757233532.1751993,1757233532.4286935,0.2534942626953125
1757233532.428921,1757233532.7135892,0.2846682071685791
1757233532.7138455,1757233533.072758,0.35891246795654297
1757233533.0729666,1757233533.2507348,0.17776823043823242
1757233533.2511356,1757233533.5319777,0.2808420658111572
1757233533.5323174,1757233533.820512,0.2881946563720703
1757233533.8208504,1757233534.099469,0.27861857414245605
1757233534.0996716,1757233534.353506,0.25383448600769043
1757233534.353706,1757233534.6841524,0.3304464817047119
1757233534.6843846,1757233535.036521,0.35213637351989746
1757233535.0367224,1757233535.221809,0.18508648872375488
1757233535.2220097,1757233535.4736512,0.25164151191711426
1757233535.473905,1757233535.7702687,0.29636359214782715
1757233535.7705429,1757233536.1227326,0.3521897792816162
1757233536.1229272,1757233536.302709,0.17978191375732422
1757233536.3028965,1757233536.5817378,0.2788412570953369
1757233536.5820754,1757233536.8354974,0.2534220218658447
1757233536.8357031,1757233537.1196415,0.2839384078979492
1757233537.1198537,1757233537.4081726,0.2883188724517822
1757233537.4084978,1757233537.7642424,0.3557446002960205
1757233537.7644277,1757233537.946157,0.18172931671142578
1757233537.9463608,1757233538.232063,0.2857022285461426
1757233538.2323787,1757233538.5518072,0.3194284439086914
1757233538.5519876,1757233538.845628,0.2936403751373291
1757233538.8459,1757233539.1138184,0.26791834831237793
1757233539.1141198,1757233539.40794,0.2938201427459717
1757233539.4081657,1757233539.7599487,0.35178303718566895
1757233539.7601988,1757233539.946239,0.18604016304016113
1757233539.9464157,1757233540.2080083,0.2615926265716553
1757233540.2082741,1757233540.5597508,0.35147666931152344
1757233540.5600042,1757233540.9146848,0.35468053817749023
1757233540.9148555,1757233541.09682,0.18196463584899902
1757233541.0970373,1757233541.3525445,0.255507230758667
1757233541.3527555,1757233541.6263208,0.27356529235839844
1757233541.6266797,1757233541.985638,0.35895824432373047
1757233541.9858146,1757233542.1688917,0.18307709693908691
1757233542.1691434,1757233542.4678369,0.2986934185028076
1757233542.4682271,1757233542.75525,0.28702282905578613
1757233542.7555943,1757233543.0144308,0.2588365077972412
1757233543.014648,1757233543.5048382,0.4901902675628662
1757233543.505113,1757233543.767391,0.26227807998657227
1757233543.767584,1757233544.0217786,0.2541944980621338
1757233565.3717954,1757233565.779708,0.4079124927520752
1757233565.7799895,1757233566.048331,0.2683415412902832
1757233566.0485077,1757233566.2991188,0.2506110668182373
1757233566.299361,1757233566.5480819,0.24872088432312012
1757233566.5482817,1757233566.842715,0.2944333553314209
1757233566.8429608,1757233567.086878,0.24391722679138184
1757233567.0871024,1757233567.3359897,0.248887300491333
1757233567.336216,1757233567.5828457,0.2466297149658203
1757233567.5830805,1757233567.834517,0.2514364719390869
1757233567.8347428,1757233568.0760205,0.24127769470214844
1757233568.076209,1757233568.322361,0.24615192413330078
1757233568.3225808,1757233568.5701602,0.24757933616638184
1757233568.5704024,1757233568.8225102,0.2521078586578369
1757233568.822735,1757233569.0726569,0.2499217987060547
1757233569.0728934,1757233569.3241405,0.2512471675872803
1757233569.3243673,1757233569.6362562,0.3118889331817627
1757233569.6364903,1757233569.8931835,0.25669312477111816
1757233569.8934631,1757233570.1561959,0.26273274421691895
1757233570.1564593,1757233570.3057563,0.14929699897766113
1757233570.3059378,1757233570.4161232,0.11018538475036621
1757233570.4162102,1757233570.5263214,0.11011123657226562
1757233570.5264146,1757233570.6366005,0.11018586158752441
1757233570.6366866,1757233570.7468734,0.11018681526184082
1757233570.7469559,1757233570.8571503,0.11019444465637207
1757233570.8572671,1757233570.9674582,0.11019110679626465
1757233570.967568,1757233571.077763,0.11019515991210938
1757233571.0778823,1757233571.188083,0.11020064353942871
1757233571.188211,1757233571.2983255,0.11011457443237305
1757233571.298462,1757233571.4086704,0.11020851135253906
1757233571.4088027,1757233571.5190046,0.11020183563232422
1757233571.5191298,1757233571.629322,0.11019229888916016
1757233571.6294448,1757233571.7396386,0.11019372940063477
1757233571.7397337,1757233571.8499215,0.11018776893615723
1757233571.8500187,1757233571.9602125,0.11019372940063477
1757233571.9603,1757233572.0704944,0.11019444465637207
1757233572.0705807,1757233572.1807675,0.11018681526184082
1757233572.180862,1757233572.2910464,0.1101844310760498
1757233572.2911284,1757233572.401322,0.11019349098205566
1757233572.4014301,1757233572.5116324,0.11020231246948242
1757233572.5117848,1757233572.6219826,0.11019778251647949
1757233572.6220918,1757233572.7322962,0.11020445823669434
1757233572.7323983,1757233572.8425858,0.11018753051757812
1757233572.8426948,1757233572.9528844,0.11018967628479004
1757233572.9529748,1757233573.0631602,0.11018538475036621
1757233573.0632603,1757233573.173451,0.11019062995910645
1757233573.1735656,1757233573.2837734,0.11020779609680176
1757233573.2838888,1757233573.3940916,0.11020278930664062
1757233573.3942206,1757233573.5044267,0.11020612716674805
1757233573.5045292,1757233573.65146,0.14693069458007812
1757233573.6516635,1757233573.7618582,0.11019468307495117
1757233573.7619941,1757233573.8721974,0.11020326614379883
1757233573.8723438,1757233574.1576574,0.28531360626220703
1757233574.15791,1757233574.3046916,0.14678144454956055
1757233574.304913,1757233574.4151092,0.11019611358642578
1757233574.4152524,1757233574.5254517,0.1101992130279541
1757233574.5256064,1757233574.7971802,0.2715737819671631
1757233574.7973983,1757233574.9546366,0.15723824501037598
1757233574.954803,1757233575.0649931,0.11019015312194824
1757233575.0651233,1757233575.175327,0.11020374298095703
1757233575.1754506,1757233575.4530752,0.27762460708618164
1757233575.453242,1757233575.6040626,0.15082049369812012
1757233575.6042268,1757233575.7144136,0.11018681526184082
1757233575.7145433,1757233575.8247397,0.11019635200500488
1757233575.8248658,1757233576.1502662,0.32540035247802734
1757233576.150438,1757233576.2958276,0.14538955688476562
1757233576.2959924,1757233576.4061844,0.11019206047058105
1757233576.4062989,1757233576.5165057,0.11020684242248535
1757233576.5166209,1757233576.7915728,0.2749519348144531
1757233576.7918684,1757233577.107027,0.3151586055755615
1757233577.107188,1757233577.2467701,0.13958215713500977
1757233577.2469575,1757233577.357146,0.11018848419189453
1757233577.3572674,1757233577.4677312,0.11046385765075684
1757233577.4678566,1757233577.758042,0.29018545150756836
1757233577.7582006,1757233577.907574,0.14937329292297363
1757233577.9077353,1757233578.0179205,0.11018514633178711
1757233578.0180364,1757233578.1282306,0.11019420623779297
1757233578.1283488,1757233578.238541,0.11019206047058105
1757233578.2386649,1757233578.5201595,0.2814946174621582
1757233578.5203276,1757233578.6545303,0.1342027187347412
1757233578.654709,1757233578.7649038,0.11019468307495117
1757233578.7650194,1757233578.8752174,0.1101980209350586
1757233578.8753526,1757233578.9855516,0.110198974609375
1757233578.9856656,1757233579.2562168,0.2705512046813965
1757233579.2564516,1757233579.4243672,0.16791558265686035
1757233579.4245343,1757233579.5347192,0.11018490791320801
1757233579.534836,1757233579.6450298,0.11019372940063477
1757233579.6451428,1757233579.9657707,0.32062792778015137
1757233579.9659498,1757233580.0995128,0.13356304168701172
1757233580.0996902,1757233580.2098775,0.11018729209899902
1757233580.2099905,1757233580.3201926,0.11020207405090332
1757233580.3203235,1757233580.6064017,0.28607821464538574
1757233580.60661,1757233580.7510707,0.14446067810058594
1757233580.751265,1757233580.8614452,0.11018013954162598
1757233580.8615913,1757233580.9717948,0.11020350456237793
1757233580.971925,1757233581.253192,0.2812669277191162
1757233581.2533932,1757233581.4053903,0.15199708938598633
1757233581.4055495,1757233581.515798,0.11024856567382812
1757233581.5159178,1757233581.6261144,0.11019659042358398
1757233581.6262188,1757233581.7363312,0.11011242866516113
1757233581.7364702,1757233582.0230975,0.28662729263305664
1757233582.0232828,1757233582.1665254,0.14324259757995605
1757233582.166685,1757233582.2768478,0.11016273498535156
1757233582.2769685,1757233582.3871667,0.1101982593536377
1757233582.3872807,1757233582.662973,0.2756922245025635
1757233582.6631515,1757233582.8110669,0.14791536331176758
1757233582.811237,1757233582.9214303,0.11019325256347656
1757233582.9215431,1757233583.0317395,0.11019635200500488
1757233583.031855,1757233583.3630733,0.33121824264526367
1757233583.3632557,1757233583.5141463,0.15089058876037598
1757233583.514306,1757233583.6244977,0.11019158363342285
1757233583.624623,1757233583.734822,0.110198974609375
1757233583.7349617,1757233584.034137,0.2991752624511719
1757233584.0342963,1757233584.1776547,0.14335846900939941
1757233584.177815,1757233584.2879975,0.11018252372741699
1757233584.288112,1757233584.3983037,0.11019182205200195
1757233584.3984385,1757233584.6716337,0.2731952667236328
1757233584.6718488,1757233584.8106391,0.13879036903381348
1757233584.8108084,1757233584.920997,0.11018848419189453
1757233584.921116,1757233585.0313156,0.1101994514465332
1757233585.031448,1757233585.162455,0.13100719451904297
1757233585.1626222,1757233585.2728097,0.11018753051757812
1757233585.2729216,1757233585.3831162,0.11019468307495117
1757233585.3832362,1757233585.6577592,0.2745230197906494
1757233585.65794,1757233585.800997,0.14305710792541504
1757233585.8011944,1757233585.9113264,0.11013197898864746
1757233585.9114475,1757233586.021657,0.11020946502685547
1757233586.021829,1757233586.2975256,0.2756967544555664
1757233586.297705,1757233586.664298,0.3665931224822998
1757233586.664491,1757233586.8103864,0.14589548110961914
1757233586.810574,1757233586.9207659,0.11019182205200195
1757233586.9208906,1757233587.031089,0.1101984977722168
1757233587.0312185,1757233587.301831,0.2706124782562256
1757233587.302006,1757233587.4597075,0.1577014923095703
1757233587.459875,1757233587.5700564,0.11018133163452148
1757233587.570156,1757233587.6803489,0.11019277572631836
1757233587.6804924,1757233587.9452007,0.2647082805633545
1757233587.945384,1757233588.0897138,0.14432978630065918
1757233588.0899038,1757233588.2000906,0.11018681526184082
1757233588.2002041,1757233588.310328,0.11012387275695801
1757233588.3104699,1757233588.5826259,0.2721560001373291
1757233588.5828178,1757233588.7236912,0.14087343215942383
1757233588.723861,1757233588.8340561,0.11019515991210938
1757233588.8341835,1757233588.944326,0.11014246940612793
1757233588.9444895,1757233589.2305343,0.2860448360443115
1757233589.230723,1757233589.372502,0.14177918434143066
1757233589.3726778,1757233589.4828677,0.11018991470336914
1757233589.4829981,1757233589.5932,0.11020183563232422
1757233589.593331,1757233589.9313328,0.33800172805786133
1757233589.931512,1757233590.104501,0.1729888916015625
1757233590.1046698,1757233590.2148612,0.11019134521484375
1757233590.2149801,1757233590.3251796,0.1101994514465332
1757233590.325313,1757233590.5969954,0.2716822624206543
1757233590.5971591,1757233590.7407176,0.14355850219726562
1757233590.7408824,1757233590.8510683,0.11018586158752441
1757233590.8511922,1757233590.9613295,0.1101372241973877
1757233590.9614537,1757233591.2429883,0.28153467178344727
1757233591.2431571,1757233591.5336745,0.29051733016967773
1757233591.5338902,1757233591.683246,0.14935564994812012
1757233591.683411,1757233591.7935963,0.11018538475036621
1757233591.7937157,1757233591.9039102,0.11019444465637207
1757233591.9040258,1757233592.0511472,0.14712142944335938
1757233592.0513194,1757233592.1615076,0.11018824577331543
1757233592.1616306,1757233592.271828,0.11019730567932129
1757233592.2719548,1757233592.5500422,0.2780873775482178
1757233592.550229,1757233592.6977108,0.14748167991638184
1757233592.6978686,1757233592.8080554,0.11018681526184082
1757233592.808181,1757233592.918329,0.11014795303344727
1757233592.918478,1757233593.1916218,0.2731437683105469
1757233593.1918106,1757233593.535354,0.34354329109191895
1757233593.535574,1757233593.688532,0.15295815467834473
1757233593.6886935,1757233593.798875,0.11018157005310059
1757233593.7989876,1757233593.9091823,0.11019468307495117
1757233593.909321,1757233594.1787977,0.26947665214538574
1757233594.178983,1757233594.3194902,0.14050722122192383
1757233594.3196523,1757233594.4298368,0.1101844310760498
1757233594.4299586,1757233594.5401537,0.11019515991210938
1757233594.5402803,1757233594.6714542,0.13117384910583496
1757233594.6716437,1757233594.7818224,0.11017870903015137
1757233594.7819295,1757233594.8921216,0.11019206047058105
1757233594.8922415,1757233595.15788,0.2656385898590088
1757233595.1580667,1757233595.298793,0.14072632789611816
1757233595.2989578,1757233595.409139,0.11018109321594238
1757233595.409255,1757233595.5194545,0.1101994514465332
1757233595.519638,1757233595.6553717,0.13573360443115234
1757233595.6555657,1757233595.7657552,0.11018943786621094
1757233595.7658703,1757233595.876071,0.11020064353942871
1757233595.8761988,1757233596.145621,0.2694222927093506
1757233596.1458454,1757233596.2967615,0.15091609954833984
1757233596.2969503,1757233596.4071422,0.11019182205200195
1757233596.4072616,1757233596.5174632,0.11020159721374512
1757233596.5175903,1757233596.790632,0.2730417251586914
1757233596.7908144,1757233597.134085,0.34327054023742676
1757233597.1342735,1757233597.2776213,0.14334774017333984
1757233597.2777817,1757233597.38797,0.11018824577331543
1757233597.3880913,1757233597.4982877,0.11019635200500488
1757233597.4984066,1757233597.7716727,0.273266077041626
1757233597.7718947,1757233597.910798,0.13890337944030762
1757233597.910963,1757233598.0211492,0.11018610000610352
1757233598.0212624,1757233598.1314538,0.11019134521484375
1757233598.131572,1757233598.3989553,0.267383337020874
1757233598.3991563,1757233598.5442874,0.14513111114501953
1757233598.5444546,1757233598.654643,0.11018848419189453
1757233598.654758,1757233598.7649481,0.11019015312194824
1757233598.7650757,1757233599.0335386,0.2684628963470459
1757233599.0337303,1757233599.1799927,0.14626240730285645
1757233599.180164,1757233599.2903237,0.11015963554382324
1757233599.290468,1757233599.400676,0.11020803451538086
1757233599.4007964,1757233599.5109963,0.1101999282836914
1757233599.5111153,1757233599.7850535,0.2739381790161133
1757233599.7852216,1757233600.0804985,0.2952768802642822
1757233600.0806825,1757233600.2816532,0.20097064971923828
1757233600.2818167,1757233600.3920026,0.11018586158752441
1757233600.3921077,1757233600.5023525,0.1102447509765625
1757233600.5024774,1757233600.7649205,0.26244306564331055
1757233600.765132,1757233600.9258204,0.1606884002685547
1757233600.9259858,1757233601.0361698,0.1101839542388916
1757233601.0362778,1757233601.1464713,0.11019349098205566
1757233601.1466165,1757233601.4220004,0.27538394927978516
1757233601.4221783,1757233601.568715,0.14653682708740234
1757233601.5688796,1757233601.679063,0.1101834774017334
1757233601.6791804,1757233601.7893786,0.1101982593536377
1757233601.78952,1757233602.0633523,0.2738323211669922
1757233602.063578,1757233602.363792,0.3002140522003174
1757233602.3639965,1757233602.50952,0.1455235481262207
1757233602.5097322,1757233602.619923,0.11019086837768555
1757233602.620047,1757233602.7302442,0.11019706726074219
1757233602.7303588,1757233602.8405538,0.11019492149353027
1757233602.8406687,1757233603.1239867,0.28331804275512695
1757233603.124193,1757233603.4108706,0.28667759895324707
1757233603.4110553,1757233603.5518208,0.14076542854309082
1757233603.5520144,1757233603.6622057,0.11019134521484375
1757233603.662341,1757233603.7725422,0.11020112037658691
1757233603.7726552,1757233604.1125672,0.33991193771362305
1757233604.112782,1757233604.2615857,0.1488037109375
1757233604.2617798,1757233604.3719614,0.11018157005310059
1757233604.3720665,1757233604.482264,0.11019754409790039
1757233604.482397,1757233604.7581658,0.2757687568664551
1757233604.7583995,1757233604.90144,0.14304041862487793
1757233604.9016142,1757233605.0117967,0.11018252372741699
1757233605.011899,1757233605.1220891,0.11019015312194824
1757233605.122208,1757233605.3875835,0.26537537574768066
1757233605.3877625,1757233605.5290055,0.14124298095703125
1757233605.5291903,1757233605.63938,0.11018967628479004
1757233605.6394885,1757233605.7496831,0.11019468307495117
1757233605.7498014,1757233606.0158992,0.2660977840423584
1757233606.016086,1757233606.1588495,0.14276337623596191
1757233606.1590416,1757233606.2692356,0.11019396781921387
1757233606.269393,1757233606.379598,0.11020493507385254
1757233606.3797061,1757233606.5252337,0.14552760124206543
1757233606.5254261,1757233606.63562,0.11019396781921387
1757233606.6357453,1757233606.7977548,0.16200947761535645
1757233606.7979777,1757233607.038198,0.240220308303833
1757233607.0383737,1757233607.18199,0.1436161994934082
1757233607.1821492,1757233607.2923365,0.11018729209899902
1757233607.2924614,1757233607.4540806,0.1616191864013672
1757233607.4542687,1757233607.5960464,0.14177775382995605
1757233607.5962055,1757233607.70639,0.1101844310760498
1757233607.7065144,1757233607.8692923,0.16277790069580078
1757233607.8694835,1757233608.0175648,0.14808130264282227
1757233608.0177195,1757233608.1279104,0.11019086837768555
1757233608.1280549,1757233608.2982502,0.1701953411102295
1757233608.298436,1757233608.4409394,0.1425034999847412
1757233608.4411254,1757233608.5513268,0.11020135879516602
1757233608.5514612,1757233608.7131846,0.16172337532043457
1757233608.713364,1757233608.8585308,0.14516687393188477
1757233608.858725,1757233608.9689157,0.11019062995910645
1757233608.969037,1757233609.1872768,0.21823978424072266
1757233609.1874878,1757233609.327669,0.1401810646057129
1757233609.3278306,1757233609.4380317,0.11020112037658691
1757233609.4381785,1757233609.5951433,0.15696477890014648
1757233609.595334,1757233609.7372882,0.1419541835784912
1757233609.737464,1757233609.847653,0.11018896102905273
1757233609.8477921,1757233610.020925,0.17313289642333984
1757233610.021157,1757233610.1682615,0.14710450172424316
1757233610.1684399,1757233610.2786393,0.1101994514465332
1757233610.2787561,1757233610.4479494,0.16919326782226562
1757233610.4481473,1757233610.5932114,0.145064115524292
1757233610.5933814,1757233610.703574,0.11019253730773926
1757233610.7036943,1757233610.8663478,0.16265344619750977
1757233610.8665316,1757233611.0107434,0.1442117691040039
1757233611.0109265,1757233611.1211188,0.11019229888916016
1757233611.1212478,1757233611.3431697,0.2219219207763672
1757233611.3433878,1757233611.487698,0.14431023597717285
1757233611.4878826,1757233611.598076,0.11019349098205566
1757233611.5982096,1757233611.7658563,0.1676466464996338
1757233611.766093,1757233611.919396,0.15330290794372559
1757233611.9195657,1757233612.029758,0.11019229888916016
1757233612.0298927,1757233612.2114089,0.18151617050170898
1757233612.211629,1757233612.3845444,0.17291545867919922
1757233612.384738,1757233612.5248458,0.1401078701019287
1757233612.5250342,1757233612.6352274,0.11019325256347656
1757233612.6353712,1757233612.813243,0.1778717041015625
1757233612.8134217,1757233612.970594,0.15717220306396484
1757233612.9707744,1757233613.0823848,0.11161041259765625
1757233613.0824964,1757233613.2228782,0.1403818130493164
1757233613.223063,1757233613.333255,0.11019206047058105
1757233613.3333945,1757233613.5453436,0.21194911003112793
1757233613.545523,1757233613.7221527,0.17662978172302246
1757233613.722329,1757233613.8661566,0.1438276767730713
1757233613.8663402,1757233613.976532,0.11019182205200195
1757233613.9766471,1757233614.1478648,0.171217679977417
1757233614.1480834,1757233614.2885077,0.14042425155639648
1757233614.2886877,1757233614.3988752,0.11018753051757812
1757233614.3990355,1757233614.5703192,0.17128372192382812
1757233614.5705087,1757233614.7205203,0.15001153945922852
1757233614.7207487,1757233614.830949,0.11020040512084961
1757233614.8310626,1757233614.9958224,0.16475987434387207
1757233614.9960287,1757233615.1313934,0.13536477088928223
1757233615.1315749,1757233615.2417643,0.11018943786621094
1757233615.2418826,1757233615.407452,0.16556954383850098
1757233615.4076488,1757233615.5405962,0.13294744491577148
1757233615.5407631,1757233615.6509519,0.11018872261047363
1757233615.6510704,1757233615.761273,0.11020255088806152
1757233615.7614079,1757233615.97894,0.21753215789794922
1757233615.979166,1757233616.1116273,0.1324613094329834
1757233616.1117883,1757233616.2219799,0.11019158363342285
1757233616.2221036,1757233616.4062634,0.1841597557067871
1757233616.4065197,1757233616.5497062,0.1431865692138672
1757233616.5498614,1757233616.660052,0.11019062995910645
1757233616.660213,1757233616.8270438,0.16683077812194824
1757233616.827269,1757233616.9635727,0.13630366325378418
1757233616.9637358,1757233617.073923,0.11018729209899902
1757233617.0740533,1757233617.2406638,0.1666104793548584
1757233617.2408943,1757233617.3890858,0.1481914520263672
1757233617.3892465,1757233617.499433,0.11018657684326172
1757233617.4995575,1757233617.6794279,0.1798703670501709
1757233617.6796165,1757233617.8554535,0.17583703994750977
1757233617.8556292,1757233617.9658465,0.11021733283996582
1757233617.9659767,1757233618.1320338,0.16605710983276367
1757233618.1322396,1757233618.3297634,0.197523832321167
1757233618.329923,1757233618.4401128,0.11018991470336914
1757233618.4402452,1757233618.6118927,0.1716475486755371
1757233618.6121304,1757233618.7570088,0.14487838745117188
1757233618.7571673,1757233618.867328,0.11016058921813965
1757233618.8674574,1757233619.034598,0.16714072227478027
1757233619.0348344,1757233619.1796784,0.14484405517578125
1757233619.1799092,1757233619.2900991,0.11018991470336914
1757233619.2902281,1757233619.45639,0.16616177558898926
1757233619.4565675,1757233619.593066,0.13649845123291016
1757233619.5932333,1757233619.7034326,0.1101992130279541
1757233619.7035804,1757233619.8680494,0.16446900367736816
1757233619.868261,1757233620.0121145,0.14385342597961426
1757233620.0122757,1757233620.122444,0.1101682186126709
1757233620.1225867,1757233620.2594416,0.136854887008667
1757233620.2596123,1757233620.3698041,0.11019182205200195
1757233620.369946,1757233620.5877297,0.21778368949890137
1757233620.587939,1757233620.7245836,0.13664460182189941
1757233620.7247486,1757233620.8349416,0.11019301414489746
1757233620.8350787,1757233620.977248,0.14216923713684082
1757233620.9774156,1757233621.0876074,0.11019182205200195
1757233621.0877266,1757233621.2558959,0.16816926002502441
1757233621.2561288,1757233621.4022863,0.14615750312805176
1757233621.402453,1757233621.5126464,0.11019349098205566
1757233621.5127623,1757233621.6678998,0.1551375389099121
1757233621.6681097,1757233621.8088107,0.1407010555267334
1757233621.808999,1757233621.919191,0.11019182205200195
1757233621.919315,1757233622.0855649,0.16624975204467773
1757233622.0857694,1757233622.2252421,0.13947272300720215
1757233622.2254105,1757233622.335593,0.11018252372741699
1757233622.3356931,1757233622.445883,0.11018991470336914
1757233836.1039925,1757233837.8476138,1.7436213493347168
1757233837.847866,1757233838.112236,0.2643699645996094
1757233838.1124725,1757233838.250509,0.13803648948669434
1757233838.2506864,1757233838.4879675,0.23728108406066895
1757233838.4881496,1757233838.7648609,0.27671122550964355
1757233838.7650545,1757233839.0461073,0.281052827835083
1757233839.0463977,1757233839.3627436,0.3163459300994873
1757233839.3629618,1757233839.6396217,0.2766599655151367
1757233839.6398594,1757233839.9190366,0.279177188873291
1757233839.9193542,1757233840.1971118,0.2777576446533203
1757233840.1973352,1757233840.4744081,0.2770729064941406
1757233840.47475,1757233840.7485485,0.27379846572875977
1757233840.7487612,1757233841.0107734,0.262012243270874
1757233841.0109966,1757233841.2859037,0.27490711212158203
1757233841.2860842,1757233841.614895,0.3288109302520752
1757233841.6150732,1757233841.775534,0.1604607105255127
1757233841.775747,1757233842.0342045,0.2584574222564697
1757233842.034449,1757233842.292101,0.25765180587768555
1757233842.2922683,1757233842.553572,0.2613036632537842
1757233842.553755,1757233842.787445,0.2336900234222412
1757233842.7876785,1757233843.057547,0.2698686122894287
1757233843.057758,1757233843.3887997,0.3310415744781494
1757233843.388996,1757233843.546585,0.15758919715881348
1757233843.5467799,1757233843.7821264,0.23534655570983887
1757233843.7823405,1757233844.0321143,0.24977374076843262
1757233844.032387,1757233844.3685539,0.3361668586730957
1757233844.3688185,1757233844.5398648,0.17104625701904297
1757233844.5400624,1757233844.7735152,0.23345279693603516
1757233844.7737522,1757233845.1024253,0.3286731243133545
1757233845.1027608,1757233845.3616784,0.25891757011413574
1757233845.3619008,1757233845.6930752,0.331174373626709
1757233845.6932547,1757233845.8528023,0.1595475673675537
1757233845.85301,1757233846.1097896,0.25677967071533203
1757233846.1101038,1757233846.3655863,0.25548243522644043
1757233846.3658214,1757233846.5992618,0.23344039916992188
1757233846.5994663,1757233846.866193,0.2667267322540283
1757233846.8664093,1757233847.1972916,0.33088231086730957
1757233847.1974642,1757233847.429223,0.23175883293151855
1757233847.4294946,1757233847.7521617,0.32266712188720703
1757233847.752364,1757233847.9983332,0.24596929550170898
1757233847.9985142,1757233848.2393904,0.2408761978149414
1757233848.2396185,1757233851.4710681,3.231449604034424
1757233851.471274,1757233857.758135,6.286861181259155
1757233857.7583485,1757233861.147189,3.388840436935425
1757233861.1473842,1757233867.4339566,6.286572456359863
1757233867.434169,1757233870.8114612,3.3772921562194824
1757233870.811661,1757233877.0942218,6.2825608253479
1757233877.0944722,1757233880.4889143,3.394442081451416
1757233880.4891546,1757233886.8345735,6.345418930053711
1757233886.8348029,1757233890.2243664,3.38956356048584
1757233890.224581,1757233896.51169,6.287108898162842
1757233896.511889,1757233899.896945,3.3850560188293457
1757233899.8971312,1757233906.1880624,6.290931224822998
1757233906.1882572,1757233909.5759974,3.387740135192871
1757233909.5761836,1757233915.8652053,6.289021730422974
1757233915.8654583,1757233919.2569308,3.391472578048706
1757233919.2571182,1757233925.552126,6.295007705688477
1757233925.5523338,1757233928.937497,3.3851630687713623
1757233928.9376655,1757233935.2747564,6.337090969085693
1757233935.2749531,1757233938.6616454,3.3866922855377197
1757233938.6618288,1757233944.9524975,6.290668725967407
1757233944.9527311,1757233948.3368294,3.3840982913970947
1757233948.337013,1757233954.6262784,6.289265394210815
1757233954.6265073,1757233958.013555,3.38704776763916
1757233958.0137432,1757233964.3066494,6.292906284332275
1757233964.3068676,1757233967.6970825,3.3902149200439453
1757233967.6972725,1757233973.989424,6.29215145111084
1757233973.9896872,1757233974.0999,0.11021280288696289
1757233974.1000392,1757233974.2102559,0.11021661758422852
1757233974.2103934,1757233974.3206136,0.11022019386291504
1757233974.3207967,1757233974.431001,0.11020421981811523
1757233974.431099,1757233974.5413003,0.11020135879516602
1757233974.5414495,1757233974.6516638,0.1102142333984375
1757233974.651844,1757233974.7620523,0.11020827293395996
1757233974.7621665,1757233974.87233,0.11016345024108887
1757233974.8724656,1757233974.9826796,0.1102139949798584
1757233974.982852,1757233975.0930684,0.11021637916564941
1757233975.093202,1757233975.2033262,0.11012411117553711
1757233975.2034614,1757233975.3136683,0.11020684242248535
1757233975.3138227,1757233975.424044,0.11022114753723145
1757233975.424181,1757233975.5343242,0.11014318466186523
1757233975.5344427,1757233975.6446493,0.11020660400390625
1757233975.6447847,1757233975.754988,0.11020326614379883
1757233975.7551131,1757233975.8653183,0.11020517349243164
1757233975.8654344,1757233975.9756274,0.11019301414489746
1757233975.9757288,1757233976.085933,0.11020421981811523
1757233976.0861042,1757233976.1963146,0.11021041870117188
1757233976.1964273,1757233976.306624,0.11019659042358398
1757233976.3067262,1757233976.4169157,0.11018943786621094
1757233976.417017,1757233976.5272098,0.11019277572631836
1757233976.5273352,1757233976.637539,0.11020374298095703
1757233976.6376572,1757233976.7478592,0.11020207405090332
1757233976.7479873,1757233976.8581913,0.11020398139953613
1757233976.8583176,1757233976.9685173,0.1101996898651123
1757233976.968645,1757233977.078846,0.11020088195800781
1757233977.0789807,1757233977.1891925,0.11021184921264648
1757233977.1893468,1757233977.2995586,0.11021184921264648
1757233977.2996764,1757233977.409866,0.11018967628479004
1757233977.409944,1757233977.5201385,0.11019444465637207
1757233977.5202174,1757233977.6304247,0.11020731925964355
1757233977.6304984,1757233977.7406907,0.11019229888916016
1757233977.7407653,1757233977.8509448,0.11017942428588867
1757233977.851016,1757233977.9611948,0.11017870903015137
1757233977.9612665,1757233978.0714447,0.11017823219299316
1757233978.071515,1757233978.1817029,0.11018776893615723
1757233978.1818242,1757233978.2920148,0.11019062995910645
1757233978.2921088,1757233978.402297,0.11018824577331543
1757233978.4023821,1757233978.5125728,0.11019062995910645
1757233978.512698,1757233978.6229033,0.11020541191101074
1757233978.623033,1757233978.73324,0.11020684242248535
1757233978.7333772,1757233978.8435824,0.11020517349243164
1757233978.8437054,1757233978.953907,0.11020159721374512
1757233978.954027,1757233979.0642264,0.1101994514465332
1757233979.0643609,1757233979.1745613,0.11020040512084961
1757233979.1746845,1757233979.284898,0.1102135181427002
1757233979.2850044,1757233979.3952198,0.11021542549133301
1757233979.3952987,1757233979.505504,0.11020517349243164
1757233979.505587,1757233979.6160665,0.11047935485839844
1757233979.6161427,1757233979.726349,0.11020636558532715
1757233979.7264817,1757233979.8366876,0.11020588874816895
1757233979.8368187,1757233979.9470155,0.11019682884216309
1757233979.9471047,1757233980.0572894,0.1101846694946289
1757233980.0573761,1757233980.167563,0.11018681526184082
1757233980.1676643,1757233980.277865,0.11020064353942871
1757233980.278003,1757233980.388212,0.11020898818969727
1757233980.3883507,1757233980.4985607,0.11020994186401367
1757233980.498707,1757233980.6089115,0.11020445823669434
1757233980.609024,1757233980.7192194,0.11019539833068848
1757233980.719348,1757233980.8295512,0.11020326614379883
1757233980.8296878,1757233980.9398894,0.11020159721374512
1757233980.9400144,1757233981.0502186,0.11020421981811523
1757233981.0503619,1757233981.1605728,0.11021089553833008
1757233981.1607525,1757233981.2709692,0.11021661758422852
1757233981.2711067,1757233981.3813207,0.1102139949798584
1757233981.381433,1757233981.491624,0.11019110679626465
1757233981.4917176,1757233981.6019077,0.11019015312194824
1757233981.601994,1757233981.7121787,0.1101846694946289
1757233981.7122588,1757233981.822443,0.1101841926574707
1757233981.8225236,1757233981.9327276,0.11020398139953613
1757233981.9328556,1757233982.043065,0.11020946502685547
1757233982.0432117,1757233982.1534252,0.1102135181427002
1757233982.1535938,1757233982.2638223,0.1102285385131836
1757233982.26401,1757233982.3742313,0.11022138595581055
1757233982.3743727,1757233982.4845803,0.11020755767822266
1757233982.484708,1757233982.5949125,0.11020445823669434
1757233982.5950358,1757233982.705247,0.11021113395690918
1757233982.7053816,1757233982.8156044,0.11022281646728516
1757233982.815775,1757233982.9259903,0.11021542549133301
1757233982.9261217,1757233983.0363286,0.11020684242248535
1757233983.036462,1757233983.146669,0.11020684242248535
1757233983.1467986,1757233983.2569978,0.1101992130279541
1757233983.257094,1757233983.3672915,0.11019754409790039
1757233983.3674314,1757233983.4776423,0.11021089553833008
1757233983.4778209,1757233983.5880425,0.11022162437438965
1757233983.5881646,1757233983.6983886,0.11022400856018066
1757233983.6984973,1757233983.8086874,0.11019015312194824
1757233983.8087785,1757233983.918962,0.1101834774017334
1757233983.9190478,1757233984.0292397,0.11019182205200195
1757233984.0293758,1757233984.139587,0.11021113395690918
1757233984.1397219,1757233984.2499394,0.11021757125854492
1757233984.2500744,1757233984.3602834,0.11020898818969727
1757233984.3604176,1757233984.4706259,0.11020827293395996
1757233984.470756,1757233984.5809617,0.11020565032958984
1757233984.5811028,1757233984.6913142,0.11021137237548828
1757233984.6914237,1757233984.8016138,0.11019015312194824
1757233984.8016982,1757233984.911883,0.11018490791320801
1757233984.9119594,1757233985.0221407,0.11018133163452148
1757233985.0222151,1757233985.1323202,0.11010503768920898
1757233985.132426,1757233985.2426164,0.11019039154052734
1757233985.242707,1757233985.3528895,0.11018252372741699
1757233985.3529763,1757233985.4631574,0.11018109321594238
1757233985.4632306,1757233985.573412,0.11018133163452148
1757233985.5734863,1757233985.6836677,0.11018133163452148
1757233985.6837432,1757233985.7939274,0.1101841926574707
1757233985.7940137,1757233985.9042032,0.11018943786621094
1757233985.9042816,1757233986.0144408,0.11015915870666504
1757233986.0145693,1757233986.1247704,0.11020112037658691
1757233986.1248844,1757233986.2350733,0.11018896102905273
1757233986.235165,1757233986.3453481,0.1101830005645752
1757233986.3454275,1757233986.4556067,0.11017918586730957
1757233986.4556808,1757233986.5658596,0.11017870903015137
1757233986.565932,1757233986.676109,0.11017704010009766
1757233986.67618,1757233986.786325,0.11014509201049805
1757233986.7864473,1757233986.896641,0.11019372940063477
1757233986.8967314,1757233987.006929,0.11019754409790039
1757233987.007059,1757233987.1172662,0.11020708084106445
1757233987.1174169,1757233987.2276294,0.11021256446838379
1757233987.2277594,1757233987.337961,0.11020159721374512
1757233987.3380628,1757233987.4482555,0.11019277572631836
1757233987.4483569,1757233987.5585492,0.11019229888916016
1757233987.558658,1757233987.668857,0.1101992130279541
1757233987.6689856,1757233987.7791927,0.11020708084106445
1757233987.7793322,1757233987.8895342,0.11020207405090332
1757233987.8896687,1757233987.999878,0.11020922660827637
1757233988.0000043,1757233988.1102083,0.11020398139953613
1757233988.110355,1757233988.2205617,0.11020684242248535
1757233988.2206807,1757233988.3308752,0.11019444465637207
1757233988.3309789,1757233988.4411628,0.1101839542388916
1757233988.4412484,1757233988.5514288,0.11018037796020508
1757233988.5515091,1757233988.6616826,0.11017346382141113
1757233988.6617565,1757233988.7719483,0.11019182205200195
1757233988.772081,1757233988.8823035,0.11022257804870605
1757233988.8824599,1757233988.99266,0.11020016670227051
1757233988.9927475,1757233989.1029377,0.11019015312194824
1757233989.1030402,1757233989.2132373,0.11019706726074219
1757233989.2133734,1757233989.3235803,0.11020684242248535
1757233989.323714,1757233989.4339252,0.11021113395690918
1757233989.4340484,1757233989.5442429,0.11019444465637207
1757233989.5443566,1757233989.654543,0.11018633842468262
1757233989.6546297,1757233989.7648108,0.11018109321594238
1757233989.7648869,1757233989.875078,0.11019110679626465
1757233989.8752098,1757233989.9853334,0.1101236343383789
1757233989.9855137,1757233990.0957248,0.11021113395690918
1757233990.09586,1757233990.2060761,0.11021614074707031
1757233990.2062066,1757233990.3163292,0.1101226806640625
1757233990.3164575,1757233990.4266577,0.11020016670227051
1757233990.4267578,1757233990.536957,0.1101992130279541
1757233990.5370948,1757233990.647312,0.11021709442138672
1757233990.6474454,1757233990.7576592,0.1102137565612793
1757233990.7577922,1757233990.867997,0.11020469665527344
1757233990.868115,1757233990.978314,0.110198974609375
1757233990.9784167,1757233991.088606,0.11018943786621094
1757233991.0887303,1757233991.198932,0.11020159721374512
1757233991.1990573,1757233991.3092647,0.11020731925964355
1757233991.3094077,1757233991.4196208,0.11021304130554199
1757233991.4197578,1757233991.5299659,0.11020803451538086
1757233991.530092,1757233991.640298,0.11020588874816895
1757233991.640439,1757233991.7506392,0.11020016670227051
1757233991.7507362,1757233991.8609319,0.11019563674926758
1757233991.861071,1757233991.97129,0.11021900177001953
1757233991.9714277,1757233992.0816305,0.11020278930664062
1757233992.0817456,1757233992.1919532,0.11020755767822266
1757233992.1920824,1757233992.3022776,0.11019515991210938
1757233992.3023753,1757233992.4125662,0.11019086837768555
1757233992.4126723,1757233992.522863,0.11019062995910645
1757233992.522953,1757233992.6331463,0.11019325256347656
1757233992.6332653,1757233992.7434425,0.11017727851867676
1757233992.7435768,1757233992.8538043,0.11022758483886719
1757233992.8539364,1757233992.96414,0.11020350456237793
1757233992.964272,1757233993.0744472,0.11017513275146484
1757233993.0745668,1757233993.1847708,0.11020398139953613
1757233993.1849053,1757233993.2950885,0.1101832389831543
1757233993.2952054,1757233993.4053187,0.11011338233947754
1757233993.4054196,1757233993.515609,0.11018943786621094
1757233993.5156972,1757233993.625886,0.11018872261047363
1757233993.6259863,1757233993.7361777,0.11019134521484375
1757233993.7362673,1757233993.8464317,0.11016440391540527
1757233993.8465185,1757233993.956712,0.11019349098205566
1757233993.956786,1757233994.0669692,0.1101832389831543
1757233994.067041,1757233994.1772244,0.1101834774017334
1757233994.1773534,1757233994.287551,0.11019754409790039
1757233994.2876627,1757233994.3978512,0.11018848419189453
1757233994.3979385,1757233994.5080993,0.11016082763671875
1757233994.5081813,1757233994.6183648,0.1101834774017334
1757233994.6184394,1757233994.7286263,0.11018681526184082
1757233994.72873,1757233994.838921,0.11019110679626465
1757233994.8390014,1757233994.9491854,0.1101839542388916
1757233994.949262,1757233995.059448,0.11018610000610352
1757233995.059592,1757233995.1697977,0.11020565032958984
1757233995.1699276,1757233995.28014,0.11021232604980469
1757233995.2802742,1757233995.39046,0.11018586158752441
1757233995.390612,1757233995.5008116,0.1101996898651123
1757233995.500923,1757233995.6111412,0.11021828651428223
1757233995.6112835,1757233995.7214513,0.1101677417755127
1757233995.721576,1757233995.8317816,0.11020565032958984
1757233995.8318675,1757233995.9420762,0.11020874977111816
1757233995.9421496,1757233996.052332,0.11018228530883789
1757233996.0524137,1757233996.1626124,0.1101987361907959
1757233996.1627092,1757233996.2729108,0.11020159721374512
1757233996.2730036,1757233996.3832133,0.11020970344543457
1757233996.3833494,1757233996.493561,0.11021161079406738
1757233996.493726,1757233996.6039443,0.11021828651428223
1757233996.6040704,1757233996.7142713,0.11020088195800781
1757233996.7143726,1757233996.8245654,0.11019277572631836
1757233996.8246865,1757233996.9348927,0.11020612716674805
1757233996.9350162,1757233997.0452228,0.11020660400390625
1757233997.045373,1757233997.1555908,0.11021780967712402
1757233997.1557407,1757233997.265948,0.11020731925964355
1757233997.2660654,1757233997.3762658,0.11020040512084961
1757233997.3764071,1757233997.4866157,0.11020851135253906
1757233997.4867141,1757233997.5972168,0.11050271987915039
1757233997.5973043,1757233997.7077768,0.11047244071960449
1757233997.7078776,1757233997.8180902,0.11021256446838379
1757233997.8181672,1757233997.9283783,0.11021113395690918
1757233997.9285524,1757233998.038768,0.11021566390991211
1757233998.0389004,1757233998.1491003,0.1101999282836914
1757233998.1492293,1757233998.2594328,0.11020350456237793
1757233998.2595444,1757233998.369739,0.11019468307495117
1757233998.369845,1757233998.4800432,0.1101982593536377
1757233998.480152,1757233998.5903482,0.11019635200500488
1757233998.590458,1757233998.700653,0.11019515991210938
1757233998.7007623,1757233998.8108578,0.11009550094604492
1757233998.8109498,1757233998.921139,0.11018919944763184
1757233998.9212515,1757233999.0314386,0.11018705368041992
1757233999.031528,1757233999.141721,0.11019301414489746
1757233999.1418352,1757233999.252034,0.1101987361907959
1757233999.2521563,1757233999.3623214,0.11016511917114258
1757233999.3624141,1757233999.4726036,0.11018943786621094
1757233999.472688,1757233999.5828936,0.11020565032958984
1757233999.5830662,1757233999.6932724,0.11020612716674805
1757233999.6934006,1757233999.8036034,0.11020278930664062
1757233999.803742,1757233999.9139538,0.11021184921264648
1757233999.9140878,1757234000.024283,0.11019515991210938
1757234000.0243773,1757234000.1345856,0.11020827293395996
1757234000.1347735,1757234000.244993,0.11021947860717773
1757234000.245127,1757234000.3553286,0.11020159721374512
1757234000.355463,1757234000.4656694,0.11020636558532715
1757234000.4658005,1757234000.5760098,0.11020922660827637
1757234000.5761442,1757234000.6863344,0.11019015312194824
1757234000.68643,1757234000.796635,0.11020493507385254
1757234000.7967389,1757234000.9069438,0.11020493507385254
1757234000.9070807,1757234001.017299,0.11021828651428223
1757234001.0175447,1757234001.127758,0.1102132797241211
1757234001.127885,1757234001.2380838,0.1101987361907959
1757234001.2381938,1757234001.348383,0.11018919944763184
1757234001.348472,1757234001.4586575,0.11018538475036621
1757234001.4587498,1757234001.568934,0.1101841926574707
1757234001.5690193,1757234001.6792083,0.11018896102905273
1757234001.6793375,1757234001.7895398,0.11020231246948242
1757234001.789674,1757234001.899881,0.11020684242248535
1757234001.9000115,1757234002.0102262,0.1102147102355957
1757234002.010346,1757234002.1205423,0.11019635200500488
1757234002.120655,1757234002.2308464,0.11019134521484375
1757234002.230935,1757234002.3411307,0.11019563674926758
1757234002.3412058,1757234002.4516084,0.11040258407592773
1757234002.4516866,1757234002.562185,0.11049842834472656
1757234002.56226,1757234002.6727235,0.11046361923217773
1757234002.672832,1757234002.7835863,0.11075425148010254
1757234002.7836647,1757234002.8938715,0.11020684242248535
1757234002.8939464,1757234003.004156,0.11020970344543457
1757234003.0042415,1757234003.1147058,0.11046433448791504
1757234003.1148083,1757234003.2250073,0.110198974609375
1757234003.2251253,1757234003.3353205,0.11019515991210938
1757234003.3354084,1757234003.4455879,0.11017942428588867
1757234003.4456623,1757234003.5561473,0.11048507690429688
1757234003.556223,1757234003.666726,0.1105031967163086
1757234003.6668,1757234003.7772887,0.1104886531829834
1757234003.7773757,1757234003.887557,0.11018133163452148
1757234003.8876314,1757234003.99782,0.11018848419189453
1757234003.9979618,1757234004.1081746,0.11021280288696289
1757234004.108327,1757234004.2185473,0.11022043228149414
1757234004.218682,1757234004.3288956,0.1102135181427002
1757234004.3290374,1757234004.4392421,0.11020469665527344
1757234004.439367,1757234004.5495603,0.11019325256347656
1757234004.5496507,1757234004.659847,0.11019635200500488
1757234004.659984,1757234004.77018,0.11019587516784668
1757234004.7702754,1757234004.880471,0.11019563674926758
1757234004.880608,1757234004.9908226,0.1102144718170166
1757234004.990964,1757234005.1011765,0.11021256446838379
1757234005.1013222,1757234005.211541,0.11021876335144043
1757234005.2116797,1757234005.3218808,0.11020112037658691
1757234005.3219774,1757234005.4321668,0.11018943786621094
1757234005.4322708,1757234005.542434,0.11016321182250977
1757234005.5425165,1757234005.6526997,0.1101832389831543
1757234005.6527772,1757234005.7629585,0.11018133163452148
1757234005.7630353,1757234005.8732157,0.11018037796020508
1757234005.8732905,1757234005.983471,0.11018037796020508
1757234005.9835458,1757234006.0937371,0.11019134521484375
1757234006.0938644,1757234006.204074,0.11020946502685547
1757234006.204206,1757234006.3144054,0.1101994514465332
1757234006.314494,1757234006.4246917,0.11019778251647949
1757234006.4247668,1757234006.5349667,0.1101999282836914
1757234006.5350628,1757234006.645267,0.11020421981811523
1757234006.6454206,1757234006.7556376,0.11021709442138672
1757234006.7557778,1757234006.8659961,0.11021828651428223
1757234006.8661335,1757234006.9763317,0.1101982593536377
1757234006.9764798,1757234007.0866964,0.11021661758422852
1757234007.086833,1757234007.1970484,0.11021542549133301
1757234007.1971793,1757234007.30733,0.11015057563781738
1757234007.3074691,1757234007.4176867,0.11021757125854492
1757234007.4178534,1757234007.5280724,0.11021900177001953
1757234007.5282042,1757234007.6383986,0.11019444465637207
1757234007.63849,1757234007.748684,0.11019396781921387
1757234007.7487967,1757234007.8589988,0.11020207405090332
1757234007.8591275,1757234007.9693198,0.11019229888916016
1757234007.9694307,1757234008.0796175,0.11018681526184082
1757234008.0796907,1757234008.1898844,0.11019372940063477
1757234008.189983,1757234008.3001828,0.1101999282836914
1757234008.3002667,1757234008.4104304,0.11016368865966797
1757234008.410505,1757234008.5207014,0.11019635200500488
1757234008.5207763,1757234008.6309586,0.11018228530883789
1757234008.631032,1757234008.7412112,0.11017918586730957
1757234008.7412832,1757234008.8514433,0.11016011238098145
1757234008.851585,1757234008.961793,0.11020803451538086
1757234008.9619238,1757234009.0721223,0.1101984977722168
1757234009.0722234,1757234009.1823344,0.11011099815368652
1757234009.18244,1757234009.292627,0.11018705368041992
1757234009.2927122,1757234009.4028997,0.11018753051757812
1757234009.4030197,1757234009.5132172,0.11019754409790039
1757234009.5133429,1757234009.6235359,0.11019301414489746
1757234009.623623,1757234009.733807,0.1101841926574707
1757234009.7338858,1757234009.84407,0.1101841926574707
1757234009.8441472,1757234009.954319,0.11017179489135742
1757234009.9543931,1757234010.0645735,0.11018037796020508
1757234010.0646422,1757234010.1748314,0.11018919944763184
1757234010.1749623,1757234010.2851672,0.11020493507385254
1757234010.2853036,1757234010.3955197,0.11021614074707031
1757234010.3956494,1757234010.5058525,0.11020302772521973
1757234010.5059614,1757234010.6161523,0.11019086837768555
1757234010.6162434,1757234010.7264314,0.11018800735473633
1757234010.7265105,1757234010.8366916,0.11018109321594238
1757234010.8367703,1757234010.94695,0.11017966270446777
1757234010.947025,1757234011.0572045,0.11017942428588867
1757234011.0572774,1757234011.1674368,0.11015939712524414
1757234011.1675525,1757234011.2777524,0.1101999282836914
1757234011.277879,1757234011.3880847,0.11020565032958984
1757234011.388205,1757234011.4983175,0.11011242866516113
1757234011.4984167,1757234011.608601,0.1101844310760498
1757234011.6086879,1757234011.7188876,0.1101996898651123
1757234011.7190278,1757234011.8292406,0.11021280288696289
1757234011.8293872,1757234011.9395995,0.11021232604980469
1757234011.9397333,1757234012.0499394,0.11020612716674805
1757234012.0500474,1757234012.160254,0.11020660400390625
1757234012.1603994,1757234012.2706106,0.11021113395690918
1757234012.2707505,1757234012.380959,0.11020851135253906
1757234012.3810904,1757234012.4913023,0.11021184921264648
1757234012.491446,1757234012.6016533,0.11020731925964355
1757234012.6017928,1757234012.7120059,0.11021304130554199
1757234012.712144,1757234012.822277,0.11013317108154297
1757234012.8223848,1757234012.9325917,0.11020684242248535
1757234012.9326644,1757234013.04287,0.11020565032958984
1757234013.0429428,1757234013.1531386,0.11019587516784668
1757234013.1532233,1757234013.2633321,0.11010885238647461
1757234013.2634804,1757234013.3736959,0.11021542549133301
1757234013.3738327,1757234013.484034,0.11020135879516602
1757234013.4841356,1757234013.594326,0.11019039154052734
1757234013.59442,1757234013.7046065,0.11018657684326172
1757234013.7046897,1757234013.8149457,0.11025595664978027
1757234013.815152,1757234013.9253206,0.1101686954498291
1757234013.9254315,1757234014.0356283,0.11019682884216309
1757234014.035748,1757234014.1459482,0.11020016670227051
1757234014.146059,1757234014.2562504,0.11019134521484375
1757234014.2563527,1757234014.366547,0.11019444465637207
1757234014.3666804,1757234014.4768884,0.11020803451538086
1757234014.4770157,1757234014.5872176,0.11020183563232422
1757234014.5873206,1757234014.6975083,0.11018776893615723
1757234014.69759,1757234014.807774,0.1101839542388916
1757234014.8078496,1757234014.918033,0.1101832389831543
1757234014.9181082,1757234015.028292,0.1101837158203125
1757234015.0283768,1757234015.138569,0.11019229888916016
1757234015.1386993,1757234015.2488973,0.1101980209350586
1757234015.2490013,1757234015.3591886,0.11018729209899902
1757234015.3592703,1757234015.4694479,0.11017751693725586
1757234015.4695246,1757234015.5797143,0.11018967628479004
1757234015.579843,1757234015.6900475,0.11020445823669434
1757234015.6901774,1757234015.8003256,0.11014819145202637
1757234015.8004422,1757234015.9106424,0.11020016670227051
1757234015.910767,1757234016.0209692,0.11020207405090332
1757234016.0210931,1757234016.1312869,0.11019372940063477
1757234016.1314065,1757234016.2416098,0.11020326614379883
1757234016.2417474,1757234016.3519661,0.11021876335144043
1757234016.35213,1757234016.4623284,0.1101984977722168
1757234016.462459,1757234016.572668,0.11020898818969727
1757234016.5727985,1757234016.682999,0.11020040512084961
1757234016.6830885,1757234016.7932875,0.110198974609375
1757234016.7934203,1757234016.9036164,0.11019611358642578
1757234016.9037068,1757234017.0138905,0.1101837158203125
1757234017.0139694,1757234017.1241605,0.11019110679626465
1757234017.1242707,1757234017.234446,0.11017537117004395
1757234017.2346935,1757234017.3449178,0.11022424697875977
1757234017.3450527,1757234017.455261,0.11020827293395996
1757234017.4553967,1757234017.5656059,0.11020922660827637
1757234017.5657396,1757234017.675959,0.11021947860717773
1757234017.6760926,1757234017.786317,0.11022448539733887
1757234017.7864912,1757234017.8967047,0.1102135181427002
1757234017.8968377,1757234018.0070322,0.11019444465637207
1757234018.0071244,1757234018.1173244,0.1101999282836914
1757234018.117453,1757234018.227659,0.11020588874816895
1757234018.2277832,1757234018.3379753,0.11019206047058105
1757234018.3380592,1757234018.4482703,0.11021113395690918
1757234018.4483612,1757234018.5585592,0.1101980209350586
1757234018.5587015,1757234018.6689177,0.11021614074707031
1757234018.6691942,1757234018.7794092,0.1102149486541748
1757234018.7795491,1757234018.8897572,0.11020803451538086
1757234018.8898916,1757234019.0000892,0.11019754409790039
1757234019.000187,1757234019.1103773,0.11019039154052734
1757234019.1104841,1757234019.2206817,0.11019754409790039
1757234019.220817,1757234019.331034,0.11021685600280762
1757234019.331174,1757234019.4413655,0.11019158363342285
1757234019.4414496,1757234019.5516376,0.11018800735473633
1757234019.551759,1757234019.661971,0.11021208763122559
1757234019.662132,1757234019.7723546,0.11022257804870605
1757234019.7724903,1757234019.8829286,0.11043834686279297
1757234019.8830552,1757234019.993261,0.11020588874816895
1757234019.9934065,1757234020.1036136,0.11020708084106445
1757234020.1037424,1757234020.2139406,0.1101982593536377
1757234020.2140665,1757234020.3242693,0.11020278930664062
1757234020.3243883,1757234020.4345844,0.11019611358642578
1757234020.4346824,1757234020.54488,0.11019754409790039
1757234020.545016,1757234020.655229,0.11021304130554199
1757234020.655369,1757234020.7655747,0.11020565032958984
1757234020.7657044,1757234020.8759077,0.11020326614379883
1757234020.8760328,1757234020.9862316,0.1101987361907959
1757234020.986364,1757234021.096571,0.11020708084106445
1757234021.0966616,1757234021.206854,0.11019253730773926
1757234021.2069805,1757234021.3171868,0.11020636558532715
1757234021.3173206,1757234021.4275274,0.11020684242248535
1757234021.4276602,1757234021.5378783,0.11021804809570312
1757234021.537984,1757234021.648184,0.11020016670227051
1757234021.6482663,1757234021.758448,0.11018157005310059
1757234021.758525,1757234021.86871,0.11018514633178711
1757234021.86882,1757234021.9790075,0.11018753051757812
1757234021.9790895,1757234022.089281,0.11019158363342285
1757234022.0894217,1757234022.1996272,0.11020541191101074
1757234022.199754,1757234022.3099465,0.11019253730773926
1757234022.310038,1757234022.4202302,0.11019206047058105
1757234022.4203608,1757234022.5305572,0.11019635200500488
1757234022.5306337,1757234022.640818,0.1101844310760498
1757234022.6409106,1757234022.7510943,0.1101837158203125
1757234022.751172,1757234022.861318,0.11014604568481445
1757234022.8613944,1757234022.9715755,0.11018109321594238
1757234022.9716442,1757234023.0818257,0.11018157005310059
1757234023.0819001,1757234023.1920843,0.1101841926574707
1757234023.1921854,1757234023.3023188,0.11013340950012207
1757234023.3024163,1757234023.4126046,0.11018824577331543
1757234023.412694,1757234023.5228791,0.11018514633178711
1757234023.5229623,1757234023.6331584,0.11019611358642578
1757234023.6332877,1757234023.7435,0.11021232604980469
1757234023.7435827,1757234023.8537843,0.11020159721374512
1757234023.8538861,1757234023.9640996,0.1102135181427002
1757234023.964181,1757234024.0743878,0.11020684242248535
1757234024.0745096,1757234024.184705,0.11019539833068848
1757234024.1848125,1757234024.2950015,0.11018896102905273
1757234024.2950811,1757234024.4052396,0.11015844345092773
1757234024.4053195,1757234024.5155,0.11018061637878418
1757234024.5155709,1757234024.6257532,0.11018228530883789
1757234024.6258268,1757234024.7360094,0.11018252372741699
1757234024.73608,1757234024.8462594,0.11017942428588867
1757234024.8463354,1757234024.9565141,0.11017870903015137
1757234024.9565816,1757234025.0667868,0.11020517349243164
1757234025.0668626,1757234025.1770542,0.11019158363342285
1757234025.1771858,1757234025.2873988,0.11021304130554199
1757234025.287526,1757234025.3977277,0.11020183563232422
1757234025.3978477,1757234025.5080476,0.1101999282836914
1757234025.508162,1757234025.6183174,0.11015534400939941
1757234025.6184068,1757234025.728593,0.11018633842468262
1757234025.7286723,1757234025.8388557,0.1101834774017334
1757234025.83893,1757234025.9491134,0.1101834774017334
1757234025.9491892,1757234026.05938,0.11019086837768555
1757234026.0595195,1757234026.169722,0.11020255088806152
1757234026.1698375,1757234026.280037,0.1101994514465332
1757234026.2801743,1757234026.3903275,0.1101531982421875
1757234026.3904622,1757234026.5006704,0.11020827293395996
1757234026.5008035,1757234026.6110036,0.11020016670227051
1757234026.611097,1757234026.7212934,0.11019635200500488
1757234026.7214246,1757234026.8316386,0.1102139949798584
1757234026.8317676,1757234026.9422286,0.11046099662780762
1757234026.9423375,1757234027.0529244,0.11058688163757324
1757234027.0530066,1757234027.1632035,0.11019682884216309
1757234027.1633792,1757234027.273595,0.11021590232849121
1757234027.2737284,1757234027.3839147,0.11018633842468262
1757234027.383998,1757234027.4941936,0.11019563674926758
1757234027.4942782,1757234027.6044765,0.1101982593536377
1757234027.6045558,1757234027.71474,0.1101841926574707
1757234027.714824,1757234027.825028,0.11020398139953613
1757234027.8251503,1757234027.9353178,0.1101675033569336
1757234027.9353998,1757234028.0455863,0.11018657684326172
1757234028.0457087,1757234028.155911,0.11020231246948242
1757234028.1560335,1757234028.2662215,0.11018800735473633
1757234028.266319,1757234028.3765132,0.11019420623779297
1757234028.376647,1757234028.4868677,0.11022067070007324
1757234028.4869952,1757234028.597222,0.11022686958312988
1757234028.5973403,1757234028.70755,0.11020970344543457
1757234028.7076638,1757234028.817862,0.1101982593536377
1757234028.8179889,1757234028.928196,0.11020708084106445
1757234028.9283364,1757234029.038553,0.11021661758422852
1757234029.038662,1757234029.1488676,0.11020565032958984
1757234029.1489785,1757234029.2591834,0.11020493507385254
1757234029.2592976,1757234029.3695104,0.11021280288696289
1757234029.3696551,1757234029.4798625,0.11020731925964355
1757234029.4799838,1757234029.5901837,0.1101999282836914
1757234029.5902987,1757234029.7004962,0.11019754409790039
1757234029.700588,1757234029.810785,0.11019706726074219
1757234029.810872,1757234029.921331,0.1104588508605957
1757234029.9214058,1757234030.0318646,0.1104588508605957
1757234030.0319383,1757234030.1421385,0.11020016670227051
1757234030.1422646,1757234030.2528477,0.11058306694030762
1757234030.252947,1757234030.363155,0.11020779609680176
1757234030.3632848,1757234030.4735024,0.11021757125854492
1757234030.4736457,1757234030.5838504,0.11020469665527344
1757234030.583988,1757234030.6941917,0.11020374298095703
1757234030.6943033,1757234030.8045092,0.11020588874816895
1757234030.8045995,1757234030.9148006,0.11020112037658691
1757234030.9148958,1757234031.0250945,0.1101987361907959
1757234031.0251727,1757234031.1353657,0.11019301414489746
1757234031.1354918,1757234031.2456944,0.11020255088806152
1757234031.245825,1757234031.3560326,0.11020755767822266
1757234031.3561635,1757234031.4663723,0.11020874977111816
1757234031.4665024,1757234031.5767138,0.11021137237548828
1757234031.5768402,1757234031.6870425,0.11020231246948242
1757234031.6871624,1757234031.797353,0.11019062995910645
1757234031.7974436,1757234031.9076307,0.11018705368041992
1757234031.907723,1757234032.0179267,0.11020374298095703
1757234032.0180614,1757234032.128267,0.11020565032958984
1757234032.1283894,1757234032.238586,0.11019659042358398
1757234032.238684,1757234032.3488708,0.11018681526184082
1757234032.3489718,1757234032.459156,0.1101841926574707
1757234032.45924,1757234032.5694268,0.11018681526184082
1757234032.5695136,1757234032.6797051,0.11019158363342285
1757234032.6798217,1757234032.7900226,0.11020088195800781
1757234032.7901525,1757234032.9003553,0.11020278930664062
1757234032.9004793,1757234033.0109344,0.11045503616333008
1757234033.0110402,1757234033.1215408,0.11050057411193848
1757234033.1216774,1757234033.2318969,0.11021947860717773
1757234033.232034,1757234033.3422372,0.11020326614379883
1757234033.34235,1757234033.4525545,0.11020445823669434
1757234033.4526834,1757234033.5628939,0.11021041870117188
1757234033.5630202,1757234033.673217,0.11019682884216309
1757234033.6733267,1757234033.7835188,0.11019206047058105
1757234033.7836096,1757234033.8938055,0.11019587516784668
1757234033.89394,1757234034.004144,0.11020398139953613
1757234034.0042603,1757234034.1144414,0.11018109321594238
1757234034.1145737,1757234034.2247853,0.11021161079406738
1757234034.2249126,1757234034.3351092,0.11019659042358398
1757234034.3352005,1757234034.4453251,0.11012458801269531
1757234034.4454548,1757234034.5556576,0.11020278930664062
1757234034.5557938,1757234034.6660097,0.11021590232849121
1757234034.6661432,1757234034.7763271,0.1101839542388916
1757234034.7764654,1757234034.8866656,0.11020016670227051
1757234034.8867662,1757234034.99696,0.11019372940063477
1757234034.997071,1757234035.1072671,0.11019611358642578
1757234035.107413,1757234035.2176216,0.11020851135253906
1757234035.2177556,1757234035.3279724,0.11021685600280762
1757234035.3281605,1757234035.438328,0.1101675033569336
1757234035.4384649,1757234035.5486672,0.11020231246948242
1757234035.5487819,1757234035.6589775,0.11019563674926758
1757234035.6590981,1757234035.7692904,0.11019229888916016
1757234035.7693896,1757234035.879575,0.11018538475036621
1757234035.879652,1757234035.9898334,0.11018133163452148
1757234035.9899054,1757234036.1000948,0.11018943786621094
1757234036.1002195,1757234036.2103238,0.11010432243347168
1757234036.2104478,1757234036.3206444,0.11019659042358398
1757234036.3207476,1757234036.4309428,0.11019515991210938
1757234036.4310567,1757234036.5412533,0.11019659042358398
1757234036.541368,1757234036.6515598,0.11019182205200195
1757234036.651647,1757234036.7618322,0.11018514633178711
1757234036.7619038,1757234036.8720858,0.11018204689025879
1757234036.8721604,1757234036.9823172,0.11015677452087402
1757234036.9823895,1757234037.0925703,0.11018085479736328
1757234037.0926402,1757234037.2028263,0.11018610000610352
1757234037.2029512,1757234037.313144,0.11019277572631836
1757234037.3132493,1757234037.4234345,0.11018514633178711
1757234037.4235418,1757234037.5337348,0.11019301414489746
1757234037.5338376,1757234037.6440277,0.11019015312194824
1757234037.6441126,1757234037.754297,0.1101844310760498
1757234037.7543807,1757234037.8645608,0.11018013954162598
1757234037.8646367,1757234037.9750493,0.11041259765625
1757234037.975123,1757234038.085601,0.11047816276550293
1757234038.0856712,1757234038.1958508,0.11017966270446777
1757234038.1959496,1757234038.3061326,0.1101830005645752
1757234038.306219,1757234038.4163187,0.11009955406188965
1757234038.4163957,1757234038.5265758,0.11018013954162598
1757234038.5266473,1757234038.6368315,0.1101841926574707
1757234038.6369028,1757234038.747083,0.11018013954162598
1757234038.7471526,1757234038.8573318,0.11017918586730957
1757234038.8574016,1757234038.9675817,0.11018013954162598
1757234038.9676535,1757234039.0778306,0.11017704010009766
1757234039.0778987,1757234039.1880803,0.11018157005310059
1757234039.188181,1757234039.2983186,0.1101377010345459
1757234039.2983985,1757234039.4085793,0.11018085479736328
1757234039.408654,1757234039.5188339,0.11017990112304688
1757234039.518907,1757234039.6290946,0.11018753051757812
1757234039.6292298,1757234039.739448,0.11021828651428223
1757234039.7395875,1757234039.8497882,0.11020064353942871
1757234039.8498864,1757234039.9600725,0.11018610000610352
1757234039.9601564,1757234040.070431,0.1102745532989502
1757234040.0705152,1757234040.180702,0.11018681526184082
1757234040.1808147,1757234040.2910016,0.11018681526184082
1757234040.2910805,1757234040.4012635,0.1101830005645752
1757234040.4014,1757234040.5119212,0.11052107810974121
1757234040.5120158,1757234040.622506,0.11049008369445801
1757234040.6225808,1757234040.7330298,0.11044907569885254
1757234040.7331033,1757234040.8438683,0.11076498031616211
1757234040.8439507,1757234040.954318,0.1103672981262207
1757234040.954394,1757234041.0645883,0.11019420623779297
1757234041.0646636,1757234041.1748595,0.11019587516784668
1757234041.1749578,1757234041.2853825,0.11042475700378418
1757234041.285467,1757234041.3962524,0.11078548431396484
1757234041.3963346,1757234041.506539,0.11020445823669434
1757234041.5066142,1757234041.6170418,0.1104276180267334
1757234041.6171176,1757234041.7275534,0.11043572425842285
1757234041.7276268,1757234041.838284,0.1106572151184082
1757234041.8383656,1757234041.9487944,0.1104288101196289
1757234041.9488688,1757234042.0590522,0.1101834774017334
1757234042.0591161,1757234042.1692972,0.11018109321594238
1757234042.169402,1757234042.2795937,0.11019182205200195
1757234042.2796774,1757234042.3901274,0.11045002937316895
1757234042.3902037,1757234042.5004072,0.11020350456237793
1757234042.5004885,1757234042.6106787,0.11019015312194824
1757234042.6107569,1757234042.7211747,0.11041784286499023
1757234042.7212508,1757234042.831795,0.11054420471191406
1757234042.8318663,1757234042.942063,0.11019682884216309
1757234042.942135,1757234043.0523255,0.11019039154052734
1757234043.052399,1757234043.1625955,0.11019659042358398
1757234043.1627028,1757234043.2728965,0.11019372940063477
1757234043.272976,1757234043.383183,0.11020708084106445
1757234043.3832574,1757234043.493463,0.11020565032958984
1757234043.4935372,1757234043.603741,0.11020374298095703
1757234043.6038141,1757234043.7140183,0.11020421981811523
1757234043.7140923,1757234043.8245342,0.11044192314147949
1757234043.8246794,1757234043.9349117,0.11023235321044922
1757234043.935045,1757234044.045245,0.1101999282836914
1757234044.0453484,1757234044.1555352,0.11018681526184082
1757234044.155642,1757234044.265839,0.11019706726074219
1757234044.2659175,1757234044.3761108,0.11019325256347656
1757234044.3761928,1757234044.4866176,0.11042475700378418
1757234044.4866943,1757234044.5968924,0.1101980209350586
1757234044.5969658,1757234044.7071629,0.11019706726074219
1757234044.707237,1757234044.8174343,0.11019730567932129
1757234044.817507,1757234044.9279509,0.1104438304901123
1757234044.928024,1757234045.0382264,0.11020231246948242
1757234045.0383003,1757234045.1484935,0.11019325256347656
1757234045.148588,1757234045.2587748,0.11018681526184082
1757234045.258849,1757234045.369029,0.11018013954162598
1757234045.369098,1757234045.479277,0.11017894744873047
1757234045.4793503,1757234045.5895298,0.11017942428588867
1757234045.5895972,1757234045.6997762,0.11017894744873047
1757234045.6998472,1757234045.8100257,0.11017847061157227
1757234045.810097,1757234045.9202802,0.1101832389831543
1757234045.9203568,1757234046.0305557,0.110198974609375
1757234046.0306246,1757234046.1408117,0.11018705368041992
1757234046.140914,1757234046.2511008,0.11018681526184082
1757234046.251184,1757234046.3613167,0.11013269424438477
1757234046.3613942,1757234046.4715734,0.11017918586730957
1757234046.4716477,1757234046.5818262,0.11017847061157227
1757234046.5819,1757234046.6920812,0.11018133163452148
1757234046.6921518,1757234046.8023322,0.11018037796020508
1757234046.8023996,1757234046.9125793,0.11017966270446777
1757234046.912648,1757234047.0228271,0.11017918586730957
1757234047.0228984,1757234047.1330786,0.11018013954162598
1757234047.1331553,1757234047.2433186,0.11016321182250977
1757234047.2433963,1757234047.3535776,0.11018133163452148
1757234047.3536487,1757234047.4638271,0.11017847061157227
1757234047.4639015,1757234047.5740814,0.11017990112304688
1757234047.5741525,1757234047.6843357,0.1101832389831543
1757234047.6844075,1757234047.7946002,0.11019277572631836
1757234047.794673,1757234047.9048538,0.11018085479736328
1757234047.9049237,1757234048.0151155,0.11019182205200195
1757234048.015187,1757234048.1253695,0.11018252372741699
1757234048.1254404,1757234048.2356257,0.11018538475036621
1757234048.235724,1757234048.3459146,0.11019062995910645
1757234048.3460238,1757234048.456213,0.11018919944763184
1757234048.4563236,1757234048.5665078,0.1101841926574707
1757234048.5665867,1757234048.6767683,0.11018157005310059
1757234048.6768403,1757234048.7870202,0.11017990112304688
1757234048.7870898,1757234048.8972716,0.11018180847167969
1757234048.8973482,1757234049.007527,0.11017894744873047
1757234049.0075934,1757234049.1177728,0.11017942428588867
1757234049.11784,1757234049.2280216,0.11018157005310059
1757234049.2281175,1757234049.338303,0.11018562316894531
1757234049.338391,1757234049.4485745,0.1101834774017334
1757234049.4486475,1757234049.558828,0.11018061637878418
1757234049.5588968,1757234049.6690502,0.1101534366607666
1757234049.6691256,1757234049.7793288,0.11020326614379883
1757234049.7794023,1757234049.8898365,0.11043429374694824
1757234049.8899102,1757234050.0003254,0.11041522026062012
1757234050.0003994,1757234050.1110601,0.11066079139709473
1757234050.1111343,1757234050.2213354,0.11020112037658691
1757234050.2214344,1757234050.3316402,0.11020588874816895
1757234050.331724,1757234050.4419262,0.11020231246948242
1757234050.4420044,1757234050.552212,0.11020755767822266
1757234050.5522866,1757234050.6624916,0.11020493507385254
1757234050.6625636,1757234050.7730215,0.1104578971862793
1757234050.7730942,1757234050.8832955,0.11020135879516602
1757234050.8833768,1757234050.9940555,0.11067867279052734
1757234050.9941285,1757234051.1046228,0.11049437522888184
1757234051.1046948,1757234051.2148976,0.11020278930664062
1757234051.2149935,1757234051.325203,0.11020946502685547
1757234051.3252783,1757234051.4354842,0.11020588874816895
1757234051.4355574,1757234051.545768,0.11021065711975098
1757234051.5458424,1757234051.6562757,0.11043334007263184
1757234051.6563568,1757234051.766551,0.11019420623779297
1757234051.7666247,1757234051.8768277,0.11020302772521973
1757234051.8769002,1757234051.9871035,0.11020326614379883
1757234051.9871771,1757234052.0973835,0.11020636558532715
1757234052.0974581,1757234052.2076592,0.11020112037658691
1757234052.2077591,1757234052.3179598,0.11020064353942871
1757234052.3180354,1757234052.4282312,0.11019587516784668
1757234052.4283051,1757234052.5385141,0.11020898818969727
1757234052.5385878,1757234052.6487913,0.11020350456237793
1757234052.648863,1757234052.7590697,0.11020660400390625
1757234052.7591422,1757234052.870001,0.11085891723632812
1757234052.8700726,1757234052.9806876,0.11061501502990723
1757234052.980767,1757234053.0911968,0.11042976379394531
1757234053.0912685,1757234053.2017198,0.11045122146606445
1757234053.201817,1757234053.3120286,0.11021161079406738
1757234053.312106,1757234053.4222999,0.11019396781921387
1757234053.4223812,1757234053.5329976,0.11061644554138184
1757234053.5330718,1757234053.6434994,0.1104276180267334
1757234053.6435711,1757234053.7537746,0.11020350456237793
1757234053.7538476,1757234053.8642647,0.11041712760925293
1757234053.8643463,1757234053.9750059,0.11065959930419922
1757234053.9750803,1757234054.0852857,0.11020541191101074
1757234054.0853674,1757234054.195567,0.1101994514465332
1757234054.1956658,1757234054.3058755,0.11020970344543457
1757234054.305953,1757234054.4161596,0.11020660400390625
1757234054.416245,1757234054.5264385,0.11019349098205566
1757234054.5265126,1757234054.6367188,0.11020612716674805
1757234054.6367912,1757234054.7469957,0.11020445823669434
1757234054.7471318,1757234054.8573456,0.1102137565612793
1757234054.8574374,1757234054.9676476,0.11021018028259277
1757234054.9677212,1757234055.0779264,0.11020517349243164
1757234055.077998,1757234055.188432,0.11043405532836914
1757234055.1885247,1757234055.2987344,0.11020970344543457
1757234055.298809,1757234055.4090145,0.11020541191101074
1757234055.4090893,1757234055.519297,0.11020755767822266
1757234055.5193853,1757234055.6295893,0.11020398139953613
1757234055.6296608,1757234055.739868,0.11020708084106445
1757234055.7399397,1757234055.8501465,0.11020684242248535
1757234055.8502183,1757234055.9603288,0.11011052131652832
1757234055.960402,1757234056.0708346,0.11043262481689453
1757234056.0709074,1757234056.1811018,0.11019444465637207
1757234056.1811967,1757234056.2913866,0.11018991470336914
1757234056.2914634,1757234056.4016683,0.11020493507385254
1757234056.4017432,1757234056.5121772,0.11043405532836914
1757234056.5122554,1757234056.622461,0.11020565032958984
1757234056.6225357,1757234056.732741,0.11020541191101074
1757234056.7328143,1757234056.8430445,0.1102302074432373
1757234056.8431242,1757234056.9533787,0.11025452613830566
1757234056.9534516,1757234057.064005,0.11055326461791992
1757234057.0640783,1757234057.174277,0.1101987361907959
1757234057.1743793,1757234057.2847962,0.11041688919067383
1757234057.284873,1757234057.3953006,0.1104276180267334
1757234057.3953836,1757234057.5055726,0.11018896102905273
1757234057.5056436,1757234057.6158113,0.1101677417755127
1757234057.6158745,1757234057.7260313,0.11015677452087402
1757234057.726087,1757234057.8362553,0.1101682186126709
1757234057.836326,1757234057.9464824,0.11015653610229492
1757234057.9465382,1757234058.0566955,0.11015725135803223
1757234058.0567658,1757234058.1669407,0.11017489433288574
1757234058.167027,1757234058.2772055,0.11017847061157227
1757234058.2772768,1757234058.3874555,0.11017870903015137
1757234058.3875306,1757234058.497707,0.11017632484436035
1757234058.497777,1757234058.6079526,0.11017560958862305
1757234058.6080215,1757234058.718198,0.11017656326293945
1757234058.7182665,1757234058.8286252,0.11035871505737305
1757234058.8286984,1757234058.939232,0.1105337142944336
1757234058.93932,1757234059.0495205,0.11020040512084961
1757234059.049594,1757234059.1597893,0.11019539833068848
1757234059.1598837,1757234059.2700653,0.11018157005310059
1757234059.2701383,1757234059.3803186,0.11018037796020508
1757234059.380388,1757234059.4905736,0.11018562316894531
1757234059.490647,1757234059.6010315,0.11038446426391602
1757234059.6011033,1757234059.7114582,0.11035490036010742
1757234059.7115316,1757234059.821728,0.11019635200500488
1757234059.8218007,1757234059.932007,0.11020636558532715
1757234059.9321508,1757234060.0423265,0.11017560958862305
1757234060.0424573,1757234060.1526597,0.11020231246948242
1757234060.1527755,1757234060.2629745,0.110198974609375
1757234060.2630522,1757234060.373247,0.11019468307495117
1757234060.3733287,1757234060.483508,0.11017942428588867
1757234060.4835784,1757234060.5937681,0.11018967628479004
1757234060.5938456,1757234060.7040255,0.11017990112304688
1757234060.7040956,1757234060.8142724,0.11017680168151855
1757234060.8143466,1757234060.9245253,0.11017870903015137
1757234060.9245982,1757234061.0347757,0.11017751693725586
1757234061.0348427,1757234061.145022,0.11017918586730957
1757234061.1450942,1757234061.255282,0.11018776893615723
1757234061.2553697,1757234061.3655753,0.11020565032958984
1757234061.365648,1757234061.475829,0.11018085479736328
1757234061.475901,1757234061.5860782,0.11017727851867676
1757234061.5861492,1757234061.6963158,0.11016654968261719
1757234061.6963863,1757234061.8065631,0.11017680168151855
1757234061.8066323,1757234061.9168088,0.11017656326293945
1757234061.9168775,1757234062.0270534,0.11017584800720215
1757234062.0271213,1757234062.137304,0.1101827621459961
1757234062.1373937,1757234062.2475784,0.1101846694946289
1757234062.2476642,1757234062.357847,0.1101827621459961
1757234062.3579202,1757234062.4680972,0.11017704010009766
1757234062.4681692,1757234062.578315,0.11014580726623535
1757234062.5783832,1757234062.6885598,0.11017656326293945
1757234062.688628,1757234062.7988048,0.11017680168151855
1757234062.7988722,1757234062.9090486,0.11017632484436035
1757234062.9091156,1757234063.0192928,0.11017727851867676
1757234063.0193653,1757234063.1295412,0.11017584800720215
1757234063.1296077,1757234063.2397869,0.11017918586730957
1757234063.2398863,1757234063.350067,0.11018061637878418
1757234063.3501413,1757234063.460317,0.11017560958862305
1757234063.4603925,1757234063.5705738,0.11018133163452148
1757234063.5706446,1757234063.6808238,0.11017918586730957
1757234063.6808937,1757234063.7910714,0.11017775535583496
1757234063.7911408,1757234063.9013152,0.11017441749572754
1757234063.9013853,1757234064.0115626,0.11017727851867676
1757234064.0116308,1757234064.121828,0.11019730567932129
1757234064.1219676,1757234064.2321754,0.11020779609680176
1757234064.2323186,1757234064.3425245,0.11020588874816895
1757234064.3426192,1757234064.4528215,0.11020231246948242
1757234064.4529102,1757234064.5630913,0.11018109321594238
1757234064.5631628,1757234064.6733172,0.11015439033508301
1757234064.6733851,1757234064.7835636,0.11017847061157227
1757234064.783631,1757234064.89381,0.11017894744873047
1757234064.8938773,1757234065.0040545,0.11017727851867676
1757234065.0041213,1757234065.114298,0.11017680168151855
1757234065.1143718,1757234065.2245505,0.11017870903015137
1757234065.2246397,1757234065.3348207,0.11018109321594238
1757234065.3348968,1757234065.4450767,0.11017990112304688
1757234065.445155,1757234065.555317,0.11016201972961426
1757234065.5553887,1757234065.6655667,0.11017799377441406
1757234065.6656365,1757234065.7758143,0.11017775535583496
1757234065.7758908,1757234065.8860672,0.11017632484436035
1757234065.8861353,1757234065.9963152,0.11017990112304688
1757234065.9963892,1757234066.106567,0.11017775535583496
1757234066.1066353,1757234066.2168138,0.11017847061157227
1757234066.2169042,1757234066.3270857,0.11018157005310059
1757234066.3271616,1757234066.4373202,0.11015868186950684
1757234066.4373915,1757234066.5475688,0.11017727851867676
1757234066.5476418,1757234066.6578255,0.1101837158203125
1757234066.6578977,1757234066.7680755,0.11017775535583496
1757234066.7681482,1757234066.8783178,0.11016964912414551
1757234066.8784094,1757234066.9885876,0.11017823219299316
1757234066.9886553,1757234067.098832,0.11017656326293945
1757234067.0989,1757234067.2090786,0.11017847061157227
1757234067.209167,1757234067.3193288,0.11016178131103516
1757234067.3194067,1757234067.4296973,0.11029052734375
1757234067.4297743,1757234067.5399544,0.11018013954162598
1757234067.540027,1757234067.650206,0.11017918586730957
1757234067.6502774,1757234067.7604585,0.11018109321594238
1757234067.7605298,1757234067.8707104,0.11018061637878418
1757234067.8707807,1757234067.980959,0.11017823219299316
1757234067.9810283,1757234068.0912075,0.11017918586730957
1757234068.0912771,1757234068.2014573,0.11018013954162598
1757234068.201549,1757234068.311733,0.1101839542388916
1757234068.311811,1757234068.422002,0.11019110679626465
1757234068.42214,1757234068.5323257,0.11018586158752441
1757234068.5324605,1757234068.6426585,0.1101980209350586
1757234068.6427548,1757234068.7529418,0.11018705368041992
1757234068.7530315,1757234068.8632205,0.11018896102905273
1757234068.8632987,1757234068.9734905,0.11019182205200195
1757234068.9735668,1757234069.083759,0.11019229888916016
1757234069.0838883,1757234069.1940842,0.11019587516784668
1757234069.1941853,1757234069.3043737,0.11018848419189453
1757234069.3044467,1757234069.4146266,0.11017990112304688
1757234069.4146993,1757234069.5248797,0.11018037796020508
1757234069.5249507,1757234069.6351283,0.11017751693725586
1757234069.635197,1757234069.7453737,0.11017680168151855
1757234069.745441,1757234069.8556318,0.11019086837768555
1757234069.8557048,1757234069.9658897,0.11018490791320801
1757234069.9659603,1757234070.0761387,0.11017847061157227
1757234070.0762076,1757234070.1863148,0.1101071834564209
1757234070.1864066,1757234070.2967706,0.11036396026611328
1757234070.296849,1757234070.4072127,0.11036372184753418
1757234070.407318,1757234070.5175042,0.11018610000610352
1757234070.5175796,1757234070.6277604,0.11018085479736328
1757234070.627836,1757234070.7381945,0.11035847663879395
1757234070.7382665,1757234070.848455,0.11018848419189453
1757234070.848525,1757234070.9587216,0.11019659042358398
1757234070.958792,1757234071.0689726,0.11018061637878418
1757234071.0690398,1757234071.1792219,0.11018204689025879
1757234071.1793234,1757234071.2895083,0.11018490791320801
1757234071.289586,1757234071.3997676,0.11018157005310059
1757234071.3998432,1757234071.5100234,0.11018013954162598
1757234071.5100977,1757234071.6202781,0.11018037796020508
1757234071.6203604,1757234071.73054,0.11017966270446777
1757234071.730613,1757234071.8407924,0.11017942428588867
1757234071.8408651,1757234071.9510438,0.11017870903015137
1757234071.9511144,1757234072.061296,0.11018157005310059
1757234072.0613747,1757234072.1715567,0.11018204689025879
1757234072.171648,1757234072.2818313,0.1101832389831543
1757234072.28191,1757234072.3920941,0.1101841926574707
1757234072.3921924,1757234072.502318,0.11012554168701172
1757234072.5024083,1757234072.6126046,0.11019635200500488
1757234072.6127667,1757234072.722975,0.11020827293395996
1757234072.7231278,1757234072.8333242,0.11019635200500488
1757234072.8334172,1757234072.9438467,0.11042952537536621
1757234072.9439313,1757234073.0543563,0.11042499542236328
1757234073.0544305,1757234073.1646287,0.1101982593536377
1757234073.1647232,1757234073.2749162,0.11019301414489746
1757234073.2749972,1757234073.3851922,0.11019492149353027
1757234073.3852682,1757234073.495448,0.11017990112304688
1757234073.495528,1757234073.6057193,0.11019134521484375
1757234073.6057923,1757234073.7160006,0.11020827293395996
1757234073.716075,1757234073.8262572,0.11018228530883789
1757234073.8263376,1757234073.9368007,0.11046314239501953
1757234073.936875,1757234074.0470586,0.1101834774017334
1757234074.0471327,1757234074.1573198,0.11018705368041992
1757234074.157411,1757234074.267596,0.11018490791320801
1757234074.2676778,1757234074.3778589,0.11018109321594238
1757234074.3779323,1757234074.4881132,0.11018085479736328
1757234074.4881868,1757234074.598361,0.11017417907714844
1757234074.5984306,1757234074.7086003,0.11016964912414551
1757234074.7086694,1757234074.8188372,0.1101677417755127
1757234074.8189063,1757234074.9290729,0.11016654968261719
1757234074.9291415,1757234075.0393164,0.11017489433288574
1757234075.0393853,1757234075.1495607,0.11017537117004395
1757234075.1496441,1757234075.2598374,0.11019325256347656
1757234075.2599783,1757234075.3701751,0.11019682884216309
1757234075.3702629,1757234075.4804428,0.11017990112304688
1757234075.4805155,1757234075.590689,0.11017346382141113
1757234075.5907595,1757234075.7009315,0.11017203330993652
1757234075.7010016,1757234075.811184,0.11018228530883789
1757234075.8112578,1757234075.9214282,0.11017036437988281
1757234075.9215035,1757234076.0316849,0.11018133163452148
1757234076.0317569,1757234076.1419365,0.11017966270446777
1757234076.1420078,1757234076.252197,0.11018919944763184
1757234076.2523222,1757234076.3625245,0.11020231246948242
1757234076.3626544,1757234076.4728606,0.11020612716674805
1757234076.4729571,1757234076.5831456,0.11018848419189453
1757234076.5832238,1757234076.693406,0.11018228530883789
1757234076.693479,1757234076.8036716,0.11019253730773926
1757234076.8038156,1757234076.9140434,0.11022782325744629
1757234076.9141812,1757234077.0243328,0.11015152931213379
1757234077.0244164,1757234077.1346133,0.11019682884216309
1757234077.1346855,1757234077.2448704,0.11018490791320801
1757234077.2449682,1757234077.355154,0.11018586158752441
1757234077.3552256,1757234077.4653215,0.11009597778320312
1757234077.4653976,1757234077.5755806,0.1101830005645752
1757234077.575651,1757234077.6858294,0.11017847061157227
1757234077.6858997,1757234077.7960813,0.11018157005310059
1757234077.7961524,1757234077.9063344,0.11018204689025879
1757234077.9064088,1757234078.01659,0.11018133163452148
1757234078.0166602,1757234078.1268399,0.11017966270446777
1757234078.1269093,1757234078.2370908,0.11018157005310059
1757234078.2371876,1757234078.3473725,0.11018490791320801
1757234078.3474472,1757234078.4576273,0.11018013954162598
1757234078.4577003,1757234078.5678856,0.11018538475036621
1757234078.5679557,1757234078.6781344,0.11017870903015137
1757234078.6782043,1757234078.788316,0.11011171340942383
1757234078.7883844,1757234078.8985634,0.11017894744873047
1757234078.8986323,1757234079.0088131,0.11018085479736328
1757234079.008881,1757234079.11906,0.11017894744873047
1757234079.11913,1757234079.2293162,0.11018633842468262
1757234079.2294128,1757234079.3395987,0.11018586158752441
1757234079.339672,1757234079.4498518,0.11017966270446777
1757234079.4499233,1757234079.5601027,0.11017942428588867
1757234079.5601728,1757234079.670316,0.11014318466186523
1757234079.670384,1757234079.7805624,0.11017847061157227
1757234079.7806292,1757234079.8908088,0.11017966270446777
1757234079.890876,1757234080.0010555,0.11017942428588867
1757234080.001122,1757234080.1113,0.11017799377441406
1757234080.1113734,1757234080.2215538,0.11018037796020508
1757234080.2216437,1757234080.3318272,0.1101834774017334
1757234080.33191,1757234080.4420917,0.11018180847167969
1757234080.4421668,1757234080.552316,0.11014914512634277
1757234080.552386,1757234080.6625667,0.11018061637878418
1757234080.662636,1757234080.7728171,0.11018109321594238
1757234080.7728841,1757234080.883063,0.11017894744873047
1757234080.8831308,1757234080.9933262,0.11019539833068848
1757234080.9934828,1757234081.1037035,0.11022067070007324
1757234081.10384,1757234081.2140365,0.11019635200500488
1757234081.214148,1757234081.3245106,0.11036252975463867
1757234081.3245878,1757234081.4347687,0.11018085479736328
1757234081.434843,1757234081.5450232,0.11018013954162598
1757234081.5450947,1757234081.6552732,0.11017847061157227
1757234081.6553526,1757234081.765539,0.11018633842468262
1757234081.7656126,1757234081.8757942,0.11018157005310059
1757234081.8758638,1757234081.9860432,0.11017942428588867
1757234081.9861128,1757234082.0962949,0.11018204689025879
1757234082.0963764,1757234082.2065592,0.1101827621459961
1757234082.2066596,1757234082.316856,0.11019635200500488
1757234082.3169394,1757234082.427135,0.11019563674926758
1757234082.4272084,1757234082.5373213,0.11011290550231934
1757234082.5373952,1757234082.6475756,0.11018037796020508
1757234082.6476471,1757234082.7578413,0.11019420623779297
1757234082.7579138,1757234082.8680983,0.1101844310760498
1757234082.8681712,1757234082.9783528,0.11018157005310059
1757234082.978424,1757234083.088604,0.11017990112304688
1757234083.0886743,1757234083.1988556,0.11018133163452148
1757234083.1989536,1757234083.309139,0.11018538475036621
1757234083.3092206,1757234083.4194102,0.11018967628479004
1757234083.419541,1757234083.5300102,0.11046934127807617
1757234083.530104,1757234083.6403022,0.1101982593536377
1757234083.640386,1757234083.7505646,0.11017847061157227
1757234083.7506335,1757234083.8608077,0.11017417907714844
1757234083.8608773,1757234083.9710603,0.1101830005645752
1757234083.9711323,1757234084.0813153,0.1101830005645752
1757234084.0813897,1757234084.1915731,0.1101834774017334
1757234084.1916797,1757234084.3018649,0.11018514633178711
1757234084.3019392,1757234084.412118,0.11017870903015137
1757234084.4121902,1757234084.52237,0.11017990112304688
1757234084.522439,1757234084.6326184,0.11017942428588867
1757234084.6326866,1757234084.7428637,0.11017704010009766
1757234084.7429314,1757234084.8531098,0.11017847061157227
1757234084.8531783,1757234084.9633536,0.11017537117004395
1757234084.9634216,1757234085.0736077,0.11018610000610352
1757234085.0736783,1757234085.1838648,0.11018657684326172
1757234085.1840181,1757234085.2942266,0.11020851135253906
1757234085.2943685,1757234085.4045677,0.1101992130279541
1757234085.40467,1757234085.514859,0.11018896102905273
1757234085.514948,1757234085.6251452,0.11019730567932129
1757234085.625229,1757234085.7356853,0.11045646667480469
1757234085.73576,1757234085.8459406,0.11018061637878418
1757234085.8460128,1757234085.9561856,0.11017274856567383
1757234085.9562542,1757234086.0664375,0.1101832389831543
1757234086.0665212,1757234086.176701,0.11017990112304688
1757234086.1767933,1757234086.2869735,0.11018013954162598
1757234086.2870514,1757234086.3972282,0.11017680168151855
1757234086.3972993,1757234086.5074868,0.11018753051757812
1757234086.5075634,1757234086.6177423,0.11017894744873047
1757234086.6178155,1757234086.7279935,0.11017799377441406
1757234086.7280643,1757234086.8382432,0.11017894744873047
1757234086.8383224,1757234086.948501,0.11017870903015137
1757234086.9485717,1757234087.0587492,0.11017751693725586
1757234087.0588193,1757234087.1690023,0.1101830005645752
1757234087.1690907,1757234087.2792761,0.11018538475036621
1757234087.2793617,1757234087.3895426,0.11018085479736328
1757234087.3896177,1757234087.4997993,0.11018157005310059
1757234087.4998736,1757234087.6100538,0.11018013954162598
1757234087.6101265,1757234087.7203057,0.11017918586730957
1757234087.7203827,1757234087.8305573,0.11017465591430664
1757234087.8306253,1757234087.9408052,0.11017990112304688
1757234087.9408753,1757234088.0510697,0.11019444465637207
1757234088.0511446,1757234088.161324,0.11017942428588867
1757234088.1614168,1757234088.2719128,0.11049604415893555
1757234088.2719955,1757234088.382647,0.11065149307250977
1757234088.38272,1757234088.4931412,0.11042118072509766
1757234088.4932163,1757234088.603412,0.11019563674926758
1757234088.603486,1757234088.7136862,0.11020016670227051
1757234088.7137592,1757234088.8243434,0.11058425903320312
1757234088.8244243,1757234088.9348974,0.1104731559753418
1757234088.9349787,1757234089.0456603,0.11068153381347656
1757234089.0457344,1757234089.1561778,0.1104433536529541
1757234089.1562574,1757234089.266703,0.11044549942016602
1757234089.266786,1757234089.3775828,0.11079668998718262
1757234089.3776577,1757234089.4881492,0.11049151420593262
1757234089.4882967,1757234089.598543,0.11024618148803711
1757234089.5986788,1757234089.7088962,0.11021733283996582
1757234089.7089818,1757234089.8196921,0.11071038246154785
1757234089.819767,1757234089.9299674,0.11020040512084961
1757234089.9300418,1757234090.0404513,0.11040949821472168
1757234090.0405223,1757234090.1507053,0.1101830005645752
1757234090.1507788,1757234090.260983,0.11020421981811523
1757234090.2610886,1757234090.37129,0.11020135879516602
1757234090.3713706,1757234090.4817777,0.11040711402893066
1757234090.4818563,1757234090.5922794,0.11042308807373047
1757234090.5923622,1757234090.7027788,0.11041665077209473
1757234090.7028532,1757234090.813059,0.11020588874816895
1757234090.813132,1757234090.9233284,0.11019635200500488
1757234090.9234018,1757234091.033593,0.11019110679626465
1757234091.0336628,1757234091.1440783,0.11041545867919922
1757234091.1441507,1757234091.2545648,0.11041402816772461
1757234091.2546673,1757234091.3651037,0.11043643951416016
1757234091.3651774,1757234091.4759045,0.11072707176208496
1757234091.4759798,1757234091.5864422,0.11046242713928223
1757234091.5865161,1757234091.6969411,0.11042499542236328
1757234091.6970155,1757234091.8074353,0.11041975021362305
1757234091.8075092,1757234091.918301,0.11079192161560059
1757234091.9183848,1757234092.0288105,0.11042571067810059
1757234092.028884,1757234092.1390676,0.1101837158203125
1757234092.1391454,1757234092.2493262,0.11018085479736328
1757234092.2494192,1757234092.3596008,0.11018157005310059
1757234092.3596766,1757234092.469856,0.11017942428588867
1757234092.4699295,1757234092.5801132,0.1101837158203125
1757234092.5801861,1757234092.6903646,0.11017847061157227
1757234092.6904361,1757234092.8006136,0.11017751693725586
1757234092.8006825,1757234092.9108708,0.11018824577331543
1757234092.9109452,1757234093.0211508,0.11020565032958984
1757234093.0212255,1757234093.1314316,0.11020612716674805
1757234093.131505,1757234093.2417002,0.11019515991210938
1757234093.2417986,1757234093.3519847,0.11018610000610352
1757234093.3520594,1757234093.4622536,0.11019420623779297
1757234093.462333,1757234093.5725126,0.11017966270446777
1757234093.5725832,1757234093.6827762,0.11019301414489746
1757234093.6829162,1757234093.7931259,0.11020970344543457
1757234093.793257,1757234093.903451,0.11019396781921387
1757234093.9035246,1757234094.0137045,0.11017990112304688
1757234094.013776,1757234094.1239548,0.11017870903015137
1757234094.1240234,1757234094.2344673,0.1104438304901123
1757234094.2345653,1757234094.344722,0.11015677452087402
1757234094.3448002,1757234094.455008,0.11020779609680176
1757234094.4550798,1757234094.5652745,0.11019468307495117
1757234094.5653527,1757234094.6755352,0.11018252372741699
1757234094.675604,1757234094.7857833,0.11017918586730957
1757234094.7858558,1757234094.8960347,0.11017894744873047
1757234094.8961024,1757234095.006282,0.11017966270446777
1757234095.0063567,1757234095.1165342,0.11017751693725586
1757234095.1166024,1757234095.2267814,0.11017894744873047
1757234095.226877,1757234095.3370602,0.1101832389831543
1757234095.3371382,1757234095.4473188,0.11018061637878418
1757234095.4473984,1757234095.5575805,0.11018204689025879
1757234095.557656,1757234095.6678345,0.11017847061157227
1757234095.6679053,1757234095.7780616,0.11015629768371582
1757234095.7781334,1757234095.8883176,0.1101841926574707
1757234095.8883898,1757234095.9985704,0.11018061637878418
1757234095.9986427,1757234096.1088219,0.11017918586730957
1757234096.1088905,1757234096.2190728,0.11018228530883789
1757234096.2191672,1757234096.3293538,0.11018657684326172
1757234096.3294313,1757234096.439614,0.1101827621459961
1757234096.439686,1757234096.5498672,0.11018109321594238
1757234096.549938,1757234096.66006,0.1101219654083252
1757234096.6601377,1757234096.770317,0.11017942428588867
1757234096.770387,1757234096.8805783,0.11019134521484375
1757234096.8807137,1757234096.9909108,0.11019706726074219
1757234096.991005,1757234097.1011908,0.11018586158752441
1757234097.1012738,1757234097.2114356,0.11016178131103516
1757234097.2115283,1757234097.3217154,0.11018705368041992
1757234097.321797,1757234097.4319787,0.11018180847167969
1757234097.43205,1757234097.5422301,0.11018013954162598
1757234097.5422983,1757234097.652484,0.11018562316894531
1757234097.652558,1757234097.7627378,0.11017966270446777
1757234097.7628057,1757234097.8730006,0.11019492149353027
1757234097.8731651,1757234097.9833786,0.1102135181427002
1757234097.9835157,1757234098.0937102,0.11019444465637207
1757234098.0937994,1757234098.2039838,0.1101844310760498
1757234098.2040877,1757234098.3142734,0.11018562316894531
1757234098.3143625,1757234098.4245625,0.1101999282836914
1757234098.4246368,1757234098.5348318,0.11019492149353027
1757234098.534907,1757234098.645115,0.11020779609680176
1757234098.6451895,1757234098.7553318,0.11014223098754883
1757234098.7554064,1757234098.8656144,0.11020803451538086
1757234098.865688,1757234098.9758973,0.11020922660827637
1757234098.975972,1757234099.0861783,0.11020636558532715
1757234099.0862532,1757234099.196445,0.11019182205200195
1757234099.1965492,1757234099.30703,0.11048078536987305
1757234099.30711,1757234099.4175677,0.1104576587677002
1757234099.417643,1757234099.5278509,0.11020779609680176
1757234099.5279255,1757234099.6385012,0.11057567596435547
1757234099.6385753,1757234099.7487824,0.11020708084106445
1757234099.748856,1757234099.8594785,0.11062240600585938
1757234099.8595533,1757234099.9697616,0.11020827293395996
1757234099.9698353,1757234100.0800438,0.11020851135253906
1757234100.0801194,1757234100.190321,0.11020159721374512
1757234100.1904137,1757234100.3005998,0.11018610000610352
1757234100.3006756,1757234100.4108694,0.11019372940063477
1757234100.4109445,1757234100.5211546,0.11021018028259277
1757234100.5212295,1757234100.6314414,0.11021184921264648
1757234100.6315167,1757234100.7417147,0.1101980209350586
1757234100.741787,1757234100.8519938,0.11020684242248535
1757234100.8520682,1757234100.9622629,0.11019468307495117
1757234100.96234,1757234101.072521,0.11018085479736328
1757234101.07259,1757234101.182778,0.11018776893615723
1757234101.18287,1757234101.2930562,0.11018633842468262
1757234101.293139,1757234101.4033298,0.11019086837768555
1757234101.4034033,1757234101.513588,0.1101846694946289
1757234101.5136607,1757234101.6238568,0.11019611358642578
1757234101.6239293,1757234101.7341099,0.11018061637878418
1757234101.7341795,1757234101.8443594,0.11017990112304688
1757234101.8444276,1757234101.9546218,0.11019420623779297
1757234101.9546971,1757234102.064898,0.11020088195800781
1757234102.0650282,1757234102.1752408,0.11021256446838379
1757234102.1753752,1757234102.2855723,0.11019706726074219
1757234102.2856662,1757234102.395851,0.1101846694946289
1757234102.3959327,1757234102.506116,0.1101832389831543
1757234102.5061955,1757234102.6163166,0.11012101173400879
1757234102.6163962,1757234102.7265782,0.11018204689025879
1757234102.7266517,1757234102.8368304,0.11017870903015137
1757234102.836901,1757234102.9470809,0.11017990112304688
1757234102.9471529,1757234103.0573158,0.11016297340393066
1757234103.0573857,1757234103.1675668,0.11018109321594238
1757234103.1676464,1757234103.2778347,0.11018824577331543
1757234103.2779164,1757234103.388098,0.11018157005310059
1757234103.3881714,1757234103.4983177,0.11014628410339355
1757234103.4983914,1757234103.6085713,0.11017990112304688
1757234103.6086428,1757234103.7187922,0.11014938354492188
1757234103.7188697,1757234103.8290765,0.11020684242248535
1757234103.8291516,1757234103.939358,0.11020636558532715
1757234103.9394338,1757234104.0496428,0.11020898818969727
1757234104.0497177,1757234104.1601436,0.11042594909667969
1757234104.1602335,1757234104.2706985,0.11046504974365234
1757234104.2708068,1757234104.3815305,0.11072373390197754
1757234104.381617,1757234104.4917974,0.11018037796020508
1757234104.491869,1757234104.602048,0.11017894744873047
1757234104.6021163,1757234104.712295,0.11017870903015137
1757234104.7123735,1757234104.8225532,0.11017966270446777
1757234104.822621,1757234104.9328015,0.11018037796020508
1757234104.9328704,1757234105.0430481,0.11017775535583496
1757234105.0431168,1757234105.1532955,0.11017870903015137
1757234105.1533728,1757234105.2635553,0.11018252372741699
1757234105.2636406,1757234105.3738244,0.1101837158203125
1757234105.3738997,1757234105.484082,0.11018228530883789
1757234105.4841597,1757234105.5943162,0.11015653610229492
1757234105.594388,1757234105.7045672,0.11017918586730957
1757234105.7046432,1757234105.8148234,0.11018013954162598
1757234105.8148937,1757234105.9250731,0.11017942428588867
1757234105.9251425,1757234106.0353193,0.11017680168151855
1757234106.0353932,1757234106.1455753,0.11018204689025879
1757234106.145649,1757234106.2558315,0.11018252372741699
1757234106.2559285,1757234106.3661141,0.11018562316894531
1757234106.3661993,1757234106.4763184,0.11011910438537598
1757234106.4764132,1757234106.5866117,0.1101984977722168
1757234106.586745,1757234106.696952,0.11020708084106445
1757234106.697076,1757234106.807321,0.1102449893951416
1757234106.8076055,1757234106.9178407,0.11023521423339844
1757234106.9181147,1757234107.0283267,0.11021208763122559
1757234107.0284612,1757234107.1386728,0.11021161079406738
1757234107.138798,1757234107.2490084,0.11021041870117188
1757234107.249138,1757234107.3593256,0.11018753051757812
1757234107.3594558,1757234107.4696543,0.1101984977722168
1757234107.4697618,1757234107.579956,0.11019420623779297
1757234107.5800338,1757234107.6902244,0.11019062995910645
1757234107.6903024,1757234107.8004968,0.11019444465637207
1757234107.8005803,1757234107.910767,0.11018681526184082
1757234107.9108465,1757234108.0210333,0.11018681526184082
1757234108.021114,1757234108.1313019,0.11018776893615723
1757234108.1314056,1757234108.241593,0.11018729209899902
1757234108.241693,1757234108.3518822,0.11018919944763184
1757234108.35197,1757234108.4621553,0.11018538475036621
1757234108.4622347,1757234108.5724242,0.11018943786621094
1757234108.5725067,1757234108.6826925,0.11018586158752441
1757234108.6827652,1757234108.7929497,0.1101844310760498
1757234108.7930202,1757234108.903202,0.11018180847167969
1757234108.9032722,1757234109.013453,0.11018085479736328
1757234109.0135233,1757234109.123705,0.11018157005310059
1757234109.1237767,1757234109.2339604,0.1101837158203125
1757234109.234056,1757234109.3442452,0.11018919944763184
1757234109.3443453,1757234109.454532,0.11018657684326172
1757234109.4546046,1757234109.5647886,0.1101839542388916
1757234109.5648592,1757234109.6750393,0.11018013954162598
1757234109.675112,1757234109.7852852,0.11017322540283203
1757234109.785368,1757234109.8955503,0.11018228530883789
1757234109.8956225,1757234110.0058029,0.11018037796020508
1757234110.0058718,1757234110.1160648,0.11019301414489746
1757234110.1161387,1757234110.2263353,0.11019659042358398
1757234110.2264295,1757234110.3368504,0.11042094230651855
1757234110.3369277,1757234110.4471354,0.11020779609680176
1757234110.4472082,1757234110.5574038,0.11019563674926758
1757234110.5574784,1757234110.6676736,0.11019515991210938
1757234110.6678479,1757234110.7780683,0.11022043228149414
1757234110.7782032,1757234110.8884075,0.11020421981811523
1757234110.8884957,1757234110.9986892,0.11019349098205566
1757234110.998827,1757234111.1090217,0.11019468307495117
1757234111.1091025,1757234111.2192857,0.1101832389831543
1757234111.2193801,1757234111.3298244,0.11044430732727051
1757234111.329901,1757234111.4403727,0.11047172546386719
1757234111.440447,1757234111.5506482,0.11020112037658691
1757234111.5507236,1757234111.6612132,0.1104896068572998
1757234111.6612878,1757234111.7714858,0.1101980209350586
1757234111.7715986,1757234111.8817902,0.11019158363342285
1757234111.881878,1757234111.9920735,0.11019563674926758
1757234111.9921536,1757234112.1023533,0.1101996898651123
1757234112.102432,1757234112.2126396,0.11020755767822266
1757234112.2127445,1757234112.3229518,0.11020731925964355
1757234112.3230312,1757234112.4332328,0.11020159721374512
1757234112.4333172,1757234112.543521,0.11020374298095703
1757234112.5435967,1757234112.6538024,0.11020565032958984
1757234112.6538782,1757234112.7640722,0.11019396781921387
1757234112.7641554,1757234112.8743494,0.11019396781921387
1757234112.8744104,1757234112.9845927,0.11018228530883789
1757234112.9846647,1757234113.094846,0.11018133163452148
1757234113.0949185,1757234113.2051024,0.1101839542388916
1757234113.2051964,1757234113.3153806,0.1101841926574707
1757234113.3154488,1757234113.4256291,0.11018037796020508
1757234113.4257035,1757234113.5358858,0.11018228530883789
1757234113.535957,1757234113.6461382,0.11018109321594238
1757234113.6462119,1757234113.7563934,0.11018157005310059
1757234113.7564654,1757234113.8666472,0.11018180847167969
1757234113.8667185,1757234113.9769008,0.11018228530883789
1757234113.9769726,1757234114.0871542,0.11018157005310059
1757234114.0872252,1757234114.1973178,0.1100926399230957
1757234114.1974194,1757234114.3076065,0.11018705368041992
1757234114.307685,1757234114.4178677,0.1101827621459961
1757234114.41794,1757234114.5281208,0.11018085479736328
1757234114.5281942,1757234114.6383193,0.11012506484985352
1757234114.6383898,1757234114.7485712,0.11018133163452148
1757234114.7486403,1757234114.8588324,0.11019206047058105
1757234114.8589714,1757234114.969184,0.11021256446838379
1757234114.9693248,1757234115.0795228,0.1101980209350586
1757234115.0795972,1757234115.189785,0.11018776893615723
1757234115.1898808,1757234115.3000672,0.11018633842468262
1757234115.3001463,1757234115.4103186,0.11017227172851562
1757234115.4103923,1757234115.520574,0.11018180847167969
1757234115.5206482,1757234115.6307886,0.11014032363891602
1757234115.6308663,1757234115.741049,0.1101827621459961
1757234115.741122,1757234115.8515315,0.11040949821472168
1757234115.8516061,1757234115.961808,0.11020183563232422
1757234115.961882,1757234116.0720892,0.11020708084106445
1757234116.07217,1757234116.1823711,0.11020112037658691
1757234116.1824694,1757234116.2926674,0.1101980209350586
1757234116.292747,1757234116.4029489,0.11020183563232422
1757234116.403024,1757234116.5135667,0.11054277420043945
1757234116.513642,1757234116.6238363,0.11019420623779297
1757234116.623912,1757234116.7340937,0.11018157005310059
1757234116.7341762,1757234116.8443687,0.11019253730773926
1757234116.8444424,1757234116.9548995,0.11045718193054199
1757234116.9549747,1757234117.0651815,0.11020684242248535
1757234117.0652559,1757234117.1756742,0.11041831970214844
1757234117.1757526,1757234117.2859368,0.1101841926574707
1757234117.286016,1757234117.3962095,0.11019349098205566
1757234117.396284,1757234117.5064669,0.1101827621459961
1757234117.5065403,1757234117.6167207,0.11018037796020508
1757234117.6167915,1757234117.726982,0.11019062995910645
1757234117.7270563,1757234117.837681,0.11062479019165039
1757234117.8377564,1757234117.9479647,0.11020827293395996
1757234117.94804,1757234118.0582333,0.11019325256347656
1757234118.0583165,1757234118.1687748,0.1104583740234375
1757234118.1688495,1757234118.279038,0.11018848419189453
1757234118.27914,1757234118.3893287,0.11018872261047363
1757234118.3894129,1757234118.499593,0.11018013954162598
1757234118.4996715,1757234118.6098542,0.1101827621459961
1757234118.6099327,1757234118.7201154,0.1101827621459961
1757234118.7201889,1757234118.8303695,0.11018061637878418
1757234118.8304415,1757234118.9406226,0.11018109321594238
1757234118.9406939,1757234119.0508876,0.11019372940063477
1757234119.0510323,1757234119.1612537,0.11022138595581055
1757234119.1613913,1757234119.2715952,0.11020398139953613
1757234119.271704,1757234119.381895,0.11019110679626465
1757234119.381978,1757234119.492167,0.11018896102905273
1757234119.4922507,1757234119.6024318,0.11018109321594238
1757234119.6025083,1757234119.7126918,0.1101834774017334
1757234119.7127652,1757234119.822947,0.11018180847167969
1757234119.8230193,1757234119.933202,0.1101827621459961
1757234119.933284,1757234120.0435133,0.1102292537689209
1757234120.0435836,1757234120.1539702,0.11038661003112793
1757234120.1540523,1757234120.2649214,0.11086916923522949
1757234120.2650194,1757234120.375696,0.11067652702331543
1757234120.3757727,1757234120.4865165,0.11074376106262207
1757234120.4865966,1757234120.597058,0.11046147346496582
1757234120.5971334,1757234120.7073312,0.11019778251647949
1757234120.707405,1757234120.817849,0.1104438304901123
1757234120.8179212,1757234120.9281015,0.11018037796020508
1757234120.9281738,1757234121.038355,0.11018133163452148
1757234121.0384243,1757234121.148604,0.11017966270446777
1757234121.148673,1757234121.2588563,0.1101832389831543
1757234121.2589524,1757234121.369137,0.1101846694946289
1757234121.3692107,1757234121.4793906,0.11017990112304688
1757234121.4794612,1757234121.5896409,0.11017966270446777
1757234121.5897093,1757234121.699891,0.11018180847167969
1757234121.6999614,1757234121.8101432,0.11018180847167969
1757234121.8102133,1757234121.920316,0.11010265350341797
1757234121.9203844,1757234122.0305648,0.11018037796020508
1757234122.0306354,1757234122.140815,0.11017966270446777
1757234122.1408863,1757234122.2510684,0.11018204689025879
1757234122.2511644,1757234122.3613205,0.11015605926513672
1757234122.361401,1757234122.471583,0.11018180847167969
1757234122.4716578,1757234122.5818388,0.11018109321594238
1757234122.581912,1757234122.692092,0.11017990112304688
1757234122.6921618,1757234122.8023174,0.11015558242797852
1757234122.8023863,1757234122.912567,0.11018061637878418
1757234122.9126348,1757234123.0228145,0.11017966270446777
1757234123.0228841,1757234123.13334,0.11045575141906738
1757234123.133414,1757234123.2436168,0.11020278930664062
1757234123.2437146,1757234123.3539176,0.11020302772521973
1757234123.3539946,1757234123.4645956,0.11060094833374023
1757234123.4646807,1757234123.5751061,0.11042547225952148
1757234123.575181,1757234123.6859348,0.11075377464294434
1757234123.6860092,1757234123.7962046,0.11019539833068848
1757234123.796279,1757234123.9064734,0.11019444465637207
1757234123.9065483,1757234124.0170045,0.11045622825622559
1757234124.0170798,1757234124.127274,0.11019420623779297
1757234124.1273596,1757234124.2375457,0.11018610000610352
1757234124.2376423,1757234124.347827,0.1101846694946289
1757234124.3479028,1757234124.4580944,0.11019158363342285
1757234124.4582343,1757234124.568446,0.11021161079406738
1757234124.5685818,1757234124.6787927,0.11021089553833008
1757234124.6788907,1757234124.789102,0.11021137237548828
1757234124.7891774,1757234124.899318,0.11014056205749512
1757234124.8993928,1757234125.0095725,0.11017966270446777
1757234125.0096438,1757234125.1198242,0.11018037796020508
1757234125.1198933,1757234125.2300758,0.11018252372741699
1757234125.2302084,1757234125.3404052,0.11019682884216309
1757234125.3404858,1757234125.4506867,0.11020088195800781
1757234125.450762,1757234125.5611925,0.11043047904968262
1757234125.5612667,1757234125.6714728,0.11020612716674805
1757234125.6715477,1757234125.781742,0.11019444465637207
1757234125.7818165,1757234125.891995,0.11017847061157227
1757234125.8920677,1757234126.002255,0.11018729209899902
1757234126.0023367,1757234126.1125152,0.11017847061157227
1757234126.112589,1757234126.2227714,0.11018252372741699
1757234126.222869,1757234126.3330524,0.1101834774017334
1757234126.3331296,1757234126.4433308,0.11020112037658691
1757234126.4434114,1757234126.5536184,0.11020708084106445
1757234126.5536935,1757234126.663892,0.1101984977722168
1757234126.663967,1757234126.7746282,0.11066126823425293
1757234126.7747014,1757234126.8851867,0.11048531532287598
1757234126.8852613,1757234126.9957466,0.11048531532287598
1757234126.9958193,1757234127.1060278,0.11020851135253906
1757234127.106103,1757234127.2162979,0.11019492149353027
1757234127.2164013,1757234127.3265977,0.11019635200500488
1757234127.3266773,1757234127.4371412,0.11046385765075684
1757234127.4372199,1757234127.5473163,0.11009645462036133
1757234127.5473895,1757234127.6575713,0.11018180847167969
1757234127.6576536,1757234127.7678337,0.11018013954162598
1757234127.767903,1757234127.8781931,0.1102900505065918
1757234127.8782752,1757234127.9887073,0.11043214797973633
1757234127.98878,1757234128.098973,0.11019301414489746
1757234128.0990462,1757234128.2092292,0.1101830005645752
1757234128.2093291,1757234128.319517,0.11018776893615723
1757234128.3195891,1757234128.4297688,0.11017966270446777
1757234128.4298384,1757234128.5400171,0.11017870903015137
1757234128.5400903,1757234128.6502838,0.11019349098205566
1757234128.6504555,1757234128.76067,0.1102144718170166
1757234128.760811,1757234128.871009,0.1101980209350586
1757234128.8711047,1757234128.9812906,0.11018586158752441
1757234128.9813707,1757234129.0915527,0.11018204689025879
1757234129.091625,1757234129.2018113,0.11018633842468262
1757234129.2019207,1757234129.312108,0.11018729209899902
1757234129.312185,1757234129.422638,0.11045289039611816
1757234129.4227118,1757234129.53302,0.11030817031860352
1757234129.533096,1757234129.6433022,0.11020612716674805
1757234129.6433854,1757234129.753594,0.11020851135253906
1757234129.7536678,1757234129.8638625,0.11019468307495117
1757234129.8639362,1757234129.9741156,0.11017942428588867
1757234129.974187,1757234130.08437,0.1101830005645752
1757234130.0844438,1757234130.1946387,0.11019492149353027
1757234130.1947513,1757234130.3049586,0.11020731925964355
1757234130.3050468,1757234130.4152563,0.11020946502685547
1757234130.415341,1757234130.5255368,0.11019587516784668
1757234130.5256143,1757234130.63581,0.11019563674926758
1757234130.6358845,1757234130.7460792,0.11019468307495117
1757234130.746154,1757234130.8563328,0.11017870903015137
1757234130.8564048,1757234130.966583,0.11017823219299316
1757234130.9666548,1757234131.076834,0.11017918586730957
1757234131.076909,1757234131.187092,0.1101830005645752
1757234131.187173,1757234131.297323,0.11015009880065918
1757234131.2974024,1757234131.4075859,0.1101834774017334
1757234131.407656,1757234131.517837,0.11018109321594238
1757234131.5178962,1757234131.6280751,0.11017894744873047
1757234131.6281471,1757234131.7383158,0.1101686954498291
1757234131.7383857,1757234131.8485677,0.11018204689025879
1757234131.8486373,1757234131.9588182,0.11018085479736328
1757234131.9588873,1757234132.0690684,0.11018109321594238
1757234132.0691297,1757234132.1793141,0.1101844310760498
1757234132.1793864,1757234132.2895713,0.11018490791320801
1757234132.289725,1757234132.3999174,0.11019229888916016
1757234132.4000204,1757234132.5102122,0.11019182205200195
1757234132.5103023,1757234132.6204958,0.11019349098205566
1757234132.6205745,1757234132.7307575,0.1101830005645752
1757234132.730833,1757234132.8410282,0.11019515991210938
1757234132.841173,1757234132.9513288,0.11015582084655762
1757234132.951466,1757234133.0616663,0.11020016670227051
1757234133.0617638,1757234133.1719506,0.11018681526184082
1757234133.1720393,1757234133.2822306,0.11019134521484375
1757234133.2823434,1757234133.39253,0.11018657684326172
1757234133.3926113,1757234133.5027947,0.1101834774017334
1757234133.502873,1757234133.6130555,0.11018252372741699
1757234133.6131291,1757234133.723318,0.11018896102905273
1757234133.7233932,1757234133.833574,0.11018085479736328
1757234133.8336463,1757234133.943828,0.11018180847167969
1757234133.9438987,1757234134.0540798,0.11018109321594238
1757234134.0541515,1757234134.1643376,0.11018610000610352
1757234134.1644115,1757234134.274595,0.1101834774017334
1757234134.2746947,1757234134.3850884,0.11039376258850098
1757234134.3851688,1757234134.4953625,0.11019372940063477
1757234134.4954393,1757234134.6056325,0.11019325256347656
1757234134.60571,1757234134.7159052,0.11019515991210938
1757234134.7159774,1757234134.8261569,0.11017942428588867
1757234134.8262305,1757234134.936316,0.11008548736572266
1757234134.9363885,1757234135.0465684,0.11017990112304688
1757234135.0466402,1757234135.1568322,0.11019206047058105
1757234135.1569073,1757234135.2671063,0.110198974609375
1757234135.2672188,1757234135.3773336,0.11011481285095215
1757234135.37742,1757234135.4876156,0.11019563674926758
1757234135.487689,1757234135.598381,0.11069202423095703
1757234135.598455,1757234135.7086391,0.1101841926574707
1757234135.7087119,1757234135.8188932,0.11018133163452148
1757234135.8189645,1757234135.9290597,0.11009526252746582
1757234135.9291337,1757234136.0393157,0.11018204689025879
1757234136.0393977,1757234136.149843,0.11044526100158691
1757234136.1499212,1757234136.2601192,0.1101980209350586
1757234136.2602167,1757234136.3703182,0.11010146141052246
1757234136.3704095,1757234136.4805944,0.11018490791320801
1757234136.4806697,1757234136.5908523,0.11018252372741699
1757234136.590925,1757234136.7011096,0.1101846694946289
1757234136.701182,1757234136.8113687,0.11018681526184082
1757234136.8114402,1757234136.9216218,0.11018157005310059
1757234136.9216926,1757234137.0318842,0.11019158363342285
1757234137.0320306,1757234137.1422443,0.1102137565612793
1757234137.1423826,1757234137.2525797,0.11019706726074219
1757234137.2526877,1757234137.362876,0.11018824577331543
1757234137.3629627,1757234137.4731476,0.11018490791320801
1757234137.4732227,1757234137.5833158,0.1100931167602539
1757234137.5833914,1757234137.693553,0.11016154289245605
1757234137.6936293,1757234137.803811,0.11018180847167969
1757234137.8038852,1757234137.9140673,0.11018204689025879
1757234137.9141388,1757234138.0243158,0.11017704010009766
1757234138.0243878,1757234138.1345701,0.11018228530883789
1757234138.134642,1757234138.244827,0.11018514633178711
1757234138.2449272,1757234138.355116,0.11018872261047363
1757234138.3551927,1757234138.4653184,0.11012578010559082
1757234138.4653895,1757234138.5755694,0.11017990112304688
1757234138.5756388,1757234138.6858187,0.11017990112304688
1757234138.6858876,1757234138.796067,0.11017942428588867
1757234138.7961369,1757234138.9063277,0.11019086837768555
1757234138.9064634,1757234139.0166738,0.11021041870117188
1757234139.0167696,1757234139.1269717,0.11020207405090332
1757234139.1270468,1757234139.2372296,0.1101827621459961
1757234139.23734,1757234139.3475392,0.1101992130279541
1757234139.3476188,1757234139.4578261,0.11020731925964355
1757234139.4579005,1757234139.5680945,0.11019396781921387
1757234139.5681677,1757234139.6783197,0.11015200614929199
1757234139.6783936,1757234139.7886016,0.11020803451538086
1757234139.7886772,1757234139.898884,0.11020684242248535
1757234139.8989568,1757234140.0091648,0.11020803451538086
1757234140.009237,1757234140.1194334,0.11019635200500488
1757234140.1195064,1757234140.229686,0.11017966270446777
1757234140.229782,1757234140.3399653,0.1101832389831543
1757234140.3400407,1757234140.4502215,0.11018085479736328
1757234140.450294,1757234140.5604742,0.11018013954162598
1757234140.5605457,1757234140.670727,0.11018133163452148
1757234140.6707978,1757234140.7809772,0.11017942428588867
1757234140.7810476,1757234140.8912265,0.11017894744873047
1757234140.8912957,1757234141.0014744,0.11017870903015137
1757234141.0015423,1757234141.1117265,0.1101841926574707
1757234141.111796,1757234141.2219791,0.1101832389831543
1757234141.2220705,1757234141.3322508,0.11018037796020508
1757234141.3323338,1757234141.4425142,0.11018037796020508
1757234141.442587,1757234141.5527794,0.11019253730773926
1757234141.5529253,1757234141.6631298,0.11020445823669434
1757234141.6632624,1757234141.773458,0.11019563674926758
1757234141.7735474,1757234141.8837287,0.11018133163452148
1757234141.883805,1757234141.9939961,0.11019110679626465
1757234141.9940696,1757234142.104255,0.11018538475036621
1757234142.1043377,1757234142.2145228,0.11018514633178711
1757234142.2146187,1757234142.3248014,0.1101827621459961
1757234142.3248773,1757234142.4350672,0.11018991470336914
1757234142.435141,1757234142.5455534,0.1104123592376709
1757234142.54563,1757234142.6558113,0.11018133163452148
1757234142.655884,1757234142.766064,0.11017990112304688
1757234142.7661386,1757234142.876316,0.11017751693725586
1757234142.8763871,1757234142.986568,0.11018085479736328
1757234142.986638,1757234143.0968177,0.11017966270446777
1757234143.0968883,1757234143.2070773,0.11018896102905273
1757234143.207183,1757234143.3173163,0.11013340950012207
1757234143.3173969,1757234143.4275799,0.1101830005645752
1757234143.4276557,1757234143.5378377,0.11018204689025879
1757234143.537912,1757234143.648096,0.1101841926574707
1757234143.6481678,1757234143.7583156,0.11014771461486816
1757234143.7583845,1757234143.868776,0.11039161682128906
1757234143.8688555,1757234143.9792674,0.1104118824005127
1757234143.9793463,1757234144.0895236,0.11017727851867676
1757234144.0895956,1757234144.1997771,0.11018157005310059
1757234144.1998684,1757234144.3100574,0.11018896102905273
1757234144.31014,1757234144.4207532,0.11061334609985352
1757234144.4208272,1757234144.5310216,0.11019444465637207
1757234144.5310955,1757234144.6412883,0.11019277572631836
1757234144.641372,1757234144.7523158,0.11094379425048828
1757234144.7523935,1757234144.8625782,0.1101846694946289
1757234144.8626497,1757234144.973065,0.11041522026062012
1757234144.9731379,1757234145.0833406,0.11020278930664062
1757234145.0834153,1757234145.1936111,0.11019587516784668
1757234145.1936889,1757234145.3038764,0.11018753051757812
1757234145.3039575,1757234145.414144,0.11018657684326172
1757234145.4142163,1757234145.52432,0.11010360717773438
1757234145.5243998,1757234145.6345816,0.11018180847167969
1757234145.6346498,1757234145.7448425,0.11019277572631836
1757234145.7449815,1757234145.8551948,0.1102132797241211
1757234145.8553307,1757234145.9655323,0.11020159721374512
1757234145.9656286,1757234146.0758193,0.11019062995910645
1757234146.0759037,1757234146.1860886,0.11018490791320801
1757234146.1861641,1757234146.2963495,0.11018538475036621
1757234146.2964437,1757234146.406629,0.11018538475036621
1757234146.4067047,1757234146.516887,0.11018228530883789
1757234146.5169656,1757234146.6271477,0.11018204689025879
1757234146.6272275,1757234146.7374108,0.1101832389831543
1757234146.7375345,1757234146.847718,0.1101834774017334
1757234146.847787,1757234146.9579673,0.11018037796020508
1757234146.9580371,1757234147.06822,0.1101827621459961
1757234147.0682888,1757234147.1784315,0.11014270782470703
1757234147.1784987,1757234147.288681,0.11018228530883789
1757234147.28878,1757234147.398967,0.11018705368041992
1757234147.3990433,1757234147.5092251,0.11018180847167969
1757234147.5093136,1757234147.6194959,0.11018228530883789
1757234147.6195676,1757234147.7297509,0.1101832389831543
1757234147.729822,1757234147.8400028,0.11018085479736328
1757234147.840074,1757234147.9502566,0.11018252372741699
1757234147.9503345,1757234148.0605154,0.11018085479736328
1757234148.0605843,1757234148.1707654,0.11018109321594238
1757234148.1708345,1757234148.281017,0.11018252372741699
1757234148.2811124,1757234148.3913004,0.11018800735473633
1757234148.3913863,1757234148.5015695,0.1101832389831543
1757234148.5016463,1757234148.6118357,0.11018943786621094
1757234148.611913,1757234148.7220995,0.11018657684326172
1757234148.7221725,1757234148.8323557,0.1101832389831543
1757234148.8324254,1757234148.9426055,0.11018013954162598
1757234148.9426746,1757234149.0528572,0.11018252372741699
1757234149.052926,1757234149.1631074,0.11018133163452148
1757234149.1631787,1757234149.273362,0.1101832389831543
1757234149.2734587,1757234149.3836455,0.11018681526184082
1757234149.3837185,1757234149.4939287,0.11021018028259277
1757234149.4940045,1757234149.60419,0.11018562316894531
1757234149.6042638,1757234149.7144432,0.11017942428588867
1757234149.7145178,1757234149.8247113,0.11019349098205566
1757234149.8247862,1757234149.9349847,0.1101984977722168
1757234149.9351342,1757234150.0453267,0.11019253730773926
1757234150.0454612,1757234150.155668,0.11020684242248535
1757234150.1557524,1757234150.266208,0.11045551300048828
1757234150.2663043,1757234150.3765094,0.11020517349243164
1757234150.3765857,1757234150.4867663,0.11018061637878418
1757234150.4868386,1757234150.5970209,0.11018228530883789
1757234150.597094,1757234150.707276,0.11018204689025879
1757234150.7073557,1757234150.8175392,0.1101834774017334
1757234150.8176167,1757234150.9277964,0.11017966270446777
1757234150.9278738,1757234151.0380542,0.11018037796020508
1757234151.0381224,1757234151.1483018,0.11017942428588867
1757234151.148377,1757234151.258553,0.11017608642578125
1757234151.2586448,1757234151.3688402,0.11019539833068848
1757234151.3689206,1757234151.4791086,0.11018800735473633
1757234151.4791825,1757234151.589812,0.11062955856323242
1757234151.5898936,1757234151.7002673,0.11037373542785645
1757234151.700357,1757234151.810548,0.11019110679626465
1757234151.8106225,1757234151.9208198,0.11019730567932129
1757234151.9208934,1757234152.0311005,0.11020708084106445
1757234152.0311737,1757234152.141358,0.1101841926574707
1757234152.1414337,1757234152.2516131,0.11017942428588867
1757234152.2517128,1757234152.3618915,0.11017870903015137
1757234152.3619673,1757234152.4721487,0.11018133163452148
1757234152.4722207,1757234152.582318,0.11009740829467773
1757234152.5823903,1757234152.6925824,0.11019206047058105
1757234152.6926563,1757234152.8028426,0.11018633842468262
1757234152.8029795,1757234152.9131868,0.11020731925964355
1757234152.9132857,1757234153.0241468,0.11086106300354004
1757234153.02422,1757234153.1347947,0.11057472229003906
1757234153.1348667,1757234153.2453158,0.11044907569885254
1757234153.2454114,1757234153.3555977,0.11018633842468262
1757234153.35568,1757234153.4661238,0.1104438304901123
1757234153.4661977,1757234153.5763714,0.11017370223999023
1757234153.5764465,1757234153.686632,0.11018538475036621
1757234153.6867056,1757234153.7969,0.11019444465637207
1757234153.7969744,1757234153.907409,0.11043453216552734
1757234153.9074826,1757234154.0176833,0.11020064353942871
1757234154.0177572,1757234154.1282003,0.110443115234375
1757234154.1283534,1757234154.2385826,0.1102292537689209
1757234154.2387116,1757234154.3489072,0.11019563674926758
1757234154.3489904,1757234154.4591897,0.1101992130279541
1757234154.459266,1757234154.5694587,0.11019277572631836
1757234154.569535,1757234154.679724,0.11018896102905273
1757234154.6797988,1757234154.7899961,0.11019730567932129
1757234154.7900703,1757234154.900265,0.11019468307495117
1757234154.9003441,1757234155.010551,0.11020684242248535
1757234155.0106266,1757234155.1208255,0.110198974609375
1757234155.1209009,1757234155.2310877,0.11018681526184082
1757234155.2311864,1757234155.341394,0.11020755767822266
1757234155.341474,1757234155.4516702,0.11019611358642578
1757234155.4517446,1757234155.561923,0.11017847061157227
1757234155.5620055,1757234155.6721942,0.11018872261047363
1757234155.6722686,1757234155.782463,0.11019444465637207
1757234155.7825372,1757234155.8927326,0.11019539833068848
1757234155.8928072,1757234156.0030024,0.11019515991210938
1757234156.00308,1757234156.1132731,0.11019325256347656
1757234156.1133585,1757234156.2235596,0.11020112037658691
1757234156.2236617,1757234156.3338609,0.1101992130279541
1757234156.33394,1757234156.4444025,0.11046242713928223
1757234156.4444768,1757234156.5546718,0.11019492149353027
1757234156.5547462,1757234156.6649265,0.11018037796020508
1757234156.6649983,1757234156.7751787,0.11018037796020508
1757234156.7752495,1757234156.8854315,0.11018204689025879
1757234156.8855007,1757234156.9956808,0.11018013954162598
1757234156.9957507,1757234157.1059291,0.11017847061157227
1757234157.1059983,1757234157.2161825,0.1101841926574707
1757234157.2162828,1757234157.3265653,0.11028242111206055
1757234157.326647,1757234157.437093,0.11044597625732422
1757234157.4371643,1757234157.5473163,0.11015200614929199
1757234157.5473864,1757234157.657567,0.11018061637878418
1757234157.657638,1757234157.7678175,0.11017942428588867
1757234157.7678864,1757234157.8780653,0.11017894744873047
1757234157.8781347,1757234157.9883144,0.11017966270446777
1757234157.9883826,1757234158.098562,0.11017942428588867
1757234158.098631,1757234158.2088118,0.11018085479736328
1757234158.208898,1757234158.3190815,0.1101834774017334
1757234158.319159,1757234158.4293416,0.11018252372741699
1757234158.4294112,1757234158.539592,0.11018085479736328
1757234158.539662,1757234158.6498547,0.11019277572631836
1757234158.650016,1757234158.760226,0.11020994186401367
1757234158.7603595,1757234158.8705502,0.11019062995910645
1757234158.8706293,1757234158.9808104,0.11018109321594238
1757234158.980881,1757234159.0910606,0.11017966270446777
1757234159.0911384,1757234159.2013173,0.11017894744873047
1757234159.2013938,1757234159.311577,0.1101832389831543
1757234159.3116562,1757234159.4218423,0.11018610000610352
1757234159.4219143,1757234159.5320942,0.11017990112304688
1757234159.5321646,1757234159.6423426,0.11017799377441406
1757234159.6424143,1757234159.7525878,0.11017346382141113
1757234159.752661,1757234159.862846,0.11018490791320801
1757234159.8629205,1757234159.9733586,0.11043810844421387
1757234159.9734313,1757234160.0836062,0.11017489433288574
1757234160.0836773,1757234160.193844,0.11016678810119629
1757234160.1939135,1757234160.3040953,0.11018180847167969
1757234160.304194,1757234160.4146166,0.11042261123657227
1757234160.4146917,1757234160.5248997,0.11020803451538086
1757234160.5249743,1757234160.635431,0.11045670509338379
1757234160.6355097,1757234160.7456925,0.1101827621459961
1757234160.7457643,1757234160.8559434,0.11017918586730957
1757234160.8560138,1757234160.9661932,0.11017942428588867
1757234160.966263,1757234161.076442,0.11017894744873047
1757234161.076517,1757234161.1866972,0.11018013954162598
1757234161.1867683,1757234161.2969522,0.1101839542388916
1757234161.2970645,1757234161.4072504,0.11018586158752441
1757234161.407331,1757234161.517511,0.11017990112304688
1757234161.517581,1757234161.6277604,0.11017942428588867
1757234161.6278331,1757234161.7380135,0.11018037796020508
1757234161.7380843,1757234161.8482633,0.11017894744873047
1757234161.84834,1757234161.9585202,0.11018013954162598
1757234161.95859,1757234162.0687697,0.11017966270446777
1757234162.0688422,1757234162.179023,0.11018085479736328
1757234162.1790938,1757234162.2892754,0.11018157005310059
1757234162.2893817,1757234162.3999307,0.1105489730834961
1757234162.4000082,1757234162.510204,0.11019587516784668
1757234162.5102792,1757234162.6208835,0.11060428619384766
1757234162.6209593,1757234162.731154,0.11019468307495117
1757234162.7312286,1757234162.8413303,0.11010169982910156
1757234162.841473,1757234162.9516702,0.11019706726074219
1757234162.9517598,1757234163.061956,0.11019611358642578
1757234163.0620341,1757234163.1725209,0.11048674583435059
1757234163.1725984,1757234163.2832465,0.11064815521240234
1757234163.2833526,1757234163.393538,0.11018538475036621
1757234163.3936112,1757234163.5037909,0.11017966270446777
1757234163.5038638,1757234163.6140442,0.11018037796020508
1757234163.6141152,1757234163.724294,0.11017870903015137
1757234163.724373,1757234163.8346155,0.11024236679077148
1757234163.834694,1757234163.9451506,0.11045670509338379
1757234163.9452257,1757234164.05572,0.11049437522888184
1757234164.0557966,1757234164.165979,0.11018228530883789
1757234164.166055,1757234164.276238,0.1101830005645752
1757234164.27635,1757234164.3865354,0.11018538475036621
1757234164.3866117,1757234164.496791,0.11017918586730957
1757234164.4968672,1757234164.6070452,0.11017799377441406
1757234164.6071198,1757234164.7172987,0.11017894744873047
1757234164.7173803,1757234164.8275595,0.11017918586730957
1757234164.8276303,1757234164.9378104,0.11018013954162598
1757234164.937881,1757234165.0480597,0.11017870903015137
1757234165.0481305,1757234165.1583142,0.1101837158203125
1757234165.1583848,1757234165.268564,0.11017918586730957
1757234165.2686608,1757234165.3788445,0.1101837158203125
1757234165.3789208,1757234165.4891,0.11017918586730957
1757234165.489171,1757234165.5993154,0.11014437675476074
1757234165.5993865,1757234165.7095654,0.11017894744873047
1757234165.7096362,1757234165.8198159,0.11017966270446777
1757234165.819888,1757234165.9300733,0.11018514633178711
1757234165.9301455,1757234166.0403285,0.1101830005645752
1757234166.0404706,1757234166.1506655,0.11019492149353027
1757234166.1507456,1757234166.260927,0.11018133163452148
1757234166.261022,1757234166.3712206,0.1101984977722168
1757234166.371313,1757234166.4815233,0.11021018028259277
1757234166.4816089,1757234166.5918014,0.11019253730773926
1757234166.591876,1757234166.702067,0.11019086837768555
1757234166.7021425,1757234166.8123186,0.11017608642578125
1757234166.8123927,1757234166.9225833,0.11019062995910645
1757234166.9226825,1757234167.0328848,0.11020231246948242
1757234167.033023,1757234167.1432273,0.11020421981811523
1757234167.1433415,1757234167.2535326,0.11019110679626465
1757234167.25364,1757234167.3638282,0.11018824577331543
1757234167.363905,1757234167.4740858,0.11018085479736328
1757234167.4741573,1757234167.5843408,0.1101834774017334
1757234167.5844145,1757234167.6945963,0.11018180847167969
1757234167.694667,1757234167.804849,0.11018180847167969
1757234167.8049195,1757234167.9151,0.11018061637878418
1757234167.915169,1757234168.0253525,0.1101834774017334
1757234168.0254226,1757234168.1356044,0.11018180847167969
1757234168.1356752,1757234168.2458637,0.11018848419189453
1757234168.2459693,1757234168.3561585,0.11018919944763184
1757234168.3562338,1757234168.466422,0.11018824577331543
1757234168.4664931,1757234168.5766728,0.11017966270446777
1757234168.5767434,1757234168.6869245,0.11018109321594238
1757234168.6869957,1757234168.7971764,0.11018061637878418
1757234168.7972465,1757234168.907637,0.11039042472839355
1757234168.9077177,1757234169.0179248,0.11020708084106445
1757234169.0179992,1757234169.1281958,0.11019659042358398
1757234169.128275,1757234169.2384648,0.11018991470336914
1757234169.2385805,1757234169.3487666,0.11018610000610352
1757234169.348847,1757234169.4590254,0.11017847061157227
1757234169.4590967,1757234169.5692778,0.11018109321594238
1757234169.5693548,1757234169.679536,0.11018133163452148
1757234169.6796079,1757234169.7897882,0.11018037796020508
1757234169.7898598,1757234169.900041,0.11018133163452148
1757234169.900112,1757234170.0102913,0.11017942428588867
1757234170.010371,1757234170.1205478,0.11017680168151855
1757234170.1206186,1757234170.2308064,0.11018776893615723
1757234170.2309005,1757234170.3410876,0.11018705368041992
1757234170.3411694,1757234170.4513168,0.11014747619628906
1757234170.4513907,1757234170.561571,0.11018013954162598
1757234170.5616412,1757234170.6718209,0.11017966270446777
1757234170.6718926,1757234170.782073,0.11018037796020508
1757234170.782144,1757234170.8923185,0.11017441749572754
1757234170.8923886,1757234171.0025833,0.11019468307495117
1757234171.002659,1757234171.112867,0.11020803451538086
1757234171.1130073,1757234171.2232187,0.11021137237548828
1757234171.2233593,1757234171.3335662,0.11020684242248535
1757234171.3336685,1757234171.4438539,0.11018538475036621
1757234171.4439363,1757234171.5541198,0.1101834774017334
1757234171.5541987,1757234171.6643188,0.11012005805969238
1757234171.6643982,1757234171.7749898,0.11059165000915527
1757234171.7750688,1757234171.885276,0.11020731925964355
1757234171.8853605,1757234171.9958224,0.11046195030212402
1757234171.9958987,1757234172.1063266,0.1104278564453125
1757234172.1064048,1757234172.2165928,0.11018800735473633
1757234172.2166998,1757234172.326842,0.11014223098754883
1757234172.3269227,1757234172.4371061,0.1101834774017334
1757234172.437179,1757234172.5473595,0.11018037796020508
1757234172.5474293,1757234172.6576095,0.11018013954162598
1757234172.6576796,1757234172.7678614,0.11018180847167969
1757234172.76793,1757234172.8781106,0.11018061637878418
1757234172.878181,1757234172.9883184,0.1101374626159668
1757234172.9883873,1757234173.0985672,0.11017990112304688
1757234173.0986366,1757234173.208816,0.11017942428588867
1757234173.2088864,1757234173.319013,0.11012673377990723
1757234173.3191028,1757234173.42929,0.11018729209899902
1757234173.429375,1757234173.5395565,0.11018157005310059
1757234173.53964,1757234173.6498232,0.1101832389831543
1757234173.6498985,1757234173.7600796,0.11018109321594238
1757234173.760154,1757234173.870337,0.1101830005645752
1757234173.8704093,1757234173.9805896,0.11018037796020508
1757234173.9806638,1757234174.090846,0.11018228530883789
1757234174.0909202,1757234174.2011025,0.11018228530883789
1757234174.20119,1757234174.3113759,0.11018586158752441
1757234174.3114734,1757234174.4216583,0.11018490791320801
1757234174.4217358,1757234174.5319214,0.11018562316894531
1757234174.531997,1757234174.6421788,0.11018180847167969
1757234174.6422534,1757234174.7524333,0.11017990112304688
1757234174.7525086,1757234174.8626895,0.11018085479736328
1757234174.8627608,1757234174.9729416,0.11018085479736328
1757234174.9730144,1757234175.083237,0.11022257804870605
1757234175.0833147,1757234175.193496,0.11018133163452148
1757234175.193625,1757234175.3038113,0.11018633842468262
1757234175.3039129,1757234175.4141,0.11018705368041992
1757234175.4141834,1757234175.5243168,0.11013340950012207
1757234175.5243924,1757234175.6345754,0.1101830005645752
1757234175.634651,1757234175.7448468,0.11019587516784668
1757234175.7450027,1757234175.8552182,0.11021542549133301
1757234175.8553596,1757234175.9655573,0.11019778251647949
1757234175.9656496,1757234176.0758352,0.11018562316894531
1757234176.0759144,1757234176.1860967,0.11018228530883789
1757234176.1861732,1757234176.2963207,0.11014747619628906
1757234176.296422,1757234176.406608,0.11018610000610352
1757234176.4066887,1757234176.5168717,0.1101830005645752
1757234176.516947,1757234176.6271343,0.11018729209899902
1757234176.6272085,1757234176.7373166,0.1101081371307373
1757234176.7374008,1757234176.8475842,0.1101834774017334
1757234176.847658,1757234176.9578402,0.11018228530883789
1757234176.9579117,1757234177.0680947,0.1101830005645752
1757234177.0681646,1757234177.1783159,0.11015129089355469
1757234177.178387,1757234177.2885704,0.1101834774017334
1757234177.2886667,1757234177.3988547,0.11018800735473633
1757234177.3989415,1757234177.509127,0.11018538475036621
1757234177.509203,1757234177.619317,0.11011409759521484
1757234177.6193936,1757234177.7295818,0.11018824577331543
1757234177.7296557,1757234177.8398387,0.1101830005645752
1757234177.8399131,1757234177.9500966,0.1101834774017334
1757234177.9501994,1757234178.060316,0.11011672019958496
1757234178.060387,1757234178.170555,0.1101682186126709
1757234178.1706436,1757234178.2808278,0.1101841926574707
1757234178.280928,1757234178.3911257,0.11019778251647949
1757234178.391206,1757234178.5016463,0.11044025421142578
1757234178.5017207,1757234178.6121504,0.11042976379394531
1757234178.612225,1757234178.7224278,0.11020278930664062
1757234178.7225027,1757234178.8331423,0.11063957214355469
1757234178.833217,1757234178.9434128,0.11019587516784668
1757234178.9434874,1757234179.053677,0.11018967628479004
1757234179.0537517,1757234179.1639569,0.11020517349243164
1757234179.164032,1757234179.2742279,0.11019587516784668
1757234179.2743292,1757234179.3845127,0.1101834774017334
1757234179.384585,1757234179.4947658,0.11018085479736328
1757234179.4948344,1757234179.605022,0.11018753051757812
1757234179.6051574,1757234179.7153199,0.11016249656677246
1757234179.715412,1757234179.8255997,0.11018776893615723
1757234179.8256738,1757234179.9358664,0.11019253730773926
1757234179.9360008,1757234180.046205,0.11020421981811523
1757234180.0463285,1757234180.1565182,0.11018967628479004
1757234180.1566098,1757234180.266795,0.11018514633178711
1757234180.2668986,1757234180.3770845,0.11018586158752441
1757234180.3771586,1757234180.4873154,0.11015677452087402
1757234180.4873838,1757234180.597563,0.11017918586730957
1757234180.5976317,1757234180.7078114,0.11017966270446777
1757234180.7078834,1757234180.8180633,0.11017990112304688
1757234180.8181338,1757234180.928266,0.11013221740722656
1757234180.9283514,1757234181.0385478,0.11019635200500488
1757234181.038624,1757234181.14882,0.11019587516784668
1757234181.1488922,1757234181.2590773,0.11018514633178711
1757234181.2591736,1757234181.3693721,0.1101984977722168
1757234181.3694522,1757234181.4796538,0.11020159721374512
1757234181.4797337,1757234181.589926,0.11019229888916016
1757234181.5900006,1757234181.7002006,0.1101999282836914
1757234181.7002764,1757234181.810484,0.11020755767822266
1757234181.8105593,1757234181.9207647,0.11020541191101074
1757234181.9208457,1757234182.0312934,0.11044764518737793
1757234182.0313756,1757234182.1415823,0.11020660400390625
1757234182.1416588,1757234182.2518582,0.1101994514465332
1757234182.2519553,1757234182.3621454,0.11019015312194824
1757234182.3622284,1757234182.4727056,0.11047720909118652
1757234182.4727848,1757234182.5832381,0.11045336723327637
1757234182.5833182,1757234182.6935277,0.11020946502685547
1757234182.6936038,1757234182.8041797,0.11057591438293457
1757234182.8042548,1757234182.9144087,0.1101539134979248
1757234182.9144847,1757234183.0246677,0.1101830005645752
1757234183.0247397,1757234183.134921,0.11018133163452148
1757234183.1349921,1757234183.245179,0.11018681526184082
1757234183.24528,1757234183.355431,0.11015105247497559
1757234183.3555138,1757234183.4656978,0.1101839542388916
1757234183.4657745,1757234183.575956,0.11018157005310059
1757234183.5760317,1757234183.686214,0.11018228530883789
1757234183.6862888,1757234183.796429,0.11014008522033691
1757234183.7965047,1757234183.9066913,0.11018657684326172
1757234183.90677,1757234184.0169532,0.1101832389831543
1757234184.017032,1757234184.1272566,0.11022472381591797
1757234184.1274576,1757234184.237664,0.11020636558532715
1757234184.2377908,1757234184.347989,0.1101982593536377
1757234184.3480856,1757234184.458273,0.11018729209899902
1757234184.4583652,1757234184.5685496,0.1101844310760498
1757234184.5686305,1757234184.6788158,0.11018538475036621
1757234184.678898,1757234184.7890813,0.1101832389831543
1757234184.789158,1757234184.899341,0.1101830005645752
1757234184.8994148,1757234185.0095956,0.11018085479736328
1757234185.0096674,1757234185.1198475,0.11018013954162598
1757234185.1199179,1757234185.2301033,0.11018538475036621
1757234185.2302058,1757234185.3403993,0.11019349098205566
1757234185.3404813,1757234185.4506643,0.1101830005645752
1757234185.4507406,1757234185.5609248,0.1101841926574707
1757234185.5610025,1757234185.671184,0.11018157005310059
1757234185.671259,1757234185.7814405,0.11018157005310059
1757234185.781513,1757234185.8916936,0.11018061637878418
1757234185.8917673,1757234186.0019486,0.11018133163452148
1757234186.0020201,1757234186.1122015,0.11018133163452148
1757234186.112273,1757234186.222457,0.1101839542388916
1757234186.2225864,1757234186.3327734,0.11018705368041992
1757234186.3328521,1757234186.4430356,0.1101834774017334
1757234186.4431202,1757234186.5533056,0.11018538475036621
1757234186.5533857,1757234186.663568,0.11018228530883789
1757234186.6636443,1757234186.773828,0.1101837158203125
1757234186.7739022,1757234186.8840837,0.11018157005310059
1757234186.884156,1757234186.9943383,0.11018228530883789
1757234186.99441,1757234187.1045902,0.11018013954162598
1757234187.104661,1757234187.2148433,0.11018228530883789
1757234187.214918,1757234187.3251026,0.1101846694946289
1757234187.3251865,1757234187.4353724,0.11018586158752441
1757234187.4354446,1757234187.545626,0.11018133163452148
1757234187.5456972,1757234187.6558807,0.1101834774017334
1757234187.6559563,1757234187.7661357,0.11017942428588867
1757234187.766208,1757234187.8763907,0.1101827621459961
1757234187.8764632,1757234187.9866443,0.11018109321594238
1757234187.986715,1757234188.0968974,0.11018228530883789
1757234188.096971,1757234188.207152,0.11018085479736328
1757234188.207223,1757234188.3174226,0.1101996898651123
1757234188.317525,1757234188.4277363,0.11021137237548828
1757234188.4278116,1757234188.538009,0.11019730567932129
1757234188.5380902,1757234188.6484015,0.11031126976013184
1757234188.6484761,1757234188.7586217,0.11014556884765625
1757234188.7587047,1757234188.8688872,0.11018252372741699
1757234188.8689585,1757234188.9791434,0.11018490791320801
1757234188.9792135,1757234189.089394,0.11018061637878418
1757234189.089466,1757234189.199648,0.11018180847167969
1757234189.1997306,1757234189.3099344,0.11020374298095703
1757234189.3100908,1757234189.4202948,0.11020398139953613
1757234189.420404,1757234189.5305943,0.11019039154052734
1757234189.530684,1757234189.64087,0.11018610000610352
1757234189.6409492,1757234189.7511377,0.11018848419189453
1757234189.7512262,1757234189.861318,0.1100919246673584
1757234189.8613925,1757234189.9715748,0.11018228530883789
1757234189.9716454,1757234190.0818262,0.11018085479736328
1757234190.0818846,1757234190.1920645,0.11017990112304688
1757234190.192136,1757234190.3023186,0.11018252372741699
1757234190.3024147,1757234190.4126008,0.11018610000610352
1757234190.4126747,1757234190.5228565,0.11018180847167969
1757234190.5229273,1757234190.6331067,0.11017942428588867
1757234190.6331758,1757234190.7433608,0.11018490791320801
1757234190.7434328,1757234190.8536172,0.1101844310760498
1757234190.8536863,1757234190.963866,0.11017966270446777
1757234190.9639354,1757234191.0740998,0.11016440391540527
1757234191.0741758,1757234191.184667,0.11049127578735352
1757234191.18474,1757234191.2949362,0.11019611358642578
1757234191.295026,1757234191.4052253,0.1101992130279541
1757234191.405303,1757234191.5154917,0.11018872261047363
1757234191.5155616,1757234191.6257417,0.11018013954162598
1757234191.6258104,1757234191.7359924,0.11018204689025879
1757234191.736066,1757234191.8462505,0.1101844310760498
1757234191.8463316,1757234191.9565127,0.11018109321594238
1757234191.9565814,1757234192.066762,0.11018061637878418
1757234192.066831,1757234192.1770105,0.11017942428588867
1757234192.1770792,1757234192.2872703,0.11019110679626465
1757234192.2873745,1757234192.3975854,0.11021089553833008
1757234192.3977232,1757234192.5079248,0.11020159721374512
1757234192.5080264,1757234192.6182148,0.11018848419189453
1757234192.6182973,1757234192.7284875,0.11019015312194824
1757234192.7285693,1757234192.8387573,0.11018800735473633
1757234192.8388329,1757234192.9490163,0.1101834774017334
1757234192.9490905,1757234193.0592716,0.11018109321594238
1757234193.0593495,1757234193.1695309,0.11018133163452148
1757234193.1696482,1757234193.27983,0.11018180847167969
1757234193.2799299,1757234193.390117,0.11018705368041992
1757234193.390191,1757234193.5003726,0.11018157005310059
1757234193.500444,1757234193.6106253,0.11018133163452148
1757234193.6106966,1757234193.7208922,0.11019563674926758
1757234193.7210526,1757234193.8312786,0.11022591590881348
1757234193.8314304,1757234193.9416296,0.1101992130279541
1757234193.941723,1757234194.0519104,0.11018729209899902
1757234194.0519896,1757234194.1621716,0.11018204689025879
1757234194.1622481,1757234194.2724326,0.1101844310760498
1757234194.2725337,1757234194.3827224,0.11018872261047363
1757234194.3828018,1757234194.492983,0.11018133163452148
1757234194.4930606,1757234194.6032412,0.11018061637878418
1757234194.603324,1757234194.713504,0.11018013954162598
1757234194.7135806,1757234194.8237622,0.11018157005310059
1757234194.8238344,1757234194.9340148,0.11018037796020508
1757234194.9340866,1757234195.0442686,0.11018204689025879
1757234195.0443463,1757234195.1545265,0.11018013954162598
1757234195.1545973,1757234195.264783,0.11018562316894531
1757234195.2648833,1757234195.37507,0.11018681526184082
1757234195.3751516,1757234195.4853246,0.11017298698425293
1757234195.4854035,1757234195.5955856,0.11018204689025879
1757234195.5956585,1757234195.7058372,0.11017870903015137
1757234195.705911,1757234195.8160913,0.11018037796020508
1757234195.8161643,1757234195.9263432,0.11017894744873047
1757234195.926415,1757234196.0365946,0.11017966270446777
1757234196.0366664,1757234196.1468508,0.1101844310760498
1757234196.1469238,1757234196.2571106,0.11018681526184082
1757234196.2572246,1757234196.3674126,0.11018800735473633
1757234196.3674905,1757234196.4776716,0.11018109321594238
1757234196.4777434,1757234196.587922,0.11017870903015137
1757234196.587993,1757234196.6981726,0.11017966270446777
1757234196.6982481,1757234196.808428,0.11017990112304688
1757234196.8085017,1757234196.918681,0.11017918586730957
1757234196.9187534,1757234197.028933,0.11017966270446777
1757234197.0290048,1757234197.1391847,0.11017990112304688
1757234197.1392574,1757234197.2494473,0.11018991470336914
1757234197.249545,1757234197.3597448,0.1101996898651123
1757234197.3598304,1757234197.470039,0.11020851135253906
1757234197.4701238,1757234197.5803142,0.11019039154052734
1757234197.5803876,1757234197.690564,0.11017632484436035
1757234197.6906366,1757234197.8008103,0.11017370223999023
1757234197.8008816,1757234197.9110587,0.11017704010009766
1757234197.9111288,1757234198.0213165,0.11018776893615723
1757234198.0213892,1757234198.1315675,0.11017823219299316
1757234198.1316376,1757234198.2418287,0.11019110679626465
1757234198.2419837,1757234198.3522043,0.11022067070007324
1757234198.352349,1757234198.4625428,0.11019372940063477
1757234198.4626231,1757234198.572817,0.11019396781921387
1757234198.572893,1757234198.6833155,0.11042261123657227
1757234198.68339,1757234198.793866,0.11047601699829102
1757234198.7939408,1757234198.9046485,0.11070775985717773
1757234198.9047232,1757234199.015331,0.11060786247253418
1757234199.0154057,1757234199.125713,0.11030745506286621
1757234199.1257882,1757234199.2359877,0.1101994514465332
1757234199.2360926,1757234199.3465426,0.11045002937316895
1757234199.3466246,1757234199.4572423,0.11061763763427734
1757234199.4573307,1757234199.5675554,0.11022472381591797
1757234199.5676334,1757234199.6782138,0.1105804443359375
1757234199.6782887,1757234199.7885957,0.11030697822570801
1757234199.7886717,1757234199.8991277,0.11045598983764648
1757234199.8992023,1757234200.0094082,0.11020588874816895
1757234200.0094829,1757234200.1199439,0.11046099662780762
1757234200.1200182,1757234200.2302287,0.11021041870117188
1757234200.2303147,1757234200.3405027,0.11018800735473633
1757234200.3406467,1757234200.4508297,0.1101830005645752
1757234200.4509048,1757234200.5610867,0.11018180847167969
1757234200.561158,1757234200.6713395,0.11018157005310059
1757234200.671415,1757234200.7815955,0.11018037796020508
1757234200.7816665,1757234200.8918526,0.11018610000610352
1757234200.8919241,1757234201.0021052,0.11018109321594238
1757234201.00218,1757234201.112362,0.11018180847167969
1757234201.1124322,1757234201.2226133,0.11018109321594238
1757234201.222686,1757234201.332869,0.1101830005645752
1757234201.3329597,1757234201.443145,0.11018538475036621
1757234201.4432185,1757234201.5533159,0.11009740829467773
1757234201.5533895,1757234201.6635706,0.11018109321594238
1757234201.6636422,1757234201.773825,0.1101827621459961
1757234201.773901,1757234201.8840828,0.11018180847167969
1757234201.8841584,1757234201.9943407,0.11018228530883789
1757234201.9944112,1757234202.1045918,0.11018061637878418
1757234202.1046712,1757234202.2148554,0.1101841926574707
1757234202.2149258,1757234202.3251102,0.1101844310760498
1757234202.3252113,1757234202.4353986,0.11018729209899902
1757234202.4354777,1757234202.5456612,0.1101834774017334
1757234202.5457358,1757234202.655918,0.11018204689025879
1757234202.655989,1757234202.7661824,0.11019349098205566
1757234202.7663524,1757234202.8765702,0.11021780967712402
1757234202.876704,1757234202.9869006,0.11019659042358398
1757234202.9869905,1757234203.0971775,0.11018705368041992
1757234203.0972588,1757234203.207444,0.11018514633178711
1757234203.2075217,1757234203.3177073,0.11018562316894531
1757234203.3178127,1757234203.4280007,0.11018800735473633
1757234203.4280808,1757234203.5382633,0.11018252372741699
1757234203.538344,1757234203.6485288,0.11018490791320801
1757234203.648602,1757234203.7590358,0.11043381690979004
1757234203.7591176,1757234203.8695743,0.11045670509338379
1757234203.8696482,1757234203.979855,0.11020684242248535
1757234203.9799316,1757234204.0901635,0.11023187637329102
1757234204.0902367,1757234204.200449,0.11021232604980469
1757234204.200524,1757234204.311019,0.11049485206604004
1757234204.3111215,1757234204.4213345,0.11021304130554199
1757234204.421412,1757234204.531621,0.11020898818969727
1757234204.5316947,1757234204.64189,0.11019539833068848
1757234204.641963,1757234204.7521615,0.1101984977722168
1757234204.7522373,1757234204.8624458,0.11020851135253906
1757234204.86252,1757234204.9727285,0.11020851135253906
1757234204.9728022,1757234205.0830102,0.11020803451538086
1757234205.0830827,1757234205.1932902,0.11020755767822266
1757234205.193378,1757234205.3038743,0.11049628257751465
1757234205.3039732,1757234205.4145558,0.11058259010314941
1757234205.4146342,1757234205.524842,0.11020779609680176
1757234205.5249145,1757234205.635122,0.11020755767822266
1757234205.6351972,1757234205.7453296,0.11013245582580566
1757234205.7454684,1757234205.855682,0.1102135181427002
1757234205.855759,1757234205.9661207,0.11036181449890137
1757234205.9661944,1757234206.0764015,0.11020708084106445
1757234206.076474,1757234206.186669,0.11019515991210938
1757234206.1867425,1757234206.296937,0.11019444465637207
1757234206.2970352,1757234206.407235,0.1101996898651123
1757234206.407317,1757234206.5174994,0.11018252372741699
1757234206.5175736,1757234206.6278157,0.11024212837219238
1757234206.6278894,1757234206.7380824,0.11019301414489746
1757234206.73816,1757234206.848618,0.1104581356048584
1757234206.8486917,1757234206.958884,0.11019229888916016
1757234206.9590166,1757234207.0692246,0.11020803451538086
1757234207.0693488,1757234207.17954,0.11019110679626465
1757234207.1796148,1757234207.2897973,0.11018252372741699
1757234207.2898958,1757234207.400082,0.11018633842468262
1757234207.400181,1757234207.5103183,0.1101372241973877
1757234207.5103977,1757234207.6205773,0.11017966270446777
1757234207.6206486,1757234207.7308283,0.11017966270446777
1757234207.7309031,1757234207.8410823,0.11017918586730957
1757234207.8411543,1757234207.9513214,0.11016702651977539
1757234207.9513948,1757234208.0615754,0.11018061637878418
1757234208.0616484,1757234208.1718273,0.11017894744873047
1757234208.1719017,1757234208.2820647,0.11016297340393066
1757234208.2821686,1757234208.3923218,0.1101531982421875
1757234208.3924224,1757234208.5026293,0.11020684242248535
1757234208.5027702,1757234208.6129804,0.11021018028259277
1757234208.613106,1757234208.723304,0.1101980209350586
1757234208.7234297,1757234208.8336322,0.11020255088806152
1757234208.8337588,1757234208.9439592,0.11020040512084961
1757234208.9440784,1757234209.054276,0.11019754409790039
1757234209.0543754,1757234209.164561,0.11018562316894531
1757234209.1646411,1757234209.27483,0.11018896102905273
1757234209.2749453,1757234209.3851361,0.11019086837768555
1757234209.3852234,1757234209.495326,0.11010265350341797
1757234209.4954495,1757234209.6056478,0.1101982593536377
1757234209.6057649,1757234209.7159634,0.1101984977722168
1757234209.7160754,1757234209.8262792,0.11020374298095703
1757234209.826419,1757234209.9366245,0.11020541191101074
1757234209.9367514,1757234210.0469482,0.11019682884216309
1757234210.0470638,1757234210.1572666,0.11020278930664062
1757234210.1573951,1757234210.267598,0.11020278930664062
1757234210.2677083,1757234210.3779001,0.11019182205200195
1757234210.377983,1757234210.4881663,0.1101832389831543
1757234210.4882407,1757234210.5984237,0.1101830005645752
1757234210.5984967,1757234210.7086747,0.11017799377441406
1757234210.7087533,1757234210.8189619,0.11020851135253906
1757234210.819037,1757234210.9296849,0.11064791679382324
1757234210.9297595,1757234211.0402064,0.11044692993164062
1757234211.0402808,1757234211.1504462,0.11016535758972168
1757234211.1505902,1757234211.2608106,0.11022043228149414
1757234211.260948,1757234211.3711572,0.11020922660827637
1757234211.371288,1757234211.4814918,0.11020374298095703
1757234211.481591,1757234211.5917785,0.11018753051757812
1757234211.5918672,1757234211.702052,0.11018490791320801
1757234211.702144,1757234211.8123174,0.11017346382141113
1757234211.8124008,1757234211.9225826,0.11018180847167969
1757234211.922657,1757234212.0328372,0.11018013954162598
1757234212.0329092,1757234212.1430886,0.11017942428588867
1757234212.1431596,1757234212.2533216,0.11016201972961426
1757234212.2534232,1757234212.3636265,0.11020326614379883
1757234212.3637621,1757234212.4739742,0.11021208763122559
1757234212.474112,1757234212.584324,0.11021184921264648
1757234212.5844626,1757234212.6946676,0.11020493507385254
1757234212.6947758,1757234212.8049703,0.11019444465637207
1757234212.8050778,1757234212.915266,0.11018824577331543
1757234212.915379,1757234213.0255623,0.1101832389831543
1757234213.0256414,1757234213.135824,0.11018252372741699
1757234213.1358984,1757234213.2460835,0.11018514633178711
1757234213.2461782,1757234213.3563182,0.11014008522033691
1757234213.356404,1757234213.4665866,0.11018252372741699
1757234213.466668,1757234213.5768578,0.11018991470336914
1757234213.5769713,1757234213.6871667,0.11019539833068848
1757234213.687271,1757234213.797437,0.11016583442687988
1757234213.7975574,1757234213.9077523,0.11019492149353027
1757234213.9078624,1757234214.0180585,0.11019611358642578
1757234214.01817,1757234214.1283252,0.11015510559082031
1757234214.1284778,1757234214.2386835,0.11020565032958984
1757234214.2388282,1757234214.349033,0.11020493507385254
1757234214.3491647,1757234214.4593568,0.11019206047058105
1757234214.459466,1757234214.5696476,0.11018157005310059
1757234214.5697296,1757234214.6799064,0.11017680168151855
1757234214.6799717,1757234214.7901433,0.11017155647277832
1757234214.79021,1757234214.9003806,0.11017060279846191
1757234214.9004407,1757234215.01061,0.1101694107055664
1757234215.010679,1757234215.1208563,0.11017727851867676
1757234215.120942,1757234215.2311237,0.11018157005310059
1757234215.2312267,1757234215.3414316,0.11020493507385254
1757234215.341553,1757234215.4517527,0.1101996898651123
1757234215.451882,1757234215.562102,0.11022019386291504
1757234215.5622628,1757234215.6724687,0.11020588874816895
1757234215.6726131,1757234215.78281,0.11019682884216309
1757234215.782909,1757234215.8934326,0.11052370071411133
1757234215.8935256,1757234216.0040193,0.11049365997314453
1757234216.004156,1757234216.1143312,0.11017513275146484
1757234216.1144676,1757234216.2246728,0.11020517349243164
1757234216.224802,1757234216.3350077,0.11020565032958984
1757234216.335135,1757234216.4453206,0.11018562316894531
1757234216.445433,1757234216.5556238,0.11019086837768555
1757234216.555715,1757234216.6659145,0.1101994514465332
1757234216.6659951,1757234216.7761912,0.11019611358642578
1757234216.7762723,1757234216.886455,0.1101827621459961
1757234216.8865318,1757234216.9967325,0.11020064353942871
1757234216.9968636,1757234217.10707,0.11020636558532715
1757234217.1072114,1757234217.217412,0.11020064353942871
1757234217.2175133,1757234217.3279424,0.11042904853820801
1757234217.3280532,1757234217.4382591,0.11020588874816895
1757234217.4383514,1757234217.548557,0.11020565032958984
1757234217.5486398,1757234217.658849,0.11020922660827637
1757234217.6589315,1757234217.7691293,0.11019778251647949
1757234217.769214,1757234217.8794057,0.11019182205200195
1757234217.8794847,1757234217.9896784,0.11019372940063477
1757234217.989753,1757234218.0999374,0.1101844310760498
1757234218.1000473,1757234218.210241,0.11019372940063477
1757234218.2103648,1757234218.320562,0.11019706726074219
1757234218.3206892,1757234218.4308856,0.11019635200500488
1757234218.430995,1757234218.5411909,0.11019587516784668
1757234218.541305,1757234218.6515064,0.11020135879516602
1757234218.6516001,1757234218.7617865,0.11018633842468262
1757234218.761874,1757234218.8720577,0.1101837158203125
1757234218.8721356,1757234218.9823177,0.11018204689025879
1757234218.9823966,1757234219.0925772,0.11018061637878418
1757234219.0926495,1757234219.2028294,0.11017990112304688
1757234219.2029045,1757234219.3130903,0.11018586158752441
1757234219.3132172,1757234219.4233353,0.11011815071105957
1757234219.4235122,1757234219.5337222,0.11020994186401367
1757234219.533858,1757234219.6440578,0.1101996898651123
1757234219.6441753,1757234219.7543766,0.11020135879516602
1757234219.7544987,1757234219.8647232,0.11022448539733887
1757234219.8648815,1757234219.975096,0.1102144718170166
1757234219.975223,1757234220.0854144,0.11019134521484375
1757234220.085509,1757234220.1956956,0.11018657684326172
1757234220.1957905,1757234220.3059936,0.11020302772521973
