1756839260.9976907,1756839261.0622573,0.06456661224365234
1756839261.0989618,1756839261.1704292,0.07146739959716797
1756839261.2915785,1756839261.3504798,0.058901309967041016
1756839261.386959,1756839261.450691,0.06373190879821777
1756839261.5741143,1756839261.6317742,0.05765986442565918
1756839261.6771576,1756839261.7398968,0.06273913383483887
1756839261.8600764,1756839261.91567,0.05559349060058594
1756839261.9589,1756839262.0225923,0.06369233131408691
1756839262.1430788,1756839262.2017133,0.05863451957702637
1756839262.2382808,1756839262.3040135,0.06573271751403809
1756839262.4239419,1756839262.4851773,0.06123542785644531
1756839262.5228014,1756839262.6057656,0.08296418190002441
1756839262.7317388,1756839262.7901511,0.05841231346130371
1756839262.8313205,1756839262.8961751,0.06485462188720703
1756839263.0166256,1756839263.0746033,0.05797767639160156
1756839263.1130586,1756839263.1912544,0.07819581031799316
1756839263.3117323,1756839263.374115,0.06238269805908203
1756839263.4112933,1756839263.4778457,0.06655240058898926
1756839263.598182,1756839263.654842,0.05665993690490723
1756839263.6909802,1756839263.759187,0.068206787109375
1756839263.8813148,1756839263.9371638,0.05584907531738281
1756839263.9796524,1756839264.044704,0.06505155563354492
1756839264.1685994,1756839264.2245789,0.05597949028015137
1756839264.261552,1756839264.3275378,0.06598567962646484
1756839264.4471347,1756839264.504728,0.057593345642089844
1756839264.5528872,1756839264.614516,0.06162881851196289
1756839264.7343955,1756839264.7981703,0.06377482414245605
1756839264.839835,1756839264.9049177,0.06508278846740723
1756839265.0249214,1756839265.0812404,0.05631899833679199
1756839265.1189764,1756839265.1809251,0.06194877624511719
1756839265.3010795,1756839265.358595,0.05751538276672363
1756839265.396763,1756839265.4734175,0.07665443420410156
1756839265.5932748,1756839265.65062,0.05734515190124512
1756839265.6928008,1756839265.7517748,0.05897402763366699
1756839265.8717442,1756839265.929644,0.05789995193481445
1756839265.9751427,1756839266.0341625,0.05901980400085449
1756839266.1533697,1756839266.2098382,0.05646848678588867
1756839266.2493477,1756839266.3074217,0.058073997497558594
1756839266.4275804,1756839266.4867153,0.05913496017456055
1756839266.6076365,1756839266.6634123,0.05577588081359863
1756839266.7022815,1756839266.7648308,0.06254935264587402
1756839266.884649,1756839266.9454486,0.060799598693847656
1756839266.9821343,1756839267.0458503,0.06371593475341797
1756839267.165772,1756839267.2402678,0.07449579238891602
1756839267.2758462,1756839267.3457685,0.06992220878601074
1756839267.4715412,1756839267.5338628,0.06232166290283203
1756839267.568835,1756839267.6308537,0.062018632888793945
1756839267.757314,1756839267.8193521,0.06203818321228027
1756839267.857992,1756839267.9174016,0.05940961837768555
1756839268.0369542,1756839268.0943816,0.057427406311035156
1756839268.135511,1756839268.1957514,0.06024050712585449
1756839268.315429,1756839268.3847358,0.06930685043334961
1756839268.4228437,1756839268.48319,0.060346364974975586
1756839268.6088195,1756839268.6709843,0.0621647834777832
1756839268.7097871,1756839268.7737453,0.06395816802978516
1756839268.8937068,1756839268.9515584,0.057851552963256836
1756839268.9917665,1756839269.0545943,0.06282782554626465
1756839269.173798,1756839269.238938,0.0651400089263916
1756839269.2753677,1756839269.3368666,0.06149888038635254
1756839269.4559417,1756839269.5170383,0.0610966682434082
1756839269.5554307,1756839269.6264055,0.07097482681274414
1756839269.7518222,1756839269.8137286,0.06190633773803711
1756839269.850453,1756839269.908427,0.05797410011291504
1756839270.0278132,1756839270.0890052,0.06119203567504883
1756839270.1262267,1756839270.1901193,0.06389260292053223
1756839270.3133717,1756839270.3727376,0.05936598777770996
1756839270.4134295,1756839270.4744256,0.060996055603027344
1756839270.594228,1756839270.649312,0.0550839900970459
1756839270.6901777,1756839270.749847,0.05966925621032715
1756839270.8734472,1756839270.928352,0.054904937744140625
1756839270.966104,1756839271.050352,0.08424806594848633
1756839271.1750968,1756839271.2314837,0.05638694763183594
1756839271.2721257,1756839271.331253,0.0591273307800293
1756839271.4509456,1756839271.5071695,0.05622386932373047
1756839271.5483668,1756839271.6134307,0.0650639533996582
1756839271.7330945,1756839271.7888534,0.05575895309448242
1756839271.8271859,1756839271.8879492,0.06076335906982422
1756839272.0081117,1756839272.0644562,0.05634450912475586
1756839272.0993552,1756839272.1590302,0.059674978256225586
1756839272.278844,1756839272.3858862,0.10704207420349121
1756839272.4324925,1756839272.4996665,0.06717395782470703
1756839272.6195252,1756839272.6833525,0.0638272762298584
1756839272.8039825,1756839272.8619564,0.05797386169433594
1756839272.897172,1756839272.963367,0.06619501113891602
1756839273.0826313,1756839273.1385086,0.0558772087097168
1756839273.1790965,1756839273.2587075,0.07961106300354004
1756839273.2952037,1756839273.3574717,0.06226801872253418
1756839273.4766142,1756839273.5447474,0.06813311576843262
1756839273.5791616,1756839273.6403453,0.06118369102478027
1756839273.7599502,1756839273.8237903,0.06384015083312988
1756839273.8616498,1756839273.919384,0.05773425102233887
1756839274.0389314,1756839274.1001246,0.061193227767944336
1756839274.2197008,1756839274.2772317,0.057530879974365234
1756839274.3149996,1756839274.376483,0.06148338317871094
1756839274.4972756,1756839274.5605907,0.06331515312194824
1756839274.6102145,1756839274.6699612,0.059746742248535156
1756839274.7893455,1756839274.8567555,0.06740999221801758
1756839274.8975708,1756839274.9619167,0.0643458366394043
1756839275.0834467,1756839275.146027,0.06258034706115723
1756839275.1818438,1756839275.2413573,0.05951356887817383
1756839275.3617442,1756839275.4217002,0.05995607376098633
1756839275.4687524,1756839275.5315077,0.06275534629821777
1756839275.6528184,1756839275.708392,0.055573463439941406
1756839275.743335,1756839275.8028307,0.05949568748474121
1756839275.921922,1756839275.9773874,0.0554654598236084
1756839276.012643,1756839276.0782645,0.06562137603759766
1756839276.1980352,1756839276.2650719,0.06703662872314453
1756839276.3007557,1756839276.3597531,0.058997392654418945
1756839276.4795723,1756839276.5365367,0.05696439743041992
1756839276.572211,1756839276.6320095,0.059798479080200195
1756839276.7521527,1756839276.8151066,0.06295394897460938
1756839276.8527443,1756839276.91668,0.06393575668334961
1756839277.0371637,1756839277.099175,0.0620112419128418
1756839277.1409345,1756839277.2064636,0.06552910804748535
1756839277.3264503,1756839277.3838837,0.057433366775512695
1756839277.4317665,1756839277.4950988,0.06333231925964355
1756839277.6156733,1756839277.6723888,0.05671548843383789
1756839277.7107015,1756839277.770975,0.06027364730834961
1756839277.890135,1756839277.945604,0.05546903610229492
1756839277.9806683,1756839278.0419753,0.06130695343017578
1756839278.1615427,1756839278.224933,0.06339025497436523
1756839278.25968,1756839278.3229754,0.06329536437988281
1756839278.4419172,1756839278.5037637,0.06184649467468262
1756839278.544213,1756839278.603265,0.0590519905090332
1756839278.7228253,1756839278.7800522,0.05722689628601074
1756839278.8167493,1756839278.8763278,0.05957841873168945
1756839278.9956272,1756839279.0518546,0.05622744560241699
1756839279.0864942,1756839279.14439,0.05789589881896973
1756839279.264136,1756839279.321086,0.05694985389709473
1756839279.3586655,1756839279.4181464,0.059480905532836914
1756839279.537944,1756839279.5961893,0.058245182037353516
1756839279.633582,1756839279.6937318,0.0601496696472168
1756839279.8135598,1756839279.8696358,0.0560760498046875
1756839279.9066954,1756839279.9657009,0.0590054988861084
1756839280.0851483,1756839280.1414154,0.05626702308654785
1756839280.1772716,1756839280.238708,0.06143641471862793
1756839280.358363,1756839280.4142928,0.05592989921569824
1756839280.4497216,1756839280.5149841,0.0652625560760498
1756839280.6356902,1756839280.6991367,0.0634465217590332
1756839280.7406943,1756839280.8002906,0.05959630012512207
1756839280.9200385,1756839280.9776201,0.05758166313171387
1756839281.0187616,1756839281.0774355,0.058673858642578125
1756839281.197717,1756839281.2556233,0.057906389236450195
1756839281.293053,1756839281.3531213,0.060068368911743164
1756839281.4735065,1756839281.5360293,0.06252288818359375
1756839281.5750933,1756839281.641071,0.06597781181335449
1756839281.7614722,1756839281.8201697,0.05869746208190918
1756839281.857597,1756839281.9239721,0.0663750171661377
1756839282.0437632,1756839282.1012738,0.0575106143951416
1756839282.139165,1756839282.2038326,0.0646677017211914
1756839282.3227751,1756839282.3904157,0.06764054298400879
1756839282.4255805,1756839282.489399,0.06381845474243164
1756839282.6090317,1756839282.6663685,0.05733680725097656
1756839282.7020364,1756839282.7615411,0.05950474739074707
1756839282.8804867,1756839282.9398026,0.05931591987609863
1756839282.9770298,1756839283.0385497,0.06151986122131348
1756839283.1580968,1756839283.2229784,0.06488156318664551
1756839283.2617958,1756839283.3257306,0.0639348030090332
1756839283.445294,1756839283.507426,0.06213212013244629
1756839283.542472,1756839283.6171546,0.07468271255493164
1756839283.7370865,1756839283.7989137,0.06182718276977539
1756839283.8344462,1756839283.8977127,0.06326651573181152
1756839284.0170608,1756839284.0825915,0.06553077697753906
1756839284.1178088,1756839284.1795754,0.061766624450683594
1756839284.2992196,1756839284.35943,0.060210466384887695
1756839284.3986928,1756839284.458561,0.05986809730529785
1756839284.5775707,1756839284.6469445,0.06937384605407715
1756839284.6883738,1756839284.749561,0.0611872673034668
1756839284.869414,1756839284.9270983,0.05768418312072754
1756839284.9623375,1756839285.0222292,0.059891700744628906
1756839285.1417513,1756839285.2097676,0.06801629066467285
1756839285.2515612,1756839285.3145247,0.06296348571777344
1756839285.4339821,1756839285.4988177,0.0648355484008789
1756839285.536818,1756839285.603664,0.06684589385986328
1756839285.7237308,1756839285.7814295,0.057698726654052734
1756839285.8177643,1756839285.8845713,0.06680703163146973
1756839286.005138,1756839286.0724728,0.06733489036560059
1756839286.1150656,1756839286.176626,0.06156039237976074
1756839286.296721,1756839286.353331,0.056610107421875
1756839286.391733,1756839286.451734,0.06000113487243652
1756839286.5708697,1756839286.6298168,0.058947086334228516
1756839286.6653862,1756839286.7233837,0.05799746513366699
1756839286.8425615,1756839286.899901,0.05733942985534668
1756839286.9409542,1756839287.000062,0.05910778045654297
1756839287.1195815,1756839287.1840017,0.06442022323608398
1756839287.2248378,1756839287.283556,0.058718204498291016
1756839287.4025352,1756839287.4612503,0.058715105056762695
1756839287.4992585,1756839287.5624049,0.06314635276794434
1756839287.6816638,1756839287.7411911,0.05952739715576172
1756839287.7794259,1756839287.8427556,0.06332969665527344
1756839287.9620996,1756839288.0518353,0.08973574638366699
1756839288.0909655,1756839288.15233,0.06136441230773926
1756839288.2713146,1756839288.3356705,0.06435585021972656
1756839288.3707168,1756839288.4351203,0.06440353393554688
1756839288.5543237,1756839288.6164472,0.06212353706359863
1756839288.6525247,1756839288.7153842,0.06285953521728516
1756839288.8348253,1756839288.897454,0.06262874603271484
1756839288.9353468,1756839288.9966404,0.061293601989746094
1756839289.1183426,1756839289.196918,0.07857537269592285
1756839289.236364,1756839289.2962317,0.05986785888671875
1756839355.2685468,1756839355.3308198,0.06227302551269531
1756839356.8223004,1756839356.885365,0.0630645751953125
1756839357.0055182,1756839357.0637062,0.05818796157836914
1756839357.0988297,1756839357.1690912,0.07026147842407227
1756839357.289034,1756839357.3519528,0.06291890144348145
1756839357.3922558,1756839357.46035,0.06809425354003906
1756839357.5805585,1756839357.643485,0.0629265308380127
1756839357.680893,1756839357.743542,0.06264901161193848
1756839357.8633373,1756839357.9266498,0.06331253051757812
1756839357.9684947,1756839358.035082,0.06658744812011719
1756839358.154428,1756839358.217076,0.06264805793762207
1756839358.2579913,1756839358.3247385,0.06674718856811523
1756839358.4470344,1756839358.5057862,0.058751821517944336
1756839358.5468404,1756839358.6196716,0.0728311538696289
1756839358.7424061,1756839358.802274,0.05986785888671875
1756839358.8436332,1756839358.9298797,0.08624649047851562
1756839358.9740367,1756839359.051547,0.07751035690307617
1756839359.1720252,1756839359.230498,0.05847287178039551
1756839359.2653694,1756839359.3348913,0.06952190399169922
1756839359.4575377,1756839359.5205204,0.06298279762268066
1756839359.5553434,1756839359.621973,0.06662964820861816
1756839359.742701,1756839359.8175228,0.07482171058654785
1756839359.855473,1756839359.9218104,0.06633734703063965
1756839360.0417347,1756839360.1193547,0.07762002944946289
1756839360.1586168,1756839360.2205112,0.06189441680908203
1756839360.3408926,1756839360.3993084,0.058415889739990234
1756839360.435387,1756839360.5000443,0.06465744972229004
1756839360.6258507,1756839360.6891525,0.06330180168151855
1756839360.7268765,1756839360.7927964,0.06591987609863281
1756839360.9195504,1756839361.0050004,0.0854499340057373
1756839361.0448375,1756839361.1073868,0.06254935264587402
1756839361.2338412,1756839361.3123302,0.07848906517028809
1756839361.3499107,1756839361.4150667,0.0651559829711914
1756839361.5355694,1756839361.5948062,0.059236764907836914
1756839361.6297576,1756839361.690765,0.06100726127624512
1756839361.8098586,1756839361.8731098,0.06325125694274902
1756839361.9080138,1756839361.9721367,0.06412291526794434
1756839362.0915012,1756839362.1502142,0.05871295928955078
1756839362.1858704,1756839362.245057,0.059186697006225586
1756839362.3643029,1756839362.430778,0.06647515296936035
1756839362.4655297,1756839362.5364094,0.07087969779968262
1756839362.6553624,1756839362.716378,0.06101560592651367
1756839362.7511399,1756839362.8161695,0.06502962112426758
1756839362.9353917,1756839362.9976528,0.062261104583740234
1756839363.0317023,1756839363.0958586,0.06415629386901855
1756839363.214756,1756839363.2771397,0.06238365173339844
1756839363.3265316,1756839363.3914487,0.06491708755493164
1756839363.5111942,1756839363.5732403,0.062046051025390625
1756839363.623811,1756839363.71031,0.08649897575378418
1756839363.832346,1756839363.890276,0.05792999267578125
1756839363.9351602,1756839364.001965,0.06680488586425781
1756839364.1216557,1756839364.1841524,0.06249666213989258
1756839364.2214437,1756839364.2832475,0.06180381774902344
1756839364.403474,1756839364.462758,0.05928397178649902
1756839364.5040057,1756839364.569448,0.06544232368469238
1756839364.6924117,1756839364.7525427,0.060131072998046875
1756839364.7944486,1756839364.880133,0.08568429946899414
1756839365.002537,1756839365.0596504,0.0571134090423584
1756839365.0947316,1756839365.1618025,0.06707096099853516
1756839365.2829177,1756839365.343319,0.060401201248168945
1756839365.3838546,1756839365.4535055,0.06965088844299316
1756839365.5018857,1756839365.5659676,0.06408190727233887
1756839365.6859355,1756839365.752023,0.06608748435974121
1756839365.7958484,1756839365.8730488,0.07720041275024414
1756839365.9985912,1756839366.0702543,0.07166314125061035
1756839366.1060066,1756839366.1671777,0.06117105484008789
1756839366.2877595,1756839366.3458455,0.05808591842651367
1756839366.3871107,1756839366.448826,0.06171536445617676
1756839366.570182,1756839366.6311324,0.060950279235839844
1756839366.6677935,1756839366.730631,0.06283760070800781
1756839366.8501828,1756839366.9201577,0.06997489929199219
1756839366.9572415,1756839367.017511,0.06026935577392578
1756839367.1369627,1756839367.2001157,0.06315302848815918
1756839367.2375226,1756839367.2978823,0.06035971641540527
1756839367.4173365,1756839367.4755423,0.05820584297180176
1756839367.5116823,1756839367.5879846,0.07630228996276855
1756839367.714743,1756839367.7736084,0.05886554718017578
1756839367.8103356,1756839367.8738015,0.06346583366394043
1756839367.993636,1756839368.051378,0.05774211883544922
1756839368.086803,1756839368.149855,0.06305193901062012
1756839368.2696896,1756839368.3323085,0.06261897087097168
1756839368.367266,1756839368.429225,0.061959028244018555
1756839368.5498993,1756839368.6064093,0.056509971618652344
1756839368.641617,1756839368.7031121,0.061495065689086914
1756839368.823597,1756839368.887928,0.0643310546875
1756839368.933888,1756839368.9971883,0.06330037117004395
1756839369.1177664,1756839369.1745327,0.05676627159118652
1756839369.2114613,1756839369.275665,0.06420373916625977
1756839369.3950913,1756839369.4720845,0.07699322700500488
1756839369.5071425,1756839369.5688043,0.061661720275878906
1756839369.6957858,1756839369.7777877,0.08200192451477051
1756839369.8124542,1756839369.871602,0.05914783477783203
1756839369.9957037,1756839370.055112,0.05940818786621094
1756839370.0912814,1756839370.15133,0.060048580169677734
1756839370.2762392,1756839370.3388476,0.06260848045349121
1756839370.3782458,1756839370.438131,0.059885263442993164
1756839370.5580816,1756839370.621108,0.06302642822265625
1756839370.6608865,1756839370.7247736,0.06388711929321289
1756839370.8440874,1756839370.9068072,0.06271982192993164
1756839370.9567358,1756839371.0182908,0.061554908752441406
1756839371.1386206,1756839371.216039,0.07741832733154297
1756839371.251565,1756839371.324598,0.07303309440612793
1756839371.4443169,1756839371.5078638,0.06354689598083496
1756839371.544615,1756839371.6197736,0.07515859603881836
1756839371.745204,1756839371.8071024,0.06189846992492676
1756839371.8480444,1756839371.9107797,0.06273531913757324
1756839372.0307333,1756839372.088347,0.05761361122131348
1756839372.1300576,1756839372.1909444,0.06088685989379883
1756839372.3148224,1756839372.3719885,0.057166099548339844
1756839372.4077518,1756839372.4708903,0.06313848495483398
1756839372.594196,1756839372.6510642,0.05686807632446289
1756839372.6863492,1756839372.7543218,0.06797266006469727
1756839372.8757122,1756839372.9358802,0.06016802787780762
1756839372.9716353,1756839373.0385563,0.06692099571228027
1756839373.1586463,1756839373.2204945,0.06184816360473633
1756839373.2614734,1756839373.3255439,0.06407046318054199
1756839373.4452887,1756839373.5042777,0.05898904800415039
1756839373.5449445,1756839373.6071699,0.062225341796875
1756839373.726848,1756839373.7875023,0.060654401779174805
1756839373.8226304,1756839373.8937945,0.07116413116455078
1756839373.929829,1756839373.9928417,0.06301283836364746
1756839374.1133502,1756839374.1830359,0.06968569755554199
1756839374.2187684,1756839374.2869556,0.06818723678588867
1756839374.4070773,1756839374.4817367,0.07465934753417969
1756839374.5199227,1756839374.58185,0.06192731857299805
1756839374.702351,1756839374.7680264,0.06567525863647461
1756839374.809803,1756839374.8733933,0.06359028816223145
1756839374.9937582,1756839375.0530038,0.05924558639526367
1756839375.0922089,1756839375.2332067,0.14099788665771484
1756839375.2713494,1756839375.335844,0.06449460983276367
1756839375.455619,1756839375.5173888,0.061769723892211914
1756839375.557077,1756839375.6200616,0.06298470497131348
1756839375.7400334,1756839375.8006387,0.06060528755187988
1756839375.920893,1756839375.9801927,0.05929970741271973
1756839376.0153332,1756839376.0782678,0.06293463706970215
1756839376.198042,1756839376.2575734,0.059531450271606445
1756839376.2929697,1756839376.3548505,0.06188082695007324
1756839376.475465,1756839376.5412016,0.06573653221130371
1756839376.5820947,1756839376.6493094,0.0672147274017334
1756839376.7689774,1756839376.8306231,0.0616457462310791
1756839376.8659387,1756839376.9304774,0.06453871726989746
1756839377.0506587,1756839377.1116014,0.060942649841308594
1756839377.151808,1756839377.217294,0.06548595428466797
1756839377.3375478,1756839377.4211247,0.08357691764831543
1756839377.4616623,1756839377.525817,0.06415462493896484
1756839377.6461658,1756839377.706627,0.06046104431152344
1756839377.7419581,1756839377.8129938,0.07103562355041504
1756839377.9359438,1756839377.9956672,0.0597233772277832
1756839378.031473,1756839378.100597,0.06912398338317871
1756839378.2211545,1756839378.2816992,0.060544729232788086
1756839378.3218284,1756839378.3831882,0.06135988235473633
1756839378.5067947,1756839378.5653424,0.0585477352142334
1756839378.6004455,1756839378.6642945,0.06384897232055664
1756839378.7840292,1756839378.8430426,0.05901336669921875
1756839378.8806517,1756839378.9461818,0.06553006172180176
1756839379.0667098,1756839379.126736,0.06002616882324219
1756839379.1643686,1756839379.2275727,0.06320405006408691
1756839379.3478248,1756839379.409517,0.061692237854003906
1756839379.4449494,1756839379.5088832,0.0639338493347168
1756839379.6290326,1756839379.6921523,0.06311964988708496
1756839379.7278929,1756839379.789697,0.06180405616760254
1756839379.9109917,1756839379.9780679,0.06707620620727539
1756839380.0139015,1756839380.0800593,0.06615781784057617
1756839380.1999316,1756839380.2702954,0.07036375999450684
1756839380.3101664,1756839380.3753314,0.06516504287719727
1756839380.496555,1756839380.564602,0.06804680824279785
1756839380.5990374,1756839380.6616697,0.06263232231140137
1756839380.7810576,1756839380.839404,0.05834650993347168
1756839380.8762538,1756839380.938058,0.06180405616760254
1756839381.0585113,1756839381.1246548,0.06614351272583008
1756839381.159083,1756839381.2225533,0.06347036361694336
1756839381.3425722,1756839381.4038956,0.06132340431213379
1756839381.4426816,1756839381.5042322,0.06155061721801758
1756839381.623825,1756839381.6834693,0.059644222259521484
1756839381.7194977,1756839381.7803679,0.06087017059326172
1756839381.9115548,1756839381.976943,0.06538820266723633
1756844735.4746244,1756844735.5316627,0.057038307189941406
1756844735.5676525,1756844735.6304884,0.0628359317779541
1756844735.7549415,1756844735.8087997,0.053858280181884766
1756844735.8461409,1756844735.9061077,0.0599668025970459
1756844736.0295649,1756844736.0853984,0.05583357810974121
1756844736.126834,1756844736.191198,0.06436419486999512
1756844736.310767,1756844736.3693876,0.05862069129943848
1756844736.405708,1756844736.4769118,0.07120370864868164
1756844736.6008067,1756844736.6557102,0.054903507232666016
1756844736.6909032,1756844736.7574623,0.0665590763092041
1756844736.8806207,1756844736.9344337,0.05381298065185547
1756844736.971174,1756844737.0370355,0.06586146354675293
1756844737.1573381,1756844737.2134829,0.05614471435546875
1756844737.2491603,1756844737.3097415,0.060581207275390625
1756844737.429678,1756844737.484675,0.05499696731567383
1756844737.5253897,1756844737.5988688,0.07347917556762695
1756844737.7230113,1756844737.777521,0.054509639739990234
1756844737.8129065,1756844737.8748326,0.06192612648010254
1756844737.9953194,1756844738.054638,0.05931854248046875
1756844738.0961592,1756844738.1644568,0.0682976245880127
1756844738.2881753,1756844738.3428392,0.054663896560668945
1756844738.3847842,1756844738.447864,0.063079833984375
1756844738.5726748,1756844738.6272163,0.054541587829589844
1756844738.668766,1756844738.7328682,0.0641021728515625
1756844738.8524952,1756844738.9127953,0.06030011177062988
1756844738.9501514,1756844739.0149977,0.06484627723693848
1756844739.1349702,1756844739.1973486,0.0623784065246582
1756844739.2332597,1756844739.2947974,0.061537742614746094
1756844739.4196863,1756844739.4753115,0.055625200271606445
1756844739.511413,1756844739.5707185,0.059305429458618164
1756844739.6914248,1756844739.7462223,0.05479741096496582
1756844739.787252,1756844739.8605454,0.07329344749450684
1756844739.980687,1756844740.0368738,0.05618691444396973
1756844740.0723882,1756844740.1307428,0.05835461616516113
1756844740.250392,1756844740.3064475,0.056055545806884766
1756844740.3479612,1756844740.408929,0.06096792221069336
1756844740.5288584,1756844740.5875254,0.05866694450378418
1756844740.625241,1756844740.688475,0.06323385238647461
1756844740.8089669,1756844740.8634415,0.054474592208862305
1756844740.9016964,1756844740.9731092,0.07141280174255371
1756844741.0927098,1756844741.1527278,0.060018062591552734
1756844741.1917834,1756844741.2494848,0.05770134925842285
1756844741.3715408,1756844741.441279,0.06973814964294434
1756844741.4775498,1756844741.5364416,0.05889177322387695
1756844741.6566,1756844741.7390423,0.0824422836303711
1756844741.777082,1756844741.8576517,0.08056974411010742
1756844741.984117,1756844742.0400512,0.05593419075012207
1756844742.0759044,1756844742.1359131,0.06000876426696777
1756844742.2557046,1756844742.311331,0.05562639236450195
1756844742.3466601,1756844742.4065168,0.05985665321350098
1756844742.5275414,1756844742.587957,0.06041550636291504
1756844742.622581,1756844742.6805842,0.05800318717956543
1756844742.8001788,1756844742.8557088,0.05553007125854492
1756844742.8905523,1756844742.9503992,0.05984687805175781
1756844743.070031,1756844743.1270452,0.05701422691345215
1756844743.1614466,1756844743.2280517,0.0666050910949707
1756844743.347531,1756844743.4026203,0.05508923530578613
1756844743.4429197,1756844743.507712,0.06479215621948242
1756844743.6327276,1756844743.6868706,0.05414295196533203
1756844743.7214875,1756844743.7864454,0.06495785713195801
1756844743.9056454,1756844743.9667594,0.06111407279968262
1756844744.00183,1756844744.0675323,0.06570219993591309
1756844744.186894,1756844744.2471752,0.06028127670288086
1756844744.2815337,1756844744.367195,0.08566117286682129
1756844744.4864774,1756844744.5416787,0.05520129203796387
1756844744.5818908,1756844744.647455,0.06556415557861328
1756844744.6823258,1756844744.7438097,0.06148386001586914
1756844744.862787,1756844744.928444,0.06565690040588379
1756844744.9635413,1756844745.0277705,0.06422924995422363
1756844745.1472661,1756844745.2099297,0.06266355514526367
1756844745.2451265,1756844745.3043652,0.05923867225646973
1756844745.423007,1756844745.4868574,0.06385040283203125
1756844745.527222,1756844745.589354,0.06213212013244629
1756844745.708672,1756844745.7725902,0.0639181137084961
1756844745.8067815,1756844745.8699906,0.06320905685424805
1756844745.9891963,1756844746.0491643,0.059967994689941406
1756844746.0843368,1756844746.1612656,0.07692885398864746
1756844746.2808604,1756844746.342444,0.061583518981933594
1756844746.3776083,1756844746.4359174,0.058309078216552734
1756844746.5555754,1756844746.6679854,0.11241006851196289
1756844746.7093065,1756844746.7764442,0.0671377182006836
1756844746.8174052,1756844746.8819978,0.06459259986877441
1756844747.0011435,1756844747.0659926,0.0648491382598877
1756844747.1064224,1756844747.168653,0.062230587005615234
1756844747.2875621,1756844747.3479257,0.0603635311126709
1756844747.382419,1756844747.4407587,0.058339595794677734
1756844747.559457,1756844747.6210911,0.061634063720703125
1756844747.7401352,1756844747.7941604,0.05402517318725586
1756844747.834234,1756844747.9003575,0.06612348556518555
1756844747.9375303,1756844748.016813,0.07928276062011719
1756844748.1363094,1756844748.1915987,0.055289268493652344
1756844748.227766,1756844748.2926815,0.06491541862487793
1756844748.4139695,1756844748.469965,0.05599546432495117
1756844748.5059059,1756844748.5714653,0.06555938720703125
1756844748.6914198,1756844748.7474706,0.056050777435302734
1756844748.7888644,1756844748.8547828,0.0659184455871582
1756844748.896077,1756844748.956632,0.06055498123168945
1756844749.0755544,1756844749.1620064,0.08645200729370117
1756844749.2007937,1756844749.2605913,0.05979752540588379
1756844749.379361,1756844749.445987,0.06662607192993164
1756844749.4857621,1756844749.545845,0.06008291244506836
1756844749.6651955,1756844749.7288785,0.06368303298950195
1756844749.7675443,1756844749.8313546,0.06381034851074219
1756844749.9500196,1756844750.0137541,0.06373453140258789
1756844750.0485613,1756844750.104622,0.0560605525970459
1756844750.2237046,1756844750.3058414,0.08213686943054199
1756844750.3469572,1756844750.4088886,0.06193137168884277
1756844750.5285757,1756844750.585297,0.05672144889831543
1756844750.6221688,1756844750.6872354,0.06506657600402832
1756844750.8071423,1756844750.8666008,0.05945849418640137
1756844750.9046772,1756844750.9683297,0.06365251541137695
1756844751.0875325,1756844751.1475763,0.0600438117980957
1756844751.184227,1756844751.2550008,0.07077383995056152
1756844751.3815634,1756844751.4389925,0.05742907524108887
1756844751.4746022,1756844751.5355623,0.06096005439758301
1756844751.6596854,1756844751.715488,0.05580258369445801
1756844751.7510478,1756844751.812554,0.061506032943725586
1756844751.9364483,1756844751.9979763,0.06152796745300293
1756844752.0336761,1756844752.0928137,0.059137582778930664
1756844752.2149677,1756844752.269805,0.05483722686767578
1756844752.318616,1756844752.382186,0.06357002258300781
1756844752.5042884,1756844752.5595686,0.055280208587646484
1756844752.6082494,1756844752.6714287,0.06317925453186035
1756844752.7918901,1756844752.8474586,0.05556845664978027
1756844752.8884966,1756844752.954635,0.06613826751708984
1756844753.0790389,1756844753.1345801,0.055541276931762695
1756844753.1737263,1756844753.234565,0.06083869934082031
1756844753.3534963,1756844753.4094393,0.05594301223754883
1756844753.4448147,1756844753.50354,0.05872535705566406
1756844753.6227865,1756844753.6802897,0.05750322341918945
1756844753.7160804,1756844753.776652,0.06057167053222656
1756844753.8951263,1756844753.958823,0.06369662284851074
1756844754.0009954,1756844754.064407,0.06341171264648438
1756844754.183913,1756844754.2489276,0.06501460075378418
1756844754.2860324,1756844754.3486555,0.0626230239868164
1756844754.4670386,1756844754.5223036,0.055264949798583984
1756844754.56155,1756844754.6280756,0.06652569770812988
1756844754.7477646,1756844754.8118966,0.0641319751739502
1756844754.8532088,1756844754.915235,0.062026262283325195
1756844755.0388756,1756844755.0957491,0.05687355995178223
1756844755.1337893,1756844755.1939416,0.060152292251586914
1756844755.3150206,1756844755.3713555,0.0563349723815918
1756844755.4095771,1756844755.4822884,0.07271122932434082
1756844755.601984,1756844755.6578603,0.05587625503540039
1756844755.6941469,1756844755.7541387,0.05999183654785156
1756844755.8741837,1756844755.9313245,0.05714082717895508
1756844755.967341,1756844756.0377514,0.07041049003601074
1756844756.1616318,1756844756.2187681,0.05713629722595215
1756844756.2539074,1756844756.320296,0.06638860702514648
1756844756.439685,1756844756.5073862,0.06770110130310059
1756844756.544911,1756844756.6027744,0.057863473892211914
1756844756.7215838,1756844756.77819,0.05660605430603027
1756844756.81602,1756844756.8769066,0.06088662147521973
1756844756.9967878,1756844757.0594451,0.06265735626220703
1756844757.0970762,1756844757.1603837,0.06330752372741699
1756844757.282882,1756844757.344306,0.06142401695251465
1756844757.3794672,1756844757.4388354,0.059368133544921875
1756844757.558354,1756844757.614562,0.056208133697509766
1756844757.6525936,1756844757.717003,0.06440949440002441
1756844757.8402328,1756844757.90176,0.061527252197265625
1756844757.9431267,1756844758.0102687,0.06714200973510742
1756844758.1301124,1756844758.1913927,0.061280250549316406
1756844758.225919,1756844758.2907774,0.06485843658447266
1756844758.4096627,1756844758.4710336,0.061370849609375
1756844758.512815,1756844758.5785651,0.0657501220703125
1756844758.69759,1756844758.754594,0.05700397491455078
1756844758.7957475,1756844758.8580403,0.06229281425476074
1756844758.9776037,1756844759.0332026,0.05559897422790527
1756844759.0711086,1756844759.146577,0.07546830177307129
1756844759.2659435,1756844759.3214128,0.05546927452087402
1756844759.3626041,1756844759.4260411,0.06343698501586914
1756844759.5488336,1756844759.6036904,0.05485677719116211
1756844759.644952,1756844759.7090821,0.06413006782531738
1756844759.828799,1756844759.8848145,0.0560154914855957
1756844759.9197752,1756844759.9823275,0.06255221366882324
1756844760.101612,1756844760.1578062,0.05619406700134277
1756844760.1928992,1756844760.259989,0.06708979606628418
1756844760.384057,1756844760.4400575,0.056000471115112305
1756844760.478049,1756844760.5370946,0.05904555320739746
1756844760.6565683,1756844760.7142317,0.0576634407043457
1756844760.7547493,1756844760.8163133,0.061563968658447266
1756844760.9358003,1756844760.9934034,0.05760312080383301
1756844761.034114,1756844761.0945258,0.060411930084228516
1756844850.923046,1756844850.9843223,0.06127619743347168
1756856374.3470132,1756856374.4673426,0.12032938003540039
1756856374.5486188,1756856374.6758358,0.12721705436706543
1756856374.802671,1756856374.9283738,0.1257028579711914
1756856374.9759219,1756856375.0989988,0.1230769157409668
1756856375.2213297,1756856375.4007053,0.17937564849853516
1756856375.4482837,1756856375.5737684,0.12548470497131348
1756856375.6991026,1756856375.8300533,0.1309506893157959
1756856375.8773007,1756856376.0109568,0.13365602493286133
1756856376.1346786,1756856376.270018,0.13533949851989746
1756856376.3179843,1756856376.4504478,0.1324634552001953
1756856376.57275,1756856376.7008197,0.12806963920593262
1756856376.7490952,1756856376.8818865,0.13279128074645996
1756856377.0059085,1756856377.130244,0.12433552742004395
1756856377.1769693,1756856377.3082108,0.1312415599822998
1756856377.4309711,1756856377.551251,0.12027978897094727
1756856377.6010377,1756856377.7865946,0.18555688858032227
1756856377.907943,1756856378.030198,0.12225508689880371
1756856378.072031,1756856378.2001207,0.12808966636657715
1756856378.3215325,1756856378.446093,0.12456059455871582
1756856378.493191,1756856378.6267142,0.13352322578430176
1756856378.749587,1756856378.8721662,0.12257909774780273
1756856378.9221907,1756856379.0585728,0.1363821029663086
1756856379.1826248,1756856379.3176603,0.13503551483154297
1756856379.3663538,1756856379.494809,0.12845516204833984
1756856379.6174188,1756856379.7394264,0.12200760841369629
1756856379.7878668,1756856379.9104767,0.12260985374450684
1756856380.0322275,1756856380.2126713,0.18044376373291016
1756856380.2602441,1756856380.38909,0.1288459300994873
1756856380.510776,1756856380.6362672,0.12549114227294922
1756856380.6825495,1756856380.8105254,0.1279759407043457
1756856380.9328592,1756856381.057682,0.12482285499572754
1756856381.1057749,1756856381.2354069,0.12963199615478516
1756856381.3581507,1756856381.482659,0.12450838088989258
1756856381.529925,1756856381.652976,0.12305092811584473
1756856381.7757387,1756856381.8989751,0.12323641777038574
1756856381.9398572,1756856382.0640671,0.12420988082885742
1756856382.185528,1756856382.3087156,0.12318754196166992
1756856382.3494503,1756856382.5332994,0.18384909629821777
1756856382.6547654,1756856382.7822893,0.12752389907836914
1756856382.8303268,1756856382.9559133,0.12558650970458984
1756856383.0771046,1756856383.202155,0.12505054473876953
1756856383.2432487,1756856383.3681664,0.12491774559020996
1756856383.4903383,1756856383.6145928,0.12425446510314941
1756856383.6628408,1756856383.7951343,0.1322934627532959
1756856383.9174979,1756856384.048534,0.13103604316711426
1756856384.0937185,1756856384.2189412,0.12522268295288086
1756856384.3407488,1756856384.4653587,0.12460994720458984
1756856384.5120513,1756856384.6382651,0.12621378898620605
1756856384.7612817,1756856384.936423,0.1751413345336914
1756856384.9782076,1756856385.11513,0.13692235946655273
1756856385.238256,1756856385.3606575,0.12240147590637207
1756856385.4081202,1756856385.5398352,0.1317150592803955
1756856385.661639,1756856385.7858179,0.12417888641357422
1756856385.8316746,1756856385.9625373,0.13086271286010742
1756856386.0838528,1756856386.2077394,0.1238865852355957
1756856386.2532592,1756856386.3806255,0.127366304397583
1756856386.5019765,1756856386.6233144,0.121337890625
1756856386.662287,1756856386.7918189,0.1295318603515625
1756856386.913321,1756856387.1325924,0.21927142143249512
1756856387.1773567,1756856387.3045948,0.12723803520202637
1756856387.4262557,1756856387.5445902,0.11833453178405762
1756856387.5905569,1756856387.7188125,0.12825560569763184
1756856387.8401666,1756856387.9681227,0.12795615196228027
1756856388.0135326,1756856388.1423032,0.1287705898284912
1756856388.2649581,1756856388.3895159,0.1245577335357666
1756856388.435402,1756856388.5608106,0.12540864944458008
1756856388.6832547,1756856388.8074243,0.12416958808898926
1756856388.8543816,1756856388.9833927,0.1290111541748047
1756856389.1059985,1756856389.2785628,0.17256426811218262
1756856389.3234258,1756856389.445864,0.12243819236755371
1756856389.6781907,1756856389.797559,0.11936831474304199
1756856389.8431726,1756856389.970752,0.1275794506072998
1756856390.092864,1756856390.2182765,0.1254124641418457
1756856390.263443,1756856390.3929791,0.12953615188598633
1756856390.5144238,1756856390.6396854,0.12526154518127441
1756856390.6854324,1756856390.8194258,0.13399338722229004
1756856390.9419212,1756856391.0674129,0.12549161911010742
1756856391.113621,1756856391.243413,0.1297919750213623
1756856391.3661606,1756856391.511331,0.1451704502105713
1756856391.5569923,1756856391.7577786,0.20078635215759277
1756856391.805173,1756856391.9359598,0.13078689575195312
1756856392.1688979,1756856392.2895439,0.12064599990844727
1756856392.3358715,1756856392.4642546,0.12838315963745117
1756856392.6958423,1756856392.815019,0.11917662620544434
1756856392.8608546,1756856392.9811678,0.12031316757202148
1756856393.212212,1756856393.3347232,0.12251114845275879
1756856393.3790643,1756856393.5046096,0.12554526329040527
1756856393.625596,1756856393.747014,0.12141799926757812
1756856393.7864282,1756856393.9168382,0.13040995597839355
1756856394.038014,1756856394.1594026,0.12138867378234863
1756856394.2016215,1756856394.3881168,0.18649530410766602
1756856394.4271634,1756856394.5541704,0.12700700759887695
1756856394.7854996,1756856394.9068737,0.12137413024902344
1756856394.9531927,1756856395.0866292,0.1334364414215088
1756856395.2084572,1756856395.3316095,0.12315225601196289
1756856395.3764582,1756856395.5056508,0.12919259071350098
1756856395.6270306,1756856395.7468488,0.11981821060180664
1756856395.7924013,1756856395.9214299,0.1290285587310791
1756856396.0426579,1756856396.1726282,0.12997031211853027
1756856396.2155974,1756856396.344553,0.12895560264587402
1756856396.4664593,1756856396.6418228,0.17536354064941406
1756856396.6863873,1756856396.8065794,0.12019205093383789
1756856396.9314854,1756856397.060024,0.1285386085510254
1756856397.1812286,1756856397.3128047,0.1315760612487793
1756856397.3590705,1756856397.4939108,0.1348402500152588
1756856397.6151521,1756856397.7459054,0.1307532787322998
1756856397.7928865,1756856397.9325073,0.13962078094482422
1756856398.054812,1756856398.1916795,0.13686752319335938
1756856398.2386498,1756856398.3636584,0.12500858306884766
1756856398.4851723,1756856398.6174607,0.13228845596313477
1756856398.6573572,1756856398.781381,0.1240236759185791
1756856398.9027102,1756856399.0967536,0.19404339790344238
1756856399.143856,1756856399.3026156,0.15875959396362305
1756856399.424433,1756856399.5577204,0.1332874298095703
1756856399.5986276,1756856399.7317412,0.13311362266540527
1756856399.853969,1756856399.983886,0.12991690635681152
1756856400.0303285,1756856400.154882,0.12455344200134277
1756856400.2764926,1756856400.409593,0.1331005096435547
1756856400.4550266,1756856400.5810263,0.12599968910217285
1756856400.7016146,1756856400.8221614,0.12054681777954102
1756856400.8683052,1756856400.9938152,0.12550997734069824
1756856401.1143408,1756856401.2920377,0.17769694328308105
1756856401.331796,1756856401.4614034,0.1296074390411377
1756856401.5827143,1756856401.709876,0.12716174125671387
1756856401.7562776,1756856401.8830497,0.12677216529846191
1756856402.007602,1756856402.1390016,0.13139963150024414
1756856402.1848392,1756856402.3100991,0.1252598762512207
1756856402.4314873,1756856402.566539,0.13505172729492188
1756856402.6064546,1756856402.73543,0.12897539138793945
1756856402.8569276,1756856402.985958,0.12903046607971191
1756856403.0261612,1756856403.1541154,0.12795424461364746
1756856403.2747512,1756856403.4013262,0.12657499313354492
1756856403.4487677,1756856403.6282952,0.17952752113342285
1756856403.674715,1756856403.7972112,0.12249612808227539
1756856403.9181402,1756856404.0432143,0.12507414817810059
1756856404.1678066,1756856404.2996294,0.13182282447814941
1756856404.346139,1756856404.4783266,0.1321876049041748
1756856404.6002145,1756856404.7297094,0.12949490547180176
1756856404.7715719,1756856404.9029005,0.13132858276367188
1756856405.0245233,1756856405.153179,0.12865567207336426
1756856405.1998925,1756856405.3309107,0.13101816177368164
1756856405.4522202,1756856405.5903032,0.13808298110961914
1756856405.6447682,1756856405.7739985,0.12923026084899902
1756856405.8959732,1756856406.0844674,0.18849420547485352
1756856406.127529,1756856406.266337,0.138808012008667
1756856406.3142877,1756856406.4445739,0.13028621673583984
1756856406.678116,1756856406.818971,0.1408548355102539
1756856406.8670554,1756856407.0074708,0.14041543006896973
1756856407.1287975,1756856407.2563145,0.1275169849395752
1756856407.2971642,1756856407.4243026,0.12713837623596191
1756856407.545203,1756856407.6637034,0.1185004711151123
1756856407.7103834,1756856407.8377306,0.12734723091125488
1756856407.9593694,1756856408.0900471,0.1306777000427246
1756856408.130168,1756856408.2564769,0.12630891799926758
1756856408.377396,1756856408.5611043,0.18370819091796875
1756856408.6063936,1756856408.7328706,0.12647700309753418
1756856408.964699,1756856409.08992,0.12522101402282715
1756856409.1383374,1756856409.2664487,0.1281113624572754
1756856409.3888113,1756856409.5134878,0.12467646598815918
1756856409.5588233,1756856409.6841383,0.12531495094299316
1756856409.8059847,1756856409.9310412,0.12505650520324707
1756856409.9709284,1756856410.1186006,0.14767217636108398
1756856410.2398806,1756856410.3664138,0.12653326988220215
1756856410.412356,1756856410.5447137,0.13235783576965332
1756856410.667434,1756856410.849674,0.18224000930786133
1756856410.8984823,1756856411.028726,0.13024377822875977
1756856411.1498127,1756856411.2764344,0.12662172317504883
1756856411.3248012,1756856411.4553304,0.13052916526794434
1756856411.5769157,1756856411.7129643,0.1360485553741455
1756856411.755291,1756856411.8815072,0.12621617317199707
1756856412.0028327,1756856412.1303031,0.1274704933166504
1756856412.1775389,1756856412.3033524,0.12581348419189453
1756856412.4244342,1756856412.554893,0.13045883178710938
1756856412.5958896,1756856412.7219806,0.12609100341796875
1756856412.8444138,1756856413.0462694,0.20185565948486328
1756856413.0872984,1756856413.2261994,0.1389009952545166
1756856413.2685232,1756856413.3999608,0.1314375400543213
1756856413.5217845,1756856413.6493998,0.12761521339416504
1756856413.6900191,1756856413.8170896,0.12707042694091797
1756856413.9393177,1756856414.0833304,0.1440126895904541
1756856414.1301668,1756856414.2663279,0.13616108894348145
1756856414.3900957,1756856414.529305,0.13920927047729492
1756856414.5700912,1756856414.7046359,0.13454461097717285
1756856414.827198,1756856414.9648454,0.13764739036560059
1756856415.0139306,1756856415.1543303,0.14039969444274902
1756856415.276437,1756856415.4746852,0.19824814796447754
1756856415.5220969,1756856415.6623316,0.14023470878601074
1756856415.7115085,1756856415.8627436,0.15123510360717773
1756856415.9837124,1756856416.1137178,0.1300053596496582
1756856416.161608,1756856416.297496,0.13588809967041016
1756856416.4184384,1756856416.5539336,0.13549518585205078
1756856416.6014187,1756856416.7488415,0.14742279052734375
1756856416.8710632,1756856417.0048573,0.13379406929016113
1756856417.0474396,1756856417.1840136,0.13657402992248535
1756856417.306421,1756856417.4474137,0.1409926414489746
1756856417.4872777,1756856417.684859,0.19758129119873047
1756856417.725797,1756856417.855396,0.12959909439086914
1756856417.978153,1756856418.111575,0.1334218978881836
1756856418.2326622,1756856418.362119,0.1294567584991455
1756856418.408402,1756856418.537096,0.1286940574645996
1756856494.1987932,1756856494.330257,0.13146376609802246
1756856495.838909,1756856495.9644465,0.12553763389587402
1756856496.1960595,1756856496.3192813,0.12322187423706055
1756856496.3664973,1756856496.491083,0.12458562850952148
1756856496.6123505,1756856496.7313085,0.1189579963684082
1756856496.7772362,1756856496.9061987,0.12896251678466797
1756856497.0276418,1756856497.1593943,0.13175249099731445
1756856497.2063704,1756856497.3857565,0.17938613891601562
1756856497.5073714,1756856497.628736,0.12136459350585938
1756856497.6752384,1756856497.797802,0.12256360054016113
1756856497.9192522,1756856498.0396721,0.12041997909545898
1756856498.086204,1756856498.2092712,0.12306714057922363
1756856498.3312685,1756856498.4529963,0.12172770500183105
1756856498.4991064,1756856498.6307752,0.1316688060760498
1756856498.7522614,1756856498.899054,0.14679265022277832
1756856498.9387972,1756856499.085641,0.14684367179870605
1756856499.2089999,1756856499.3275971,0.11859726905822754
1756856499.448684,1756856499.5684085,0.11972451210021973
1756856499.6120877,1756856499.78785,0.17576217651367188
1756856499.8265405,1756856499.9449368,0.11839628219604492
1756856500.065889,1756856500.198975,0.1330862045288086
1756856500.2441459,1756856500.363206,0.11906003952026367
1756856500.4841866,1756856500.6087365,0.12454986572265625
1756856500.7298281,1756856500.8476443,0.11781620979309082
1756856500.8914185,1756856501.0223138,0.13089537620544434
1756856501.1443942,1756856501.2632833,0.11888909339904785
1756856501.3097124,1756856501.4356244,0.12591195106506348
1756856501.5567367,1756856501.6835341,0.12679743766784668
1756856501.730272,1756856501.8377142,0.10744214057922363
1756856501.962585,1756856502.1358538,0.17326879501342773
1756856502.1801915,1756856502.3045177,0.12432622909545898
1756856502.4242506,1756856502.5438159,0.11956524848937988
1756856502.5890315,1756856502.6992028,0.11017131805419922
1756856502.8224444,1756856502.9304614,0.1080169677734375
1756856503.0510526,1756856503.162998,0.11194539070129395
1756856503.213578,1756856503.3212545,0.10767650604248047
1756856503.4414353,1756856503.5513682,0.10993289947509766
1756856503.671418,1756856503.7758405,0.10442256927490234
1756856503.8961153,1756856504.0008967,0.1047813892364502
1756856504.0387614,1756856504.1541908,0.11542940139770508
1756856504.2749584,1756856504.4398003,0.164841890335083
1756856504.4776092,1756856504.5865088,0.10889959335327148
1756856504.7062745,1756856504.8112807,0.10500621795654297
1756856504.8493106,1756856504.9572947,0.10798406600952148
1756856505.0879173,1756856505.230029,0.14211177825927734
1756856505.3499684,1756856505.4569407,0.10697221755981445
1756856505.4953086,1756856505.6043901,0.10908150672912598
1756856505.7242148,1756856505.8372025,0.11298775672912598
1756856505.9571247,1756856506.065259,0.10813426971435547
1756856506.1849494,1756856506.2900233,0.10507392883300781
1756856506.3348498,1756856506.4451244,0.1102745532989502
1756856506.5651357,1756856506.7311578,0.16602206230163574
1756856506.7696228,1756856506.8934495,0.12382674217224121
1756856507.0132718,1756856507.1218095,0.10853767395019531
1756856507.160431,1756856507.267648,0.10721707344055176
1756856507.4987187,1756856507.6043177,0.10559892654418945
1756856507.6461713,1756856507.7574341,0.11126279830932617
1756856507.8781087,1756856507.9826822,0.10457348823547363
1756856508.0214598,1756856508.1278787,0.10641884803771973
1756856508.3585517,1756856508.468469,0.10991716384887695
1756856508.5134566,1756856508.6217566,0.10829997062683105
1756856508.741577,1756856508.903097,0.16152000427246094
1756856508.9419303,1756856509.0498261,0.1078958511352539
1756856509.1706402,1756856509.287796,0.11715579032897949
1756856509.3275783,1756856509.4364884,0.10891008377075195
1756856509.565158,1756856509.6805527,0.11539483070373535
1756856509.8008711,1756856509.9074013,0.10653018951416016
1756856509.9484427,1756856510.0727963,0.12435364723205566
1756856510.1936333,1756856510.3062322,0.11259889602661133
1756856510.4270492,1756856510.5479767,0.12092757225036621
1756856510.5884695,1756856510.7149305,0.12646102905273438
1756856510.837521,1756856510.9647648,0.1272437572479248
1756856511.086401,1756856511.2610207,0.1746196746826172
1756856511.3012254,1756856511.4215188,0.12029337882995605
1756856511.5505643,1756856511.69021,0.13964581489562988
1756856511.8114612,1756856511.9363544,0.1248931884765625
1756856511.981677,1756856512.1248965,0.1432194709777832
1756858483.389951,1756858483.502685,0.11273407936096191
1756858483.5463963,1756858483.654249,0.10785269737243652
1756858483.6655254,1756858483.768652,0.10312652587890625
1756858483.780428,1756858483.8899324,0.10950446128845215
1756858483.9006171,1756858484.053029,0.15241193771362305
1756858484.0645947,1756858484.1687872,0.10419249534606934
1756858484.1818104,1756858484.2864776,0.10466718673706055
1756858484.2976873,1756858484.4091172,0.11142992973327637
1756858484.4204042,1756858484.527213,0.10680890083312988
1756858484.5382378,1756858484.6487842,0.11054635047912598
1756858484.659973,1756858484.7712536,0.11128067970275879
1756858484.783831,1756858484.8903773,0.10654640197753906
1756858484.902708,1756858485.0157876,0.11307954788208008
1756858485.0268288,1756858485.1304193,0.10359048843383789
1756858485.1417165,1756858485.2463377,0.10462117195129395
1756858485.25734,1756858485.4157717,0.1584317684173584
1756858485.4267783,1756858485.534108,0.1073296070098877
1756858485.5452726,1756858485.6496809,0.10440826416015625
1756858485.6607845,1756858485.7649074,0.10412287712097168
1756858485.7759705,1756858485.8786094,0.10263895988464355
1756858485.889646,1756858485.9946005,0.10495448112487793
1756858486.005362,1756858486.1191206,0.11375856399536133
1756858486.1299856,1756858486.2357461,0.10576057434082031
1756858486.246903,1756858486.3510785,0.10417556762695312
1756858486.3619869,1756858486.4679818,0.10599493980407715
1756858486.4788392,1756858486.5892632,0.11042404174804688
1756858486.5998964,1756858486.7575114,0.15761494636535645
1756858486.7687004,1756858486.8736253,0.10492491722106934
1756858486.8842514,1756858486.9916918,0.10744047164916992
1756858487.0062773,1756858487.113201,0.10692358016967773
1756858487.1238842,1756858487.2279124,0.10402822494506836
1756858487.2382321,1756858487.3417387,0.10350656509399414
1756858487.3524175,1756858487.456113,0.10369563102722168
1756858487.4662852,1756858487.569893,0.1036076545715332
1756858487.5805566,1756858487.6839263,0.10336971282958984
1756858487.6952372,1756858487.8111148,0.11587762832641602
1756858487.821382,1756858487.9726803,0.15129828453063965
1756858487.9833803,1756858488.0883408,0.10496044158935547
1756858488.098847,1756858488.2012918,0.10244488716125488
1756858488.2116435,1756858488.3135114,0.1018679141998291
1756858488.3240914,1756858488.4276755,0.10358405113220215
1756858488.4391794,1756858488.5417027,0.1025233268737793
1756858488.5529666,1756858488.6571932,0.10422658920288086
1756858488.6676445,1756858488.7699826,0.10233807563781738
1756858488.7804132,1756858488.8885307,0.10811758041381836
1756858488.8989563,1756858489.000588,0.10163164138793945
1756858489.0108967,1756858489.1119525,0.10105586051940918
1756858489.1222646,1756858489.2752779,0.1530132293701172
1756858489.285744,1756858489.389824,0.1040799617767334
1756858489.4002397,1756858489.50469,0.10445022583007812
1756858489.5151103,1756858489.6228232,0.10771298408508301
1756858489.633301,1756858489.737039,0.10373806953430176
1756858489.7476196,1756858489.850764,0.10314440727233887
1756858489.8613682,1756858489.9652503,0.1038820743560791
1756858489.975767,1756858490.091747,0.11598014831542969
1756858490.1024134,1756858490.211096,0.10868263244628906
1756858490.2215433,1756858490.3251204,0.1035771369934082
1756858490.3353853,1756858490.4404116,0.1050262451171875
1756858490.4506817,1756858490.6070185,0.15633678436279297
1756858490.6178765,1756858490.7244935,0.10661697387695312
1756858490.735228,1756858490.841001,0.1057729721069336
1756858490.8514934,1756858490.9627745,0.11128115653991699
1756858490.9731722,1756858491.0783367,0.1051645278930664
1756858491.0888584,1756858491.192633,0.1037745475769043
1756858491.2029164,1756858491.3063626,0.10344624519348145
1756858491.3166509,1756858491.4218485,0.10519766807556152
1756858491.432162,1756858491.5359113,0.10374927520751953
1756858491.5462546,1756858491.6519263,0.10567164421081543
1756858491.6625574,1756858491.7686305,0.10607314109802246
1756858491.7792735,1756858491.9352055,0.15593194961547852
1756858491.9454684,1756858492.0518277,0.10635924339294434
1756858492.0623446,1756858492.1671789,0.10483431816101074
1756858492.177367,1756858492.2814379,0.10407090187072754
1756858492.2918658,1756858492.3969414,0.10507559776306152
1756858492.4072466,1756858492.511587,0.1043403148651123
1756858492.5222225,1756858492.6315365,0.10931396484375
1756858492.6416612,1756858492.7490013,0.10734009742736816
1756858492.7593532,1756858492.8658414,0.10648822784423828
1756858492.8758972,1756858492.9812386,0.10534143447875977
1756858492.9912817,1756858493.1432252,0.15194344520568848
1756858493.1534095,1756858493.261443,0.10803341865539551
1756858493.2717073,1756858493.3815966,0.10988926887512207
1756858493.3916955,1756858493.4951546,0.10345911979675293
1756858493.5055878,1756858493.610018,0.1044301986694336
1756858493.6203349,1756858493.7243705,0.10403561592102051
1756858493.7348175,1756858493.8423598,0.10754227638244629
1756858493.8532858,1756858493.9596245,0.1063387393951416
1756858493.9702425,1756858494.0754726,0.10523009300231934
1756858494.0859437,1756858494.2016752,0.11573147773742676
1756858494.2126184,1756858494.3180027,0.10538434982299805
1756858494.3285675,1756858494.4891858,0.16061830520629883
1756858494.49981,1756858494.6151316,0.11532163619995117
1756858494.6255922,1756858494.7403862,0.11479401588439941
1756858494.751016,1756858494.8577006,0.10668468475341797
1756858494.8681712,1756858494.9775393,0.10936808586120605
1756858494.9881134,1756858495.0944538,0.10634040832519531
1756858495.1050987,1756858495.2125137,0.10741496086120605
1756858495.2229714,1756858495.330767,0.10779547691345215
1756858495.3414423,1756858495.4471552,0.105712890625
1756858495.457552,1756858495.5637956,0.10624361038208008
1756858495.574434,1756858495.6809485,0.10651445388793945
1756858495.6915593,1756858495.856063,0.1645035743713379
1756858495.866764,1756858495.9712858,0.1045217514038086
1756858495.981973,1756858496.0868888,0.10491585731506348
1756858496.097985,1756858496.2048562,0.10687112808227539
1756858496.216419,1756858496.3273954,0.1109764575958252
1756858496.3385322,1756858496.4487777,0.1102454662322998
1756858496.4598317,1756858496.569753,0.10992121696472168
1756858496.581337,1756858496.6998851,0.11854815483093262
1756858496.7107174,1756858496.8183367,0.1076192855834961
1756858496.8289354,1756858496.9342735,0.10533809661865234
1756858496.9451883,1756858497.054254,0.10906577110290527
1756858497.0650914,1756858497.2292168,0.1641254425048828
1756858497.2403815,1756858497.3467982,0.10641670227050781
1756858497.357495,1756858497.4673142,0.10981917381286621
1756858497.4778235,1756858497.5862656,0.10844206809997559
1756858497.597221,1756858497.7008872,0.10366630554199219
1756858497.7115128,1756858497.8190606,0.10754776000976562
1756858497.8297935,1756858497.9354262,0.10563278198242188
1756858497.9466045,1756858498.063227,0.1166224479675293
1756858498.074128,1756858498.181931,0.1078031063079834
1756858498.1922355,1756858498.2969003,0.10466480255126953
1756858498.3072643,1756858498.4127712,0.10550689697265625
1756858498.4233205,1756858498.5791507,0.15583014488220215
1756858498.5900211,1756858498.6949363,0.10491514205932617
1756858498.7052119,1756858498.8088613,0.10364937782287598
1756858498.8194067,1756858498.9242802,0.1048734188079834
1756858498.9347844,1756858499.0391698,0.1043853759765625
1756858499.049593,1756858499.154315,0.1047220230102539
1756858499.164747,1756858499.2688713,0.10412430763244629
1756858499.2793946,1756858499.3836172,0.10422253608703613
1756858499.3940883,1756858499.5002847,0.10619640350341797
1756858499.5111566,1756858499.6180875,0.10693097114562988
1756858499.628697,1756858499.7376707,0.10897374153137207
1756858499.7481177,1756858499.9048915,0.15677380561828613
1756858499.9154837,1756858500.0197449,0.10426115989685059
1756858500.0305185,1756858500.1357808,0.10526227951049805
1756858500.1465895,1756858500.2521255,0.10553598403930664
1756858500.262764,1756858500.3657537,0.10298967361450195
1756858500.3763523,1756858500.484688,0.10833573341369629
1756858500.4954545,1756858500.6079268,0.1124722957611084
1756858500.6186604,1756858500.7285779,0.10991740226745605
1756858500.7394276,1756858500.845173,0.10574531555175781
1756858500.855971,1756858500.9635653,0.10759425163269043
1756858500.9743416,1756858501.081724,0.10738229751586914
1756858501.0927527,1756858501.2495708,0.15681815147399902
1756858501.260398,1756858501.369155,0.10875701904296875
1756858501.3797593,1756858501.4864028,0.1066434383392334
1756858501.497441,1756858501.6047812,0.10734009742736816
1756858501.6153765,1756858501.7239358,0.10855937004089355
1756858501.73435,1756858501.8426595,0.10830950736999512
1756858501.8529253,1756858501.957885,0.10495972633361816
1756858501.9683223,1756858502.082402,0.11407971382141113
1756858502.0928478,1756858502.1984072,0.1055593490600586
1756858502.2088661,1756858502.3149111,0.10604500770568848
1756858502.3257859,1756858502.4824293,0.15664339065551758
1756858502.4931278,1756858502.6084557,0.11532783508300781
1756858502.6196144,1756858502.7274642,0.1078498363494873
1756858502.738705,1756858502.8444252,0.10572028160095215
1756858502.8550227,1756858502.9624038,0.10738110542297363
1756858502.973231,1756858503.0801895,0.10695838928222656
1756858503.0908065,1756858503.1972513,0.1064448356628418
1756858503.2166748,1756858503.3271406,0.11046576499938965
1756858503.3395133,1756858503.4497795,0.11026620864868164
1756858503.460976,1756858503.5693922,0.10841631889343262
1756858503.5815408,1756858503.689871,0.10833024978637695
1756858503.7009046,1756858503.8079388,0.10703420639038086
1756858503.8188064,1756858503.981536,0.16272950172424316
1756858503.992275,1756858504.1023364,0.1100614070892334
1756858504.1133928,1756858504.2239552,0.11056232452392578
1756858504.2355716,1756858504.3474514,0.11187982559204102
1756858504.3579204,1756858504.4671216,0.10920119285583496
1756858504.4779773,1756858504.5860767,0.10809946060180664
1756858504.5964925,1756858504.70286,0.10636758804321289
1756858504.7130296,1756858504.8201509,0.10712122917175293
1756858504.8306866,1756858504.9361825,0.10549592971801758
1756858504.950061,1756858505.0550003,0.10493922233581543
1756858505.0653195,1756858505.1722724,0.10695290565490723
1756858505.1825242,1756858505.337052,0.15452790260314941
1756858505.3473327,1756858505.4537337,0.10640096664428711
1757228877.0674431,1757228877.1260247,0.05858159065246582
1757228877.1683748,1757228877.2360668,0.06769204139709473
1757228877.357323,1757228877.4111192,0.05379629135131836
1757228877.4521835,1757228877.5122888,0.060105323791503906
1757228877.6350803,1757228877.6891968,0.05411648750305176
1757228877.7285502,1757228877.792973,0.0644228458404541
1757228877.9126527,1757228877.9717395,0.05908679962158203
1757228878.0149128,1757228878.078886,0.06397318840026855
1757228878.199208,1757228878.2575428,0.0583348274230957
1757228878.2957847,1757228878.3877342,0.091949462890625
1757228878.5131125,1757228878.573046,0.05993342399597168
1757228878.6149504,1757228878.6831207,0.06817030906677246
1757228878.7203462,1757228878.7801676,0.059821367263793945
1757228878.8996577,1757228878.9643466,0.06468892097473145
1757228879.0006485,1757228879.0625346,0.06188607215881348
1757228879.1824045,1757228879.2437577,0.061353206634521484
1757228879.284132,1757228879.34529,0.061157941818237305
1757228879.4649138,1757228879.5361555,0.07124161720275879
1757228879.575689,1757228879.6395192,0.06383013725280762
1757228879.7592714,1757228879.8195803,0.06030893325805664
1757228879.8576982,1757228879.9225008,0.06480264663696289
1757228880.042259,1757228880.10149,0.05923104286193848
1757228880.1371927,1757228880.1946833,0.05749058723449707
1757228880.3147404,1757228880.3690822,0.054341793060302734
1757228880.4051905,1757228880.461107,0.055916547775268555
1757228880.5806947,1757228880.6351757,0.05448102951049805
1757228880.6750007,1757228880.7310197,0.05601906776428223
1757228880.852494,1757228880.906985,0.05449104309082031
1757228880.9477768,1757228881.010247,0.062470197677612305
1757228881.129644,1757228881.1840928,0.054448843002319336
1757228881.2202241,1757228881.2775686,0.05734443664550781
1757228881.3973465,1757228881.4527192,0.05537271499633789
1757228881.4888265,1757228881.548596,0.059769392013549805
1757228881.668155,1757228881.7286355,0.060480594635009766
1757228881.764457,1757228881.8222647,0.05780768394470215
1757228881.9418929,1757228881.9994256,0.05753278732299805
1757228882.0345058,1757228882.0916553,0.057149410247802734
1757228882.2115788,1757228882.2750075,0.06342864036560059
1757228882.3108308,1757228882.3689067,0.058075904846191406
1757228882.4890032,1757228882.5543954,0.06539225578308105
1757228882.590304,1757228882.6497972,0.059493303298950195
1757228882.769575,1757228882.8369339,0.06735873222351074
1757228882.8776207,1757228882.9344628,0.05684208869934082
1757228883.0538845,1757228883.1149023,0.061017751693725586
1757228883.1499832,1757228883.20967,0.059686899185180664
1757228883.3382146,1757228883.4000525,0.06183791160583496
1757228883.4363072,1757228883.500775,0.0644679069519043
1757228883.6202273,1757228883.6841242,0.06389689445495605
1757228883.7208164,1757228883.783725,0.06290864944458008
1757228883.903302,1757228883.9664903,0.06318831443786621
1757228884.001279,1757228884.0571818,0.055902719497680664
1757228884.1770885,1757228884.2426014,0.06551289558410645
1757228884.2766669,1757228884.3345866,0.05791974067687988
1757228884.4539387,1757228884.5199015,0.0659627914428711
1757228884.5542994,1757228884.611133,0.056833744049072266
1757228884.730451,1757228884.8067079,0.07625675201416016
1757228884.8459728,1757228884.9038286,0.057855844497680664
1757228885.0250003,1757228885.0813954,0.05639505386352539
1757228885.1208909,1757228885.1786602,0.0577692985534668
1757228885.297263,1757228885.3568854,0.05962252616882324
1757228885.3935893,1757228885.4511745,0.05758523941040039
1757228885.5702684,1757228885.6308885,0.06062006950378418
1757228885.6646767,1757228885.7277122,0.06303548812866211
1757228885.8469417,1757228885.911779,0.06483721733093262
1757228885.9474711,1757228886.0099638,0.06249260902404785
1757228886.12896,1757228886.1909611,0.06200122833251953
1757228886.2256205,1757228886.2816174,0.05599689483642578
1757228886.4009123,1757228886.462164,0.06125164031982422
1757228886.4962022,1757228886.5530884,0.05688619613647461
1757228886.67274,1757228886.7313352,0.05859518051147461
1757228886.7659838,1757228886.8226726,0.056688785552978516
1757228886.941498,1757228887.008157,0.06665897369384766
1757228887.049052,1757228887.1080356,0.058983564376831055
1757228887.2278554,1757228887.283772,0.055916547775268555
1757228887.323987,1757228887.380957,0.05696988105773926
1757228887.5007427,1757228887.5593252,0.05858254432678223
1757228887.6001067,1757228887.6572819,0.0571751594543457
1757228887.7769725,1757228887.8349586,0.05798602104187012
1757228887.875576,1757228887.9335995,0.05802345275878906
1757228888.0534873,1757228888.1605856,0.10709834098815918
1757228888.2014298,1757228888.2675207,0.06609082221984863
1757228888.3043778,1757228888.362268,0.05789017677307129
1757228888.4870322,1757228888.5482478,0.06121563911437988
1757228888.6681411,1757228888.7211888,0.05304765701293945
1757228888.761655,1757228888.826415,0.06475996971130371
1757228888.9457707,1757228889.0048904,0.05911970138549805
1757228889.0448775,1757228889.1095612,0.06468367576599121
1757228889.2283366,1757228889.2871141,0.058777570724487305
1757228889.3273158,1757228889.3927143,0.0653984546661377
1757228889.5119386,1757228889.5704844,0.058545827865600586
1757228889.6093209,1757228889.6755588,0.0662379264831543
1757228889.7944293,1757228889.8546097,0.0601804256439209
1757228889.8940144,1757228889.9578934,0.06387901306152344
1757228890.0774164,1757228890.1368518,0.059435367584228516
1757228890.1781907,1757228890.2386665,0.060475826263427734
1757228890.3635952,1757228890.4316835,0.06808829307556152
1757228890.472794,1757228890.5581095,0.08531546592712402
1757228890.6783137,1757228890.7339084,0.055594682693481445
1757228890.7784097,1757228890.8425925,0.06418275833129883
1757228890.962069,1757228891.0225408,0.06047177314758301
1757228891.0694492,1757228891.153273,0.08382391929626465
1757228891.1980603,1757228891.2791624,0.08110213279724121
1757228891.403186,1757228891.4758532,0.07266712188720703
1757228891.5200622,1757228891.5849304,0.06486821174621582
1757228891.6210938,1757228891.6776173,0.05652356147766113
1757228891.7965527,1757228891.860495,0.06394243240356445
1757228891.9043167,1757228891.9676776,0.06336092948913574
1757228892.087193,1757228892.1507745,0.06358146667480469
1757228892.1885278,1757228892.2522538,0.06372594833374023
1757228892.3715582,1757228892.4355652,0.06400704383850098
1757228892.4739077,1757228892.5387464,0.06483864784240723
1757228892.6583295,1757228892.7228184,0.06448888778686523
1757228892.7655458,1757228892.823732,0.05818605422973633
1757228892.9434118,1757228892.9989867,0.055574893951416016
1757228893.037426,1757228893.0955384,0.058112382888793945
1757228893.2154703,1757228893.2767627,0.061292409896850586
1757228893.3191414,1757228893.3830855,0.06394410133361816
1757228893.5025804,1757228893.5588834,0.05630302429199219
1757228893.5988805,1757228893.6618989,0.0630183219909668
1757228893.780498,1757228893.839659,0.05916094779968262
1757228893.8788276,1757228893.9425373,0.06370973587036133
1757228894.0612516,1757228894.1200478,0.05879616737365723
1757228894.1591856,1757228894.2223065,0.06312084197998047
1757228894.3412366,1757228894.3985078,0.05727124214172363
1757228894.4369528,1757228894.4992807,0.06232786178588867
1757228894.6221514,1757228894.6758764,0.05372500419616699
1757228894.7154377,1757228894.7989643,0.083526611328125
1757228894.9182103,1757228894.97826,0.06004977226257324
1757228895.0226936,1757228895.0903049,0.0676112174987793
1757228895.20997,1757228895.270682,0.06071209907531738
1757228895.3136082,1757228895.3783588,0.06475067138671875
1757228895.4974275,1757228895.558413,0.060985565185546875
1757228895.6018949,1757228895.668166,0.06627106666564941
1757228895.7085903,1757228895.7702196,0.061629295349121094
1757228895.8890247,1757228895.948677,0.05965232849121094
1757228895.9964857,1757228896.0536733,0.057187557220458984
1757228896.1728005,1757228896.2387106,0.06591010093688965
1757228896.2755818,1757228896.3408353,0.06525349617004395
1757228896.460368,1757228896.5276608,0.06729292869567871
1757228896.56555,1757228896.6229193,0.057369232177734375
1757228896.742381,1757228896.8033078,0.06092667579650879
1757228896.8479915,1757228896.9056225,0.05763101577758789
1757228897.0254922,1757228897.100664,0.07517170906066895
1757228897.148485,1757228897.2068849,0.05839991569519043
1757228897.3272142,1757228897.383469,0.05625486373901367
1757228897.4281929,1757228897.4897933,0.061600446701049805
1757228897.6140437,1757228897.6687863,0.05474257469177246
1757228897.7121074,1757228897.7750573,0.06294989585876465
1757228897.8970852,1757228897.9530308,0.055945634841918945
1757228897.9955866,1757228898.055593,0.06000638008117676
1757228898.174341,1757228898.2293596,0.05501866340637207
1757228898.272934,1757228898.3363988,0.06346487998962402
1757228898.3792484,1757228898.4382353,0.05898690223693848
1757228898.5577347,1757228898.620477,0.06274223327636719
1757228898.6596687,1757228898.718692,0.059023380279541016
1757228898.838127,1757228898.8988252,0.06069827079772949
1757228898.9366994,1757228898.994643,0.05794358253479004
1757228899.1135056,1757228899.1742706,0.06076502799987793
1757228899.212898,1757228899.275664,0.06276607513427734
1757228899.3946447,1757228899.4612446,0.06659984588623047
1757228899.5003002,1757228899.5630763,0.06277608871459961
1757228899.6824327,1757228899.7601311,0.0776984691619873
1757228899.7980013,1757228899.8588047,0.06080341339111328
1757228899.9778745,1757228900.040865,0.06299042701721191
1757228900.0829937,1757228900.1422014,0.05920767784118652
1757228900.2613654,1757228900.319967,0.05860161781311035
1757228900.3572261,1757228900.4124856,0.05525946617126465
1757228900.5317197,1757228900.586946,0.05522632598876953
1757228900.625143,1757228900.6814768,0.05633378028869629
1757228900.8002434,1757228900.8691745,0.06893110275268555
1757228900.9091268,1757228900.9702082,0.0610814094543457
1757228901.0897105,1757228901.1511617,0.06145119667053223
1757228901.1939638,1757228901.2520292,0.05806541442871094
1757228901.3720264,1757228901.4315002,0.05947375297546387
1757228901.4684575,1757228901.5270734,0.058615922927856445
1757228901.646415,1757228901.7029774,0.05656242370605469
1757228901.742176,1757228901.8014483,0.05927228927612305
1757228901.9212515,1757228901.9810622,0.059810638427734375
1757228902.0248852,1757228902.0826457,0.05776047706604004
1757228902.2025688,1757228902.2602236,0.05765485763549805
1757228902.3012004,1757228902.3609695,0.0597691535949707
1757228902.4826412,1757228902.5379596,0.055318355560302734
1757228902.590546,1757228902.6497884,0.05924248695373535
1757228902.771585,1757228902.8267446,0.055159568786621094
1757228902.8678172,1757228902.9278667,0.06004953384399414
1757228903.050236,1757228903.1060462,0.05581021308898926
1757228903.1477718,1757228903.209127,0.0613551139831543
1757228903.3319726,1757228903.3913212,0.05934858322143555
1757228903.432645,1757228903.4930801,0.06043505668640137
1757228903.6162167,1757228903.6727374,0.056520700454711914
1757228903.714557,1757228903.7762094,0.061652421951293945
1757228903.895101,1757228903.950857,0.0557558536529541
1757228903.9888299,1757228904.0541494,0.06531953811645508
1757228904.1733763,1757228904.234963,0.061586618423461914
1757228904.2748444,1757228904.341103,0.06625866889953613
1757228904.4611287,1757228904.522793,0.06166434288024902
1757228904.5613835,1757228904.6330261,0.07164263725280762
1757228904.6777272,1757228904.739391,0.06166386604309082
1757228904.8585389,1757228904.925354,0.06681513786315918
1757228904.9709122,1757228905.0303264,0.05941414833068848
1757228905.1493235,1757228905.2196395,0.07031607627868652
1757228905.2626517,1757228905.323863,0.061211347579956055
1757228905.443181,1757228905.5024018,0.05922079086303711
1757228905.5428467,1757228905.6085665,0.0657198429107666
1757228905.728609,1757228905.7905433,0.06193423271179199
1757228905.8367672,1757228905.91157,0.07480287551879883
1757228906.0311604,1757228906.0857933,0.05463290214538574
1757228906.129611,1757228906.1962335,0.06662249565124512
1757228906.239928,1757228906.2998772,0.05994915962219238
1757228906.4195995,1757228906.5005994,0.08099985122680664
1757228906.541581,1757228906.6007347,0.05915379524230957
1757228906.720309,1757228906.78211,0.06180095672607422
1757228906.8204055,1757228906.880636,0.06023049354553223
1757228907.11094,1757228907.1668928,0.05595278739929199
1757228907.2118075,1757228907.2730093,0.06120181083679199
1757228907.392845,1757228907.4483595,0.05551457405090332
1757228907.4866502,1757228907.5513735,0.06472325325012207
1757228907.6747794,1757228907.729248,0.054468631744384766
1757228907.7711852,1757228907.8311205,0.05993533134460449
1757228907.9550757,1757228908.0136142,0.05853843688964844
1757228908.055487,1757228908.135773,0.08028602600097656
1757228908.26015,1757228908.3145509,0.05440092086791992
1757228908.3551278,1757228908.4190247,0.06389689445495605
1757228908.5412943,1757228908.6038182,0.06252384185791016
1757228908.6460946,1757228908.7092698,0.06317520141601562
1757228908.828925,1757228908.8864486,0.05752372741699219
1757228908.9252431,1757228908.9854286,0.06018543243408203
1757228909.105038,1757228909.1601849,0.05514693260192871
1757228909.2051902,1757228909.2677395,0.06254935264587402
1757228909.3865619,1757228909.4432635,0.05670166015625
1757228909.4822547,1757228909.5446546,0.062399864196777344
1757228909.6714234,1757228909.7360551,0.06463170051574707
1757228909.772706,1757228909.835022,0.062315940856933594
1757228909.9547899,1757228910.0174198,0.06262993812561035
1757228910.0556786,1757228910.1162941,0.06061553955078125
1757228910.235668,1757228910.2967327,0.061064720153808594
1757228910.3316922,1757228910.3921208,0.060428619384765625
1757228910.511804,1757228910.576648,0.06484389305114746
1757228910.6168532,1757228910.6795266,0.06267333030700684
1757228910.8000486,1757228910.866841,0.06679248809814453
1757228910.9876888,1757228911.0486774,0.060988664627075195
1757228911.0913768,1757228911.1586783,0.06730151176452637
1757228911.278875,1757228911.3333256,0.05445051193237305
1757228911.369851,1757228911.432888,0.06303691864013672
1757228911.5542712,1757228911.6078165,0.053545236587524414
1757228911.6483874,1757228911.7098892,0.06150174140930176
1757228911.8326938,1757228911.8882234,0.05552959442138672
1757228911.9300892,1757228912.042648,0.11255884170532227
1757228912.0779424,1757228912.1367502,0.0588078498840332
1757228912.2570336,1757228912.3140423,0.05700874328613281
1757228912.3548696,1757228912.4156504,0.06078076362609863
1757228912.5361862,1757228912.5972443,0.06105804443359375
1757228912.633444,1757228912.694859,0.06141495704650879
1757228912.8146882,1757228912.8795254,0.06483721733093262
1757228912.9229999,1757228912.9837382,0.060738325119018555
1757228913.1059313,1757228913.1646922,0.058760881423950195
1757228913.2022007,1757228913.262173,0.059972286224365234
1757228913.3820195,1757228913.4393616,0.0573420524597168
1757228913.48218,1757228913.540538,0.058357954025268555
1757228913.6606712,1757228913.7273011,0.06662988662719727
1757228913.7700877,1757228913.8314276,0.0613398551940918
1757228913.9527805,1757228914.0165248,0.06374430656433105
1757228914.060353,1757228914.1201954,0.05984234809875488
1757228914.2402546,1757228914.3008406,0.060585975646972656
1757228914.344314,1757228914.412922,0.06860780715942383
1757228914.53961,1757228914.6045277,0.06491780281066895
1757228914.6416984,1757228914.7061777,0.06447935104370117
1757228914.8325102,1757228914.8892639,0.05675363540649414
1757228914.9292657,1757228915.0045655,0.07529973983764648
1757228965.6169279,1757228965.6752608,0.05833292007446289
1757228965.7125554,1757228965.7759008,0.06334543228149414
1757228965.89636,1757228965.955895,0.05953502655029297
1757228965.992028,1757228966.0604541,0.06842613220214844
1757228966.1799514,1757228966.2417727,0.06182122230529785
1757228966.2772913,1757228966.3417468,0.06445550918579102
1757228966.4616282,1757228966.5161076,0.054479360580444336
1757228966.551876,1757228966.6122222,0.060346126556396484
1757228966.7324774,1757228966.7881496,0.05567216873168945
1757228966.823589,1757228966.884489,0.060899972915649414
1757228967.0043025,1757228967.0601394,0.05583691596984863
1757228967.0953794,1757228967.1576922,0.06231284141540527
1757228967.2773433,1757228967.335948,0.05860471725463867
1757228967.3734975,1757228967.4343765,0.06087899208068848
1757228967.5542848,1757228967.610825,0.05654025077819824
1757228967.6474469,1757228967.7068827,0.05943584442138672
1757228967.8265197,1757228967.8811238,0.05460405349731445
1757228967.9160028,1757228967.9745822,0.058579444885253906
1757228968.0943422,1757228968.148938,0.0545957088470459
1757228968.1868885,1757228968.2427382,0.05584979057312012
1757228968.3622303,1757228968.4167397,0.05450940132141113
1757228968.4581373,1757228968.5140066,0.055869340896606445
1757228968.6353872,1757228968.6896644,0.05427718162536621
1757228968.724885,1757228968.7822158,0.05733084678649902
1757228968.9020603,1757228968.9569604,0.054900169372558594
1757228968.9917462,1757228969.0465012,0.05475497245788574
1757228969.165574,1757228969.2249632,0.05938911437988281
1757228969.259608,1757228969.316886,0.05727791786193848
1757228969.4362452,1757228969.4968145,0.06056928634643555
1757228969.532612,1757228969.5895503,0.05693817138671875
1757228969.7089076,1757228969.7661464,0.05723881721496582
1757228969.8027298,1757228969.865307,0.0625772476196289
1757228969.9842381,1757228970.0430114,0.05877327919006348
1757228970.0780146,1757228970.1406362,0.0626215934753418
1757228970.2600951,1757228970.3431265,0.08303141593933105
1757228970.384772,1757228970.4566352,0.07186317443847656
1757228970.5759017,1757228970.6296778,0.05377602577209473
1757228970.6652734,1757228970.7280073,0.06273388862609863
1757228970.849202,1757228970.9026802,0.053478240966796875
1757228970.9442103,1757228971.030001,0.08579063415527344
1757228971.0715308,1757228971.132115,0.060584068298339844
1757228971.251966,1757228971.3151138,0.06314778327941895
1757228971.4350264,1757228971.4897308,0.05470442771911621
1757228971.5249946,1757228971.5866942,0.061699628829956055
1757228971.707384,1757228971.7651854,0.057801246643066406
1757228971.8050654,1757228971.8643868,0.05932140350341797
1757228971.984639,1757228972.0410607,0.056421756744384766
1757228972.0813212,1757228972.1394453,0.05812406539916992
1757228972.2595658,1757228972.3151236,0.0555577278137207
1757228972.3503633,1757228972.4124532,0.06208992004394531
1757228972.5326495,1757228972.5891395,0.05648994445800781
1757228972.6240253,1757228972.6833057,0.0592803955078125
1757228972.8029547,1757228972.858305,0.055350303649902344
1757228972.9814403,1757228973.0367339,0.05529356002807617
1757228973.0744152,1757228973.133526,0.05911087989807129
1757228973.2535598,1757228973.3082454,0.05468559265136719
1757228973.345343,1757228973.4019492,0.05660605430603027
1757228973.521098,1757228973.577134,0.05603599548339844
1757228973.6117506,1757228973.6681058,0.05635523796081543
1757228973.7879326,1757228973.8497884,0.06185579299926758
1757228973.884883,1757228973.943842,0.058959007263183594
1757228974.0632288,1757228974.125833,0.06260418891906738
1757228974.1594493,1757228974.2136638,0.0542144775390625
1757228974.3331013,1757228974.3961265,0.06302523612976074
1757228974.4296997,1757228974.4928582,0.06315851211547852
1757228974.6121418,1757228974.6752572,0.06311535835266113
1757228974.7098622,1757228974.7724051,0.06254291534423828
1757228974.8917003,1757228974.9536858,0.06198549270629883
1757228974.9932747,1757228975.056648,0.06337332725524902
1757228975.1809616,1757228975.2402835,0.05932188034057617
1757228975.2801352,1757228975.3418434,0.06170821189880371
1757228975.460715,1757228975.5206258,0.05991077423095703
1757228975.5604093,1757228975.6245039,0.06409454345703125
1757228975.744686,1757228975.804743,0.06005716323852539
1757228975.8452616,1757228975.908092,0.06283044815063477
1757228976.0281658,1757228976.0881805,0.06001472473144531
1757228976.127981,1757228976.191779,0.0637979507446289
1757228976.3117151,1757228976.3708773,0.059162139892578125
1757228976.4108334,1757228976.4718153,0.06098198890686035
1757228976.5952966,1757228976.7066166,0.11132001876831055
1757228976.7472873,1757228976.8059876,0.0587003231048584
1757228977.0362437,1757228977.0917966,0.05555295944213867
1757228977.1315622,1757228977.1913114,0.05974912643432617
1757228977.3202312,1757228977.3818278,0.06159663200378418
1757228977.5012212,1757228977.558062,0.05684089660644531
1757228977.5979075,1757228977.657863,0.05995535850524902
1757228977.7775233,1757228977.8319595,0.05443620681762695
1757228977.87093,1757228977.9332013,0.0622713565826416
1757228978.0561395,1757228978.1107576,0.054618120193481445
1757228978.1478908,1757228978.210533,0.06264209747314453
1757228978.3339026,1757228978.3891797,0.055277109146118164
1757228978.4288077,1757228978.4888217,0.06001400947570801
1757228978.611938,1757228978.667826,0.05588793754577637
1757228978.70247,1757228978.7609963,0.05852627754211426
1757228978.8805223,1757228978.9522212,0.07169890403747559
1757228978.9862897,1757228979.0479774,0.06168770790100098
1757228979.1733017,1757228979.227866,0.05456423759460449
1757228979.262614,1757228979.322512,0.05989789962768555
1757228979.4420955,1757228979.5012813,0.05918574333190918
1757228979.5353427,1757228979.6007893,0.06544661521911621
1757228979.7201777,1757228979.7843778,0.06420016288757324
1757228979.8250768,1757228979.8884647,0.06338787078857422
1757228980.0071466,1757228980.0716457,0.0644991397857666
1757228980.105349,1757228980.1678493,0.0625002384185791
1757228980.2876542,1757228980.3491886,0.06153440475463867
1757228980.3859131,1757228980.4462845,0.06037139892578125
1757228980.5685594,1757228980.6382706,0.06971120834350586
1757228980.67292,1757228980.7346144,0.06169438362121582
1757228980.855465,1757228980.9135702,0.0581052303314209
1757228980.9481952,1757228981.0062504,0.05805516242980957
1757228981.127747,1757228981.1897857,0.06203866004943848
1757228981.2245727,1757228981.282747,0.05817437171936035
1757228981.4031024,1757228981.4655066,0.06240415573120117
1757228981.5002534,1757228981.5589197,0.058666229248046875
1757228981.6785574,1757228981.7407415,0.06218409538269043
1757228981.7749805,1757228981.8329186,0.0579380989074707
1757228981.9525054,1757228982.0150068,0.06250143051147461
1757228982.0491667,1757228982.1091993,0.06003260612487793
1757228982.228177,1757228982.2935457,0.06536865234375
1757228982.330223,1757228982.3933096,0.06308650970458984
1757228982.5125067,1757228982.5751586,0.0626518726348877
1757228982.6100395,1757228982.6733463,0.06330680847167969
1757228982.7925177,1757228982.8525624,0.06004476547241211
1757228982.8926487,1757228982.9565475,0.06389880180358887
1757228983.0757036,1757228983.1394405,0.0637369155883789
1757228983.1779604,1757228983.2405047,0.06254434585571289
1757228983.360071,1757228983.4269905,0.06691956520080566
1757228983.4668815,1757228983.5253527,0.0584712028503418
1757228983.6449218,1757228983.709489,0.06456732749938965
1757228983.74991,1757228983.8176258,0.06771564483642578
1757228983.9370742,1757228983.9946911,0.0576169490814209
1757228984.0339985,1757228984.0922244,0.05822587013244629
1757228984.2135837,1757228984.2676942,0.05411052703857422
1757228984.3086784,1757228984.368287,0.05960869789123535
1757228984.4895122,1757228984.543882,0.05436968803405762
1757228984.57756,1757228984.6352968,0.057736873626708984
1757228984.754936,1757228984.8227518,0.06781578063964844
1757228984.8593514,1757228984.9252317,0.06588029861450195
1757228985.0486536,1757228985.1076987,0.05904507637023926
1757228985.1410215,1757228985.197336,0.05631446838378906
1757228985.3165727,1757228985.3739333,0.05736064910888672
1757228985.4218292,1757228985.4790704,0.057241201400756836
1757228985.5990875,1757228985.6556568,0.05656933784484863
1757228985.6960185,1757228985.7578785,0.061860084533691406
1757228985.8817804,1757228985.936711,0.054930686950683594
1757228985.9722283,1757228986.030481,0.058252811431884766
1757228986.1506968,1757228986.2052372,0.054540395736694336
1757228986.241271,1757228986.3120368,0.07076573371887207
1757228986.431918,1757228986.4899755,0.058057546615600586
1757228986.530852,1757228986.5928724,0.062020301818847656
1757228986.7119703,1757228986.7693996,0.05742931365966797
1757228986.8048358,1757228986.865878,0.06104230880737305
1757228986.9853923,1757228987.0427768,0.057384490966796875
1757228987.0797598,1757228987.1453996,0.06563973426818848
1757228987.2642753,1757228987.3258593,0.0615839958190918
1757228987.3661022,1757228987.433917,0.06781482696533203
1757228987.5534806,1757228987.6106772,0.057196617126464844
1757228987.6529915,1757228987.71455,0.06155848503112793
1757228987.83411,1757228987.8917506,0.05764055252075195
1757228987.9319334,1757228988.0050168,0.07308340072631836
1757228988.1252544,1757228988.1819873,0.056732892990112305
1757228988.2225475,1757228988.2874396,0.06489205360412598
1757228988.4063303,1757228988.4656382,0.05930781364440918
1757228988.5045018,1757228988.5684922,0.06399035453796387
1757228988.6878874,1757228988.7480166,0.06012916564941406
1757228988.794971,1757228988.8566763,0.06170535087585449
1757228988.975785,1757228989.0307481,0.054963111877441406
1757228989.0711184,1757228989.1320455,0.06092715263366699
1757228989.2522736,1757228989.3088176,0.05654406547546387
1757228989.3482668,1757228989.4147334,0.0664665699005127
1757228989.4548142,1757228989.5144758,0.0596616268157959
1757228989.6340072,1757228989.7005534,0.06654620170593262
1757228989.7343545,1757228989.793151,0.05879640579223633
1757228989.912758,1757228989.9876606,0.07490253448486328
1757228990.0281327,1757228990.088323,0.060190439224243164
1757228990.2074888,1757228990.2731442,0.06565546989440918
1757228990.3146505,1757228990.3744602,0.05980968475341797
1757228990.4945319,1757228990.5778089,0.08327698707580566
1757228990.6135354,1757228990.6732948,0.05975937843322754
1757228990.7929714,1757228990.8633962,0.07042479515075684
1757228990.8982344,1757228990.956198,0.05796360969543457
1757228991.078357,1757228991.1397562,0.061399221420288086
1757228991.2592869,1757228991.314689,0.05540204048156738
1757228991.3487787,1757228991.427022,0.07824325561523438
1757228991.5467935,1757228991.605293,0.05849957466125488
1757228991.6453915,1757228991.7092106,0.06381916999816895
1757228991.828665,1757228991.8848102,0.05614519119262695
1757228991.9252956,1757228991.9974697,0.072174072265625
1757228992.0378706,1757228992.101716,0.06384539604187012
1757228992.2211792,1757228992.2836964,0.06251716613769531
1757228992.403273,1757228992.4590821,0.05580902099609375
1757228992.4990356,1757228992.5745714,0.07553577423095703
1757228992.697112,1757228992.7526588,0.05554676055908203
1757228992.7924428,1757228992.8522854,0.059842586517333984
1757228992.974278,1757228993.0293908,0.05511283874511719
1757228993.0685835,1757228993.1326525,0.06406903266906738
1757228993.2558753,1757228993.3109777,0.05510234832763672
1757228993.3516831,1757228993.423242,0.07155895233154297
1757228993.545282,1757228993.604373,0.05909109115600586
1757228993.644945,1757228993.7068124,0.061867475509643555
1757228993.8267784,1757228993.886757,0.059978485107421875
1757228993.927075,1757228994.0137582,0.08668327331542969
1757228994.139141,1757228994.19449,0.055348873138427734
1757228994.2321384,1757228994.2977536,0.06561517715454102
1757228994.417668,1757228994.4795568,0.061888694763183594
1757228994.5164008,1757228994.582835,0.06643414497375488
1757228994.6173732,1757228994.6772947,0.0599215030670166
1757228994.7963407,1757228994.863298,0.06695723533630371
1757228994.899246,1757228994.958808,0.059561967849731445
1757228995.0787385,1757228995.1447182,0.0659797191619873
1757228995.17986,1757228995.2432642,0.06340408325195312
1757228995.362771,1757228995.4349203,0.07214927673339844
1757228995.4712765,1757228995.5368245,0.06554794311523438
1757228995.6569333,1757228995.7131011,0.0561678409576416
1757228995.747968,1757228995.8065164,0.0585484504699707
1757228995.9262185,1757228996.0059679,0.07974934577941895
1757228996.0403807,1757228996.1079435,0.06756281852722168
1757228996.2273786,1757228996.2898388,0.06246018409729004
1757228996.3301628,1757228996.39343,0.06326723098754883
1757228996.5142312,1757228996.5692635,0.05503225326538086
1757228996.6089435,1757228996.6685402,0.05959677696228027
1757228996.7948263,1757228996.8565395,0.061713218688964844
1757228996.9761238,1757228997.032222,0.056098222732543945
1757228997.0667036,1757228997.1495993,0.08289575576782227
1757228997.2689593,1757228997.3293679,0.060408592224121094
1757228997.3715622,1757228997.4366772,0.06511497497558594
1757228997.5560853,1757228997.6125665,0.056481122970581055
1757228997.6530933,1757228997.7171807,0.0640873908996582
1757228997.8361914,1757228997.8966691,0.06047773361206055
1757228997.9360564,1757228998.0013492,0.0652928352355957
1757228998.0364711,1757228998.0994663,0.06299519538879395
1757228998.219316,1757228998.2762384,0.05692243576049805
1757228998.3162901,1757228998.3786907,0.06240057945251465
1757228998.5012777,1757228998.5559208,0.05464315414428711
1757228998.5955634,1757228998.6573062,0.06174278259277344
1757228998.776562,1757228998.834074,0.05751204490661621
1757228998.875374,1757228998.9365578,0.06118369102478027
1757228999.0596864,1757228999.115667,0.055980682373046875
1757228999.1567824,1757228999.218509,0.06172657012939453
1757228999.3411977,1757228999.3946722,0.05347442626953125
1757228999.434905,1757228999.498225,0.06331992149353027
1757228999.6213462,1757228999.6774316,0.05608534812927246
1757228999.7117448,1757228999.773282,0.06153726577758789
1757228999.89595,1757228999.950394,0.0544438362121582
1757228999.9901385,1757229000.0519276,0.06178903579711914
1757229000.1746569,1757229000.2287688,0.05411195755004883
1757229000.2636175,1757229000.3259363,0.06231880187988281
1757229000.4494705,1757229000.5546925,0.10522198677062988
1757229000.5928097,1757229000.6511724,0.058362722396850586
1757229000.7715971,1757229000.8446026,0.07300543785095215
1757229000.8849616,1757229000.9492276,0.06426596641540527
1757229001.0686574,1757229001.152478,0.08382058143615723
1757229001.1876376,1757229001.2477393,0.06010174751281738
1757229001.367449,1757229001.4360662,0.06861710548400879
1757229001.4764397,1757229001.5449255,0.06848573684692383
1757229001.6643927,1757229001.7347512,0.0703585147857666
1757229001.77317,1757229001.8354678,0.062297821044921875
1757229001.9557152,1757229002.0178304,0.06211519241333008
1757229002.0531442,1757229002.1127808,0.059636592864990234
1757229002.2413948,1757229002.309268,0.06787323951721191
1757229002.4294121,1757229002.4894352,0.06002306938171387
1757229002.5239959,1757229002.5926044,0.06860852241516113
1757229002.7135196,1757229002.7739913,0.06047177314758301
1757229002.8123055,1757229002.8775826,0.065277099609375
1757229002.997614,1757229003.053659,0.0560450553894043
1757229003.089689,1757229003.154449,0.06475996971130371
1757229003.273997,1757229003.3343894,0.06039237976074219
1757229003.3691733,1757229003.4383595,0.06918621063232422
1757229003.5605233,1757229003.6156602,0.055136919021606445
1757229003.6547072,1757229003.729665,0.07495784759521484
1757229003.8528287,1757229003.9097066,0.056877851486206055
1757229003.947124,1757229004.009621,0.06249690055847168
1757229004.130901,1757229004.1912735,0.060372352600097656
1757229138.031373,1757229138.1571734,0.12580037117004395
1757229138.3621483,1757229138.4945245,0.13237619400024414
1757229138.7281268,1757229138.8535514,0.12542462348937988
1757229139.0864518,1757229139.2160962,0.12964439392089844
1757229139.3692515,1757229139.5613966,0.19214510917663574
1757229139.7206762,1757229139.85956,0.1388838291168213
1757229140.095242,1757229140.2235126,0.12827062606811523
1757229140.3718164,1757229140.509359,0.1375424861907959
1757229140.743087,1757229140.8776934,0.13460636138916016
1757229141.032667,1757229141.167251,0.1345841884613037
1757229141.3999941,1757229141.533943,0.13394880294799805
1757229141.687558,1757229141.819097,0.13153910636901855
1757229142.050879,1757229142.1786745,0.12779545783996582
1757229142.3329353,1757229142.4630883,0.13015294075012207
1757229142.6959577,1757229142.826291,0.13033342361450195
1757229143.0580943,1757229143.232141,0.17404675483703613
1757229143.3851585,1757229143.509111,0.12395238876342773
1757229143.7410684,1757229143.8724585,0.13139009475708008
1757229144.0184174,1757229144.142647,0.12422966957092285
1757229144.3785994,1757229144.5057607,0.12716126441955566
1757229144.6581445,1757229144.786603,0.12845849990844727
1757229145.0182064,1757229145.1541493,0.13594293594360352
1757229145.306652,1757229145.4372106,0.13055849075317383
1757229145.6716375,1757229145.8027105,0.131072998046875
1757229145.9548788,1757229146.084872,0.12999320030212402
1757229146.3169878,1757229146.4417944,0.12480664253234863
1757229146.5940146,1757229146.7774773,0.18346261978149414
1757229146.9302108,1757229147.0573332,0.1271224021911621
1757229147.2889426,1757229147.4112098,0.12226724624633789
1757229147.5623,1757229147.6870213,0.12472128868103027
1757229147.918417,1757229148.04494,0.12652301788330078
1757229148.197349,1757229148.323142,0.1257929801940918
1757229148.5547154,1757229148.6827838,0.1280684471130371
1757229148.8335342,1757229148.958603,0.12506866455078125
1757229149.1917052,1757229149.3206434,0.1289381980895996
1757229149.4764574,1757229149.6072931,0.13083577156066895
1757229149.9489887,1757229150.0721936,0.12320494651794434
1757229150.2208488,1757229150.4209282,0.20007944107055664
1757229150.5707884,1757229150.695621,0.1248326301574707
1757229150.9309478,1757229151.0570796,0.12613177299499512
1757229151.214415,1757229151.3453488,0.1309337615966797
1757229151.5767007,1757229151.6978803,0.12117958068847656
1757229151.844346,1757229151.966539,0.1221928596496582
1757229152.197972,1757229152.3187802,0.12080812454223633
1757229152.4723675,1757229152.6052885,0.1329209804534912
1757229152.8369584,1757229152.9589303,0.12197184562683105
1757229153.1085708,1757229153.2352571,0.12668633460998535
1757229153.57759,1757229153.6999726,0.12238264083862305
1757229153.8485622,1757229154.0346012,0.18603897094726562
1757229154.1845329,1757229154.315884,0.13135123252868652
1757229154.5481298,1757229154.667955,0.11982512474060059
1757229154.8155994,1757229154.952427,0.1368274688720703
1757229155.1849465,1757229155.3068185,0.1218719482421875
1757229155.4692166,1757229155.5952275,0.12601089477539062
1757229155.826984,1757229155.9492972,0.12231326103210449
1757229156.1032166,1757229156.230664,0.12744736671447754
1757229156.462372,1757229156.5844421,0.1220700740814209
1757229156.738408,1757229156.8638713,0.12546324729919434
1757229157.2062168,1757229157.3838804,0.17766356468200684
1757229157.5378458,1757229157.6727233,0.13487744331359863
1757229157.9046128,1757229158.0431795,0.1385667324066162
1757229158.1971884,1757229158.3301601,0.13297176361083984
1757229158.5616574,1757229158.686944,0.12528657913208008
1757229158.8371172,1757229158.9683232,0.13120603561401367
1757229159.2001188,1757229159.3215883,0.12146949768066406
1757229159.4746149,1757229159.6050432,0.13042831420898438
1757229159.8369372,1757229159.9700384,0.133101224899292
1757229160.1241703,1757229160.2586436,0.13447332382202148
1757229160.495604,1757229160.682291,0.18668699264526367
1757229160.828066,1757229160.9519124,0.12384629249572754
1757229161.1846733,1757229161.3126838,0.12801051139831543
1757229161.464094,1757229161.5859997,0.12190580368041992
1757229161.8176847,1757229161.9581094,0.1404247283935547
1757229162.1066031,1757229162.2488642,0.14226102828979492
1757229162.4806278,1757229162.6164217,0.13579392433166504
1757229162.7699814,1757229162.9077156,0.13773417472839355
1757229163.139687,1757229163.2598302,0.12014317512512207
1757229163.4122775,1757229163.540237,0.1279594898223877
1757229163.7727864,1757229163.899147,0.12636065483093262
1757229164.1308763,1757229164.3082654,0.17738914489746094
1757229164.4618685,1757229164.592959,0.13109040260314941
1757229164.832032,1757229164.9687774,0.13674545288085938
1757229165.1218264,1757229165.258788,0.1369616985321045
1757229165.4905643,1757229165.6176026,0.12703824043273926
1757229165.7721658,1757229165.9255729,0.15340709686279297
1757229166.0784361,1757229166.2037954,0.12535929679870605
1757229166.4349887,1757229166.5531635,0.11817479133605957
1757229166.7065122,1757229166.83479,0.12827777862548828
1757229167.0667996,1757229167.1908293,0.12402963638305664
1757229167.3443646,1757229167.4707992,0.1264345645904541
1757229167.7069669,1757229167.8882759,0.18130898475646973
1757229168.0401871,1757229168.1644564,0.12426924705505371
1757229168.396715,1757229168.545656,0.1489410400390625
1757229168.6980605,1757229168.828475,0.13041448593139648
1757229169.060898,1757229169.2102258,0.14932775497436523
1757229169.36419,1757229169.5158052,0.15161514282226562
1757229169.7474678,1757229169.87377,0.12630224227905273
1757229170.0200076,1757229170.1473427,0.1273350715637207
1757229170.3823628,1757229170.5245028,0.14213991165161133
1757229170.6719513,1757229170.8149688,0.14301753044128418
1757229170.9431794,1757229171.1324813,0.1893019676208496
1757229171.2849603,1757229171.4111252,0.12616491317749023
1757229171.6421432,1757229171.765401,0.12325763702392578
1757229171.918617,1757229172.0473673,0.12875032424926758
1757229172.2785082,1757229172.4171681,0.13865995407104492
1757229172.5682926,1757229172.7024784,0.134185791015625
1757229172.9342816,1757229173.065658,0.1313765048980713
1757229173.2136602,1757229173.3385327,0.12487244606018066
1757229173.5703487,1757229173.7022297,0.1318809986114502
1757229173.8483422,1757229173.9734335,0.1250913143157959
1757229174.2056184,1757229174.3336344,0.12801599502563477
1757229174.5655236,1757229174.7509067,0.18538308143615723
1757229174.9055455,1757229175.035617,0.13007164001464844
1757229175.2713878,1757229175.4097698,0.1383819580078125
1757229175.5637183,1757229175.6972864,0.13356804847717285
1757229175.92992,1757229176.0662813,0.13636136054992676
1757229176.2190506,1757229176.3463728,0.12732219696044922
1757229176.5785751,1757229176.7165449,0.1379697322845459
1757229176.8688269,1757229176.998726,0.1298990249633789
1757229177.2306337,1757229177.3581772,0.12754344940185547
1757229177.50399,1757229177.6309798,0.12698984146118164
1757229177.9727407,1757229178.1510468,0.17830610275268555
1757229178.3072178,1757229178.427959,0.12074112892150879
1757229178.66242,1757229178.797808,0.13538789749145508
1757229178.9506106,1757229179.079391,0.12878036499023438
1757229179.3111887,1757229179.4376063,0.1264176368713379
1757229179.5839496,1757229179.7123847,0.1284351348876953
1757229179.943601,1757229180.074095,0.1304941177368164
1757229180.226099,1757229180.3517203,0.12562131881713867
1757229180.5874677,1757229180.720775,0.13330721855163574
1757229180.8720546,1757229180.997496,0.125441312789917
1757229181.2325335,1757229181.3791091,0.1465756893157959
1757229181.611949,1757229181.7962465,0.1842975616455078
1757229181.9511611,1757229182.0956528,0.14449167251586914
1757229182.3269956,1757229182.4546378,0.12764215469360352
1757229182.6006844,1757229182.7290845,0.12840008735656738
1757229182.9608233,1757229183.0899563,0.12913298606872559
1757229183.236976,1757229183.3660903,0.12911438941955566
1757229183.5982366,1757229183.7307067,0.13247013092041016
1757229183.8783302,1757229184.001294,0.12296366691589355
1757229184.2358766,1757229184.3702683,0.13439178466796875
1757229184.5182407,1757229184.6464453,0.1282045841217041
1757229184.8832316,1757229185.0215547,0.13832306861877441
1757229185.2531934,1757229185.4321356,0.17894220352172852
1757229185.5853457,1757229185.7140949,0.12874913215637207
1757229185.955803,1757229186.1094031,0.15360021591186523
1757229186.2627482,1757229186.3973129,0.13456463813781738
1757229186.6302485,1757229186.771637,0.1413884162902832
1757229186.9170012,1757229187.0397885,0.1227872371673584
1757229187.2718897,1757229187.400145,0.12825536727905273
1757229187.5586665,1757229187.6844943,0.12582778930664062
1757229187.9162807,1757229188.0461314,0.1298506259918213
1757229188.1985466,1757229188.3304582,0.1319115161895752
1757229188.5641177,1757229188.6956816,0.13156390190124512
1757229188.9268465,1757229189.103102,0.176255464553833
1757229189.2575712,1757229189.3845413,0.1269700527191162
1757229189.6195686,1757229189.7517092,0.1321406364440918
1757229189.9049997,1757229190.0339968,0.1289970874786377
1757229190.265487,1757229190.3909345,0.12544751167297363
1757229190.5481195,1757229190.6841562,0.13603663444519043
1757229190.91702,1757229191.0507429,0.13372278213500977
1757229191.2030063,1757229191.3308775,0.12787127494812012
1757229191.562244,1757229191.684687,0.12244296073913574
1757229191.8379812,1757229191.964957,0.12697577476501465
1757229192.1970992,1757229192.3793669,0.1822676658630371
1757229192.5319657,1757229192.655386,0.12342023849487305
1757229192.8871958,1757229193.0138645,0.12666869163513184
1757229193.1677752,1757229193.2917397,0.12396454811096191
1757229193.5243871,1757229193.6820402,0.1576530933380127
1757229193.832994,1757229193.9556763,0.12268233299255371
1757229194.1871254,1757229194.308448,0.1213226318359375
1757229194.4538717,1757229194.5793488,0.12547707557678223
1757229194.8105521,1757229194.9419186,0.13136649131774902
1757229195.0938709,1757229195.228996,0.13512516021728516
1757229195.4607096,1757229195.6406782,0.17996859550476074
1757229195.7924862,1757229195.9239833,0.13149714469909668
1757229196.1557755,1757229196.2828567,0.12708115577697754
1757229196.429043,1757229196.5570002,0.12795710563659668
1757229196.7892747,1757229196.9217443,0.13246965408325195
1757229197.0732715,1757229197.2023838,0.12911224365234375
1757229197.4344215,1757229197.5680635,0.13364195823669434
1757229197.716477,1757229197.8444207,0.127943754196167
1757229198.0758822,1757229198.2005184,0.12463617324829102
1757229198.3541017,1757229198.484219,0.13011741638183594
1757229198.7159343,1757229198.8443472,0.12841296195983887
1757229198.9962277,1757229199.1819272,0.185699462890625
1757229338.311649,1757229338.4517727,0.14012360572814941
1757229338.6337948,1757229338.7611911,0.1273963451385498
1757229338.9941723,1757229339.11366,0.11948776245117188
1757229339.2601213,1757229339.4431179,0.18299651145935059
1757229339.59241,1757229339.7218823,0.1294722557067871
1757229339.9545147,1757229340.0789135,0.12439870834350586
1757229340.3152888,1757229340.4345577,0.11926889419555664
1757229340.5938873,1757229340.7288182,0.13493084907531738
1757229340.9615955,1757229341.0810995,0.11950397491455078
1757229341.233311,1757229341.3616886,0.12837767601013184
1757229341.5944648,1757229341.7184649,0.12400007247924805
1757229341.8753784,1757229342.0055249,0.13014650344848633
1757229342.2376046,1757229342.3631723,0.12556767463684082
1757229342.5138738,1757229342.713071,0.19919729232788086
1757229342.861079,1757229343.0011919,0.14011287689208984
1757229343.2350068,1757229343.361178,0.12617111206054688
1757229343.515909,1757229343.6471276,0.13121867179870605
1757229343.8804183,1757229344.0124931,0.13207483291625977
1757229344.1668499,1757229344.3011236,0.13427376747131348
1757229344.53337,1757229344.657952,0.12458205223083496
1757229344.8051748,1757229344.9372199,0.13204503059387207
1757229345.1699998,1757229345.301545,0.1315450668334961
1757229345.455772,1757229345.5923462,0.13657426834106445
1757229345.825116,1757229346.0031152,0.17799925804138184
1757229346.1493478,1757229346.2785437,0.1291959285736084
1757229346.510321,1757229346.6304188,0.12009787559509277
1757229346.7809403,1757229346.9119356,0.1309952735900879
1757229347.1447506,1757229347.3002083,0.1554577350616455
1757229347.453862,1757229347.5794399,0.1255779266357422
1757229347.8122978,1757229347.9434934,0.1311955451965332
1757229348.094275,1757229348.22177,0.12749505043029785
1757229348.4533548,1757229348.5821266,0.12877178192138672
1757229348.735216,1757229348.8598824,0.12466645240783691
1757229349.0918748,1757229349.2210858,0.1292109489440918
1757229349.3732464,1757229349.5614724,0.18822598457336426
1757229349.7136273,1757229349.8383548,0.12472748756408691
1757229350.0701375,1757229350.2021322,0.13199472427368164
1757229350.3479788,1757229350.4748743,0.12689542770385742
1757229350.817239,1757229350.9499495,0.13271045684814453
1757229351.104794,1757229351.2349393,0.13014531135559082
1757229351.4662187,1757229351.5878406,0.12162184715270996
1757229351.7416785,1757229351.871701,0.13002252578735352
1757229352.104257,1757229352.2260137,0.12175655364990234
1757229352.3788052,1757229352.5258482,0.14704298973083496
1757229352.7583199,1757229352.9347398,0.17641997337341309
1757229353.0879328,1757229353.2157953,0.12786245346069336
1757229353.448363,1757229353.5789282,0.13056516647338867
1757229353.7313826,1757229353.8621182,0.1307356357574463
1757229354.2059848,1757229354.3292103,0.12322545051574707
1757229354.487243,1757229354.6267092,0.1394662857055664
1757229354.8602352,1757229354.9822521,0.12201690673828125
1757229355.148169,1757229355.2772362,0.12906718254089355
1757229355.5094192,1757229355.6336837,0.12426447868347168
1757229355.7883337,1757229355.9231381,0.13480448722839355
1757229356.1551812,1757229356.325747,0.17056584358215332
1757229356.4797482,1757229356.6013887,0.12164044380187988
1757229356.8445807,1757229356.978148,0.13356733322143555
1757229357.1246774,1757229357.2478585,0.12318110466003418
1757229357.4813216,1757229357.606115,0.12479352951049805
1757229357.8379493,1757229357.9657378,0.12778854370117188
1757229358.118643,1757229358.239864,0.12122106552124023
1757229358.4723315,1757229358.5983267,0.12599515914916992
1757229358.7510538,1757229358.8750741,0.12402033805847168
1757229359.1077206,1757229359.2447588,0.1370382308959961
1757229359.3918788,1757229359.5122845,0.12040567398071289
1757229359.7442076,1757229359.9274757,0.18326807022094727
1757229360.0814674,1757229360.2106404,0.12917304039001465
1757229360.4426923,1757229360.5648005,0.12210822105407715
1757229360.7183528,1757229360.8490062,0.13065338134765625
1757229361.081546,1757229361.2050345,0.1234884262084961
1757229361.358685,1757229361.4834328,0.12474775314331055
1757229361.7174404,1757229361.847469,0.13002872467041016
1757229362.0002582,1757229362.133524,0.13326573371887207
1757229362.3656237,1757229362.493553,0.1279292106628418
1757229362.6416485,1757229362.7758975,0.13424897193908691
1757229363.0080502,1757229363.1926181,0.18456792831420898
1757229363.3506882,1757229363.4823306,0.13164234161376953
1757229363.6364093,1757229363.7645261,0.12811684608459473
1757229363.9201396,1757229364.0488164,0.1286768913269043
1757229364.1975834,1757229364.334665,0.13708162307739258
1757229364.5780487,1757229364.7127495,0.13470077514648438
1757229364.8682406,1757229365.002208,0.13396739959716797
1757229365.2344165,1757229365.3619113,0.12749481201171875
1757229365.5160737,1757229365.6457205,0.12964677810668945
1757229365.8775032,1757229366.0027347,0.12523150444030762
1757229366.15619,1757229366.3326743,0.1764843463897705
1757229366.485608,1757229366.608427,0.1228189468383789
1757229366.839935,1757229366.9659636,0.12602853775024414
1757229367.113078,1757229367.2370632,0.12398505210876465
1757229367.4721243,1757229367.599324,0.12719964981079102
1757229367.7510512,1757229367.882111,0.13105988502502441
1757229368.2242515,1757229368.3455558,0.12130427360534668
1757229368.5014777,1757229368.628705,0.1272273063659668
1757229368.8663754,1757229368.9882507,0.12187528610229492
1757229369.1413426,1757229369.2726254,0.13128280639648438
1757229369.5040169,1757229369.6257012,0.12168431282043457
1757229369.7799768,1757229369.9660342,0.18605732917785645
1757229370.1186473,1757229370.2487688,0.13012146949768066
1757229370.4801989,1757229370.6015708,0.12137198448181152
1757229370.7488754,1757229370.8758266,0.1269512176513672
1757229370.9974473,1757229371.125179,0.1277318000793457
1757229371.2771327,1757229371.4034414,0.12630867958068848
1757229371.745762,1757229371.8835075,0.13774538040161133
1757229372.030464,1757229372.1605742,0.1301102638244629
1757229372.307358,1757229372.4281251,0.12076711654663086
1757229372.670208,1757229372.8028069,0.132598876953125
1757229373.035264,1757229373.1592078,0.12394380569458008
1757229373.313012,1757229373.4972618,0.1842498779296875
1757229373.6509924,1757229373.7759528,0.12496042251586914
1757229374.0077624,1757229374.1292486,0.12148618698120117
1757229374.2844405,1757229374.4091735,0.12473297119140625
1757229374.6411839,1757229374.7631123,0.12192845344543457
1757229374.9954083,1757229375.1129022,0.11749386787414551
1757229375.2659433,1757229375.3978536,0.1319103240966797
1757229375.6294632,1757229375.7521389,0.12267565727233887
1757229375.8998215,1757229376.0269244,0.12710285186767578
1757229376.2588632,1757229376.380166,0.12130284309387207
1757229376.5273983,1757229376.6512594,0.12386107444763184
1757229376.8833647,1757229377.0638175,0.18045282363891602
1757229377.20974,1757229377.3345144,0.12477445602416992
1757229377.5748525,1757229377.7054162,0.13056373596191406
1757229377.8524227,1757229377.9712381,0.11881542205810547
1757229378.2047982,1757229378.332039,0.12724089622497559
1757229378.5633907,1757229378.7034903,0.14009952545166016
1757229378.849125,1757229378.9737754,0.12465047836303711
1757229379.2054317,1757229379.333257,0.12782526016235352
1757229379.4843338,1757229379.6321135,0.1477797031402588
1757229379.863352,1757229379.9862275,0.12287545204162598
1757229380.1338828,1757229380.2591245,0.12524175643920898
1757229380.4906368,1757229380.6723254,0.18168854713439941
1757229380.8184533,1757229380.946516,0.12806272506713867
1757229381.1778271,1757229381.2983792,0.12055206298828125
1757229381.4449146,1757229381.5687943,0.12387967109680176
1757229381.801655,1757229381.920504,0.11884903907775879
1757229382.1521704,1757229382.269018,0.11684751510620117
1757229382.4219265,1757229382.5462506,0.12432408332824707
1757229382.777971,1757229382.8968828,0.1189117431640625
1757229383.0497625,1757229383.1741261,0.12436366081237793
1757229383.4082298,1757229383.5319686,0.12373876571655273
1757229383.6841736,1757229383.8852458,0.20107221603393555
1757229384.032201,1757229384.1534398,0.12123870849609375
1757229384.3855433,1757229384.5213966,0.13585329055786133
1757229384.668886,1757229384.8084004,0.13951444625854492
1757229385.0420017,1757229385.1759748,0.1339731216430664
1757229385.3291082,1757229385.4563518,0.1272435188293457
1757229385.799319,1757229385.9251714,0.12585234642028809
1757229386.0742,1757229386.2107518,0.1365518569946289
1757229386.3587687,1757229386.4796503,0.12088155746459961
1757229386.7147374,1757229386.8448596,0.13012218475341797
1757229386.9996936,1757229387.1496224,0.14992880821228027
1757229387.2960474,1757229387.4750848,0.17903733253479004
1757229387.707402,1757229387.8295648,0.1221628189086914
1757229387.9745138,1757229388.096378,0.12186431884765625
1757229388.3287432,1757229388.4552028,0.12645959854125977
1757229388.6068757,1757229388.7422519,0.1353762149810791
1757229393.621502,1757229393.7479076,0.1264057159423828
1757229393.8745854,1757229394.0009892,0.12640380859375
1757229394.122221,1757229394.2483451,0.12612414360046387
1757229394.3682919,1757229394.4906752,0.12238335609436035
1757229394.6114106,1757229394.7373717,0.1259610652923584
1757229394.8585408,1757229394.9837418,0.12520098686218262
1757229395.1059613,1757229395.274031,0.16806960105895996
1757229395.3943143,1757229395.5129328,0.11861848831176758
1757229395.6338036,1757229395.7673001,0.13349652290344238
1757229480.4255126,1757229480.5479054,0.12239289283752441
1757229480.73483,1757229480.8748536,0.14002370834350586
1757229481.1075137,1757229481.2266183,0.11910462379455566
1757229481.3791063,1757229481.5068266,0.12772035598754883
1757229481.7436094,1757229481.929599,0.1859896183013916
1757229482.0887544,1757229482.2236605,0.13490605354309082
1757229482.4591928,1757229482.5836923,0.12449955940246582
1757229482.7393186,1757229482.8775818,0.13826322555541992
1757229483.1104803,1757229483.2359083,0.1254279613494873
1757229483.3884008,1757229483.5257032,0.13730239868164062
1757229483.7581031,1757229483.8866818,0.12857866287231445
1757229484.0407386,1757229484.1778455,0.13710689544677734
1757229484.337227,1757229484.4757514,0.13852429389953613
1757229484.6230774,1757229484.7693906,0.14631319046020508
1757229485.0011234,1757229485.1861987,0.1850752830505371
1757229485.33273,1757229485.461238,0.1285078525543213
1757229485.6928744,1757229485.8162801,0.12340569496154785
1757229485.9663794,1757229486.0969887,0.13060927391052246
1757229486.329678,1757229486.4540784,0.12440037727355957
1757229486.6012268,1757229486.7332664,0.13203954696655273
1757229486.964759,1757229487.0888224,0.12406325340270996
1757229487.2351887,1757229487.361872,0.12668323516845703
1757229487.5936182,1757229487.7197123,0.12609410285949707
1757229487.8725452,1757229488.00395,0.13140487670898438
1757229488.235674,1757229488.3570538,0.12137985229492188
1757229488.5100327,1757229488.6989276,0.18889498710632324
1757229488.9309833,1757229489.0654218,0.13443851470947266
1757229489.2189796,1757229489.3522267,0.13324713706970215
1757229489.5841763,1757229489.7056077,0.12143135070800781
1757229489.8592315,1757229489.9883435,0.12911200523376465
1757229490.21998,1757229490.3527443,0.13276433944702148
1757229490.5037403,1757229490.6353726,0.13163232803344727
1757229490.872186,1757229490.9912941,0.11910820007324219
1757229491.1443,1757229491.2768714,0.13257145881652832
1757229491.5086846,1757229491.634254,0.12556934356689453
1757229491.7864356,1757229491.9298036,0.14336800575256348
1757229492.1631174,1757229492.344619,0.1815016269683838
1757229492.4950542,1757229492.6244426,0.12938833236694336
1757229492.8575454,1757229492.9988065,0.14126110076904297
1757229493.1518073,1757229493.277934,0.12612676620483398
1757229493.5093749,1757229493.6314747,0.1220998764038086
1757229493.7836823,1757229493.9234662,0.1397838592529297
1757229494.1548665,1757229494.2771244,0.12225794792175293
1757229494.4327595,1757229494.5690067,0.1362471580505371
1757229494.8020551,1757229494.9301958,0.12814068794250488
1757229495.08623,1757229495.2246675,0.13843750953674316
1757229495.4577377,1757229495.5818157,0.12407803535461426
1757229495.7349813,1757229495.9233177,0.18833637237548828
1757229496.0776775,1757229496.207482,0.1298046112060547
1757229496.439321,1757229496.5729122,0.1335911750793457
1757229496.727484,1757229496.8567374,0.12925338745117188
1757229497.089822,1757229497.215779,0.12595701217651367
1757229497.3696983,1757229497.5009193,0.13122105598449707
1757229497.7337904,1757229497.862191,0.12840056419372559
1757229498.0166707,1757229498.1500688,0.13339805603027344
1757229498.382026,1757229498.507921,0.12589502334594727
1757229498.6612105,1757229498.8147843,0.15357375144958496
1757229499.0461175,1757229499.1787033,0.13258576393127441
1757229499.3320684,1757229499.5117342,0.17966580390930176
1757229499.7430508,1757229499.8682954,0.1252446174621582
1757229500.0206046,1757229500.1554325,0.1348278522491455
1757229500.3076932,1757229500.4353406,0.12764739990234375
1757229500.6714494,1757229500.805685,0.13423562049865723
1757229500.958423,1757229501.0891125,0.1306896209716797
1757229501.3238072,1757229501.451831,0.12802386283874512
1757229501.603746,1757229501.7321064,0.12836050987243652
1757229501.9643614,1757229502.093734,0.12937259674072266
1757229502.3254004,1757229502.4518387,0.12643837928771973
1757229502.605494,1757229502.7360961,0.13060212135314941
1757229502.967934,1757229503.142824,0.17489004135131836
1757229503.2959747,1757229503.425687,0.12971234321594238
1757229503.6644936,1757229503.802705,0.13821148872375488
1757229503.9482787,1757229504.0763674,0.12808871269226074
1757229504.3083737,1757229504.4437718,0.13539814949035645
1757229504.591746,1757229504.722626,0.13087987899780273
1757229504.9554944,1757229505.0926216,0.13712716102600098
1757229505.2462373,1757229505.3880272,0.14178991317749023
1757229505.6196895,1757229505.7446578,0.12496829032897949
1757229505.890893,1757229506.020355,0.12946200370788574
1757229506.2523663,1757229506.3806608,0.1282944679260254
1757229506.5350966,1757229506.7174935,0.18239688873291016
1757229506.9501557,1757229507.0745518,0.12439608573913574
1757229507.2282052,1757229507.361939,0.13373374938964844
1757229507.5939288,1757229507.7172918,0.12336301803588867
1757229507.8702855,1757229508.0016048,0.13131928443908691
1757229508.1556695,1757229508.287923,0.13225364685058594
1757229508.4387655,1757229508.5776222,0.1388566493988037
1757229508.7262948,1757229508.8527958,0.12650108337402344
1757229509.0844905,1757229509.213269,0.12877845764160156
1757229509.4448059,1757229509.5740323,0.1292264461517334
1757229509.7283528,1757229509.8554406,0.12708783149719238
1757229510.0882607,1757229510.2657127,0.17745208740234375
1757229510.4135711,1757229510.5410273,0.1274561882019043
1757229510.7731252,1757229510.9032433,0.13011813163757324
1757229511.0611331,1757229511.1954646,0.13433146476745605
1757229511.4273713,1757229511.5514169,0.12404561042785645
1757229511.7034128,1757229511.840637,0.1372241973876953
1757229512.0731587,1757229512.2023094,0.1291506290435791
1757229512.3504114,1757229512.480482,0.13007068634033203
1757229512.711883,1757229512.84194,0.13005685806274414
1757229513.0738325,1757229513.1965213,0.12268877029418945
1757229513.3498878,1757229513.4804928,0.13060498237609863
1757229513.712435,1757229513.8933756,0.1809406280517578
1757229514.0461202,1757229514.177942,0.131821870803833
1757229514.410034,1757229514.5413988,0.1313648223876953
1757229514.6886652,1757229514.8145137,0.12584853172302246
1757229515.0461164,1757229515.181387,0.1352705955505371
1757229515.3290844,1757229515.4569004,0.12781596183776855
1757229515.6885402,1757229515.8195274,0.13098716735839844
1757229515.9665494,1757229516.0950732,0.1285238265991211
1757229516.217327,1757229516.3487742,0.13144707679748535
1757229516.4710464,1757229516.606673,0.13562655448913574
1757229516.6468022,1757229516.7819052,0.1351029872894287
1757229516.9036465,1757229517.0866432,0.1829967498779297
1757229517.1300366,1757229517.262096,0.13205933570861816
1757229517.3838596,1757229517.5194407,0.13558101654052734
1757229517.563183,1757229517.6967938,0.13361072540283203
1757229517.8182266,1757229517.9454389,0.1272122859954834
1757229517.9910672,1757229518.1180897,0.12702250480651855
1757229518.240159,1757229518.3692985,0.12913942337036133
1757229518.4126809,1757229518.5439596,0.13127875328063965
1757229518.6659267,1757229518.7917488,0.1258220672607422
1757229518.9125776,1757229519.0340202,0.12144255638122559
1757229519.07455,1757229519.2486594,0.17410945892333984
1757229519.369818,1757229519.5502098,0.18039178848266602
1757229519.5946517,1757229519.7379851,0.14333343505859375
1757229519.8619938,1757229519.9868362,0.12484240531921387
1757229520.0245194,1757229520.155335,0.1308155059814453
1757229520.2764273,1757229520.404916,0.12848877906799316
1757229520.4497917,1757229520.5747848,0.12499308586120605
1757229520.6960294,1757229520.819714,0.12368464469909668
1757229520.9403257,1757229521.0692003,0.1288745403289795
1757229521.1128588,1757229521.2479734,0.1351146697998047
1757229521.3695152,1757229521.494861,0.12534570693969727
1757229521.5319412,1757229521.6591194,0.12717819213867188
1757229521.779904,1757229521.9568455,0.1769416332244873
1757229521.994302,1757229522.1216822,0.1273801326751709
1757229522.2526193,1757229522.382035,0.12941575050354004
1757229522.4199028,1757229522.5476172,0.1277143955230713
1757229522.6687887,1757229522.7979193,0.12913060188293457
1757229522.841082,1757229522.9699376,0.12885546684265137
1757229523.0917377,1757229523.2239513,0.13221359252929688
1757229523.3454268,1757229523.4762537,0.1308269500732422
1757229523.5199559,1757229523.654223,0.13426709175109863
1757229523.777251,1757229523.910041,0.13279008865356445
1757229523.9537668,1757229524.0850914,0.13132452964782715
1757229524.2075489,1757229524.391884,0.18433523178100586
1757229524.4358711,1757229524.559686,0.12381482124328613
1757229524.685864,1757229524.8184612,0.1325972080230713
1757229524.8622205,1757229524.9931412,0.1309206485748291
1757229525.114076,1757229525.2430897,0.1290137767791748
1757229525.2863019,1757229525.4170036,0.13070178031921387
1757229525.5386631,1757229525.664481,0.12581777572631836
1757229525.7863045,1757229525.9103327,0.12402820587158203
1757229525.9537451,1757229526.0877497,0.1340045928955078
1757229526.2099524,1757229526.3359158,0.12596344947814941
1757229526.3738036,1757229526.5024166,0.12861299514770508
1757229526.6235085,1757229526.8011625,0.17765402793884277
1757229526.8399396,1757229526.9697826,0.12984299659729004
1757229527.0908926,1757229527.220296,0.12940335273742676
1757229527.2580588,1757229527.3844907,0.12643194198608398
1757229527.506579,1757229527.6415489,0.13496994972229004
1757229527.679408,1757229527.817623,0.1382148265838623
1757229528.0494783,1757229528.1988864,0.14940810203552246
1757229528.242549,1757229528.4211829,0.1786339282989502
1757229528.5420952,1757229528.6657462,0.12365102767944336
1757229528.7074442,1757229528.8359127,0.12846851348876953
1757229528.9573634,1757229529.0782073,0.12084388732910156
1757229529.1228254,1757229529.3123968,0.18957138061523438
1757229529.3515773,1757229529.5011282,0.1495509147644043
1757229529.5392802,1757229529.673078,0.13379788398742676
1757229529.7955837,1757229529.9267128,0.13112902641296387
1757229529.9702818,1757229530.1096814,0.13939952850341797
1757229530.2318869,1757229530.36289,0.13100314140319824
1757229530.4010742,1757229530.5287838,0.12770962715148926
1757229530.6501787,1757229530.7931821,0.1430034637451172
1757229530.8378046,1757229530.9819043,0.14409971237182617
1757229531.104473,1757229531.2429185,0.13844537734985352
1757229531.2876399,1757229531.4876692,0.2000293731689453
1757229531.5269895,1757229531.6685472,0.1415576934814453
1757229531.79064,1757229531.9297218,0.13908171653747559
1757229531.9832385,1757229532.1243217,0.1410832405090332
1757229532.2463868,1757229532.3783414,0.13195466995239258
1757229532.421674,1757229532.5559325,0.13425850868225098
1757229532.6788769,1757229532.8084238,0.1295468807220459
1757229532.9295883,1757229533.0691953,0.13960695266723633
1757229533.1129947,1757229533.2467046,0.13370990753173828
1757229533.3684,1757229533.5183778,0.1499776840209961
1757229533.564915,1757229533.6930137,0.128098726272583
1757229533.9276423,1757229534.1177807,0.1901383399963379
1757229534.1618633,1757229534.286019,0.12415575981140137
1757229534.4085414,1757229534.5336473,0.1251058578491211
1757229534.5713897,1757229534.6989224,0.1275327205657959
1757229534.8204217,1757229534.9476728,0.12725114822387695
1757229534.985076,1757229535.1339736,0.14889764785766602
1757229535.2553344,1757229535.3896801,0.13434576988220215
1757229535.5112228,1757229535.6369162,0.12569332122802734
1757229535.6800623,1757229535.8090992,0.12903690338134766
1757229535.930281,1757229536.057525,0.1272439956665039
1757229536.1074615,1757229536.2947502,0.18728876113891602
1757229536.3352222,1757229536.466537,0.13131475448608398
1757229536.588615,1757229536.7154393,0.12682437896728516
1757229536.759181,1757229536.8915722,0.13239121437072754
1757229537.0142126,1757229537.1409786,0.12676596641540527
1757229537.186523,1757229537.3166614,0.13013839721679688
1757229537.4388459,1757229537.5627258,0.12387990951538086
1757229537.606458,1757229537.7346094,0.12815141677856445
1757229537.8559415,1757229537.986663,0.1307215690612793
1757229538.0345433,1757229538.1653924,0.13084912300109863
1757229538.2875848,1757229538.4611516,0.1735668182373047
1757229538.5057344,1757229538.6378338,0.13209939002990723
1757229538.762174,1757229538.8964236,0.13424968719482422
1757229539.0187354,1757229539.141542,0.12280654907226562
1757229539.184828,1757229539.3154175,0.13058948516845703
1757229539.4365406,1757229539.5616548,0.12511420249938965
1757229539.6066353,1757229539.739459,0.13282370567321777
1757229539.861428,1757229539.9982865,0.13685846328735352
1757229540.0374098,1757229540.1852016,0.14779186248779297
1757229540.3089423,1757229540.4413748,0.1324324607849121
1757229540.4798927,1757229540.6153674,0.13547468185424805
1757229540.7372184,1757229540.934195,0.1969766616821289
1757229540.9785903,1757229541.111474,0.13288378715515137
1757229541.2327578,1757229541.358731,0.12597322463989258
1757229541.401227,1757229541.5322454,0.13101840019226074
1757229541.6537242,1757229541.7833972,0.12967300415039062
1757229541.829503,1757229541.9600854,0.13058233261108398
1757229542.0813596,1757229542.2090845,0.12772488594055176
1757229542.2541091,1757229542.3829322,0.12882304191589355
1757229542.5038714,1757229542.6294167,0.12554526329040527
1757229542.6723573,1757229542.797479,0.1251215934753418
1757229542.919443,1757229543.0581548,0.13871192932128906
1757229543.101782,1757229543.2869523,0.18517017364501953
1757229543.3244321,1757229543.4530544,0.12862229347229004
1757229543.5782537,1757229543.7118964,0.13364267349243164
1757229543.83978,1757229543.9671054,0.12732529640197754
1757229544.014727,1757229544.1497014,0.13497424125671387
1757229544.2716184,1757229544.3962395,0.12462115287780762
1757229544.439708,1757229544.5682971,0.12858915328979492
1757229544.6894603,1757229544.8138545,0.12439417839050293
1757229544.8522122,1757229544.98065,0.12843775749206543
1757229545.102567,1757229545.2309246,0.1283576488494873
1757229545.2742243,1757229545.4039793,0.12975502014160156
1757229545.525738,1757229545.7055876,0.17984962463378906
1757229545.74411,1757229545.8746252,0.13051509857177734
1757229545.9967308,1757229546.1301894,0.13345861434936523
1757229546.172252,1757229546.3021936,0.12994170188903809
1757229546.4233315,1757229546.543277,0.11994552612304688
1757229546.593462,1757229546.728095,0.13463306427001953
1757229546.8504806,1757229546.9739497,0.12346911430358887
1757229547.0169377,1757229547.143745,0.12680721282958984
1757229547.2726607,1757229547.4032974,0.13063669204711914
1757229547.443482,1757229547.570791,0.12730908393859863
1757229547.695678,1757229547.826303,0.13062500953674316
1757229547.947781,1757229548.13282,0.18503880500793457
1757229548.1830783,1757229548.3094935,0.12641525268554688
1757229548.4313667,1757229548.5616446,0.1302778720855713
1757229548.6066694,1757229548.7344644,0.12779498100280762
1757229548.8563187,1757229548.983169,0.12685036659240723
1757229549.0239725,1757229549.1534343,0.12946176528930664
1757229587.0542316,1757229587.1859777,0.1317460536956787
1757229587.3670478,1757229587.4996595,0.13261175155639648
1757229587.653946,1757229587.779654,0.12570810317993164
1757229588.1247647,1757229588.2534523,0.12868762016296387
1757229588.399856,1757229588.5989337,0.19907760620117188
1757229588.7452464,1757229588.8742402,0.12899374961853027
1757229589.113433,1757229589.249474,0.13604116439819336
1757229589.4045978,1757229589.5464866,0.14188885688781738
1757229589.7804072,1757229589.9055738,0.125166654586792
1757229590.0665975,1757229590.196606,0.13000845909118652
1757229590.4296267,1757229590.555803,0.1261763572692871
1757229590.708318,1757229590.852657,0.14433908462524414
1757229591.0848176,1757229591.2095435,0.1247258186340332
1757229591.3608162,1757229591.4938056,0.13298940658569336
1757229591.7260866,1757229591.8532267,0.12714004516601562
1757229592.085069,1757229592.262159,0.17709016799926758
1757229592.414574,1757229592.5400975,0.12552356719970703
1757229592.771917,1757229592.9023788,0.1304616928100586
1757229593.0487103,1757229593.1789129,0.1302025318145752
1757229593.410614,1757229593.5370922,0.1264781951904297
1757229593.6831234,1757229593.8054416,0.12231826782226562
1757229594.0374389,1757229594.1570642,0.11962532997131348
1757229594.3102226,1757229594.4337127,0.1234900951385498
1757229594.6656673,1757229594.7849338,0.11926651000976562
1757229594.9370537,1757229595.0618966,0.12484288215637207
1757229595.4040654,1757229595.5239818,0.11991643905639648
1757229595.6735394,1757229595.8504713,0.17693185806274414
1757229596.0827203,1757229596.2087398,0.12601947784423828
1757229596.3568633,1757229596.4846392,0.1277759075164795
1757229596.7161584,1757229596.848575,0.1324167251586914
1757229597.001139,1757229597.1360471,0.13490819931030273
1757229597.368305,1757229597.4897633,0.12145829200744629
1757229597.6424828,1757229597.8004613,0.15797853469848633
1757229598.0326908,1757229598.159469,0.12677812576293945
1757229598.316827,1757229598.4407778,0.12395071983337402
1757229598.6731572,1757229598.7958302,0.12267303466796875
1757229599.0270069,1757229599.1462512,0.11924433708190918
1757229599.2993226,1757229599.4796627,0.18034005165100098
1757229599.6313822,1757229599.7556846,0.12430238723754883
1757229599.98783,1757229600.1054282,0.11759829521179199
1757229600.2538073,1757229600.3830001,0.12919282913208008
1757229600.6149652,1757229600.7405355,0.12557029724121094
1757229600.8860853,1757229601.0169566,0.13087129592895508
1757229601.2488778,1757229601.3771765,0.12829875946044922
1757229601.5304413,1757229601.6628182,0.13237690925598145
1757229601.894908,1757229602.0192027,0.12429475784301758
1757229602.1715229,1757229602.294598,0.12307524681091309
1757229602.527712,1757229602.6564188,0.128706693649292
1757229602.8128743,1757229602.9917874,0.17891311645507812
1757229603.2237997,1757229603.356512,0.13271236419677734
1757229603.5101588,1757229603.638686,0.12852716445922852
1757229603.8719885,1757229603.995884,0.12389540672302246
1757229604.1481583,1757229604.2820897,0.13393139839172363
1757229604.5142667,1757229604.6353142,0.1210474967956543
1757229604.782763,1757229604.916098,0.13333511352539062
1757229605.1481984,1757229605.2764807,0.1282823085784912
1757229605.4298978,1757229605.5557623,0.12586450576782227
1757229605.7873309,1757229605.912087,0.1247560977935791
1757229606.063949,1757229606.2444153,0.1804661750793457
1757229606.4755182,1757229606.6022923,0.12677407264709473
1757229606.7579556,1757229606.8892777,0.13132214546203613
1757229607.1208317,1757229607.2449546,0.12412285804748535
1757229607.397991,1757229607.5311117,0.13312077522277832
1757229607.7627866,1757229607.8855007,0.12271404266357422
1757229608.0374684,1757229608.1806786,0.14321017265319824
1757229608.4207869,1757229608.5427833,0.12199640274047852
1757229608.6970732,1757229608.8275397,0.13046646118164062
1757229609.0593202,1757229609.1893616,0.13004136085510254
1757229609.342955,1757229609.5261111,0.18315601348876953
1757229609.6799905,1757229609.806885,0.12689447402954102
1757229610.0395155,1757229610.1776283,0.13811278343200684
1757229610.3305802,1757229610.4745975,0.14401721954345703
1757229610.707637,1757229610.8460414,0.13840436935424805
1757229610.993876,1757229611.1290324,0.13515639305114746
1757229611.3608944,1757229611.4844332,0.12353873252868652
1757229611.6376925,1757229611.7634535,0.1257610321044922
1757229611.996416,1757229612.126495,0.13007879257202148
1757229612.2799823,1757229612.4068584,0.1268761157989502
1757229612.6388788,1757229612.768516,0.1296372413635254
1757229613.00058,1757229613.179522,0.17894196510314941
1757229613.3337295,1757229613.4576454,0.1239159107208252
1757229613.8003337,1757229613.9263625,0.12602877616882324
1757229614.0807202,1757229614.2051947,0.12447452545166016
1757229614.5477343,1757229614.6693888,0.12165451049804688
1757229614.8221917,1757229614.953511,0.13131928443908691
1757229615.1851454,1757229615.304432,0.11928653717041016
1757229615.4575183,1757229615.5834234,0.12590503692626953
1757229615.8146951,1757229615.9385884,0.12389326095581055
1757229616.0914903,1757229616.2169564,0.12546610832214355
1757229616.4484296,1757229616.5707233,0.12229371070861816
1757229616.8028011,1757229616.974966,0.1721649169921875
1757229617.1292005,1757229617.2582371,0.12903666496276855
1757229617.4896462,1757229617.6210747,0.13142848014831543
1757229617.7744324,1757229617.899731,0.12529850006103516
1757229618.1346512,1757229618.2596164,0.12496519088745117
1757229618.4122214,1757229618.5415838,0.1293623447418213
1757229618.7733555,1757229618.8992407,0.1258852481842041
1757229619.0517626,1757229619.1906123,0.13884973526000977
1757229619.4223177,1757229619.5488298,0.1265120506286621
1757229619.6958685,1757229619.8280487,0.13218021392822266
1757229619.9497986,1757229620.1426044,0.19280576705932617
1757229620.1871104,1757229620.3108537,0.12374329566955566
1757229620.4319465,1757229620.5587854,0.12683892250061035
1757229620.6019046,1757229620.7283778,0.12647318840026855
1757229620.8493695,1757229620.9794278,0.13005828857421875
1757229621.0228784,1757229621.1510553,0.12817692756652832
1757229621.2725718,1757229621.4003682,0.12779641151428223
1757229621.438685,1757229621.5673478,0.1286628246307373
1757229621.6896873,1757229621.8166919,0.12700462341308594
1757229621.866594,1757229621.99876,0.13216590881347656
1757229622.1204922,1757229622.2429476,0.12245535850524902
1757229622.281858,1757229622.4627628,0.18090486526489258
1757229622.5857642,1757229622.715875,0.1301107406616211
1757229622.7588532,1757229622.8995004,0.14064717292785645
1757229623.0209413,1757229623.1526403,0.1316990852355957
1757229623.191291,1757229623.3191807,0.12788963317871094
1757229623.441224,1757229623.5653117,0.12408757209777832
1757229623.6028423,1757229623.7300987,0.1272563934326172
1757229623.850897,1757229623.9795656,0.12866854667663574
1757229624.0211058,1757229624.1478415,0.12673568725585938
1757229624.269753,1757229624.3924,0.12264704704284668
1757229624.434689,1757229624.6151273,0.18043828010559082
1757229624.7361014,1757229624.8596385,0.12353706359863281
1757229624.9022818,1757229625.031067,0.1287851333618164
1757229625.1528656,1757229625.2841635,0.13129782676696777
1757229625.3252738,1757229625.4522314,0.12695765495300293
1757229625.5733626,1757229625.6997046,0.1263420581817627
1757229625.7426746,1757229625.870649,0.1279745101928711
1757229625.9919364,1757229626.1204777,0.1285412311553955
1757229626.1585908,1757229626.2848513,0.12626051902770996
1757229626.4063656,1757229626.5263216,0.11995601654052734
1757229626.5641375,1757229626.69738,0.13324260711669922
1757229626.8194187,1757229627.0011134,0.18169474601745605
1757229627.0450144,1757229627.1852956,0.14028120040893555
1757229627.3065026,1757229627.4242527,0.11775016784667969
1757229627.4676728,1757229627.60952,0.1418471336364746
1757229627.7308288,1757229627.8497183,0.11888957023620605
1757229627.8886724,1757229628.0126705,0.12399816513061523
1757229628.135325,1757229628.2577007,0.1223757266998291
1757229628.2961702,1757229628.4330277,0.1368575096130371
1757229628.55452,1757229628.6883104,0.1337904930114746
1757229628.7311583,1757229628.8613002,0.1301419734954834
1757229628.983246,1757229629.1123855,0.12913942337036133
1757229629.155881,1757229629.3523123,0.19643139839172363
1757229629.4743044,1757229629.6023245,0.1280200481414795
1757229629.646622,1757229629.7774203,0.13079833984375
1757229629.899547,1757229630.023052,0.1235048770904541
1757229630.0669117,1757229630.2035785,0.13666677474975586
1757229630.2454357,1757229630.3758426,0.13040685653686523
1757229630.4198062,1757229630.5460792,0.12627291679382324
1757229630.670894,1757229630.8037584,0.13286447525024414
1757229630.8406193,1757229630.9698644,0.12924504280090332
1757229631.0912743,1757229631.221117,0.12984275817871094
1757229631.2653403,1757229631.3874507,0.12211036682128906
1757229631.5090177,1757229631.6950085,0.1859908103942871
1757229631.7381701,1757229631.8645048,0.12633466720581055
1757229631.9856422,1757229632.1094687,0.12382650375366211
1757229632.1507866,1757229632.283201,0.1324143409729004
1757229632.404591,1757229632.5283976,0.12380647659301758
1757229632.5718372,1757229632.6998942,0.12805700302124023
1757229632.821578,1757229632.9436262,0.12204813957214355
1757229632.987896,1757229633.12881,0.1409139633178711
1757229633.2507057,1757229633.3791149,0.12840914726257324
1757229633.4219472,1757229633.5525248,0.13057756423950195
1757229633.6746697,1757229633.8572247,0.1825549602508545
1757229633.9009438,1757229634.022529,0.12158513069152832
1757229634.144882,1757229634.2652638,0.12038183212280273
1757229634.3049293,1757229634.435176,0.13024663925170898
1757229634.557217,1757229634.679425,0.1222081184387207
1757229634.7225347,1757229634.8961518,0.17361712455749512
1757229635.017535,1757229635.143591,0.12605595588684082
1757229635.1874406,1757229635.3167956,0.12935495376586914
1757229635.437901,1757229635.565641,0.12773990631103516
1757229635.6101367,1757229635.7415516,0.13141489028930664
1757229635.8631585,1757229636.037489,0.174330472946167
1757229636.0814013,1757229636.215155,0.13375353813171387
1757229636.337261,1757229636.4665034,0.1292424201965332
1757229636.5110223,1757229636.641675,0.13065266609191895
1757229636.7656963,1757229636.8910177,0.1253213882446289
1757229636.934305,1757229637.079542,0.14523696899414062
1757229637.2011855,1757229637.3283165,0.12713098526000977
1757229637.371605,1757229637.4997425,0.12813758850097656
1757229637.6208558,1757229637.743209,0.12235307693481445
1757229637.794277,1757229637.9450235,0.15074658393859863
1757229637.982673,1757229638.1121824,0.12950944900512695
1757229638.2332263,1757229638.4164648,0.18323850631713867
1757229638.4538953,1757229638.5993555,0.1454601287841797
1757229638.7242377,1757229638.8588843,0.13464665412902832
1757229638.9037824,1757229639.0337481,0.12996578216552734
1757229743.608864,1757229743.7281494,0.11928534507751465
1757229745.1652627,1757229745.2865539,0.1212911605834961
1757229745.5192087,1757229745.6520452,0.13283658027648926
1757229745.8041823,1757229745.926693,0.12251067161560059
1757229746.1586163,1757229746.2760167,0.1174004077911377
1757229746.429165,1757229746.5668046,0.13763976097106934
1757229746.7987673,1757229746.969593,0.17082571983337402
1757229747.1216416,1757229747.2450755,0.12343382835388184
1757229747.4770744,1757229747.6047788,0.12770438194274902
1757229747.7578204,1757229747.8885055,0.13068509101867676
1757229748.1249592,1757229748.2791963,0.1542370319366455
1757229748.4290955,1757229748.581157,0.15206146240234375
1757229748.8133488,1757229748.9371288,0.1237800121307373
1757229749.083537,1757229749.2064147,0.12287759780883789
1757229749.4398506,1757229749.5808578,0.1410071849822998
1757229749.7376678,1757229749.872394,0.13472628593444824
1757229750.1051435,1757229750.2450802,0.1399366855621338
1757229750.4775825,1757229750.6542966,0.17671418190002441
1757229750.8070703,1757229750.9343295,0.1272592544555664
1757229751.1670253,1757229751.2991118,0.13208651542663574
1757229751.4515243,1757229751.5804522,0.12892794609069824
1757229751.812972,1757229751.9370377,0.12406563758850098
1757229752.0836039,1757229752.2191262,0.13552236557006836
1757229752.4525423,1757229752.5802095,0.12766718864440918
1757229752.7331295,1757229752.8581932,0.12506365776062012
1757229753.0906878,1757229753.213819,0.12313127517700195
1757229753.3659425,1757229753.500912,0.13496947288513184
1757229753.735059,1757229753.9254205,0.19036149978637695
1757229754.081991,1757229754.2134762,0.1314852237701416
1757229754.4451573,1757229754.568027,0.12286972999572754
1757229754.721308,1757229754.8725462,0.15123820304870605
1757229755.104214,1757229755.2281978,0.12398386001586914
1757229755.3749502,1757229755.5040998,0.1291496753692627
1757229755.7360578,1757229755.8568437,0.12078595161437988
1757229756.0032735,1757229756.1264844,0.12321090698242188
1757229756.358166,1757229756.4818792,0.12371325492858887
1757229756.6285486,1757229756.753296,0.12474727630615234
1757229756.985351,1757229757.110624,0.1252729892730713
1757229757.3429515,1757229757.5228925,0.17994093894958496
1757229757.6762223,1757229757.8019807,0.12575840950012207
1757229758.0450635,1757229758.178645,0.13358139991760254
1757229758.3258147,1757229758.4537034,0.12788867950439453
1757229758.68614,1757229758.8154685,0.12932848930358887
1757229758.96284,1757229759.0885901,0.12575006484985352
1757229759.3209076,1757229759.4508967,0.1299891471862793
1757229759.6034713,1757229759.7347472,0.13127589225769043
1757229759.9672668,1757229760.0989423,0.13167548179626465
1757229760.2521737,1757229760.3827956,0.13062191009521484
1757229760.7254877,1757229760.8535426,0.12805485725402832
1757229761.006548,1757229761.1856813,0.17913341522216797
1757229761.4185417,1757229761.5437918,0.12525010108947754
1757229761.6963465,1757229761.8233156,0.1269690990447998
1757229762.0554464,1757229762.1766567,0.12121033668518066
1757229762.323801,1757229762.447584,0.12378287315368652
1757229762.6811883,1757229762.8032606,0.12207221984863281
1757229762.950589,1757229763.0806353,0.13004636764526367
1757229763.3131247,1757229763.4415429,0.1284182071685791
1757229763.5937302,1757229763.7215273,0.12779712677001953
1757229763.9535885,1757229764.079007,0.12541842460632324
1757229764.3115587,1757229764.4322133,0.12065458297729492
1757229764.579721,1757229764.762753,0.18303203582763672
1757229764.9158418,1757229765.0541737,0.13833189010620117
1757229765.286467,1757229765.4097078,0.12324070930480957
1757229765.5635884,1757229765.6868317,0.12324333190917969
1757229765.9187179,1757229766.0494428,0.13072490692138672
1757229766.2017772,1757229766.3333814,0.13160419464111328
1757229766.5669398,1757229766.6891196,0.12217974662780762
1757229766.8354287,1757229766.9682255,0.1327967643737793
1757229767.2008724,1757229767.3375483,0.13667583465576172
1757229767.4846225,1757229767.616102,0.13147950172424316
1757229767.959008,1757229768.0870879,0.12807989120483398
1757229768.2400036,1757229768.4291022,0.18909859657287598
1757229768.6614711,1757229768.7902226,0.12875151634216309
1757229768.942908,1757229769.0935335,0.15062546730041504
1757229769.3267288,1757229769.4515185,0.12478971481323242
1757229769.6047025,1757229769.7333245,0.12862205505371094
1757229769.9663491,1757229770.0908096,0.12446045875549316
1757229770.2441933,1757229770.3749979,0.13080453872680664
1757229770.6069062,1757229770.729569,0.12266278266906738
1757229770.8817909,1757229771.015345,0.13355422019958496
1757229771.2478015,1757229771.378613,0.13081145286560059
1757229771.5310657,1757229771.7117093,0.18064355850219727
1757229771.8646016,1757229771.9936688,0.12906718254089355
1757229772.1458623,1757229772.2702339,0.12437152862548828
1757229772.5030055,1757229772.6393569,0.1363513469696045
1757229772.7863274,1757229772.9158292,0.1295018196105957
1757229773.1482902,1757229773.280269,0.13197875022888184
1757229773.4265027,1757229773.5579991,0.13149642944335938
1757229773.7917833,1757229773.9173026,0.1255192756652832
1757229774.065082,1757229774.1944902,0.1294081211090088
1757229774.5372107,1757229774.6756532,0.1384425163269043
1757229774.8273616,1757229775.0103118,0.18295025825500488
1757229775.2428944,1757229775.37013,0.12723565101623535
1757229775.5222628,1757229775.6524336,0.1301708221435547
1757229775.8850174,1757229776.0142443,0.1292269229888916
1757229776.1666422,1757229776.2964072,0.12976503372192383
1757229776.5290656,1757229776.654481,0.12541532516479492
1757229776.8065495,1757229776.9366276,0.13007807731628418
1757229777.1689987,1757229777.2943943,0.1253955364227295
1757229777.4409835,1757229777.5677948,0.12681126594543457
1757229777.7999983,1757229777.924439,0.12444067001342773
1757229778.1565633,1757229778.2826777,0.1261143684387207
1757229778.4361928,1757229778.62987,0.19367718696594238
1757229778.7808979,1757229778.9100554,0.12915754318237305
1757229779.1437254,1757229779.272517,0.12879157066345215
1757229779.4235418,1757229779.5474002,0.12385845184326172
1757229779.77979,1757229779.9024622,0.12267231941223145
1757229780.0489078,1757229780.1758718,0.12696409225463867
1757229780.4077296,1757229780.5418499,0.13412022590637207
1757229780.6940906,1757229780.8219535,0.12786293029785156
1757229781.0551984,1757229781.178659,0.12346053123474121
1757229781.3319135,1757229781.4621055,0.13019204139709473
1757229781.8052664,1757229781.9829993,0.1777329444885254
1757229782.13484,1757229782.2636461,0.12880611419677734
1757229782.4955702,1757229782.6157532,0.12018299102783203
1757229782.7617726,1757229782.893673,0.13190031051635742
1757229783.1264834,1757229783.267236,0.14075255393981934
1757229783.420986,1757229783.5551722,0.1341862678527832
1757229783.7873685,1757229783.9174201,0.1300516128540039
1757229784.0667818,1757229784.196672,0.12989020347595215
1757229784.4288516,1757229784.5521376,0.12328600883483887
1757229784.705013,1757229784.8319306,0.12691760063171387
1757229785.0639288,1757229785.2063994,0.1424705982208252
1757229785.3576853,1757229785.5545743,0.19688892364501953
1757229785.7868025,1757229785.905933,0.11913037300109863
1757229786.0529008,1757229786.1764247,0.12352395057678223
1757229786.4083529,1757229786.5369892,0.12863636016845703
1757229786.6876721,1757229786.8199954,0.1323232650756836
1757229787.0526986,1757229787.178869,0.12617039680480957
1757229787.329127,1757229787.4637601,0.13463306427001953
1757229787.6955917,1757229787.8184462,0.12285447120666504
1757229787.9679065,1757229788.0929585,0.12505197525024414
1757229788.3252435,1757229788.4528441,0.12760066986083984
1757229788.598737,1757229788.7303793,0.13164234161376953
1757229788.9667914,1757229789.1588695,0.1920781135559082
1757229789.3122277,1757229789.4619856,0.14975786209106445
1757229789.6947622,1757229789.8209367,0.1261744499206543
1757229789.9743786,1757229790.1070068,0.1326282024383545
1757229790.3394985,1757229790.4640324,0.12453389167785645
1757229790.6172087,1757229790.747794,0.1305851936340332
1757229790.9805613,1757229791.104047,0.12348580360412598
1757229791.2516117,1757229791.38438,0.1327683925628662
1757229791.6168604,1757229791.7450047,0.1281442642211914
1757229791.977531,1757229792.10025,0.12271904945373535
1757229792.2459471,1757229792.3767447,0.1307976245880127
1757229792.6088173,1757229792.7843783,0.17556095123291016
1757229792.9366388,1757229793.0597124,0.12307357788085938
1757229793.4021566,1757229793.5270925,0.12493586540222168
1757229793.6727731,1757229793.8088503,0.1360771656036377
1757229794.151639,1757229794.2803154,0.1286764144897461
1757229794.4338777,1757229794.5667717,0.13289403915405273
1757229794.7991626,1757229794.9289312,0.12976861000061035
1757229795.0839114,1757229795.2175336,0.1336221694946289
1757229795.3658078,1757229795.494032,0.12822413444519043
1757229795.83691,1757229795.9774272,0.1405172348022461
1757229796.1236997,1757229796.2572773,0.13357758522033691
1757229796.494437,1757229796.6684039,0.1739668846130371
1757229796.8280222,1757229796.9553707,0.1273484230041504
1757229797.1916955,1757229797.3272474,0.13555192947387695
1757229797.4755876,1757229797.6100183,0.1344306468963623
1757229797.842033,1757229797.9685688,0.12653589248657227
1757229798.1151164,1757229798.243876,0.12875962257385254
1757229798.476275,1757229798.634156,0.1578810214996338
1757229798.783426,1757229798.926491,0.1430649757385254
1757229799.268985,1757229799.3906443,0.1216592788696289
1757229799.537018,1757229799.6564727,0.11945462226867676
1757229799.99855,1757229800.169835,0.17128515243530273
1757229800.3163388,1757229800.441506,0.1251671314239502
1757229800.674512,1757229800.8160973,0.1415853500366211
1757229800.9668455,1757229801.092471,0.1256253719329834
1757229801.3246825,1757229801.451034,0.12635159492492676
1757229801.5973742,1757229801.723573,0.12619876861572266
1757229801.9558387,1757229802.0801713,0.12433266639709473
1757229802.232571,1757229802.3616934,0.12912249565124512
1757229802.5964577,1757229802.7273517,0.13089394569396973
1757229802.872698,1757229802.9990091,0.1263110637664795
1757229803.2316585,1757229803.3681905,0.13653206825256348
1757229803.514855,1757229803.7109034,0.19604849815368652
1757229803.8579538,1757229803.9863443,0.12839055061340332
1757229804.2190382,1757229804.3457172,0.1266789436340332
1757229804.4982402,1757229804.6277437,0.12950348854064941
1757229809.603223,1757229809.7314067,0.12818360328674316
1757229809.8587856,1757229809.9828844,0.1240987777709961
1757229810.1047497,1757229810.2439737,0.13922405242919922
1757229810.3636081,1757229810.4889793,0.12537121772766113
1757229810.6099217,1757229810.735162,0.12524032592773438
1757229810.854604,1757229810.988216,0.13361191749572754
1757229811.1110976,1757229811.2411132,0.13001561164855957
1757229811.3621926,1757229811.5414093,0.17921662330627441
1757229811.6622436,1757229811.78762,0.12537646293640137
1757229811.9077637,1757229812.0265217,0.11875796318054199
1757229812.1486826,1757229812.2683558,0.11967325210571289
1757229812.3893867,1757229812.51436,0.12497329711914062
1757229812.6350918,1757229812.7637374,0.128645658493042
1757229812.8843033,1757229813.023828,0.1395246982574463
1757229813.1454287,1757229813.2769835,0.13155484199523926
1757229813.3979557,1757229813.523996,0.12604045867919922
1757229813.6439915,1757229813.7651412,0.12114977836608887
1757229813.8851268,1757229814.0146823,0.12955546379089355
1757229814.1338625,1757229814.3114486,0.17758607864379883
1757229814.4306514,1757229814.54934,0.11868858337402344
1757229814.6684864,1757229814.7930057,0.12451934814453125
1757229814.9161022,1757229815.0412443,0.12514209747314453
1757229815.163874,1757229815.2888584,0.1249845027923584
1757229815.409087,1757229815.5377924,0.12870550155639648
1757229815.6614292,1757229815.7883549,0.12692570686340332
1757229815.9091856,1757229816.0297213,0.12053561210632324
1757229816.1504128,1757229816.2735617,0.12314891815185547
1759768711.027044,1759768711.0841823,0.05713820457458496
1759768711.22781,1759768711.2938106,0.06600069999694824
1759768711.5242307,1759768711.5854335,0.0612027645111084
1759768711.736307,1759768711.7951972,0.058890342712402344
1759768712.0246828,1759768712.0874336,0.06275081634521484
1759768712.2368696,1759768712.2931821,0.05631256103515625
1759768712.5258458,1759768712.5875943,0.061748504638671875
1759768712.7347076,1759768712.7995937,0.06488609313964844
1759768713.0297716,1759768713.0907755,0.061003923416137695
1759768713.2408879,1759768713.3072903,0.06640243530273438
1759768713.5411158,1759768713.5981576,0.05704188346862793
1759768713.7478263,1759768713.8081193,0.060292959213256836
1759768714.038161,1759768714.106737,0.06857585906982422
1759768714.2507992,1759768714.3228142,0.07201504707336426
1759768714.553227,1759768714.616867,0.06364011764526367
1759768714.7658603,1759768714.832449,0.0665886402130127
1759768715.0620167,1759768715.1278093,0.06579256057739258
1759768715.2751646,1759768715.350312,0.07514739036560059
1759768715.5798786,1759768715.6456354,0.06575679779052734
1759768715.795572,1759768715.8687093,0.07313728332519531
1759768716.09867,1759768716.1630871,0.06441712379455566
1759768716.3127143,1759768716.3903232,0.07760882377624512
1759768716.5426183,1759768716.6096365,0.06701827049255371
1759768716.8427267,1759768716.9106722,0.06794548034667969
1759768717.0587447,1759768717.1157637,0.05701899528503418
1759768717.346073,1759768717.4198487,0.0737757682800293
1759768717.5693676,1759768717.63256,0.06319236755371094
1759768717.8623707,1759768717.934096,0.07172536849975586
1759768718.0839539,1759768718.1470652,0.0631113052368164
1759768718.3829515,1759768718.4513488,0.06839728355407715
1759768718.596038,1759768718.6702666,0.07422852516174316
1759768718.9044857,1759768718.9714298,0.06694412231445312
1759768719.1211994,1759768719.1984131,0.07721376419067383
1759768719.4309518,1759768719.502955,0.07200312614440918
1759768719.6457427,1759768719.7123294,0.06658673286437988
1759768719.9454103,1759768720.0006087,0.05519843101501465
1759768720.1448836,1759768720.2024455,0.05756187438964844
1759768720.4319751,1759768720.4941576,0.06218242645263672
1759768720.644828,1759768720.7030652,0.05823707580566406
1759768720.9328966,1759768720.9974766,0.06457996368408203
1759768721.1415808,1759768721.201806,0.06022524833679199
1759768721.4316406,1759768721.4972472,0.06560659408569336
1759768721.6477916,1759768721.7134206,0.0656290054321289
1759768721.9430292,1759768722.0045578,0.061528682708740234
1759768722.1494274,1759768722.2101586,0.06073117256164551
1759768722.4418108,1759768722.4981782,0.05636739730834961
1759768722.643517,1759768722.7025235,0.059006452560424805
1759768722.9332266,1759768723.0152507,0.08202409744262695
1759768723.1668391,1759768723.2312155,0.0643763542175293
1759768723.4616091,1759768723.5285387,0.06692957878112793
1759768723.676815,1759768723.7353463,0.05853128433227539
1759768723.9687834,1759768724.0374868,0.06870341300964355
1759768724.1876884,1759768724.2550924,0.06740403175354004
1759768724.4853034,1759768724.5541794,0.06887602806091309
1759768724.699253,1759768724.7631793,0.06392621994018555
1759768724.993469,1759768725.0660975,0.07262849807739258
1759768725.2957559,1759768725.3609607,0.06520485877990723
1759768725.5133631,1759768725.5761771,0.06281399726867676
1759768725.806447,1759768725.866081,0.05963397026062012
1759768726.0139642,1759768726.075444,0.061479806900024414
1759768726.3090825,1759768726.3771813,0.06809878349304199
1759768726.5292964,1759768726.6015635,0.07226705551147461
1759768726.8315616,1759768726.8987224,0.06716084480285645
1759768727.0493817,1759768727.11356,0.0641782283782959
1759768727.3439066,1759768727.4056356,0.06172895431518555
1759768727.5559106,1759768727.622424,0.0665132999420166
1759768727.8525755,1759768727.9123707,0.05979514122009277
1759768728.06279,1759768728.1298668,0.0670769214630127
1759768728.3629217,1759768728.4306676,0.06774592399597168
1759768728.582274,1759768728.6439044,0.0616304874420166
1759768728.8768923,1759768728.9374754,0.06058311462402344
1759768729.086232,1759768729.148752,0.06252002716064453
1759768729.3787935,1759768729.4466214,0.06782793998718262
1759768729.5953813,1759768729.6628346,0.06745338439941406
1759768729.8927867,1759768729.9576664,0.0648796558380127
1759768730.107407,1759768730.1830313,0.07562422752380371
1759768730.4193404,1759768730.4779956,0.0586552619934082
1759768730.629141,1759768730.690423,0.06128191947937012
1759768730.9217777,1759768730.9859104,0.0641326904296875
1759768731.137745,1759768731.2530289,0.11528396606445312
1759768731.4066956,1759768731.4643385,0.05764293670654297
1759768731.6949804,1759768731.7744684,0.07948803901672363
1759768731.9289603,1759768731.9873624,0.058402061462402344
1759768732.2176905,1759768732.2799382,0.06224775314331055
1759768732.4315913,1759768732.490996,0.059404611587524414
1759768732.7208848,1759768732.7856488,0.06476402282714844
1759768732.9371128,1759768732.9945042,0.05739140510559082
1759768733.22471,1759768733.2859397,0.061229705810546875
1759768733.4328952,1759768733.494571,0.0616757869720459
1759768733.7238638,1759768733.8179274,0.09406352043151855
1759768733.9649582,1759768734.0290055,0.06404733657836914
1759768734.2582004,1759768734.3314538,0.07325339317321777
1759768734.4824812,1759768734.547839,0.06535768508911133
1759768734.7776618,1759768734.8472612,0.06959939002990723
1759768734.9991124,1759768735.0575802,0.058467864990234375
1759768735.2870722,1759768735.356691,0.06961870193481445
1759768735.5084717,1759768735.572399,0.06392717361450195
1759768735.804718,1759768735.8678787,0.06316065788269043
1759768736.018309,1759768736.0772223,0.058913230895996094
1759768736.3070493,1759768736.3720963,0.06504702568054199
1759768736.4202318,1759768736.4818256,0.06159377098083496
1759768736.6051927,1759768736.659572,0.05437922477722168
1759768736.7101417,1759768736.7727716,0.06262993812561035
1759768736.895525,1759768736.9554453,0.059920310974121094
1759768736.996281,1759768737.058079,0.061798095703125
1759768737.1773221,1759768737.23117,0.0538477897644043
1759768737.2663596,1759768737.326382,0.06002235412597656
1759768737.4461365,1759768737.5015905,0.05545401573181152
1759768737.536436,1759768737.5985239,0.0620877742767334
1759768737.7220457,1759768737.7775674,0.05552172660827637
1759768737.8165653,1759768737.877961,0.06139564514160156
1759768738.0005534,1759768738.0564864,0.05593299865722656
1759768738.0988927,1759768738.1638699,0.06497716903686523
1759768738.283384,1759768738.3403926,0.05700850486755371
1759768738.381871,1759768738.4413018,0.059430837631225586
1759768738.5614066,1759768738.6221812,0.06077456474304199
1759768738.6582773,1759768738.7163978,0.0581204891204834
1759768738.8383837,1759768738.8961613,0.05777764320373535
1759768738.9381485,1759768739.0004382,0.06228971481323242
1759768739.1194737,1759768739.1853924,0.0659186840057373
1759768739.2256322,1759768739.2866223,0.060990095138549805
1759768739.406012,1759768739.464453,0.0584409236907959
1759768739.5039175,1759768739.563225,0.05930757522583008
1759768739.6825078,1759768739.7406433,0.0581355094909668
1759768739.7869282,1759768739.846293,0.05936479568481445
1759768739.9656389,1759768740.0227506,0.05711174011230469
1759768740.0588474,1759768740.1267548,0.06790733337402344
1759768740.2519765,1759768740.3138382,0.06186175346374512
1759768740.348934,1759768740.4062362,0.057302236557006836
1759768740.525874,1759768740.5832372,0.057363271713256836
1759768740.618839,1759768740.687883,0.06904387474060059
1759768740.812435,1759768740.8686075,0.05617260932922363
1759768740.9042811,1759768740.9634924,0.05921125411987305
1759768741.083025,1759768741.1466398,0.0636148452758789
1759768741.181604,1759768741.2382674,0.05666351318359375
1759768741.3570156,1759768741.4226186,0.06560301780700684
1759768741.4641285,1759768741.5210574,0.05692887306213379
1759768741.6398203,1759768741.698841,0.0590207576751709
1759768741.7398393,1759768741.7977912,0.057951927185058594
1759768741.917695,1759768741.979833,0.06213784217834473
1759768742.0176594,1759768742.0767796,0.05912017822265625
1759768742.1962721,1759768742.2606237,0.06435155868530273
1759768742.2964811,1759768742.3590844,0.06260323524475098
1759768742.4804056,1759768742.5487337,0.0683281421661377
1759768742.5862517,1759768742.6441133,0.0578615665435791
1759768742.764571,1759768742.824648,0.06007695198059082
1759768742.8661575,1759768742.926615,0.060457468032836914
1759768743.0473177,1759768743.1100342,0.06271648406982422
1759768743.1480038,1759768743.2067828,0.058779001235961914
1759768743.3268335,1759768743.3870108,0.06017732620239258
1759768743.4240317,1759768743.4871933,0.06316161155700684
1759768743.606435,1759768743.6635604,0.05712532997131348
1759768743.6992266,1759768743.7623842,0.06315755844116211
1759768743.8825803,1759768743.9456484,0.06306815147399902
1759768743.98038,1759768744.0452623,0.06488227844238281
1759768744.1649055,1759768744.2307174,0.0658118724822998
1759768744.2665854,1759768744.3276362,0.0610508918762207
1759768744.446961,1759768744.5061574,0.05919647216796875
1759768744.5452323,1759768744.6102755,0.06504321098327637
1759768744.7292006,1759768744.8023212,0.0731205940246582
1759768744.8388698,1759768744.902791,0.06392121315002441
1759768745.0224335,1759768745.085735,0.06330156326293945
1759768745.120233,1759768745.1844106,0.0641775131225586
1759768745.3031611,1759768745.3715158,0.06835460662841797
1759768745.4121351,1759768745.474162,0.0620269775390625
1759768745.5934205,1759768745.6553347,0.06191420555114746
1759768745.6949217,1759768745.7584891,0.0635673999786377
1759768745.8817785,1759768745.9383798,0.05660128593444824
1759768745.9776218,1759768746.0398378,0.06221604347229004
1759768746.1590369,1759768746.2178173,0.05878043174743652
1759768746.252924,1759768746.3172138,0.06428980827331543
1759768746.4375916,1759768746.499511,0.061919450759887695
1759768746.5380275,1759768746.6040695,0.06604194641113281
1759768746.7237372,1759768746.7821012,0.058363914489746094
1759768746.8186846,1759768746.8906384,0.07195377349853516
1759768747.0125248,1759768747.0697808,0.05725598335266113
1759768747.1106105,1759768747.1690705,0.05845999717712402
1759768747.2907887,1759768747.3474445,0.0566558837890625
1759768747.386245,1759768747.4496307,0.0633857250213623
1759768747.5695083,1759768747.6328204,0.06331205368041992
1759768747.6702096,1759768747.72832,0.05811023712158203
1759768747.8476315,1759768747.9187129,0.07108139991760254
1759768747.9578328,1759768748.020297,0.062464237213134766
1759768748.1391926,1759768748.219504,0.08031153678894043
1759768748.2556884,1759768748.3171334,0.061444997787475586
1759768748.4427013,1759768748.516522,0.07382059097290039
1759768748.5546315,1759768748.6240852,0.06945371627807617
1759768748.744195,1759768748.813059,0.06886410713195801
1759768748.8553436,1759768748.9230514,0.06770777702331543
1759768848.321673,1759768848.3807218,0.05904889106750488
1759768848.5280025,1759768848.5917196,0.06371712684631348
1759768848.6012044,1759768848.6570714,0.05586695671081543
1759768848.7784698,1759768848.8388946,0.0604248046875
1759768849.1789117,1759768849.240939,0.0620272159576416
1759768849.3854752,1759768849.4522083,0.06673312187194824
1759768849.684145,1759768849.7457278,0.06158280372619629
1759768849.8927114,1759768849.98219,0.0894784927368164
1759768850.1451268,1759768850.2107623,0.06563544273376465
1759768850.4415455,1759768850.525068,0.08352255821228027
1759768850.671275,1759768850.7294116,0.058136701583862305
1759768850.9597068,1759768851.028723,0.0690162181854248
1759768851.1756291,1759768851.2354186,0.059789419174194336
1759768851.4715567,1759768851.5530481,0.08149147033691406
1759768851.704785,1759768851.7693098,0.06452465057373047
1759768852.0014646,1759768852.0806897,0.07922506332397461
1759768852.2341607,1759768852.3101807,0.0760200023651123
1759768852.5437167,1759768852.6065044,0.06278777122497559
1759768852.7553368,1759768852.821272,0.06593513488769531
1759768853.051463,1759768853.111597,0.060134172439575195
1759768853.263658,1759768853.338215,0.07455706596374512
1759768853.5756388,1759768853.6527803,0.07714152336120605
1759768853.7985294,1759768853.8634076,0.06487822532653809
1759768854.0937088,1759768854.1664798,0.07277107238769531
1759768854.3188999,1759768854.3889165,0.07001662254333496
1759768854.6226137,1759768854.692823,0.07020926475524902
1759768854.840852,1759768854.905364,0.06451201438903809
1759768855.1355333,1759768855.2042816,0.06874823570251465
1759768855.3527303,1759768855.4193828,0.06665253639221191
1759768855.649519,1759768855.7258227,0.07630372047424316
1759768855.8796103,1759768855.9390373,0.05942702293395996
1759768856.1741376,1759768856.237062,0.06292438507080078
1759768856.3934302,1759768856.4611022,0.0676720142364502
1759768856.6908553,1759768856.8071604,0.11630511283874512
1759768856.9560747,1759768857.0198202,0.06374549865722656
1759768857.259496,1759768857.3306084,0.07111239433288574
1759768857.4793801,1759768857.5450048,0.06562471389770508
1759768857.8860807,1759768857.9534483,0.0673675537109375
1759768858.106577,1759768858.1662576,0.05968070030212402
1759768858.5070252,1759768858.572143,0.06511783599853516
1759768858.7256453,1759768858.782786,0.05714058876037598
1759768859.0175085,1759768859.105507,0.0879983901977539
1759768859.2496264,1759768859.3122501,0.06262373924255371
1759768859.545228,1759768859.6156998,0.07047176361083984
1759768859.7606988,1759768859.821517,0.06081819534301758
1759768860.0589857,1759768860.1303923,0.07140660285949707
1759768860.3609772,1759768860.4247286,0.0637514591217041
1759768860.5711427,1759768860.6393116,0.06816887855529785
1759768860.8717806,1759768860.9395714,0.06779074668884277
1759768861.089001,1759768861.1574416,0.06844067573547363
1759768861.3942366,1759768861.4531913,0.058954715728759766
1759768861.6034603,1759768861.6632383,0.05977797508239746
1759768861.8960638,1759768861.963161,0.06709718704223633
1759768862.1272414,1759768862.2066288,0.07938742637634277
1759768862.437513,1759768862.514633,0.07711982727050781
1759768862.6597295,1759768862.7209675,0.06123805046081543
1759768862.951542,1759768863.0292711,0.0777292251586914
1759768863.1731002,1759768863.2312534,0.05815315246582031
1759768863.4628913,1759768863.540926,0.07803463935852051
1759768863.6903408,1759768863.75256,0.06221914291381836
1759768863.9829953,1759768864.0589533,0.0759580135345459
1759768864.2035887,1759768864.2656617,0.0620729923248291
1759768864.4959764,1759768864.5671809,0.07120442390441895
1759768864.7192585,1759768864.779376,0.060117483139038086
1759768865.0096278,1759768865.082959,0.07333111763000488
1759768865.2303033,1759768865.2885733,0.05826997756958008
1759768865.5184155,1759768865.5954182,0.07700276374816895
1759768865.7411525,1759768865.799371,0.05821847915649414
1759768866.0313954,1759768866.1135027,0.0821073055267334
1759768866.2583342,1759768866.318516,0.06018185615539551
1759768866.5487595,1759768866.6357577,0.08699822425842285
1759768866.7831702,1759768866.8463142,0.06314396858215332
1759768867.0755947,1759768867.1515956,0.07600092887878418
1759768867.3822618,1759768867.4500248,0.06776309013366699
1759768867.6056306,1759768867.6930518,0.08742117881774902
1759768867.848362,1759768867.9074736,0.059111595153808594
1759768868.1399124,1759768868.2042594,0.0643470287322998
1759768868.360275,1759768868.4352984,0.07502341270446777
1759768868.5897458,1759768868.6536732,0.06392741203308105
1759768868.8884392,1759768868.969755,0.08131575584411621
1759768869.2024636,1759768869.2710469,0.06858325004577637
1759768869.4348664,1759768869.4967039,0.06183743476867676
1759768869.8380442,1759768869.900175,0.06213092803955078
1759768870.055171,1759768870.1208856,0.06571459770202637
1759768870.3516352,1759768870.4347754,0.08314013481140137
1759768870.586192,1759768870.6596577,0.07346582412719727
1759768870.8893886,1759768870.9628744,0.0734858512878418
1759768871.1141915,1759768871.1754434,0.06125187873840332
1759768871.4054556,1759768871.481351,0.07589530944824219
1759768871.6314883,1759768871.6943533,0.06286501884460449
1759768871.924933,1759768871.985229,0.060296058654785156
1759768872.140672,1759768872.205708,0.06503605842590332
1759768872.4358585,1759768872.5175407,0.08168220520019531
1759768872.6634932,1759768872.7318249,0.06833171844482422
1759768872.9686253,1759768873.0297787,0.061153411865234375
1759768873.1753745,1759768873.2376242,0.06224966049194336
1759768873.4684231,1759768873.5451274,0.07670426368713379
1759768873.696616,1759768873.763377,0.06676101684570312
1759768873.9937472,1759768874.0697818,0.0760345458984375
1759768874.299502,1759768874.3600395,0.06053757667541504
1759768874.409372,1759768874.471534,0.062161922454833984
1759768874.596595,1759768874.653822,0.05722689628601074
1759768874.6935878,1759768874.7547848,0.06119704246520996
1759768874.8756547,1759768874.932579,0.05692434310913086
1759768874.9691067,1759768875.0318305,0.06272387504577637
1759768875.1519942,1759768875.2209518,0.06895756721496582
1759768875.2628148,1759768875.3246276,0.0618128776550293
1759768875.4452167,1759768875.5100708,0.06485414505004883
1759768875.5484025,1759768875.614977,0.0665743350982666
1759768875.736831,1759768875.8052416,0.06841063499450684
1759768875.8447661,1759768875.9332044,0.08843827247619629
1759768876.0535064,1759768876.1196315,0.06612515449523926
1759768876.1720834,1759768876.2334082,0.0613248348236084
1759768876.3543792,1759768876.4152622,0.0608830451965332
1759768876.4569576,1759768876.520495,0.0635373592376709
1759768876.6404839,1759768876.708794,0.06831026077270508
1759768876.7456758,1759768876.8839564,0.13828063011169434
1759768877.0052903,1759768877.0806365,0.07534623146057129
1759768877.1326666,1759768877.2002063,0.06753969192504883
1759768877.3222692,1759768877.3895414,0.06727218627929688
1759768877.4257507,1759768877.4946682,0.06891751289367676
1759768877.614593,1759768877.6857944,0.07120132446289062
1759768877.7273748,1759768877.7916791,0.06430435180664062
1759768877.9112773,1759768877.9749281,0.06365084648132324
1759768878.0137315,1759768878.0819588,0.06822729110717773
1759768878.2027202,1759768878.2644498,0.06172966957092285
1759768878.3021572,1759768878.365375,0.0632178783416748
1759768878.4863474,1759768878.5584168,0.07206940650939941
1759768878.5970478,1759768878.6643918,0.06734395027160645
1759768878.7842846,1759768878.8561013,0.07181668281555176
1759768878.8948607,1759768878.9621239,0.06726312637329102
1759768879.0831409,1759768879.1572247,0.07408380508422852
1759768879.2079306,1759768879.2807076,0.07277703285217285
1759768879.4024267,1759768879.4618564,0.05942964553833008
1759768879.502179,1759768879.571002,0.06882309913635254
1759768879.607599,1759768879.6753747,0.06777572631835938
1759768879.7946832,1759768879.8555865,0.060903310775756836
1759768879.895673,1759768879.9595811,0.06390810012817383
1759768880.0804477,1759768880.1555893,0.07514166831970215
1759768880.1959188,1759768880.2576025,0.06168365478515625
1759768880.3779407,1759768880.4470084,0.06906771659851074
1759768880.486572,1759768880.548216,0.06164407730102539
1759768880.668087,1759768880.734433,0.0663459300994873
1759768880.776471,1759768880.8438115,0.06734061241149902
1759768880.9638348,1759768881.031532,0.06769728660583496
1759768881.0764158,1759768881.138554,0.06213831901550293
1759768881.2590437,1759768881.3297465,0.07070279121398926
1759768881.371963,1759768881.4501958,0.0782327651977539
1759768881.5709302,1759768881.6393106,0.06838035583496094
1759768881.6752324,1759768881.7457943,0.07056188583374023
1759768881.865966,1759768881.9310122,0.06504607200622559
1759768881.9676569,1759768882.0339043,0.06624746322631836
1759768882.153123,1759768882.2293305,0.07620763778686523
1759768882.2686634,1759768882.3338969,0.06523346900939941
1759768882.4538121,1759768882.5175588,0.06374669075012207
1759768882.5600255,1759768882.6264613,0.0664358139038086
1759768882.7456732,1759768882.8142424,0.06856918334960938
1759768882.8565917,1759768882.9233057,0.06671404838562012
1759768883.0432134,1759768883.111341,0.06812763214111328
1759768883.149968,1759768883.2179399,0.06797194480895996
1759768883.3421583,1759768883.410141,0.06798267364501953
1759768883.457664,1759768883.5272734,0.06960940361022949
1759768883.6486592,1759768883.739291,0.09063172340393066
1759768883.7917023,1759768883.8587048,0.06700253486633301
1759768883.978284,1759768884.042351,0.06406712532043457
1759768884.0794358,1759768884.1474564,0.06802058219909668
1759768884.2683942,1759768884.328435,0.06004071235656738
1759768884.3653939,1759768884.4314582,0.06606435775756836
1759768884.5517757,1759768884.6110756,0.05929994583129883
1759768884.6489837,1759768884.73213,0.08314633369445801
1759768884.8576787,1759768884.9278648,0.07018613815307617
1759768884.966025,1759768885.0335367,0.06751155853271484
1759768885.1538668,1759768885.2144759,0.06060910224914551
1759768885.2556155,1759768885.3211288,0.06551337242126465
1759768885.4421093,1759768885.539585,0.09747576713562012
1759768885.5867743,1759768885.6538043,0.06702995300292969
1759768885.774093,1759768885.8329542,0.05886125564575195
1759768885.8717568,1759768885.9333687,0.06161189079284668
1759768886.0543718,1759768886.1285172,0.07414531707763672
1759768886.1682734,1759768886.2437017,0.07542824745178223
1759768886.3708642,1759768886.4351482,0.06428408622741699
1759768886.4718971,1759768886.5489829,0.07708573341369629
1759768886.6691046,1759768886.72733,0.058225393295288086
1759768886.7640316,1759768886.8320255,0.0679938793182373
1759768886.9512167,1759768887.0115404,0.06032371520996094
1759768887.0667467,1759768887.1581125,0.09136581420898438
1759768887.1998572,1759768887.2955253,0.09566807746887207
1759768887.4207385,1759768887.4825284,0.06178998947143555
1759768887.523322,1759768887.596401,0.07307887077331543
1759768887.6392899,1759768887.7070067,0.06771683692932129
1759768887.8266127,1759768887.894777,0.06816434860229492
1759768887.932095,1759768887.9985309,0.0664358139038086
1759768888.1175294,1759768888.1853044,0.06777501106262207
1759768888.2243657,1759768888.2859972,0.06163144111633301
1759768888.406058,1759768888.4778059,0.0717477798461914
1759768888.5155997,1759768888.5820012,0.06640148162841797
1759768888.701703,1759768888.7742581,0.0725550651550293
1759768888.815636,1759768888.885091,0.06945514678955078
1759768889.0050895,1759768889.0738833,0.06879377365112305
1759768889.115031,1759768889.1836565,0.06862545013427734
1759768889.3035133,1759768889.3718827,0.06836938858032227
1759768889.417447,1759768889.4863212,0.06887412071228027
1759768889.6059198,1759768889.7244043,0.1184844970703125
1759768889.7658617,1759768889.8352172,0.06935548782348633
1759768961.5005782,1759768961.5604734,0.05989527702331543
1759768961.7115781,1759768961.7962313,0.08465313911437988
1759768962.0276303,1759768962.0905914,0.06296110153198242
1759768962.2469697,1759768962.3135314,0.06656169891357422
1759768962.544344,1759768962.6062672,0.06192326545715332
1759768962.7561584,1759768962.8475006,0.09134221076965332
1759768963.0836334,1759768963.140351,0.056717634201049805
1759768963.2862768,1759768963.3633213,0.07704448699951172
1759768963.59492,1759768963.6640148,0.06909489631652832
1759768963.8131325,1759768963.8831322,0.06999969482421875
1759768964.1133857,1759768964.1809413,0.06755566596984863
1759768964.3283825,1759768964.4012313,0.07284879684448242
1759768964.6377077,1759768964.7053337,0.0676259994506836
1759768964.8586733,1759768964.928434,0.06976056098937988
1759768965.1598282,1759768965.2252514,0.06542325019836426
1759768965.3792999,1759768965.4595242,0.08022427558898926
1759768965.6896765,1759768965.7591066,0.06943011283874512
1759768965.9076664,1759768965.9828413,0.07517480850219727
1759768966.2134833,1759768966.2831228,0.06963944435119629
1759768966.4314966,1759768966.501769,0.07027244567871094
1759768966.7349348,1759768966.793738,0.05880308151245117
1759768966.939786,1759768967.0010748,0.06128883361816406
1759768967.2341247,1759768967.3015819,0.06745719909667969
1759768967.45024,1759768967.5273373,0.07709741592407227
1759768967.7606657,1759768967.8225741,0.06190848350524902
1759768967.9756186,1759768968.0699718,0.09435319900512695
1759768968.300601,1759768968.3652267,0.06462574005126953
1759768968.514224,1759768968.598443,0.08421897888183594
1759768968.8344123,1759768968.8961744,0.061762094497680664
1759768969.0404859,1759768969.1231253,0.08263945579528809
1759768969.359605,1759768969.4171846,0.05757951736450195
1759768969.5613647,1759768969.6454055,0.08404088020324707
1759768969.8805904,1759768969.945427,0.06483650207519531
1759768970.0946164,1759768970.1591556,0.06453919410705566
1759768970.3889928,1759768970.454348,0.06535530090332031
1759768970.5967977,1759768970.6717901,0.07499241828918457
1759768970.9022105,1759768970.9713964,0.06918597221374512
1759768971.1192093,1759768971.1898298,0.07062053680419922
1759768971.4201741,1759768971.4896479,0.0694737434387207
1759768971.6313527,1759768971.7111616,0.07980895042419434
1759768971.9416838,1759768972.0113597,0.06967592239379883
1759768972.1573558,1759768972.2338357,0.07647991180419922
1759768972.4643822,1759768972.530168,0.06578588485717773
1759768972.6803129,1759768972.75208,0.07176709175109863
1759768972.9904277,1759768973.063809,0.07338118553161621
1759768973.211514,1759768973.2848415,0.07332754135131836
1759768973.5225675,1759768973.5855854,0.0630178451538086
1759768973.7303727,1759768973.8048346,0.0744619369506836
1759768974.0410244,1759768974.104953,0.06392860412597656
1759768980.3093085,1759768980.3875494,0.07824087142944336
1759768980.543683,1759768980.6281667,0.08448362350463867
1759768980.8642151,1759768980.94598,0.08176493644714355
1759768981.1017203,1759768981.16891,0.06718969345092773
1759768981.3997502,1759768981.4910872,0.09133696556091309
1759768981.6432743,1759768981.7131689,0.06989455223083496
1759768981.9449003,1759768982.010266,0.06536579132080078
1759768982.159854,1759768982.22008,0.0602259635925293
1759768982.4508624,1759768982.5150955,0.06423306465148926
1759768982.6654093,1759768982.7390862,0.07367682456970215
1759768982.8636777,1759768982.9324462,0.06876850128173828
1759768983.054301,1759768983.1222544,0.06795334815979004
1759768983.2417395,1759768983.306248,0.06450843811035156
