1756843769.7755435,1756843769.811116,0.03557252883911133
1756843769.881365,1756843769.882342,0.0009770393371582031
1756843770.0767658,1756843770.1067827,0.03001689910888672
1756843770.181085,1756843770.182168,0.0010828971862792969
1756843770.3550823,1756843770.3821049,0.027022600173950195
1756843770.4549212,1756843770.4559908,0.0010695457458496094
1756843770.6344504,1756843770.6605692,0.026118755340576172
1756843770.7403126,1756843770.7413461,0.0010335445404052734
1756843770.918716,1756843770.9446306,0.025914669036865234
1756843771.0200434,1756843771.0210557,0.0010123252868652344
1756843771.1990776,1756843771.2307892,0.031711578369140625
1756843771.3045435,1756843771.3055615,0.0010180473327636719
1756843771.48135,1756843771.5071976,0.025847673416137695
1756843771.589464,1756843771.6154215,0.025957584381103516
1756843771.6917145,1756843771.7221105,0.030395984649658203
1756843771.7992375,1756843771.8001769,0.0009393692016601562
1756843771.9780455,1756843772.0040915,0.026046037673950195
1756843772.074306,1756843772.0752494,0.0009434223175048828
1756843772.2544775,1756843772.286089,0.03161144256591797
1756843772.3546526,1756843772.3557224,0.001069784164428711
1756843772.5409255,1756843772.5696118,0.0286862850189209
1756843772.64226,1756843772.6432881,0.0010280609130859375
1756843772.8249607,1756843772.8568285,0.03186774253845215
1756843772.924302,1756843772.9253724,0.001070261001586914
1756843773.1093452,1756843773.13951,0.030164718627929688
1756843773.206847,1756843773.2080238,0.0011768341064453125
1756843773.3815556,1756843773.407182,0.025626420974731445
1756843773.4820588,1756843773.4830503,0.0009915828704833984
1756843773.6604211,1756843773.6905775,0.030156373977661133
1756843773.7579987,1756843773.758931,0.0009322166442871094
1756843773.9433465,1756843773.9695473,0.02620077133178711
1756843774.0350256,1756843774.0360024,0.0009768009185791016
1756843774.2172172,1756843774.2434316,0.0262143611907959
1756843774.316414,1756843774.3173497,0.0009355545043945312
1756843774.505664,1756843774.5318031,0.026139020919799805
1756843774.5982797,1756843774.5992618,0.000982046127319336
1756843774.7830336,1756843774.8103447,0.027311086654663086
1756843774.881093,1756843774.8821864,0.0010933876037597656
1756843775.0749097,1756843775.1005561,0.025646448135375977
1756843775.169176,1756843775.17019,0.0010139942169189453
1756843775.3504434,1756843775.3766127,0.026169300079345703
1756843775.4424105,1756843775.44347,0.0010595321655273438
1756843775.620135,1756843775.6493235,0.02918839454650879
1756843775.718003,1756843775.718788,0.0007848739624023438
1756843775.9099123,1756843775.934793,0.024880647659301758
1756843776.0067964,1756843776.0075474,0.0007510185241699219
1756843776.194896,1756843776.2250705,0.03017449378967285
1756843776.2945795,1756843776.2952638,0.0006842613220214844
1756843776.4705868,1756843776.5013773,0.03079056739807129
1756843776.5792892,1756843776.5800292,0.00074005126953125
1756843776.7549703,1756843776.7828329,0.027862548828125
1756843776.8546424,1756843776.8552878,0.0006453990936279297
1756843777.0414846,1756843777.067068,0.025583505630493164
1756843777.1410124,1756843777.1415937,0.0005812644958496094
1756843777.339291,1756843777.3646576,0.025366544723510742
1756843777.431898,1756843777.4325461,0.0006480216979980469
1756843777.6152391,1756843777.615882,0.0006427764892578125
1756843777.788529,1756843777.813468,0.02493906021118164
1756843777.8859055,1756843777.88654,0.0006344318389892578
1756843778.071736,1756843778.097708,0.02597188949584961
1756843778.171317,1756843778.171943,0.0006258487701416016
1756843778.3452353,1756843778.3750436,0.02980828285217285
1756843778.4466176,1756843778.44727,0.000652313232421875
1756843778.6228454,1756843778.6502795,0.027434110641479492
1756843778.7213612,1756843778.7220802,0.0007190704345703125
1756843778.8976674,1756843778.9276588,0.02999138832092285
1756843778.9969256,1756843778.9976666,0.0007410049438476562
1756843779.1716862,1756843779.196574,0.024887800216674805
1756843779.2658236,1756843779.266449,0.0006253719329833984
1756843779.4456336,1756843779.4710243,0.025390625
1756843779.5373983,1756843779.5379956,0.0005972385406494141
1756843779.7176874,1756843779.7483327,0.030645370483398438
1756843779.8171728,1756843779.8178134,0.0006406307220458984
1756843780.0016162,1756843780.0275524,0.025936126708984375
1756843780.096416,1756843780.0969932,0.0005772113800048828
1756843780.278511,1756843780.3086934,0.030182361602783203
1756843780.3785203,1756843780.379102,0.0005817413330078125
1756843780.5599775,1756843780.560637,0.0006594657897949219
1756843780.7366872,1756843780.7674139,0.03072667121887207
1756843780.895219,1756843780.9230764,0.027857303619384766
1756843780.9952211,1756843780.995925,0.0007038116455078125
1756843781.1740413,1756843781.1988254,0.024784088134765625
1756843781.2860858,1756843781.2867608,0.0006749629974365234
1756843781.4623365,1756843781.492337,0.03000044822692871
1756843781.5653315,1756843781.565952,0.0006206035614013672
1756843781.738407,1756843781.7633529,0.024945974349975586
1756843781.8437734,1756843781.8444443,0.0006709098815917969
1756843782.0180304,1756843782.0482101,0.030179738998413086
1756843782.1252432,1756843782.125864,0.0006208419799804688
1756843782.29873,1756843782.3288727,0.030142784118652344
1756843782.4019184,1756843782.4025345,0.0006160736083984375
1756843782.5829215,1756843782.6131651,0.030243635177612305
1756843782.6896372,1756843782.6902342,0.0005970001220703125
1756843782.865491,1756843782.8955061,0.030015230178833008
1756843782.9722123,1756843782.9728484,0.0006361007690429688
1756843783.147476,1756843783.1847653,0.03728938102722168
1756843783.259002,1756843783.2596254,0.0006234645843505859
1756843783.4344244,1756843783.4686873,0.034262895584106445
1756843783.542161,1756843783.5427885,0.0006275177001953125
1756843783.7208488,1756843783.7515752,0.03072643280029297
1756843783.8312473,1756843783.8620038,0.030756473541259766
1756843783.9332423,1756843783.9339116,0.0006692409515380859
1756843784.1185083,1756843784.1492617,0.030753374099731445
1756843784.2169857,1756843784.2175808,0.0005950927734375
1756843784.403005,1756843784.4336238,0.030618906021118164
1756843784.5012844,1756843784.501866,0.0005817413330078125
1756843784.6863694,1756843784.7168612,0.03049182891845703
1756843784.7878304,1756843784.788423,0.0005927085876464844
1756843784.9704678,1756843784.9957452,0.025277376174926758
1756843785.0711777,1756843785.071895,0.0007171630859375
1756843785.249671,1756843785.2752097,0.02553868293762207
1756843785.350484,1756843785.351209,0.0007250308990478516
1756843785.5311356,1756843785.5624557,0.03132009506225586
1756843785.641863,1756843785.642517,0.0006539821624755859
1756843785.8164055,1756843785.8418274,0.025421857833862305
1756843785.9166992,1756843785.9173353,0.0006361007690429688
1756843786.092189,1756843786.119038,0.026849031448364258
1756843786.1942248,1756843786.1948786,0.0006537437438964844
1756843786.366459,1756843786.3946142,0.02815532684326172
1756843786.4682012,1756843786.4688592,0.0006580352783203125
1756843786.6458867,1756843786.6716743,0.0257875919342041
1756843786.7399256,1756843786.7405825,0.0006568431854248047
1756843786.9215958,1756843786.9471388,0.0255429744720459
1756843787.0179029,1756843787.018516,0.0006132125854492188
1756843787.1994832,1756843787.2248073,0.025324106216430664
1756843787.2941544,1756843787.294761,0.000606536865234375
1756843787.4749153,1756843787.5027406,0.027825355529785156
1756843787.5732074,1756843787.5738633,0.0006558895111083984
1756843787.7503443,1756843787.7786953,0.0283510684967041
1756843787.8613224,1756843787.8619494,0.0006270408630371094
1756843788.041827,1756843788.073183,0.031356096267700195
1756843788.147857,1756843788.1484582,0.0006012916564941406
1756843788.3276494,1756843788.359177,0.03152775764465332
1756843788.4276962,1756843788.4282615,0.0005652904510498047
1756843788.6064079,1756843788.6374266,0.031018733978271484
1756843788.7202282,1756843788.7208798,0.0006515979766845703
1756843788.8949406,1756843788.9227223,0.02778172492980957
1756843788.9930913,1756843788.9938505,0.000759124755859375
1756843789.1714954,1756843789.1970248,0.02552938461303711
1756843789.2731905,1756843789.2738132,0.0006227493286132812
1756843789.4531271,1756843789.481191,0.02806377410888672
1756843789.5703714,1756843789.5710208,0.0006494522094726562
1756843789.7464285,1756843789.7771475,0.03071904182434082
1756843789.8494427,1756843789.8500397,0.0005970001220703125
1756843790.0267048,1756843790.0579774,0.03127264976501465
1756843790.131672,1756843790.1322465,0.0005745887756347656
1756843790.3059042,1756843790.3361132,0.030209064483642578
1756843790.4107368,1756843790.411359,0.0006222724914550781
1756843790.5891113,1756843790.6203625,0.03125119209289551
1756843790.6948483,1756843790.6954267,0.0005784034729003906
1756843790.8714225,1756843790.9028547,0.031432151794433594
1756843790.988655,1756843790.9893003,0.0006451606750488281
1756843791.1662896,1756843791.1976328,0.03134322166442871
1756843791.3003569,1756843791.3334472,0.03309035301208496
1756843791.4214282,1756843791.422088,0.0006597042083740234
1756843791.612244,1756843791.6416113,0.029367446899414062
1756843791.7164927,1756843791.717147,0.0006544589996337891
1756843791.8986065,1756843791.9257982,0.027191638946533203
1756843791.9959288,1756843791.9965305,0.0006017684936523438
1756843792.1981316,1756843792.228162,0.030030488967895508
1756843792.3137002,1756843792.314465,0.0007648468017578125
1756843792.5001657,1756843792.532285,0.0321192741394043
1756843792.6023705,1756843792.6029937,0.0006232261657714844
1756843792.7887814,1756843792.8205783,0.031796932220458984
1756843792.8907137,1756843792.891315,0.0006012916564941406
1756843793.0682297,1756843793.0999064,0.0316767692565918
1756843793.172071,1756843793.1726556,0.0005846023559570312
1756843793.3570223,1756843793.3826153,0.025593042373657227
1756843793.453976,1756843793.4546018,0.0006258487701416016
1756843793.6415637,1756843793.6675014,0.025937795639038086
1756843793.7411606,1756843793.741769,0.0006084442138671875
1756843995.9643536,1756843995.9965374,0.03218388557434082
1756843997.5477,1756843997.579326,0.031625986099243164
1756843997.652643,1756843997.6532972,0.0006542205810546875
1756843997.7846603,1756843997.7852702,0.0006098747253417969
1756843997.8804562,1756843997.8810606,0.0006043910980224609
1756843997.9514573,1756843997.9520113,0.0005540847778320312
1756843998.0269818,1756843998.052736,0.025754213333129883
1756843998.127689,1756843998.1521902,0.024501323699951172
1756843998.2289402,1756843998.2313795,0.002439260482788086
1756843998.3043437,1756843998.3367715,0.03242778778076172
1756843998.4087439,1756843998.4094064,0.0006625652313232422
1756843998.4784997,1756843998.4790943,0.0005946159362792969
1756843998.5497088,1756843998.573133,0.023424148559570312
1756843998.645786,1756843998.6483533,0.002567291259765625
1756843998.7141893,1756843998.7385378,0.02434849739074707
1756843998.802801,1756843998.8033702,0.0005693435668945312
1756843998.8687787,1756843998.8787677,0.009989023208618164
1756843998.9470923,1756843998.949247,0.0021545886993408203
1756843999.019566,1756843999.0443974,0.024831295013427734
1756843999.1241167,1756843999.1247275,0.0006108283996582031
1756843999.2071383,1756843999.2078266,0.0006883144378662109
1756843999.279372,1756843999.2800043,0.0006322860717773438
1756843999.3615916,1756843999.377412,0.01582050323486328
1756843999.4516492,1756843999.4542809,0.002631664276123047
1756843999.525207,1756843999.5503786,0.025171518325805664
1756843999.6292162,1756843999.629803,0.0005867481231689453
1756843999.7043953,1756843999.7052345,0.0008392333984375
1756843999.7778873,1756843999.7838392,0.005951881408691406
1756843999.861766,1756843999.8641975,0.0024313926696777344
1756843999.9374077,1756843999.9636416,0.026233911514282227
1756844000.060413,1756844000.0876098,0.027196884155273438
1756844000.1511426,1756844000.1784468,0.02730417251586914
1756844000.2435153,1756844000.284643,0.041127681732177734
1756844000.3476322,1756844000.3797705,0.03213834762573242
1756844000.4413135,1756844000.4690595,0.027745962142944336
1756844000.529716,1756844000.5571835,0.02746748924255371
1756844000.6237814,1756844000.6569803,0.03319883346557617
1756844000.7192795,1756844000.7470946,0.02781510353088379
1756844000.8116436,1756844000.840475,0.02883148193359375
1756844000.9035883,1756844000.9311857,0.027597427368164062
1756844000.9918256,1756844001.0226586,0.030833005905151367
1756844001.0870986,1756844001.1283553,0.04125666618347168
1756844001.2125375,1756844001.3135982,0.10106062889099121
1756844001.3774557,1756844001.378211,0.00075531005859375
1756844001.4295576,1756844001.455375,0.025817394256591797
1756844001.5215259,1756844001.523781,0.0022552013397216797
1756844001.5968335,1756844001.622373,0.025539636611938477
1756844001.6791317,1756844001.6797245,0.0005927085876464844
1756844001.734837,1756844001.7445135,0.009676456451416016
1756844001.8029764,1756844001.8055072,0.002530813217163086
1756844001.8628697,1756844001.891943,0.029073238372802734
1756844001.954078,1756844001.9548173,0.0007393360137939453
1756844002.0155046,1756844002.034777,0.019272327423095703
1756844002.115502,1756844002.1182165,0.002714395523071289
1756844002.1805017,1756844002.2102115,0.029709815979003906
1756844002.2738302,1756844002.2744534,0.0006232261657714844
1756844002.3309567,1756844002.3552258,0.02426910400390625
1756844002.41641,1756844002.4188704,0.002460479736328125
1756844002.4817858,1756844002.5111258,0.029340028762817383
1756844002.5709841,1756844002.571644,0.000659942626953125
1756844002.6270642,1756844002.6502187,0.023154497146606445
1756844002.7110364,1756844002.7133932,0.0023567676544189453
1756844002.771237,1756844002.7977083,0.026471376419067383
1756844002.8578677,1756844002.8585274,0.0006597042083740234
1756844002.9126287,1756844002.9370456,0.02441692352294922
1756844003.003045,1756844003.0053685,0.0023233890533447266
1756844003.0646756,1756844003.09718,0.03250432014465332
1756844003.1633718,1756844003.1640263,0.0006544589996337891
1756844003.2223501,1756844003.224924,0.0025739669799804688
1756844003.2953584,1756844003.2984204,0.003062009811401367
1756844003.3622174,1756844003.38856,0.02634263038635254
1756844003.4486444,1756844003.44929,0.0006456375122070312
1756844003.5064843,1756844003.5225265,0.016042232513427734
1756844003.586526,1756844003.5888782,0.0023522377014160156
1756844003.6464758,1756844003.6739955,0.027519702911376953
1756844003.7315996,1756844003.7323058,0.0007061958312988281
1756844003.7863739,1756844003.8039827,0.0176088809967041
1756844003.8682463,1756844003.8704834,0.002237081527709961
1756844003.9273353,1756844003.9557874,0.028452157974243164
1756844004.0142033,1756844004.0149019,0.0006985664367675781
1756844004.0744493,1756844004.0887413,0.014292001724243164
1756844004.1587472,1756844004.1610477,0.0023005008697509766
1756844004.2199807,1756844004.2503066,0.030325889587402344
1756844004.317583,1756844004.3181899,0.0006067752838134766
1756844004.3740041,1756844004.3759522,0.0019481182098388672
1756844004.4399555,1756844004.4424148,0.002459287643432617
1756844004.499524,1756844004.5247693,0.025245189666748047
1756844004.5808563,1756844004.5815115,0.0006551742553710938
1756844004.648972,1756844004.6593976,0.010425567626953125
1756844004.722038,1756844004.7243855,0.0023474693298339844
1756844004.7784781,1756844004.8039522,0.025474071502685547
1756844004.857426,1756844004.8579998,0.0005738735198974609
1756844004.9090776,1756844004.911368,0.0022902488708496094
1756844004.9661982,1756844004.995951,0.029752731323242188
1756844005.0506742,1756844005.051353,0.0006787776947021484
1756844005.1028483,1756844005.1105056,0.007657289505004883
1756844005.1715066,1756844005.1738358,0.002329111099243164
1756844005.2305074,1756844005.2608898,0.030382394790649414
1756844005.319794,1756844005.3203948,0.0006008148193359375
1756844005.373333,1756844005.3919373,0.018604278564453125
1756844005.4503517,1756844005.452609,0.0022573471069335938
1756844005.510069,1756844005.5381129,0.02804398536682129
1756844005.593601,1756844005.5941837,0.0005826950073242188
1756844005.6519809,1756844005.6651843,0.01320338249206543
1756844005.722974,1756844005.7252684,0.002294301986694336
1756844005.7792535,1756844005.8040636,0.024810075759887695
1756844005.8565662,1756844005.8571713,0.0006051063537597656
1756844005.9091203,1756844005.911356,0.0022356510162353516
1756844005.9662638,1756844005.996238,0.02997422218322754
1756844006.0507116,1756844006.0514054,0.0006937980651855469
1756844006.1024609,1756844006.124814,0.022353172302246094
1756844006.1815312,1756844006.18402,0.002488851547241211
1756844006.239577,1756844006.2651002,0.02552318572998047
1756844006.3204055,1756844006.3209927,0.0005872249603271484
1756844006.3730237,1756844006.3753114,0.002287626266479492
1756844006.428582,1756844006.456784,0.028202056884765625
1756844006.5155902,1756844006.5163045,0.0007143020629882812
1756844006.5704517,1756844006.5855386,0.015086889266967773
1756844006.643944,1756844006.6462238,0.0022797584533691406
1756844006.702564,1756844006.728318,0.02575397491455078
1756844006.7852142,1756844006.7858157,0.0006015300750732422
1756844006.9510474,1756844006.9838214,0.03277397155761719
1756844007.040668,1756844007.067415,0.02674698829650879
1756844007.1300173,1756844007.1567214,0.026704072952270508
1756844007.213394,1756844007.2396944,0.026300430297851562
1756844007.299358,1756844007.4018164,0.10245847702026367
1756844007.457102,1756844007.4901786,0.03307652473449707
1756844007.5498736,1756844007.5767488,0.02687525749206543
1756844007.638287,1756844007.6707458,0.03245878219604492
1756844007.7302396,1756844007.7579443,0.027704715728759766
1756844007.8169968,1756844007.8450983,0.028101444244384766
1756844007.9041471,1756844007.9320195,0.027872323989868164
1756844007.9879723,1756844008.0172687,0.029296398162841797
1756844008.0755775,1756844008.1028218,0.02724432945251465
1756844008.1598353,1756844008.1887908,0.028955459594726562
1756844008.2464578,1756844008.280107,0.03364920616149902
1756844008.3368585,1756844008.3636954,0.026836872100830078
1756844008.4237723,1756844008.4511023,0.02732992172241211
1756844008.5131288,1756844008.5467312,0.03360247611999512
1756844008.6065943,1756844008.633359,0.026764631271362305
1756844008.6904025,1756844008.718217,0.027814388275146484
1756844008.775727,1756844008.8023484,0.026621341705322266
1756844008.8638353,1756844008.8902981,0.026462793350219727
1756844008.9562879,1756844008.9829087,0.026620864868164062
1756844009.0453353,1756844009.0716276,0.02629232406616211
1756844009.1316504,1756844009.1602762,0.0286257266998291
1756844009.2188735,1756844009.2453332,0.026459693908691406
1756844009.3057752,1756844009.3332508,0.027475595474243164
1756844009.3913038,1756844009.4249327,0.03362894058227539
1756844009.4881349,1756844009.5154748,0.027339935302734375
1756844009.5787468,1756844009.6065905,0.027843713760375977
1756844009.6651607,1756844009.6937542,0.02859354019165039
1756844009.7693589,1756844009.7965279,0.027168989181518555
1756844009.8559363,1756844009.883758,0.027821779251098633
1756844009.9415953,1756844009.9696262,0.028030872344970703
1756844010.026399,1756844010.0529041,0.026505231857299805
1756844010.1133587,1756844010.1402338,0.026875019073486328
1756844010.202208,1756844010.2287827,0.02657461166381836
1756844010.2915206,1756844010.3179846,0.026463985443115234
1756844010.380818,1756844010.4077132,0.02689528465270996
1756844010.469597,1756844010.4975603,0.02796316146850586
1756844010.5588117,1756844010.5898,0.030988216400146484
1756844010.6524673,1756844010.6802223,0.027755022048950195
1756844010.7433782,1756844010.7751708,0.031792640686035156
1756844010.839262,1756844010.8658044,0.02654242515563965
1756844010.9291584,1756844010.9595938,0.03043532371520996
1756844011.021033,1756844011.0531533,0.0321202278137207
1756844011.1139565,1756844011.1400115,0.026055097579956055
1756844011.200163,1756844011.2282126,0.028049707412719727
1756844011.2912676,1756844011.3187559,0.027488231658935547
1756844011.3937538,1756844011.4199455,0.02619171142578125
1756844011.4755635,1756844011.5026906,0.02712702751159668
1756844011.5728185,1756844011.6017559,0.028937339782714844
1756844011.668284,1756844011.699542,0.03125810623168945
1756844011.7597737,1756844011.7861435,0.026369810104370117
1756844011.8425596,1756844011.868913,0.02635335922241211
1756844011.9365287,1756844011.9679623,0.0314335823059082
1756844012.028563,1756844012.0548635,0.026300430297851562
1756844012.1169908,1756844012.1482508,0.031260013580322266
1756844012.2064676,1756844012.2345953,0.028127670288085938
1756844012.2958755,1756844012.3274443,0.03156876564025879
1756844012.388583,1756844012.4148722,0.02628922462463379
1756844012.4731739,1756844012.5015166,0.028342723846435547
1756844012.561391,1756844012.5953517,0.033960580825805664
1756844012.6568286,1756844012.6879408,0.031112194061279297
1756844012.7470655,1756844012.7806163,0.03355073928833008
1756844012.839921,1756844012.8668604,0.02693939208984375
1756844012.926028,1756844012.9537091,0.02768111228942871
1756844013.0144048,1756844013.0409954,0.026590585708618164
1756844013.099788,1756844013.1273162,0.02752828598022461
1756844013.1850584,1756844013.2118242,0.026765823364257812
1756844013.2764318,1756844013.3030407,0.026608943939208984
1756844013.3658836,1756844013.3924704,0.02658677101135254
1756844013.4716406,1756844013.498218,0.026577472686767578
1756844013.55632,1756844013.5832224,0.026902437210083008
1756844013.6419125,1756844013.6689503,0.027037858963012695
1756844013.7302563,1756844013.7569518,0.02669548988342285
1756844013.8191166,1756844013.8455348,0.026418209075927734
1756844013.9060435,1756844013.9335845,0.027540922164916992
1756844013.9945135,1756844014.0235837,0.029070138931274414
1756844014.0808322,1756844014.1069758,0.026143550872802734
1756844014.16393,1756844014.1906333,0.026703357696533203
1756844014.248689,1756844014.27713,0.02844095230102539
1756844014.3384848,1756844014.3707094,0.03222465515136719
1756844014.4272091,1756844014.4536052,0.02639603614807129
1756844014.5193913,1756844014.5508938,0.031502485275268555
1756844014.6107128,1756844014.6380756,0.027362823486328125
1756844014.7108843,1756844014.7394462,0.028561830520629883
1756844014.800071,1756844014.827155,0.0270841121673584
1756844014.8855872,1756844014.9116151,0.026027917861938477
1756844014.9767725,1756844015.0028489,0.026076316833496094
1756844015.0920281,1756844015.1185775,0.026549339294433594
1756844015.198965,1756844015.2275534,0.028588294982910156
1756844015.2862844,1756844015.312841,0.02655649185180664
1756844015.3731382,1756844015.4050176,0.031879425048828125
1756844015.4630713,1756844015.4893723,0.026300907135009766
1756844015.5478292,1756844015.5743227,0.026493549346923828
1756844015.6362743,1756844015.6632237,0.026949405670166016
1756844015.7284126,1756844015.7560506,0.027637958526611328
1756844015.8299263,1756844015.8568008,0.026874542236328125
1756844015.915245,1756844015.948548,0.033303022384643555
1756844016.020703,1756844016.1223247,0.10162162780761719
1756844016.190054,1756844016.2910018,0.10094785690307617
1756844016.359693,1756844016.3618612,0.0021681785583496094
1756844016.4357188,1756844016.4377651,0.002046346664428711
1756844016.5159242,1756844016.5178208,0.0018966197967529297
1756844016.5856988,1756844016.5876474,0.0019485950469970703
1756844016.6535935,1756844016.6554122,0.0018186569213867188
1756844016.7264736,1756844016.728239,0.0017654895782470703
1756844016.7920632,1756844016.7938588,0.0017955303192138672
1756844016.8587198,1756844016.8604891,0.0017693042755126953
1756844016.926683,1756844016.9284759,0.00179290771484375
1756844016.9927483,1756844016.9945545,0.0018062591552734375
1756844017.058863,1756844017.060615,0.0017521381378173828
1756844017.1253119,1756844017.127049,0.0017371177673339844
1756844017.1926863,1756844017.1943944,0.0017080307006835938
1756844017.2575204,1756844017.2594035,0.0018830299377441406
1756844017.3331022,1756844017.3349059,0.0018036365509033203
1756844017.3982697,1756844017.400004,0.0017342567443847656
1756844017.4764442,1756844017.478243,0.001798868179321289
1756844017.5415606,1756844017.5432944,0.0017337799072265625
1756844017.6072438,1756844017.609058,0.001814126968383789
1756844017.672694,1756844017.6744442,0.0017502307891845703
1756844017.7393703,1756844017.7411118,0.0017414093017578125
1756844017.801935,1756844017.8037035,0.0017685890197753906
1756844017.8621845,1756844017.8640049,0.0018203258514404297
1756844017.923123,1756844017.9248185,0.0016956329345703125
1756844017.9836495,1756844017.985361,0.0017116069793701172
1756844018.0418851,1756844018.043598,0.001712799072265625
1756844018.0977452,1756844018.0994167,0.0016715526580810547
1756844018.1542566,1756844018.156063,0.001806497573852539
1756844018.2113333,1756844018.2130108,0.0016775131225585938
1756844018.2713125,1756844018.273026,0.0017135143280029297
1756844018.330015,1756844018.3316717,0.0016567707061767578
1756844018.389075,1756844018.3909535,0.001878499984741211
1756844018.4495363,1756844018.4511714,0.0016350746154785156
1756844018.5087838,1756844018.510586,0.001802206039428711
1756844018.567124,1756844018.5688097,0.0016858577728271484
1756844018.6216483,1756844018.6233394,0.0016911029815673828
1756844018.6770647,1756844018.6787472,0.0016825199127197266
1756844018.7323055,1756844018.7339518,0.001646280288696289
1756844018.7872415,1756844018.7888703,0.001628875732421875
1756844018.8421793,1756844018.8438785,0.001699209213256836
1756844018.8965695,1756844018.8982565,0.0016870498657226562
1756844018.9512627,1756844018.9529822,0.0017194747924804688
1756844019.0546238,1756844019.0564282,0.001804351806640625
1756844019.1099663,1756844019.111737,0.0017707347869873047
1756844019.163907,1756844019.1657124,0.0018053054809570312
1756844019.2204685,1756844019.222249,0.0017805099487304688
1756844019.2788482,1756844019.2806306,0.0017824172973632812
1756844019.3362043,1756844019.3379047,0.0017004013061523438
1756844019.3935869,1756844019.3953133,0.001726388931274414
1756844019.4499831,1756844019.4516728,0.0016896724700927734
1756844019.5059538,1756844019.5077,0.0017461776733398438
1756844019.5622733,1756844019.5640373,0.001764059066772461
1756844019.6167,1756844019.6184618,0.0017619132995605469
1756844019.6705604,1756844019.6723056,0.0017452239990234375
1756844019.7249787,1756844019.7267604,0.0017817020416259766
1756844019.7806978,1756844019.7824264,0.0017285346984863281
1756844019.8347006,1756844019.8365514,0.0018508434295654297
1756844019.8899615,1756844019.8916934,0.00173187255859375
1756844019.9454563,1756844019.947139,0.0016827583312988281
1756844019.999655,1756844020.0013895,0.0017344951629638672
1756844020.0541396,1756844020.0558336,0.0016939640045166016
1756844020.1087134,1756844020.1104991,0.0017857551574707031
1756844020.1634982,1756844020.1652343,0.0017361640930175781
1756844020.2181313,1756844020.219885,0.0017538070678710938
1756844020.274948,1756844020.276832,0.0018842220306396484
1756844020.3306942,1756844020.332481,0.0017867088317871094
1756844020.385667,1756844020.3874416,0.0017745494842529297
1756844020.4402683,1756844020.441996,0.0017278194427490234
1756844020.4951267,1756844020.496849,0.0017223358154296875
1756844020.549882,1756844020.5515811,0.001699209213256836
1756844020.605052,1756844020.6068819,0.0018298625946044922
1756844020.660035,1756844020.6617453,0.0017104148864746094
1756844020.7146895,1756844020.7164068,0.0017173290252685547
1756844020.7711666,1756844020.7729483,0.0017817020416259766
1756844020.8256593,1756844020.8275123,0.0018529891967773438
1756844020.8803601,1756844020.8822272,0.001867055892944336
1756844020.9355407,1756844020.9374478,0.0019071102142333984
1756844020.9925892,1756844020.9944212,0.0018320083618164062
1756844021.0486114,1756844021.05036,0.0017485618591308594
1756854864.4447231,1756854864.4467778,0.0020546913146972656
1756854864.6240773,1756854864.6250978,0.0010204315185546875
1756854864.7598445,1756854864.7606096,0.0007650852203369141
1756854864.895786,1756854864.8965487,0.0007627010345458984
1756854865.0816314,1756854865.0823677,0.000736236572265625
1756854865.2171087,1756854865.2178705,0.0007617473602294922
1756854865.3556998,1756854865.356514,0.0008141994476318359
1756854865.495437,1756854865.496141,0.0007040500640869141
1756854865.6292992,1756854865.6300256,0.0007264614105224609
1756854865.7670357,1756854865.7678607,0.0008249282836914062
1756854865.9029708,1756854865.9037676,0.0007967948913574219
1756854866.0394657,1756854866.040233,0.0007672309875488281
1756854866.17608,1756854866.1768196,0.0007395744323730469
1756854866.3149776,1756854866.3157527,0.0007750988006591797
1756854866.4579718,1756854866.4587538,0.000782012939453125
1756854866.6422615,1756854866.6430345,0.0007729530334472656
1756854866.7752843,1756854866.776074,0.000789642333984375
1756854866.91284,1756854866.9135995,0.0007596015930175781
1756854867.046506,1756854867.0473413,0.000835418701171875
1756854867.180828,1756854867.1816132,0.0007851123809814453
1756854867.3144412,1756854867.315248,0.0008068084716796875
1756854867.450236,1756854867.450932,0.0006959438323974609
1756854867.5927951,1756854867.5935485,0.0007534027099609375
1756854867.7351081,1756854867.7358634,0.00075531005859375
1756854867.8748891,1756854867.8758168,0.0009276866912841797
1756854868.0266976,1756854868.027479,0.0007812976837158203
1756854868.2117527,1756854868.2124832,0.0007305145263671875
1756854868.3530383,1756854868.353794,0.0007557868957519531
1756854868.496349,1756854868.4971218,0.0007727146148681641
1756854868.6332657,1756854868.6340053,0.0007395744323730469
1756854868.7685614,1756854868.769335,0.0007736682891845703
1756854868.9110966,1756854868.9118426,0.0007460117340087891
1756854869.0489483,1756854869.0496678,0.0007195472717285156
1756854869.1821296,1756854869.1828496,0.0007200241088867188
1756854869.3266118,1756854869.3273413,0.0007295608520507812
1756854869.464815,1756854869.4655993,0.0007843971252441406
1756854869.6041172,1756854869.604888,0.0007708072662353516
1756854869.7942014,1756854869.7949772,0.0007758140563964844
1756854869.9311876,1756854869.9319122,0.0007245540618896484
1756854870.0610754,1756854870.0618558,0.0007803440093994141
1756854870.1951544,1756854870.195896,0.0007414817810058594
1756854870.3254125,1756854870.3261764,0.0007638931274414062
1756854870.4558623,1756854870.4566474,0.0007851123809814453
1756854870.589906,1756854870.5906873,0.0007812976837158203
1756854870.723801,1756854870.7246585,0.0008575916290283203
1756854870.8605945,1756854870.8613636,0.0007691383361816406
1756854870.9949484,1756854870.995683,0.0007345676422119141
1756854871.1283033,1756854871.1291482,0.0008449554443359375
1756854871.311656,1756854871.312431,0.0007750988006591797
1756854871.4492261,1756854871.450029,0.0008027553558349609
1756854871.5880668,1756854871.588837,0.0007700920104980469
1756854871.7241642,1756854871.7249696,0.0008053779602050781
1756854871.8708432,1756854871.871588,0.0007448196411132812
1756854872.0182307,1756854872.0190096,0.0007789134979248047
1756854872.1583567,1756854872.1592126,0.0008559226989746094
1756854872.2981813,1756854872.298953,0.0007717609405517578
1756854872.4362102,1756854872.4369907,0.0007805824279785156
1756854872.5766306,1756854872.5775642,0.0009336471557617188
1756854872.766065,1756854872.7668464,0.0007815361022949219
1756854872.9062614,1756854872.9070148,0.0007534027099609375
1756854873.0449376,1756854873.0457368,0.0007991790771484375
1756854873.1829438,1756854873.1836936,0.0007498264312744141
1756854873.3189158,1756854873.3196967,0.0007808208465576172
1756854873.4528308,1756854873.4535491,0.0007183551788330078
1756854873.5854986,1756854873.586195,0.0006964206695556641
1756854873.7221403,1756854873.7229354,0.0007951259613037109
1756854873.8616972,1756854873.8624632,0.0007660388946533203
1756854873.9997408,1756854874.0005207,0.0007798671722412109
1756854874.1884022,1756854874.1891344,0.0007321834564208984
1756854874.323655,1756854874.3244898,0.0008349418640136719
1756854874.4683454,1756854874.4690862,0.0007407665252685547
1756854874.6058652,1756854874.606643,0.0007777214050292969
1756854920.2370274,1756854920.268386,0.03135848045349121
1756854920.3738735,1756854920.3748777,0.0010042190551757812
1756854920.5506995,1756854920.57635,0.025650501251220703
1756854920.645616,1756854920.6465633,0.0009472370147705078
1756854920.8196971,1756854920.850611,0.030913829803466797
1756854920.9198515,1756854920.9207997,0.0009481906890869141
1756854921.0970695,1756854921.1274498,0.0303802490234375
1756854921.2641776,1756854921.2652285,0.0010509490966796875
1756854921.4427218,1756854921.4685302,0.025808334350585938
1756854921.5376503,1756854921.5386117,0.0009613037109375
1756854921.7135606,1756854921.7446027,0.031042098999023438
1756854921.81409,1756854921.814934,0.0008440017700195312
1756854921.987092,1756854922.0121355,0.025043487548828125
1756854922.0821671,1756854922.0831227,0.0009555816650390625
1756854922.2620862,1756854922.2927134,0.03062725067138672
1756854922.362922,1756854922.3638222,0.0009002685546875
1756854922.5359511,1756854922.566726,0.030774831771850586
1756854922.6361084,1756854922.637173,0.0010645389556884766
1756854922.8103476,1756854922.841131,0.030783414840698242
1756854922.9120061,1756854922.9129806,0.0009744167327880859
1756854923.0924473,1756854923.1232083,0.030761003494262695
1756854923.190513,1756854923.1914973,0.0009844303131103516
1756854923.3642728,1756854923.3895752,0.025302410125732422
1756854923.4564116,1756854923.4572763,0.0008647441864013672
1756854923.6298635,1756854923.660848,0.03098440170288086
1756854923.7279363,1756854923.728821,0.0008847713470458984
1756854923.90167,1756854923.9324944,0.03082442283630371
1756854924.001263,1756854924.002181,0.0009181499481201172
1756854924.1738288,1756854924.1747818,0.0009529590606689453
1756854924.3476558,1756854924.3730094,0.025353670120239258
1756854924.4960296,1756854924.5218503,0.02582073211669922
1756854924.5913074,1756854924.59238,0.0010726451873779297
1756854924.7635403,1756854924.7893162,0.025775909423828125
1756854924.8558033,1756854924.8567433,0.0009400844573974609
1756854925.0282488,1756854925.0588167,0.03056788444519043
1756854925.1266258,1756854925.1275482,0.0009224414825439453
1756854925.299821,1756854925.330675,0.030853986740112305
1756854925.3972094,1756854925.3981714,0.0009620189666748047
1756854925.5697389,1756854925.6005464,0.0308074951171875
1756854925.6686683,1756854925.6696334,0.000965118408203125
1756854925.8424711,1756854925.8679564,0.02548527717590332
1756854925.9372678,1756854925.9382126,0.0009448528289794922
1756854926.1313164,1756854926.1574404,0.026124000549316406
1756854926.2363353,1756854926.23733,0.0009946823120117188
1756854926.4249215,1756854926.455943,0.031021595001220703
1756854926.5255527,1756854926.526495,0.000942230224609375
1756854926.6990361,1756854926.724869,0.0258328914642334
1756854926.7922933,1756854926.7932005,0.0009071826934814453
1756854926.9660208,1756854926.9914088,0.025388002395629883
1756854927.0587673,1756854927.0598507,0.0010833740234375
1756854927.3485258,1756854927.3745668,0.026041030883789062
1756854927.506389,1756854927.5418348,0.0354459285736084
1756854927.6125615,1756854927.61352,0.0009584426879882812
1756854927.786331,1756854927.812157,0.025825977325439453
1756854927.892734,1756854927.89362,0.0008859634399414062
1756854928.0670073,1756854928.0982347,0.03122735023498535
1756854928.1680634,1756854928.1690278,0.0009644031524658203
1756854928.3422914,1756854928.3685105,0.02621912956237793
1756854928.448542,1756854928.4494681,0.0009260177612304688
1756854928.621982,1756854928.652909,0.030926942825317383
1756854928.7230768,1756854928.7240522,0.0009753704071044922
1756854928.8977473,1756854928.9285629,0.030815601348876953
1756854929.0232217,1756854929.024151,0.0009293556213378906
1756854929.1978688,1756854929.2273011,0.029432296752929688
1756854929.2966974,1756854929.2976336,0.0009362697601318359
1756854929.4702754,1756854929.4996262,0.029350757598876953
1756854929.5690534,1756854929.5699775,0.0009241104125976562
1756854929.7413132,1756854929.7724485,0.03113532066345215
1756854929.852354,1756854929.8532336,0.0008795261383056641
1756854930.0246015,1756854930.055216,0.030614614486694336
1756854930.1268187,1756854930.1276598,0.0008411407470703125
1756854930.301087,1756854930.3267834,0.025696516036987305
1756854930.4470239,1756854930.4480152,0.0009913444519042969
1756854930.6194408,1756854930.6495414,0.030100584030151367
1756854930.7176018,1756854930.7186186,0.001016855239868164
1756854930.891717,1756854930.9226797,0.030962705612182617
1756854930.9903615,1756854930.9912012,0.0008397102355957031
1756854931.1624293,1756854931.1880398,0.02561044692993164
1756854931.2548847,1756854931.2558563,0.0009715557098388672
1756854931.427759,1756854931.4589472,0.031188249588012695
1756854931.5253956,1756854931.5263593,0.0009636878967285156
1756854931.6980789,1756854931.7297845,0.031705617904663086
1756854931.7986903,1756854931.7995548,0.0008645057678222656
1756854931.9706926,1756854932.0023825,0.03168988227844238
1756854932.0712068,1756854932.0721781,0.0009713172912597656
1756854932.2436273,1756854932.275276,0.03164863586425781
1756854932.3440006,1756854932.345016,0.0010154247283935547
1756854932.521104,1756854932.5519223,0.03081822395324707
1756854932.620466,1756854932.6215115,0.0010454654693603516
1756854932.794754,1756854932.825706,0.030951976776123047
1756854932.894578,1756854932.8956664,0.0010883808135986328
1756854933.0697932,1756854933.1009738,0.031180620193481445
1756854933.1681929,1756854933.169096,0.0009031295776367188
1756854933.418566,1756854933.4479656,0.029399633407592773
1756854933.5160398,1756854933.5170166,0.0009768009185791016
1756854933.6895847,1756854933.7210557,0.03147101402282715
1756854933.7904384,1756854933.791362,0.0009236335754394531
1756854933.9640036,1756854933.9952357,0.031232118606567383
1756854934.062496,1756854934.0635474,0.0010514259338378906
1756854934.242483,1756854934.2740514,0.03156852722167969
1756854934.341674,1756854934.342622,0.0009479522705078125
1756854934.5154693,1756854934.546775,0.031305789947509766
1756854934.6310196,1756854934.6319923,0.000972747802734375
1756854934.8035185,1756854934.8391376,0.03561902046203613
1756854934.9102015,1756854934.9111588,0.0009572505950927734
1756854935.084873,1756854935.1166894,0.03181648254394531
1756854935.1845584,1756854935.1855435,0.0009851455688476562
1756855084.1968184,1756855084.22865,0.03183174133300781
1756855084.411559,1756855084.4125156,0.0009565353393554688
1756855084.663379,1756855084.6952424,0.03186345100402832
1756855084.8344235,1756855084.8353872,0.0009636878967285156
1756855085.135507,1756855085.1676042,0.03209710121154785
1756855085.310016,1756855085.3111432,0.0011272430419921875
1756855085.5565526,1756855085.589347,0.03279423713684082
1756855085.7364028,1756855085.7690818,0.032679080963134766
1756855085.9144914,1756855085.9520814,0.03759002685546875
1756855086.1086054,1756855086.1387234,0.03011798858642578
1756855086.2858183,1756855086.3171544,0.031336069107055664
1756855086.4672236,1756855086.4683468,0.001123189926147461
1756855086.7360988,1756855086.7703495,0.034250736236572266
1756855086.9178393,1756855086.9188654,0.001026153564453125
1756855087.2283247,1756855087.260647,0.03232240676879883
1756855087.4091735,1756855087.4100327,0.0008592605590820312
1756855087.6530166,1756855087.6852887,0.0322721004486084
1756855087.8303647,1756855087.8313222,0.000957489013671875
1756855088.0769029,1756855088.1063623,0.029459476470947266
1756855088.2522194,1756855088.2532454,0.0010259151458740234
1756855088.4976752,1756855088.523133,0.02545785903930664
1756855088.6691394,1756855088.6701837,0.0010442733764648438
1756855088.9217453,1756855088.9539185,0.03217315673828125
1756855089.0993052,1756855089.1003106,0.001005411148071289
1756855089.3455088,1756855089.377499,0.03199028968811035
1756855089.57392,1756855089.5748625,0.0009424686431884766
1756855089.8197,1756855089.8562968,0.03659677505493164
1756855090.0076656,1756855090.0393941,0.031728506088256836
1756855090.1776145,1756855090.1786044,0.0009899139404296875
1756855090.4276092,1756855090.459139,0.031529903411865234
1756855090.6109405,1756855090.6119883,0.0010478496551513672
1756855090.8665605,1756855090.867561,0.0010006427764892578
1756855091.1184754,1756855091.1501236,0.03164815902709961
1756855091.3028672,1756855091.30378,0.0009129047393798828
1756855091.5577412,1756855091.5892284,0.031487226486206055
1756855091.7849293,1756855091.816671,0.03174161911010742
1756855091.9554412,1756855091.956339,0.0008976459503173828
1756855092.2051175,1756855092.2368488,0.031731367111206055
1756855092.3769743,1756855092.3778377,0.0008633136749267578
1756855092.6317134,1756855092.6637506,0.03203725814819336
1756855092.80385,1756855092.80484,0.000990152359008789
1756855093.0602424,1756855093.0921214,0.03187894821166992
1756855093.2338386,1756855093.2348025,0.0009639263153076172
1756855093.591746,1756855093.6228611,0.031115055084228516
1756855093.7693942,1756855093.769984,0.0005898475646972656
1756855094.0661104,1756855094.0979655,0.031855106353759766
1756855094.2393038,1756855094.2398918,0.0005879402160644531
1756855094.495992,1756855094.5263493,0.03035736083984375
1756855094.664806,1756855094.6654587,0.0006527900695800781
1756855094.9294372,1756855094.9601417,0.030704498291015625
1756855095.0986722,1756855095.0992458,0.0005736351013183594
1756855095.354283,1756855095.3796062,0.025323152542114258
1756855095.5273468,1756855095.5279677,0.0006208419799804688
1756855095.7822518,1756855095.7828648,0.0006129741668701172
1756855096.0333962,1756855096.064519,0.031122684478759766
1756855096.2054513,1756855096.2060935,0.0006422996520996094
1756855096.50015,1756855096.5314384,0.03128838539123535
1756855096.6742628,1756855096.6749337,0.0006709098815917969
1756855096.928723,1756855096.954022,0.0252988338470459
1756855097.0965564,1756855097.0971491,0.0005927085876464844
1756855097.3485,1756855097.3790674,0.030567407608032227
1756855097.52165,1756855097.5222378,0.0005877017974853516
1756855097.7740204,1756855097.7993674,0.025346994400024414
1756855097.9405217,1756855097.9411917,0.0006699562072753906
1756855098.2929127,1756855098.323603,0.03069019317626953
1756855098.4674873,1756855098.468079,0.0005917549133300781
1756855098.7196698,1756855098.750695,0.031025171279907227
1756855098.9455588,1756855098.975869,0.03031015396118164
1756855099.1136239,1756855099.1141903,0.0005664825439453125
1756855099.3620555,1756855099.3867896,0.024734020233154297
1756855099.5205102,1756855099.5210922,0.0005819797515869141
1756855099.771527,1756855099.7965999,0.025072813034057617
1756855099.931871,1756855099.9324358,0.0005648136138916016
1756855100.1827738,1756855100.1833289,0.0005550384521484375
1756855100.4285698,1756855100.4593806,0.030810832977294922
1756855100.6019852,1756855100.6026342,0.0006489753723144531
1756855100.8584902,1756855100.888888,0.030397653579711914
1756855101.0851579,1756855101.1158571,0.03069925308227539
1756855101.2688031,1756855101.269424,0.0006208419799804688
1756855101.534475,1756855101.5645673,0.030092239379882812
1756855101.7096553,1756855101.7102904,0.0006351470947265625
1756855101.9674942,1756855101.9988654,0.031371116638183594
1756855102.146297,1756855102.1469228,0.0006258487701416016
1756855102.3942683,1756855102.4248097,0.030541419982910156
1756855102.5736156,1756855102.5742261,0.0006105899810791016
1756855102.8333404,1756855102.8339577,0.0006172657012939453
1756855103.0785856,1756855103.109179,0.030593395233154297
1756855103.3019378,1756855103.3284557,0.026517868041992188
1756855103.4650102,1756855103.4656243,0.000614166259765625
1756855103.7095585,1756855103.7403133,0.030754804611206055
1756855103.876266,1756855103.8768833,0.0006172657012939453
1756855104.1345224,1756855104.165604,0.031081676483154297
1756855104.3101895,1756855104.3107896,0.0006000995635986328
1756855104.563239,1756855104.5937726,0.030533552169799805
1756855104.7460291,1756855104.7466078,0.0005786418914794922
1756855104.9942188,1756855104.9948046,0.0005857944488525391
1756855105.2389576,1756855105.2696235,0.030665874481201172
1756855105.4127913,1756855105.413379,0.0005877017974853516
1756855105.7099414,1756855105.7410183,0.031076908111572266
1756855105.879398,1756855105.8800375,0.0006394386291503906
1756855106.2314067,1756855106.2628598,0.03145313262939453
1756855106.4122012,1756855106.4127955,0.0005943775177001953
1756855106.788922,1756855106.8210788,0.03215670585632324
1756855106.9582613,1756855106.9588947,0.0006334781646728516
1756855107.217343,1756855107.2178788,0.0005357265472412109
1756855107.4620745,1756855107.4945388,0.03246426582336426
1756855107.6373239,1756855107.6378949,0.0005710124969482422
1756855107.90016,1756855107.9319942,0.03183412551879883
1756855108.0771005,1756855108.0777037,0.0006031990051269531
1756855108.3876224,1756855108.413175,0.025552749633789062
1756855108.5570416,1756855108.557665,0.0006234645843505859
1756855108.8046362,1756855108.8304248,0.025788545608520508
1756855108.9749656,1756855108.9755204,0.0005548000335693359
1756855109.2215602,1756855109.2478247,0.026264429092407227
1756855109.389794,1756855109.3903792,0.0005850791931152344
1756855109.6394496,1756855109.665267,0.025817394256591797
1756855109.804234,1756855109.8048553,0.0006213188171386719
1756855110.154918,1756855110.1868057,0.03188776969909668
1756855110.3186858,1756855110.319252,0.0005662441253662109
1756855110.726182,1756855110.7577765,0.03159451484680176
1756855110.8969188,1756855110.8974855,0.0005667209625244141
1756855111.1812158,1756855111.2132213,0.03200554847717285
1756855111.3520935,1756855111.3527348,0.0006413459777832031
1756855111.6055536,1756855111.6370337,0.03148007392883301
1756855111.7824886,1756855111.7830606,0.0005719661712646484
1756855112.0343585,1756855112.0667791,0.03242063522338867
1756855112.205377,1756855112.2060056,0.0006284713745117188
1756855112.558202,1756855112.5839367,0.025734663009643555
1756855112.7301188,1756855112.7616565,0.031537771224975586
1756855112.96128,1756855112.992646,0.03136587142944336
1756855113.1319294,1756855113.1324794,0.0005500316619873047
1756855113.3779728,1756855113.4095259,0.031553030014038086
1756855113.5492816,1756855113.5498576,0.000576019287109375
1756855113.8013709,1756855113.8321671,0.030796289443969727
1756855113.9702673,1756855113.9708443,0.0005769729614257812
1756855114.2254703,1756855114.256871,0.03140068054199219
1756855114.3933425,1756855114.3939517,0.0006091594696044922
1756855114.640179,1756855114.6407764,0.0005974769592285156
1756855114.8929253,1756855114.9243045,0.03137922286987305
1756855115.0693562,1756855115.0699394,0.0005831718444824219
1756855115.3694003,1756855115.400282,0.030881643295288086
1756855115.5376992,1756855115.5383315,0.0006322860717773438
1756855115.7895896,1756855115.8210802,0.03149056434631348
1756855115.9669032,1756855115.9674788,0.0005755424499511719
1756855116.220736,1756855116.2520998,0.031363725662231445
1756855116.4061005,1756855116.4066834,0.0005829334259033203
1756855116.6517177,1756855116.682858,0.03114032745361328
1756855116.8182826,1756855116.818878,0.0005953311920166016
1756855117.0670245,1756855117.067635,0.0006105899810791016
1756855117.3112307,1756855117.3368711,0.025640487670898438
1756855117.4774513,1756855117.4780195,0.0005681514739990234
1756855117.7830637,1756855117.8147736,0.031709909439086914
1756855117.9702268,1756855117.970817,0.0005903244018554688
1756855118.2153869,1756855118.2453284,0.029941558837890625
1756855118.3911533,1756855118.391719,0.0005657672882080078
1756855118.649874,1756855118.680025,0.0301511287689209
1756855118.8237565,1756855118.8243005,0.0005440711975097656
1756855119.0716412,1756855119.1027617,0.03112053871154785
1756855119.24988,1756855119.250495,0.0006148815155029297
1756855119.510511,1756855119.542336,0.03182506561279297
1756855119.6884553,1756855119.6890106,0.0005552768707275391
1756855119.9412475,1756855119.9726193,0.0313718318939209
1756855120.1749697,1756855120.2066681,0.03169846534729004
1756855120.3520212,1756855120.3526528,0.0006315708160400391
1756855120.606836,1756855120.6319063,0.0250701904296875
1756855120.7846458,1756855120.7852159,0.0005700588226318359
1756855121.0353026,1756855121.0673766,0.032073974609375
1756855121.212269,1756855121.212864,0.0005948543548583984
1756855121.4694984,1756855121.501162,0.03166365623474121
1756855121.641127,1756855121.641729,0.0006020069122314453
1756855122.0027337,1756855122.0292857,0.02655196189880371
1756855302.3063104,1756855302.3333027,0.026992321014404297
1756855303.928684,1756855303.9600422,0.03135824203491211
1756855304.0912423,1756855304.0918689,0.0006265640258789062
1756855304.2127337,1756855304.213359,0.0006253719329833984
1756855304.3410127,1756855304.3436067,0.002593994140625
1756855304.523029,1756855304.5560982,0.03306913375854492
1756855304.7026436,1756855304.7300096,0.027365922927856445
1756855304.8538709,1756855304.8859117,0.03204083442687988
1756855305.0110736,1756855305.04397,0.03289651870727539
1756855305.1841996,1756855305.2114336,0.02723407745361328
1756855305.336821,1756855305.3698642,0.03304314613342285
1756855305.492054,1756855305.5203848,0.02833080291748047
1756855305.6419275,1756855305.6751394,0.03321194648742676
1756855305.7971237,1756855305.823977,0.026853322982788086
1756855305.948817,1756855305.976103,0.027286052703857422
1756855306.1041152,1756855306.1321754,0.028060197830200195
1756855306.3234882,1756855306.350649,0.0271608829498291
1756855306.4991593,1756855306.5277271,0.028567790985107422
1756855306.6577785,1756855306.6851304,0.027351856231689453
1756855306.8072588,1756855306.8464537,0.03919482231140137
1756855306.9702902,1756855306.997795,0.027504920959472656
1756855307.1223862,1756855307.1541138,0.03172755241394043
1756855307.2806466,1756855307.3120713,0.031424760818481445
1756855307.436394,1756855307.4689744,0.03258037567138672
1756855307.5887077,1756855307.6223998,0.033692121505737305
1756855307.7413425,1756855307.7742627,0.032920122146606445
1756855307.9100366,1756855307.945539,0.03550243377685547
1756855308.146908,1756855308.2478666,0.10095858573913574
1756855308.3835506,1756855308.384252,0.0007014274597167969
1756855308.5266955,1756855308.527383,0.0006875991821289062
1756855308.657633,1756855308.6843743,0.02674126625061035
1756855308.8074791,1756855308.809556,0.002076864242553711
1756855308.9276392,1756855308.958605,0.030965805053710938
1756855309.0783029,1756855309.078916,0.0006132125854492188
1756855309.2183728,1756855309.2189631,0.0005903244018554688
1756855309.3356967,1756855309.33778,0.002083301544189453
1756855309.4545836,1756855309.4814038,0.02682018280029297
1756855309.6015935,1756855309.628603,0.02700948715209961
1756855309.814772,1756855309.8543618,0.039589881896972656
1756855309.989006,1756855310.020937,0.03193092346191406
1756855310.1467528,1756855310.1790907,0.03233790397644043
1756855310.3278854,1756855310.429023,0.10113763809204102
1756855310.5577142,1756855310.5600135,0.0022993087768554688
1756855310.6921477,1756855310.6930475,0.0008997917175292969
1756855310.8295457,1756855310.8303573,0.0008115768432617188
1756855310.9535758,1756855310.9543226,0.0007467269897460938
1756855311.0745547,1756855311.0753837,0.0008289813995361328
1756855311.2019353,1756855311.202832,0.0008966922760009766
1756855311.3723493,1756855311.373116,0.000766754150390625
1756855311.4948578,1756855311.4956348,0.0007770061492919922
1756855311.6150062,1756855311.615733,0.0007266998291015625
1756855311.7339735,1756855311.7347298,0.0007562637329101562
1757177785.5142252,1757177785.6499593,0.13573408126831055
1757177785.7273958,1757177785.7279847,0.0005888938903808594
1757177786.0291321,1757177786.1631427,0.13401055335998535
1757177786.2393975,1757177786.2399797,0.0005822181701660156
1757177786.5408592,1757177786.6795807,0.13872146606445312
1757177786.752683,1757177786.7532756,0.0005927085876464844
1757177787.04896,1757177787.18401,0.13505005836486816
1757177787.2645383,1757177787.2651942,0.0006558895111083984
1757177787.5705912,1757177787.7083523,0.13776111602783203
1757177787.7820826,1757177787.7826705,0.0005879402160644531
1757177788.0804837,1757177788.2154295,0.13494586944580078
1757177788.286749,1757177788.2873242,0.0005753040313720703
1757177788.5865493,1757177788.7202797,0.13373041152954102
1757177788.791209,1757177788.7918699,0.0006608963012695312
1757177789.088734,1757177789.2234228,0.1346888542175293
1757177789.297286,1757177789.297857,0.0005710124969482422
1757177789.6024492,1757177789.7365978,0.13414859771728516
1757177789.808435,1757177789.809118,0.0006830692291259766
1757177790.1006358,1757177790.2358372,0.13520145416259766
1757177790.3088312,1757177790.3094347,0.0006034374237060547
1757177790.6079957,1757177790.7456424,0.13764667510986328
1757177790.8364542,1757177790.8371253,0.0006711483001708984
1757177791.131437,1757177791.267264,0.13582682609558105
1757177791.3509963,1757177791.3516712,0.0006749629974365234
1757177791.6529503,1757177791.7987034,0.1457531452178955
1757177791.8765576,1757177791.8772357,0.0006780624389648438
1757177792.168982,1757177792.3089912,0.14000916481018066
1757177792.3863754,1757177792.3869753,0.0005998611450195312
1757177792.673829,1757177792.809649,0.1358199119567871
1757177792.891624,1757177792.8922813,0.0006573200225830078
1757177793.200961,1757177793.2015674,0.0006062984466552734
1757177793.4889925,1757177793.6325457,0.1435532569885254
1757177793.717623,1757177793.8519986,0.13437557220458984
1757177793.921191,1757177793.9217362,0.0005452632904052734
1757177794.229215,1757177794.366938,0.13772320747375488
1757177794.4425638,1757177794.44315,0.0005862712860107422
1757177794.7427297,1757177794.8814235,0.13869380950927734
1757177794.9498205,1757177794.9503949,0.0005743503570556641
1757177795.2469683,1757177795.3816903,0.13472199440002441
1757177795.4531574,1757177795.4538705,0.0007131099700927734
1757177795.7604036,1757177795.7609797,0.000576019287109375
1757177796.049929,1757177796.191284,0.14135503768920898
1757177796.269401,1757177796.2700307,0.0006296634674072266
1757177796.558007,1757177796.6991625,0.14115548133850098
1757177796.7765584,1757177796.7771974,0.0006389617919921875
1757177797.0686219,1757177797.2086496,0.14002776145935059
1757177797.2906516,1757177797.2912967,0.0006451606750488281
1757177797.5855799,1757177797.7339625,0.14838266372680664
1757177797.8062458,1757177797.8069181,0.0006723403930664062
1757177798.1008947,1757177798.2357342,0.13483953475952148
1757177798.3130612,1757177798.313633,0.0005717277526855469
1757177798.609122,1757177798.7435,0.13437795639038086
1757177798.8137417,1757177798.8143868,0.0006451606750488281
1757177799.1133888,1757177799.2513592,0.1379704475402832
1757177799.3213317,1757177799.3219116,0.000579833984375
1757177799.6253395,1757177799.7662673,0.14092779159545898
1757177799.8435404,1757177799.8441432,0.00060272216796875
1757177800.149867,1757177800.2917309,0.14186382293701172
1757177800.3609905,1757177800.3615973,0.0006067752838134766
1757177800.6650639,1757177800.8075924,0.14252853393554688
1757177800.8859303,1757177800.8864932,0.0005629062652587891
1757177801.179897,1757177801.3200016,0.1401045322418213
1757177801.4081013,1757177801.4088445,0.0007431507110595703
1757177801.6988554,1757177801.8423088,0.14345335960388184
1757177801.9138315,1757177801.9144745,0.0006430149078369141
1757177802.2111871,1757177802.3518994,0.14071226119995117
1757177802.4341037,1757177802.4347532,0.0006494522094726562
1757177802.7203197,1757177802.8556306,0.13531088829040527
1757177802.9299364,1757177802.9326744,0.0027379989624023438
1757177803.2193153,1757177803.358647,0.13933181762695312
1757177803.4334748,1757177803.4340963,0.0006215572357177734
1757177803.7261841,1757177803.8633049,0.13712072372436523
1757177803.936756,1757177803.9373178,0.0005619525909423828
1757177804.2245834,1757177804.3597555,0.13517212867736816
1757177804.432312,1757177804.432944,0.0006320476531982422
1757177804.7250578,1757177804.86984,0.14478206634521484
1757177804.9581697,1757177804.9588127,0.0006430149078369141
1757177805.2581396,1757177805.394378,0.13623833656311035
1757177805.47514,1757177805.4757674,0.0006272792816162109
1757177805.8212895,1757177805.9596334,0.13834381103515625
1757177806.0360456,1757177806.0366187,0.0005731582641601562
1757177806.335435,1757177806.3361938,0.0007588863372802734
1757177806.6301222,1757177806.7659163,0.13579416275024414
1757177806.8485384,1757177806.8491414,0.0006029605865478516
1757177807.1404123,1757177807.2824752,0.14206290245056152
1757177807.3513446,1757177807.352082,0.0007374286651611328
1757177807.6460655,1757177807.678661,0.03259563446044922
1757177807.7722247,1757177807.772857,0.0006322860717773438
1757177807.87727,1757177807.8779526,0.0006825923919677734
1757177808.0568657,1757177808.0880308,0.031165122985839844
1757177808.1638544,1757177808.164437,0.0005826950073242188
1757177808.3403502,1757177808.3711317,0.03078150749206543
1757177808.44868,1757177808.4493165,0.0006365776062011719
1757177808.629302,1757177808.6600664,0.030764341354370117
1757177808.736233,1757177808.7642019,0.027968883514404297
1757177808.8568425,1757177808.8883963,0.03155374526977539
1757177808.9641292,1757177808.9647636,0.0006344318389892578
1757177809.1462717,1757177809.1723554,0.026083707809448242
1757177809.239328,1757177809.2399879,0.000659942626953125
1757177809.4210768,1757177809.4462538,0.025177001953125
1757177809.5140634,1757177809.5146728,0.0006093978881835938
1757177809.7006292,1757177809.7256212,0.024991989135742188
1757177809.795349,1757177809.7958925,0.0005435943603515625
1757177809.9781156,1757177810.003825,0.02570939064025879
1757177810.074834,1757177810.0754156,0.0005815029144287109
1757177810.2564533,1757177810.2825935,0.026140213012695312
1757177810.3522396,1757177810.3527951,0.0005555152893066406
1757177810.5441065,1757177810.5697057,0.025599241256713867
1757177810.6426473,1757177810.6432905,0.0006432533264160156
1757177810.8247864,1757177810.8503835,0.025597095489501953
1757177810.920801,1757177810.9214408,0.0006399154663085938
1757177811.108623,1757177811.109197,0.0005738735198974609
1757177811.2888715,1757177811.3182862,0.029414653778076172
1757177811.388993,1757177811.3896122,0.0006191730499267578
1757177811.5661056,1757177811.5977297,0.03162407875061035
1757177811.6702032,1757177811.6710062,0.0008029937744140625
1757177811.8502126,1757177811.8770556,0.02684307098388672
1757177811.9474125,1757177811.9480655,0.0006530284881591797
1757177812.1269355,1757177812.1548402,0.027904748916625977
1757177812.2223067,1757177812.2229412,0.0006344318389892578
1757177812.397434,1757177812.4277456,0.03031158447265625
1757177812.5004299,1757177812.5010517,0.000621795654296875
1757177812.677324,1757177812.7026176,0.025293588638305664
1757177812.771816,1757177812.7723992,0.0005831718444824219
1757177813.0582938,1757177813.0831692,0.024875402450561523
1757177813.161076,1757177813.1616848,0.0006086826324462891
1757177813.335459,1757177813.3632731,0.027814149856567383
1757177813.4461026,1757177813.4467041,0.0006015300750732422
1757177813.6239762,1757177813.6500168,0.02604055404663086
1757177813.7252753,1757177813.725945,0.0006697177886962891
1757177813.9040272,1757177813.9297528,0.025725603103637695
1757177814.007459,1757177814.0080822,0.0006232261657714844
1757177814.1838365,1757177814.2091386,0.02530217170715332
1757177814.287519,1757177814.2881396,0.0006206035614013672
1757177814.4637806,1757177814.4925752,0.028794527053833008
1757177814.566405,1757177814.5670288,0.0006237030029296875
1757177814.741381,1757177814.7667472,0.02536630630493164
1757177814.8370097,1757177814.8376353,0.0006256103515625
1757177815.0178535,1757177815.0456235,0.027770042419433594
1757177815.1187913,1757177815.1194432,0.0006518363952636719
1757177815.2987366,1757177815.3258655,0.027128934860229492
1757177815.3991847,1757177815.3998647,0.0006799697875976562
1757177815.5772502,1757177815.6028814,0.025631189346313477
1757177815.6785514,1757177815.6791961,0.000644683837890625
1757177815.8655908,1757177815.8965423,0.030951499938964844
1757177815.976561,1757177815.977184,0.0006229877471923828
1757177816.1584687,1757177816.1890213,0.03055262565612793
1757177816.263614,1757177816.2642412,0.0006272792816162109
1757177816.4536357,1757177816.478939,0.025303363800048828
1757177816.5477748,1757177816.5484025,0.0006277561187744141
1757177816.7238276,1757177816.7503479,0.026520252227783203
1757177816.8401597,1757177816.8408601,0.0007004737854003906
1757177817.0237887,1757177817.0546145,0.03082585334777832
1757177817.1298163,1757177817.1304312,0.0006148815155029297
1757177817.3077643,1757177817.3326845,0.024920225143432617
1757177817.4053288,1757177817.4059713,0.0006425380706787109
1757177817.587981,1757177817.6154122,0.027431249618530273
1757177817.6867533,1757177817.6873424,0.0005891323089599609
1757178017.333632,1757178017.4692204,0.1355884075164795
1757178019.1142495,1757178019.2563794,0.14212989807128906
1757178019.308286,1757178019.3088727,0.0005867481231689453
1757178019.3682005,1757178019.502906,0.1347055435180664
1757178019.5595598,1757178019.6710963,0.11153650283813477
1757178019.7266245,1757178019.8656979,0.13907337188720703
1757178019.943938,1757178019.9445095,0.0005714893341064453
1757178019.9979563,1757178020.0875452,0.08958888053894043
1757178020.1457653,1757178020.2572188,0.11145353317260742
1757178020.316506,1757178020.4563837,0.1398777961730957
1757178020.5186422,1757178020.5192075,0.0005652904510498047
1757178020.5722013,1757178020.6640785,0.09187722206115723
1757178020.7261417,1757178020.8652518,0.13911008834838867
1757178020.9254456,1757178021.0359735,0.11052799224853516
1757178065.0413435,1757178065.0671232,0.02577972412109375
1757178065.1397362,1757178065.1403925,0.0006563663482666016
1757178065.2037396,1757178065.204332,0.0005924701690673828
1757178065.2726994,1757178065.2848465,0.012147188186645508
1757178065.3576148,1757178065.3851695,0.027554750442504883
1757178065.452314,1757178065.4529018,0.0005879402160644531
1757178065.6391747,1757178065.6701188,0.030944108963012695
1757178065.7377574,1757178065.7383373,0.000579833984375
1757178065.9229357,1757178065.95396,0.03102421760559082
1757178066.022751,1757178066.0233123,0.0005612373352050781
1757178066.2072926,1757178066.2329729,0.0256803035736084
1757178066.3007703,1757178066.3013418,0.0005714893341064453
1757178066.4817452,1757178066.509468,0.027722835540771484
1757178066.5793588,1757178066.5803182,0.0009593963623046875
1757178066.7702718,1757178066.7977216,0.027449846267700195
1757178066.8640702,1757178066.8649662,0.0008959770202636719
1757178067.047082,1757178067.076425,0.029343128204345703
1757178067.142972,1757178067.1439762,0.0010042190551757812
1757178067.3249393,1757178067.3568788,0.03193950653076172
1757178067.4237561,1757178067.4248254,0.0010693073272705078
1757178067.6037993,1757178067.6314442,0.027644872665405273
1757178067.699965,1757178067.7010148,0.0010497570037841797
1757178067.8805833,1757178067.9143288,0.033745527267456055
1757178067.9840353,1757178067.9849658,0.0009305477142333984
1757178068.159297,1757178068.1927116,0.033414602279663086
1757178068.2607822,1757178068.2617972,0.0010149478912353516
1757178068.4535782,1757178068.487029,0.03345084190368652
1757178068.557931,1757178068.5589793,0.0010483264923095703
1757178068.7345228,1757178068.7677855,0.03326272964477539
1757178068.8495505,1757178068.850528,0.0009775161743164062
1757178069.0235672,1757178069.0507011,0.027133941650390625
1757178069.122072,1757178069.1230078,0.0009357929229736328
1757178069.2987008,1757178069.330907,0.03220629692077637
1757178069.4567246,1757178069.4837067,0.02698206901550293
1757178069.5480268,1757178069.5489004,0.000873565673828125
1757178069.7316015,1757178069.7593775,0.027776002883911133
1757178069.8273811,1757178069.8283167,0.0009355545043945312
1757178070.1172225,1757178070.148497,0.03127455711364746
1757178070.21945,1757178070.2204542,0.0010042190551757812
1757178070.4106386,1757178070.4435854,0.03294682502746582
1757178070.5078888,1757178070.5088654,0.0009765625
1757178070.6909325,1757178070.7247865,0.033854007720947266
1757178070.7908728,1757178070.791853,0.0009801387786865234
1757178071.0030296,1757178071.0291975,0.026167869567871094
1757178071.094179,1757178071.094996,0.0008170604705810547
1757178071.2790132,1757178071.3122337,0.033220529556274414
1757178071.37921,1757178071.3800662,0.0008561611175537109
1757178071.558599,1757178071.591902,0.033303022384643555
1757178071.6593032,1757178071.6603117,0.0010085105895996094
1757178071.8475432,1757178071.8754532,0.02790999412536621
1757178071.9426923,1757178071.943633,0.0009407997131347656
1757178072.1287186,1757178072.1569433,0.028224706649780273
1757178072.2291193,1757178072.2300854,0.0009660720825195312
1757178072.411441,1757178072.4441383,0.032697200775146484
1757178072.5094347,1757178072.5103743,0.0009396076202392578
1757178072.6984155,1757178072.7313755,0.032959938049316406
1757178072.8149533,1757178072.8159626,0.001009225845336914
1757178072.9881847,1757178073.020143,0.03195834159851074
1757178073.0851755,1757178073.086069,0.0008935928344726562
1757178073.257728,1757178073.2903385,0.032610416412353516
1757178073.3708668,1757178073.3718467,0.0009799003601074219
1757178073.5452106,1757178073.574646,0.029435396194458008
1757178073.6469176,1757178073.647861,0.0009434223175048828
1757178073.8293786,1757178073.8686783,0.039299726486206055
1757178073.9356332,1757178073.936532,0.0008988380432128906
1757178074.1111653,1757178074.1415243,0.03035902976989746
1757178074.2084944,1757178074.2095716,0.0010771751403808594
1757178074.3838716,1757178074.414981,0.031109333038330078
1757178074.4849243,1757178074.486043,0.0011186599731445312
1757178074.6590104,1757178074.6865342,0.02752375602722168
1757178074.766649,1757178074.7676618,0.0010128021240234375
1757178074.9583733,1757178074.9894288,0.031055450439453125
1757178075.0570931,1757178075.0581183,0.0010251998901367188
1757178075.232313,1757178075.262661,0.03034806251525879
1757178075.32982,1757178075.3307776,0.0009577274322509766
1757178075.504388,1757178075.5372617,0.03287363052368164
1757178075.6041703,1757178075.6051357,0.0009653568267822266
1757178075.7787125,1757178075.8073025,0.028589963912963867
1757178075.874687,1757178075.875642,0.0009551048278808594
1757178076.0654247,1757178076.0983763,0.03295159339904785
1757178076.1641884,1757178076.1651504,0.0009620189666748047
1757178076.3401515,1757178076.369544,0.029392480850219727
1757178076.4363403,1757178076.437331,0.0009906291961669922
1757178076.613951,1757178076.646167,0.03221607208251953
1757178076.7115252,1757178076.712474,0.0009489059448242188
1757178076.8952806,1757178076.9284673,0.03318667411804199
1757178076.9978838,1757178076.99888,0.0009961128234863281
1757178077.1766748,1757178077.2039473,0.027272462844848633
1757178077.2737894,1757178077.274768,0.000978708267211914
1757178077.4502287,1757178077.4822226,0.031993865966796875
1757178077.5553446,1757178077.5562987,0.0009541511535644531
1757178077.7513874,1757178077.7792294,0.027842044830322266
1757178077.850546,1757178077.8515522,0.0010063648223876953
1757178078.0262127,1757178078.0560474,0.029834747314453125
1757178078.123256,1757178078.1243215,0.0010654926300048828
1757178078.2990437,1757178078.3319476,0.03290390968322754
1757178078.3985612,1757178078.3995543,0.0009930133819580078
1757178078.5729244,1757178078.6059303,0.03300595283508301
1757178078.6722634,1757178078.6732833,0.0010199546813964844
1757178078.850797,1757178078.8847303,0.033933401107788086
1757178078.9526455,1757178078.9536269,0.0009813308715820312
1757178079.1392357,1757178079.167447,0.028211355209350586
1757178079.2343445,1757178079.2353454,0.0010008811950683594
1757178079.4218447,1757178079.454314,0.03246927261352539
1757178079.521034,1757178079.5220575,0.0010235309600830078
1757178079.6989212,1757178079.726674,0.02775287628173828
1757178079.7958267,1757178079.796918,0.0010912418365478516
1757178079.9816382,1757178080.010101,0.028462886810302734
1757178080.0781481,1757178080.079166,0.0010178089141845703
1757178080.2581172,1757178080.2894244,0.031307220458984375
1757178080.3565571,1757178080.357514,0.0009567737579345703
1757178080.536817,1757178080.5648878,0.028070688247680664
1757178080.6331892,1757178080.6341996,0.0010104179382324219
1757178080.821225,1757178080.8551311,0.03390622138977051
1757178080.9301274,1757178080.9311748,0.001047372817993164
1757178081.1249633,1757178081.1588812,0.033917903900146484
1757178081.2823331,1757178081.3163266,0.03399348258972168
1757178081.385538,1757178081.3864658,0.0009276866912841797
1757178081.5647888,1757178081.5955439,0.030755043029785156
1757178081.660936,1757178081.6621022,0.0011661052703857422
1757178081.8431823,1757178081.8711445,0.027962207794189453
1757178081.9372485,1757178081.938161,0.0009124279022216797
1757178082.1204689,1757178082.148023,0.027554035186767578
1757178082.214802,1757178082.2157662,0.0009641647338867188
1757178082.396099,1757178082.4240286,0.02792954444885254
1757178082.4915786,1757178082.4925168,0.0009381771087646484
1757178082.6736684,1757178082.6745923,0.0009238719940185547
1757178082.8506143,1757178082.8784952,0.02788090705871582
1757178082.9469478,1757178082.9480593,0.0011115074157714844
1757178083.124011,1757178083.1588414,0.034830331802368164
1757178083.2285676,1757178083.2295012,0.0009336471557617188
1757178083.4036434,1757178083.4378743,0.034230947494506836
1757178083.512592,1757178083.5136678,0.00107574462890625
1757178083.6929736,1757178083.7272713,0.03429770469665527
1757178083.800171,1757178083.801214,0.001043081283569336
1757178083.979379,1757178084.0129015,0.033522605895996094
1757178084.1034622,1757178084.1314044,0.027942180633544922
1757178084.1989582,1757178084.2000785,0.0011203289031982422
1757178084.3858097,1757178084.41975,0.03394031524658203
1757178084.5053797,1757178084.5390577,0.03367805480957031
1757178084.6068556,1757178084.6078067,0.0009510517120361328
1757178084.7918036,1757178084.8199031,0.028099536895751953
1757178084.8876588,1757178084.8886712,0.0010123252868652344
1757178085.0766954,1757178085.1056218,0.028926372528076172
1757178085.1728387,1757178085.1739802,0.0011415481567382812
1757178085.360107,1757178085.3881838,0.028076887130737305
1757178085.4579272,1757178085.4588451,0.0009179115295410156
1757178085.6469178,1757178085.6744328,0.027514934539794922
1757178085.7423065,1757178085.7432413,0.0009348392486572266
1757178085.9233065,1757178085.9577901,0.03448367118835449
1757178086.0320086,1757178086.0330236,0.0010149478912353516
1757178086.2317739,1757178086.2604022,0.02862834930419922
1757178086.328946,1757178086.3298213,0.0008752346038818359
1757178086.5133948,1757178086.5476055,0.0342106819152832
1757178086.6292417,1757178086.6302052,0.0009634494781494141
1757178086.8115082,1757178086.8433995,0.0318913459777832
1757178086.9132466,1757178086.9143293,0.0010826587677001953
1757178087.0893726,1757178087.1182094,0.028836727142333984
1757178087.1862662,1757178087.1872203,0.0009541511535644531
1757178087.3666801,1757178087.395094,0.028413772583007812
1757178087.4644659,1757178087.4654884,0.0010225772857666016
1757178087.6416063,1757178087.6699302,0.028323888778686523
1757178087.7467902,1757178087.7478023,0.0010120868682861328
1757178276.9640517,1757178276.9956188,0.03156709671020508
1757178278.5781553,1757178278.6082623,0.03010702133178711
1757178278.6638823,1757178278.6648266,0.0009443759918212891
1757178278.7208703,1757178278.7219975,0.0011272430419921875
1757178278.7813396,1757178278.7964501,0.015110492706298828
1757178278.857034,1757178278.8602247,0.003190755844116211
1757178278.9205947,1757178278.9479759,0.027381181716918945
1757178279.0055456,1757178279.0064673,0.0009217262268066406
1757178279.062473,1757178279.0634568,0.0009837150573730469
1757178279.120012,1757178279.136883,0.016870975494384766
1757178279.1947782,1757178279.1975234,0.0027451515197753906
1757178279.255089,1757178279.2859402,0.030851125717163086
1757178279.3464768,1757178279.3475509,0.001074075698852539
1757178279.402027,1757178279.403155,0.0011281967163085938
1757178279.4716024,1757178279.4984367,0.02683424949645996
1757178328.62864,1757178328.6579475,0.02930760383605957
1757178328.7357926,1757178328.7367675,0.0009748935699462891
1757178328.907821,1757178328.9365854,0.02876448631286621
1757178329.009134,1757178329.010109,0.0009748935699462891
1757178329.1869867,1757178329.2189658,0.03197908401489258
1757178329.2918265,1757178329.2928,0.0009734630584716797
1757178329.4652812,1757178329.4932544,0.027973175048828125
1757178329.5686142,1757178329.5697465,0.0011322498321533203
1757178329.7476327,1757178329.7801619,0.03252911567687988
1757178329.855631,1757178329.8567283,0.0010972023010253906
1757178330.0353851,1757178330.0616925,0.026307344436645508
1757178330.131629,1757178330.1326118,0.0009827613830566406
1757178330.3060987,1757178330.3319616,0.025862932205200195
1757178330.4241362,1757178330.425098,0.0009617805480957031
1757178330.598725,1757178330.624181,0.025455951690673828
1757178330.698967,1757178330.699962,0.0009949207305908203
1757178330.8729928,1757178330.8987138,0.025721073150634766
1757178330.9781146,1757178331.0043662,0.026251554489135742
1757178331.077881,1757178331.1086748,0.03079366683959961
1757178331.1813672,1757178331.1823664,0.0009992122650146484
1757178331.3631928,1757178331.3949564,0.031763553619384766
1757178331.4653752,1757178331.4663563,0.0009810924530029297
1757178331.6529946,1757178331.6790838,0.026089191436767578
1757178331.751468,1757178331.7524981,0.0010302066802978516
1757178331.9374747,1757178331.9637823,0.02630758285522461
1757178332.0337958,1757178332.0347462,0.0009503364562988281
1757178332.2153773,1757178332.2440696,0.028692245483398438
1757178332.3130903,1757178332.3140104,0.0009200572967529297
1757178332.4903722,1757178332.5224066,0.03203439712524414
1757178332.5884356,1757178332.5893695,0.0009338855743408203
1757178332.7754529,1757178332.8010802,0.02562737464904785
1757178332.8669589,1757178332.8678498,0.0008909702301025391
1757178333.0648503,1757178333.0971677,0.032317399978637695
1757178333.1648204,1757178333.1656709,0.0008504390716552734
1757178333.3420858,1757178333.373868,0.03178215026855469
1757178333.440824,1757178333.4418595,0.001035451889038086
1757178333.6154823,1757178333.647036,0.03155374526977539
1757178333.7149677,1757178333.7159538,0.0009860992431640625
1757178333.8909833,1757178333.916266,0.025282621383666992
1757178333.9836383,1757178333.9846935,0.0010552406311035156
1757178334.1603277,1757178334.1915038,0.031176090240478516
1757178334.2596378,1757178334.2606304,0.0009925365447998047
1757178334.4457123,1757178334.4779403,0.03222799301147461
1757178334.5610213,1757178334.5620337,0.0010123252868652344
1757178334.7428503,1757178334.773037,0.03018665313720703
1757178334.8579237,1757178334.8586214,0.0006976127624511719
1757178335.041962,1757178335.0669515,0.024989604949951172
1757178335.1397157,1757178335.1403463,0.0006306171417236328
1757178335.314359,1757178335.3149855,0.0006265640258789062
1757178335.4899218,1757178335.5151489,0.025227069854736328
1757178335.5842814,1757178335.5849504,0.0006690025329589844
1757178335.758457,1757178335.7833836,0.02492666244506836
1757178335.8512318,1757178335.8518095,0.0005776882171630859
1757178336.026529,1757178336.051339,0.024809837341308594
1757178336.1239946,1757178336.124589,0.0005943775177001953
1757178336.298062,1757178336.3338675,0.035805463790893555
1757178336.4144366,1757178336.415068,0.0006313323974609375
1757178336.5940695,1757178336.6211905,0.02712106704711914
1757178336.6899805,1757178336.6906044,0.0006239414215087891
1757178336.8652544,1757178336.8932967,0.028042316436767578
1757178336.96803,1757178336.968627,0.0005970001220703125
1757178337.1467462,1757178337.177424,0.03067779541015625
1757178337.2520266,1757178337.2527206,0.0006940364837646484
1757178337.4253821,1757178337.4560087,0.030626535415649414
1757178337.5294168,1757178337.530123,0.0007061958312988281
1757178337.7039165,1757178337.7318144,0.02789783477783203
1757178337.8069136,1757178337.807548,0.0006344318389892578
1757178337.9830678,1757178338.0109086,0.027840852737426758
1757178338.085815,1757178338.0864449,0.0006299018859863281
1757178338.2618015,1757178338.2869608,0.025159358978271484
1757178338.3521812,1757178338.3528008,0.0006196498870849609
1757178338.5289092,1757178338.5565326,0.027623414993286133
1757178338.6237185,1757178338.624301,0.0005824565887451172
1757178338.797697,1757178338.8248234,0.027126312255859375
1757178338.9018238,1757178338.902393,0.0005693435668945312
1757178339.079277,1757178339.109541,0.030263900756835938
1757178339.2055762,1757178339.2061708,0.0005946159362792969
1757178339.3934739,1757178339.4234247,0.029950857162475586
1757178339.493694,1757178339.5180364,0.02434229850769043
1757178339.6370451,1757178339.637708,0.0006628036499023438
1757178339.8115594,1757178339.8421824,0.03062295913696289
1757178339.9116113,1757178339.912259,0.0006477832794189453
1757178340.0859237,1757178340.1101735,0.024249792098999023
1757178340.1769838,1757178340.177622,0.0006382465362548828
1757178340.3523915,1757178340.3818703,0.029478788375854492
1757178340.4492283,1757178340.4497955,0.0005671977996826172
1757178340.6280518,1757178340.65326,0.025208234786987305
1757178340.7193687,1757178340.7199812,0.0006124973297119141
1757178340.8951676,1757178340.9198723,0.024704694747924805
1757178341.0054865,1757178341.0061069,0.0006203651428222656
1757178341.1919143,1757178341.2167222,0.02480792999267578
1757178341.2864559,1757178341.287144,0.0006880760192871094
1757178341.4648821,1757178341.4890804,0.024198293685913086
1757178341.5570035,1757178341.557568,0.0005645751953125
1757178341.7318716,1757178341.7567077,0.024836063385009766
1757178341.8378425,1757178341.838454,0.0006115436553955078
1757178342.0186338,1757178342.0497227,0.031088829040527344
1757178342.1222165,1757178342.122826,0.0006096363067626953
1757178342.298197,1757178342.3292415,0.031044483184814453
1757178342.3978088,1757178342.398419,0.0006101131439208984
1757178342.577635,1757178342.6025875,0.024952411651611328
1757178342.6697295,1757178342.670328,0.0005984306335449219
1757178342.857504,1757178342.8968363,0.03933238983154297
1757178342.9767268,1757178342.9773028,0.000576019287109375
1757178343.151902,1757178343.1773195,0.025417566299438477
1757178343.2520416,1757178343.2526953,0.0006537437438964844
1757178343.4269931,1757178343.4523706,0.025377511978149414
1757178343.5192935,1757178343.519883,0.0005893707275390625
1757178343.6938517,1757178343.724703,0.030851364135742188
1757178343.7934976,1757178343.794112,0.0006144046783447266
1757178343.972703,1757178343.9978192,0.0251162052154541
1757178344.0810313,1757178344.0816593,0.0006279945373535156
1757178344.256474,1757178344.2817485,0.02527451515197754
1757178344.3497329,1757178344.350295,0.0005621910095214844
1757178344.5285506,1757178344.5599515,0.03140091896057129
1757178344.6286347,1757178344.6292295,0.0005948543548583984
1757178344.8067162,1757178344.832064,0.02534770965576172
1757178344.8998733,1757178344.900441,0.0005676746368408203
1757178345.0771055,1757178345.1021783,0.025072813034057617
1757178345.1700032,1757178345.1705563,0.000553131103515625
1757178345.352888,1757178345.380244,0.02735590934753418
1757178345.448932,1757178345.4496026,0.0006706714630126953
1757178345.6270187,1757178345.6526103,0.025591611862182617
1757178345.723024,1757178345.7235925,0.0005686283111572266
1757178345.9039857,1757178345.9347641,0.03077840805053711
1757178346.007798,1757178346.0083895,0.0005915164947509766
1757178346.1914332,1757178346.2203753,0.028942108154296875
1757178346.2935083,1757178346.2941628,0.0006544589996337891
1757178346.4751859,1757178346.4999444,0.024758577346801758
1757178346.5691285,1757178346.5697858,0.0006573200225830078
1757178346.7505493,1757178346.775731,0.02518177032470703
1757178346.8456128,1757178346.8461905,0.0005776882171630859
1757178347.028077,1757178347.0592546,0.031177759170532227
1757178347.1250405,1757178347.1256642,0.0006237030029296875
1757178347.3059094,1757178347.3065944,0.0006849765777587891
1757178347.4813306,1757178347.5103667,0.02903604507446289
1757178347.5797977,1757178347.5804427,0.0006449222564697266
1757178347.7564743,1757178347.7929783,0.03650403022766113
1757178347.8616803,1757178347.8623278,0.0006475448608398438
1757178348.0529833,1757178348.082977,0.029993772506713867
1757178348.165422,1757178348.1660237,0.0006017684936523438
1757178348.3417118,1757178348.3670936,0.025381803512573242
1757178348.4445899,1757178348.4452424,0.0006525516510009766
1757178348.6246064,1757178348.6499476,0.025341272354125977
1757178348.727489,1757178348.7281587,0.0006697177886962891
1757178348.9034145,1757178348.931918,0.02850341796875
1757178349.0082145,1757178349.0088162,0.0006017684936523438
1757178349.1824803,1757178349.2136667,0.031186342239379883
1757178349.288535,1757178349.3155906,0.02705550193786621
1757178349.3849823,1757178349.3855553,0.0005729198455810547
1757178349.5640924,1757178349.5897763,0.025683879852294922
1757178349.6576324,1757178349.6582935,0.0006611347198486328
1757178349.839157,1757178349.864175,0.025017976760864258
1757178349.9348443,1757178349.9354863,0.0006420612335205078
1757178350.1149971,1757178350.1456025,0.030605316162109375
1757178350.2160115,1757178350.2166142,0.00060272216796875
1757178350.4110124,1757178350.4360716,0.025059223175048828
1757178350.5029156,1757178350.5035365,0.0006208419799804688
1757178350.6916244,1757178350.7165039,0.02487945556640625
1757178350.7873356,1757178350.7879057,0.0005700588226318359
1757178350.9944882,1757178351.0254076,0.030919313430786133
1757178351.0963883,1757178351.0970178,0.000629425048828125
1757178351.2778704,1757178351.3090894,0.031219005584716797
1757178351.3811278,1757178351.3817275,0.0005996227264404297
1757178351.559665,1757178351.5898988,0.03023386001586914
1757178351.6615295,1757178351.6621437,0.000614166259765625
1757178351.8385246,1757178351.8639634,0.025438785552978516
1757178351.9345925,1757178351.9352238,0.0006313323974609375
1757178352.1118262,1757178352.1420853,0.030259132385253906
1757178352.212317,1757178352.2129366,0.0006196498870849609
1757178546.7628803,1757178546.7952626,0.03238224983215332
1757178548.3795426,1757178548.4105167,0.030974149703979492
1757178548.4625957,1757178548.4632044,0.0006086826324462891
1757178548.5214858,1757178548.523766,0.0022802352905273438
1757178548.5966227,1757178548.6212301,0.024607419967651367
1757178548.6764438,1757178548.6774542,0.0010104179382324219
1757178548.7390707,1757178548.7415125,0.002441883087158203
1757178548.8064451,1757178548.834698,0.028252840042114258
1757178548.8919344,1757178548.8927875,0.0008530616760253906
1757178548.952647,1757178548.9609573,0.008310317993164062
1757178549.0366488,1757178549.0681293,0.03148055076599121
1757178565.4506733,1757178565.4825711,0.031897783279418945
1757178567.0431466,1757178567.0748622,0.03171563148498535
1757178567.1272075,1757178567.127971,0.0007634162902832031
1757178567.1879618,1757178567.1903534,0.0023915767669677734
1757178567.2412896,1757178567.2726169,0.031327247619628906
1757178567.346013,1757178567.346835,0.0008218288421630859
1757178567.4013915,1757178567.4021056,0.0007140636444091797
1757178567.4643047,1757178567.46666,0.002355337142944336
1757178567.5239942,1757178567.5485985,0.024604320526123047
1757178567.6053176,1757178567.6060777,0.0007600784301757812
1757178567.667134,1757178567.6903443,0.02321028709411621
1757178567.7478278,1757178567.7500699,0.0022420883178710938
1757178567.814421,1757178567.8458447,0.03142380714416504
1757178567.9007666,1757178567.9015117,0.0007450580596923828
1757178567.9524176,1757178567.9730291,0.02061152458190918
1757178568.0293212,1757178568.031545,0.0022237300872802734
1757178568.0856323,1757178568.1109169,0.025284528732299805
1757178568.1662416,1757178568.166943,0.0007014274597167969
1757178568.2273161,1757178568.248258,0.020941972732543945
1757178568.3118086,1757178568.3140278,0.0022192001342773438
1757178568.3687565,1757178568.396471,0.02771449089050293
1757178568.4518924,1757178568.4526193,0.0007269382476806641
1757178568.505162,1757178568.526546,0.021384000778198242
1757178568.5968208,1757178568.5991526,0.0023317337036132812
1757178568.654698,1757178568.6821775,0.02747964859008789
1757178568.7391205,1757178568.7398412,0.0007207393646240234
1757178568.799596,1757178568.8077543,0.008158206939697266
1757178568.8646858,1757178568.8669648,0.002279043197631836
1757178568.9220471,1757178568.9522178,0.030170679092407227
1757178569.007423,1757178569.0081458,0.0007228851318359375
1757178569.0604954,1757178569.062752,0.002256631851196289
1757178569.117003,1757178569.1420712,0.025068283081054688
1757178569.1981494,1757178569.1988642,0.0007147789001464844
1757178569.2658284,1757178569.2783568,0.012528419494628906
1757178569.3384619,1757178569.3408427,0.002380847930908203
1757178569.3962476,1757178569.421642,0.025394439697265625
1757178569.4787817,1757178569.4794784,0.0006966590881347656
1757178569.5440607,1757178569.5557332,0.011672496795654297
1757178569.612177,1757178569.6144953,0.0023183822631835938
1757178569.6692002,1757178569.69674,0.027539730072021484
1757178569.752949,1757178569.753714,0.0007650852203369141
1757178569.8072004,1757178569.8361325,0.02893209457397461
1757178569.8984902,1757178569.900741,0.0022509098052978516
1757178569.959102,1757178569.9892762,0.03017425537109375
1757178570.0497675,1757178570.0506036,0.0008361339569091797
1757178570.1045454,1757178570.106245,0.001699686050415039
1757178570.1682231,1757178570.170735,0.002511739730834961
1757178570.2250624,1757178570.2551763,0.030113935470581055
1757178570.3106778,1757178570.3114264,0.0007486343383789062
1757178570.373305,1757178570.3860743,0.012769222259521484
1757178570.447476,1757178570.4497912,0.0023152828216552734
1757178570.506277,1757178570.5361483,0.029871225357055664
1757178570.6015255,1757178570.6022863,0.0007607936859130859
1757178570.6632845,1757178570.6775572,0.014272689819335938
1757178570.7347782,1757178570.7371287,0.0023505687713623047
1757178570.791428,1757178570.8163543,0.024926185607910156
1757178570.8703473,1757178570.8710718,0.0007245540618896484
1757178570.9224343,1757178570.9505334,0.02809906005859375
1757178571.0127664,1757178571.0153382,0.0025718212127685547
1757178571.06953,1757178571.0943987,0.02486872673034668
1757178571.1491728,1757178571.1499186,0.0007457733154296875
1757178571.2009192,1757178571.232535,0.0316157341003418
1757178571.293253,1757178571.2958853,0.0026323795318603516
1757178571.3611326,1757178571.3895638,0.028431177139282227
1757178571.449196,1757178571.449992,0.0007958412170410156
1757178571.5034926,1757178571.5079556,0.0044629573822021484
1757178571.5654368,1757178571.5677829,0.002346038818359375
1757178571.621678,1757178571.6470606,0.025382518768310547
1757178571.6999335,1757178571.7006772,0.0007436275482177734
1757178571.7601345,1757178571.7835765,0.02344202995300293
1757178571.8603222,1757178571.8853464,0.0250241756439209
1757178571.9452608,1757178571.94758,0.0023193359375
1757178572.0001812,1757178572.0254176,0.02523636817932129
1757178572.0792532,1757178572.0802305,0.0009772777557373047
1757178572.137959,1757178572.1596777,0.021718740463256836
1757178572.2173095,1757178572.219565,0.0022554397583007812
1757178572.2749252,1757178572.304406,0.029480695724487305
1757178572.360354,1757178572.3610866,0.0007326602935791016
1757178572.4182525,1757178572.4391744,0.020921945571899414
1757178572.4952636,1757178572.4977283,0.002464771270751953
1757178572.5528955,1757178572.578387,0.02549147605895996
1757178572.632484,1757178572.6332176,0.0007336139678955078
1757178572.6867304,1757178572.7190473,0.03231692314147949
1757178572.777416,1757178572.780139,0.0027229785919189453
1757178572.8335738,1757178572.861571,0.027997255325317383
1757178572.9209588,1757178572.9216688,0.0007100105285644531
1757178572.980946,1757178572.992793,0.01184701919555664
1757178573.0541487,1757178573.056622,0.0024733543395996094
1757178573.114326,1757178573.140214,0.02588796615600586
1757178573.2076411,1757178573.2083464,0.0007052421569824219
1757178573.2595055,1757178573.2829127,0.0234072208404541
1757178573.3434892,1757178573.3460238,0.002534627914428711
1757178573.4089646,1757178573.4337459,0.024781227111816406
1757178573.4904346,1757178573.4911144,0.0006797313690185547
1757178573.6535728,1757178573.6847672,0.031194448471069336
1757178573.7553787,1757178573.7819664,0.026587724685668945
1757178573.8390846,1757178573.8686593,0.02957463264465332
1757178573.925996,1757178573.9591837,0.0331876277923584
1757178574.0194438,1757178574.0482993,0.028855562210083008
1757178574.1106572,1757178574.1378386,0.027181386947631836
1757178574.1936684,1757178574.2278347,0.03416633605957031
1757178574.2862482,1757178574.3191338,0.03288555145263672
1757178574.3765593,1757178574.4101834,0.03362417221069336
1757178574.467219,1757178574.4995525,0.0323333740234375
1757178574.5634184,1757178574.5898588,0.02644038200378418
1757178574.6490183,1757178574.6826985,0.03368020057678223
1757178574.753399,1757178574.7805831,0.027184247970581055
1757178574.8394504,1757178574.874948,0.03549766540527344
1757178574.9341133,1757178574.9690065,0.03489327430725098
1757178575.026914,1757178575.0542092,0.027295351028442383
1757178575.1119897,1757178575.1388927,0.02690291404724121
1757178575.197053,1757178575.2241006,0.02704763412475586
1757178575.2846744,1757178575.3111072,0.02643275260925293
1757178575.3691607,1757178575.3956172,0.026456594467163086
1757178575.4529908,1757178575.4853382,0.03234744071960449
1757178575.5428984,1757178575.5694833,0.026584863662719727
1757178575.6323788,1757178575.659146,0.026767253875732422
1757178575.720304,1757178575.748825,0.028521060943603516
1757178575.80906,1757178575.8447382,0.03567814826965332
1757178575.904632,1757178575.933335,0.028702974319458008
1757178575.9945498,1757178576.0244386,0.02988886833190918
1757178576.087317,1757178576.115454,0.0281369686126709
1757178576.1751015,1757178576.2024333,0.027331829071044922
1757178576.2608328,1757178576.2877524,0.02691960334777832
1757178576.3654568,1757178576.4664197,0.10096287727355957
1757178576.5277724,1757178576.528543,0.00077056884765625
1757178576.581337,1757178576.5818574,0.0005204677581787109
1757178576.6375387,1757178576.6398466,0.002307891845703125
1757178576.694803,1757178576.7211664,0.026363372802734375
1757178576.7786746,1757178576.7792895,0.0006148815155029297
1757178576.943886,1757178576.9717429,0.027856826782226562
1757178577.0849774,1757178577.1858647,0.10088729858398438
1757178577.2479515,1757178577.2485821,0.0006306171417236328
1757178577.310635,1757178577.3113732,0.0007381439208984375
1757178577.3714442,1757178577.401358,0.029913663864135742
1757178577.4570045,1757178577.4595022,0.0024976730346679688
1757178577.5151505,1757178577.5422947,0.027144193649291992
1757178577.5984516,1757178577.5990038,0.0005521774291992188
1757178577.7660055,1757178577.8084028,0.042397260665893555
1757178577.8668625,1757178577.893775,0.026912450790405273
1757178577.9715402,1757178577.9998076,0.028267383575439453
1757178578.0575647,1757178578.0836656,0.026100873947143555
1757178578.141037,1757178578.1682155,0.027178525924682617
1757178578.2250748,1757178578.2532396,0.02816486358642578
1757178578.3156562,1757178578.3420148,0.026358604431152344
1757178578.4058068,1757178578.4382293,0.032422542572021484
1757178578.4961393,1757178578.528339,0.03219962120056152
1757178578.585258,1757178578.622285,0.03702688217163086
1757178578.6827579,1757178578.7107377,0.02797985076904297
1757178578.7723386,1757178578.7984097,0.02607107162475586
1757178578.858338,1757178578.8849804,0.026642322540283203
1757178578.9420571,1757178578.9684532,0.02639603614807129
1757178579.030725,1757178579.0605092,0.029784202575683594
1757178579.1182244,1757178579.150618,0.032393693923950195
1757178579.2080166,1757178579.2354102,0.027393579483032227
1757178579.2934628,1757178579.320707,0.02724432945251465
1757178579.3766987,1757178579.4050887,0.028389930725097656
1757178579.461678,1757178579.4889784,0.027300357818603516
1757178579.545847,1757178579.5725598,0.026712894439697266
1757178579.6322732,1757178579.664356,0.03208279609680176
1757178579.72083,1757178579.7471104,0.02628040313720703
1757178579.805424,1757178579.8319507,0.026526689529418945
1757178579.8897173,1757178579.917276,0.027558565139770508
1757178579.996911,1757178580.097749,0.10083794593811035
1757178580.1715794,1757178580.2123344,0.04075503349304199
1757178580.278543,1757178580.319498,0.0409550666809082
1757178580.376899,1757178580.4103835,0.033484458923339844
1757178580.469936,1757178580.4969463,0.027010440826416016
1757178580.566675,1757178580.5983748,0.03169989585876465
1757178580.660759,1757178580.6923435,0.03158450126647949
1757178580.7527225,1757178580.7816005,0.028877973556518555
1757178580.8421905,1757178580.870291,0.02810049057006836
1757178580.9301069,1757178580.9576638,0.027556896209716797
1757178581.0144935,1757178581.0406415,0.026148080825805664
1757178581.0977511,1757178581.1256886,0.02793741226196289
1757178581.1861277,1757178581.2131376,0.027009963989257812
1757178581.2707832,1757178581.296849,0.026065826416015625
1757178581.3535607,1757178581.3806086,0.02704787254333496
1757178581.439281,1757178581.4659066,0.026625633239746094
1757178581.5229347,1757178581.548997,0.0260622501373291
1757178581.6058128,1757178581.632083,0.026270151138305664
1757178581.691108,1757178581.7170434,0.02593541145324707
1757178581.7749748,1757178581.8040013,0.029026508331298828
1757178581.8659601,1757178581.897037,0.031076908111572266
1757178581.9575026,1757178581.9891853,0.031682729721069336
1757178582.0503376,1757178582.0837288,0.03339123725891113
1757178582.1449983,1757178582.1737096,0.028711318969726562
1757178582.2350602,1757178582.2674952,0.032434940338134766
1757178582.3314772,1757178582.3573186,0.025841474533081055
1757178582.4190602,1757178582.4453971,0.0263369083404541
1757178582.5031514,1757178582.5306683,0.027516841888427734
1757178582.5914772,1757178582.617763,0.026285886764526367
1757178582.6760144,1757178582.7034283,0.02741384506225586
1757178582.7651699,1757178582.7915697,0.026399850845336914
1757178582.8523512,1757178582.8790493,0.02669811248779297
1757178582.9403446,1757178582.971468,0.03112339973449707
1757178583.0288486,1757178583.0556319,0.026783227920532227
1757178583.1323228,1757178583.2331483,0.10082554817199707
1757178583.3133569,1757178583.3411725,0.027815580368041992
1757178583.4119184,1757178583.4407053,0.028786897659301758
1757178583.496778,1757178583.5336766,0.03689861297607422
1757178583.590716,1757178583.6183898,0.027673959732055664
1757178583.6708336,1757178583.6730611,0.0022275447845458984
1757230392.4392602,1757230392.5821433,0.1428830623626709
1757230392.765597,1757230392.7661872,0.0005900859832763672
1757230393.1200678,1757230393.260945,0.14087724685668945
1757230393.4036295,1757230393.4042313,0.0006017684936523438
1757230393.814364,1757230393.955087,0.14072299003601074
1757230394.0947137,1757230394.0953035,0.0005898475646972656
1757230394.4588091,1757230394.5986397,0.1398305892944336
1757230394.7367437,1757230394.737298,0.0005543231964111328
1757230395.0959344,1757230395.2357109,0.13977646827697754
1757230395.374315,1757230395.374882,0.0005669593811035156
1757230395.8554747,1757230395.9884763,0.13300156593322754
1757230396.1342263,1757230396.268143,0.13391661643981934
1757230396.4230034,1757230396.4236495,0.0006461143493652344
1757230396.7886224,1757230396.923497,0.13487458229064941
1757230397.1356702,1757230397.2709553,0.1352851390838623
1757230397.4320207,1757230397.4326203,0.0005996227264404297
1757230397.7923625,1757230397.9259062,0.1335437297821045
1757230398.0645564,1757230398.0651505,0.0005941390991210938
1757230398.424688,1757230398.5604084,0.13572025299072266
1757230398.7031517,1757230398.7037601,0.0006084442138671875
1757230399.1732383,1757230399.3074698,0.1342315673828125
1757230399.4484758,1757230399.5876124,0.13913655281066895
1757230399.7291896,1757230399.7298284,0.0006387233734130859
1757230400.0945385,1757230400.238253,0.14371466636657715
1757230400.3786917,1757230400.3793054,0.0006136894226074219
1757230400.7961943,1757230400.937103,0.14090871810913086
1757230401.076623,1757230401.0771723,0.00054931640625
1757230401.4643817,1757230401.6003804,0.13599872589111328
1757230401.7410114,1757230401.741581,0.0005695819854736328
1757230402.1024613,1757230402.1030834,0.0006220340728759766
1757230402.4597695,1757230402.600196,0.1404263973236084
1757230402.746779,1757230402.747314,0.0005350112915039062
1757230403.1046016,1757230403.2377849,0.13318324089050293
1757230403.3806717,1757230403.381306,0.0006341934204101562
1757230403.7328947,1757230403.8725886,0.1396939754486084
1757230404.0662906,1757230404.213024,0.14673328399658203
1757230404.352558,1757230404.3531313,0.0005733966827392578
1757230404.7114887,1757230404.8515494,0.1400606632232666
1757230404.9970174,1757230404.9976032,0.0005857944488525391
1757230405.3535883,1757230405.494172,0.14058375358581543
1757230405.6345012,1757230405.6351395,0.0006382465362548828
1757230405.9999955,1757230406.0006485,0.0006530284881591797
1757230406.3532093,1757230406.4945014,0.14129209518432617
1757230406.6438906,1757230406.6444812,0.0005905628204345703
1757230407.0020833,1757230407.1431453,0.14106202125549316
1757230407.3432052,1757230407.4836802,0.14047503471374512
1757230407.6252596,1757230407.6258848,0.0006251335144042969
1757230407.991064,1757230408.1247633,0.1336991786956787
1757230408.2672207,1757230408.2678387,0.00061798095703125
1757230408.6256437,1757230408.7650502,0.13940644264221191
1757230408.9362955,1757230408.936941,0.0006453990936279297
1757230409.3001037,1757230409.440639,0.1405353546142578
1757230409.584528,1757230409.5852108,0.000682830810546875
1757230409.947325,1757230410.0825844,0.13525938987731934
1757230410.2295275,1757230410.2302008,0.0006732940673828125
1757230410.5954711,1757230410.735197,0.139725923538208
1757230410.937301,1757230411.0704389,0.13313794136047363
1757230411.210517,1757230411.2111003,0.0005834102630615234
1757230411.5716195,1757230411.7120883,0.14046883583068848
1757230411.8515954,1757230411.852316,0.0007205009460449219
1757230412.220938,1757230412.2215571,0.0006191730499267578
1757230412.5753329,1757230412.7161777,0.14084482192993164
1757230412.8593383,1757230412.8598948,0.0005564689636230469
1757230413.214116,1757230413.3529952,0.13887906074523926
1757230413.491992,1757230413.4925694,0.0005774497985839844
1757230413.8528004,1757230413.99246,0.13965964317321777
1757230414.1307642,1757230414.131289,0.0005247592926025391
1757230414.5694504,1757230414.7093878,0.1399374008178711
1757230414.8620846,1757230414.862693,0.0006084442138671875
1757230415.2233753,1757230415.3633547,0.13997936248779297
1757230415.5232654,1757230415.657777,0.13451170921325684
1757230415.7996716,1757230415.8002636,0.0005919933319091797
1757230416.2747846,1757230416.415202,0.14041733741760254
1757230416.5692723,1757230416.7091906,0.13991832733154297
1757230416.8571875,1757230416.9976563,0.14046883583068848
1757230417.1534004,1757230417.1540112,0.0006108283996582031
1757230417.5123386,1757230417.6457703,0.13343167304992676
1757230417.8437717,1757230417.8443942,0.0006225109100341797
1757230418.2122228,1757230418.3521447,0.1399219036102295
1757230418.4937835,1757230418.4943717,0.0005881786346435547
1757230418.8547037,1757230418.9954233,0.14071965217590332
1757230419.160528,1757230419.1610737,0.0005457401275634766
1757230419.5185914,1757230419.6584885,0.13989710807800293
1757230419.813973,1757230419.8145182,0.0005452632904052734
1757230420.17846,1757230420.3183467,0.13988685607910156
1757230420.4512315,1757230420.4518185,0.0005869865417480469
1757230420.8529997,1757230420.9919534,0.13895368576049805
1757230421.1883235,1757230421.3289516,0.14062809944152832
1757230421.4656823,1757230421.4662704,0.0005881786346435547
1757230421.8283145,1757230421.9619586,0.13364410400390625
1757230422.100988,1757230422.10155,0.0005621910095214844
1757230422.4633892,1757230422.6035366,0.14014744758605957
1757230422.7401814,1757230422.7408035,0.0006220340728759766
1757230423.211984,1757230423.3492622,0.13727831840515137
1757230423.4991667,1757230423.4998345,0.0006678104400634766
1757230423.8552763,1757230423.9886122,0.13333582878112793
1757230424.127483,1757230424.1282268,0.000743865966796875
1757230424.489547,1757230424.6295145,0.1399674415588379
1757230424.8354661,1757230424.9747488,0.1392827033996582
1757230425.116357,1757230425.1169605,0.0006034374237060547
1757230425.4778066,1757230425.6187372,0.1409306526184082
1757230425.7620337,1757230425.7626023,0.0005686283111572266
1757230426.005748,1757230426.0063136,0.0005655288696289062
1757230426.2460132,1757230426.2721832,0.026170015335083008
1757230426.4122431,1757230426.412828,0.0005848407745361328
1757230426.656992,1757230426.6872313,0.030239343643188477
1757230426.8288472,1757230426.8294744,0.0006272792816162109
1757230427.0718038,1757230427.0998666,0.028062820434570312
1757230427.2374752,1757230427.2380989,0.0006237030029296875
1757230427.5437095,1757230427.5689967,0.025287151336669922
1757230427.7123039,1757230427.7129102,0.0006062984466552734
1757230427.9655862,1757230427.9957633,0.03017711639404297
1757230428.1354842,1757230428.136051,0.0005667209625244141
1757230428.3851116,1757230428.3857265,0.0006148815155029297
1757230428.6584492,1757230428.688691,0.030241727828979492
1757230428.827095,1757230428.8276668,0.0005717277526855469
1757230429.069372,1757230429.1000986,0.03072667121887207
1757230429.233101,1757230429.2337024,0.0006015300750732422
1757230429.4720485,1757230429.5030077,0.030959129333496094
1757230429.7026656,1757230429.7345777,0.03191208839416504
1757230429.8749647,1757230429.8756027,0.0006380081176757812
1757230430.1243749,1757230430.1553307,0.030955791473388672
1757230430.2945518,1757230430.2951534,0.0006015300750732422
1757230430.5508273,1757230430.5832925,0.032465219497680664
1757230430.7247403,1757230430.725355,0.0006146430969238281
1757230431.079058,1757230431.109968,0.030910015106201172
1757230431.2824588,1757230431.3078303,0.025371551513671875
1757230431.4451616,1757230431.4457498,0.0005881786346435547
1757230431.6987286,1757230431.7239048,0.025176286697387695
1757230431.9218614,1757230431.9224803,0.0006189346313476562
1757230432.1673892,1757230432.1987455,0.0313563346862793
1757230432.3433821,1757230432.3439727,0.0005905628204345703
1757230432.5909681,1757230432.6228752,0.031907081604003906
1757230432.7630446,1757230432.7636003,0.0005557537078857422
1757230433.011155,1757230433.0368748,0.025719881057739258
1757230433.17425,1757230433.174915,0.0006651878356933594
1757230433.5249202,1757230433.556618,0.031697750091552734
1757230433.6982226,1757230433.698806,0.0005834102630615234
1757230433.942501,1757230433.9735408,0.031039714813232422
1757230434.115272,1757230434.1159503,0.0006783008575439453
1757230434.4113564,1757230434.4364307,0.025074243545532227
1757230434.579508,1757230434.5801501,0.0006420612335205078
1757230434.831407,1757230434.8566802,0.02527308464050293
1757230434.9985907,1757230434.9991865,0.0005958080291748047
1757230435.2575164,1757230435.2828007,0.025284290313720703
1757230435.433777,1757230435.4359381,0.0021610260009765625
1757230435.7956889,1757230435.8216722,0.025983333587646484
1757230435.9650443,1757230435.965686,0.0006418228149414062
1757230436.2095187,1757230436.244606,0.03508734703063965
1757230436.3799064,1757230436.3804429,0.0005364418029785156
1757230436.6238062,1757230436.6552343,0.03142809867858887
1757230436.8612015,1757230436.8932328,0.03203129768371582
1757230437.038055,1757230437.0386488,0.0005939006805419922
1757230437.290012,1757230437.3211474,0.03113555908203125
1757230437.461369,1757230437.461949,0.0005800724029541016
1757230437.7081788,1757230437.708798,0.0006191730499267578
1757230437.9536011,1757230437.9848297,0.03122854232788086
1757230438.125038,1757230438.1256025,0.0005645751953125
1757230438.3692803,1757230438.4004374,0.03115701675415039
1757230438.5451126,1757230438.5456784,0.0005657672882080078
1757230438.7929893,1757230438.820985,0.027995824813842773
1757230438.9570553,1757230438.957688,0.0006327629089355469
1757230439.2532673,1757230439.2842834,0.031016111373901367
1757230439.4206586,1757230439.4212418,0.0005831718444824219
1757230439.681462,1757230439.7070212,0.025559186935424805
1757230439.8492167,1757230439.8497992,0.0005824565887451172
1757230440.0985336,1757230440.1298864,0.03135275840759277
1757230440.2745287,1757230440.2751179,0.0005891323089599609
1757230440.5325124,1757230440.5636616,0.03114914894104004
1757230440.704396,1757230440.704966,0.0005700588226318359
1757230440.9590132,1757230440.9840195,0.02500629425048828
1757230441.123829,1757230441.1244118,0.0005829334259033203
1757230441.437754,1757230441.4697332,0.03197932243347168
1757230441.6155324,1757230441.6161242,0.0005917549133300781
1757230441.8577008,1757230441.8889802,0.03127932548522949
1757230442.0308423,1757230442.031433,0.0005908012390136719
1757230634.4974334,1757230634.6382148,0.14078140258789062
1757230636.2786374,1757230636.4210043,0.14236688613891602
1757230636.5367718,1757230636.5389476,0.0021758079528808594
1757230636.65977,1757230636.7717907,0.11202073097229004
1757230636.8904915,1757230637.0335073,0.14301586151123047
1757230637.1780992,1757230637.3199093,0.14181017875671387
1757230637.441258,1757230637.5761626,0.1349046230316162
1757230637.69692,1757230637.8330798,0.13615989685058594
1757230637.9534702,1757230638.1022553,0.14878511428833008
1757230666.832364,1757230666.9751017,0.14273762702941895
1757230668.5550706,1757230668.690345,0.13527441024780273
1757230668.811805,1757230668.8124323,0.0006272792816162109
1757230668.9288354,1757230669.0051785,0.07634305953979492
1757230669.1296914,1757230669.241483,0.11179161071777344
1757230669.3636956,1757230669.5060956,0.14240002632141113
1757230669.6282966,1757230669.7714741,0.14317750930786133
1757230669.9590197,1757230670.139812,0.18079233169555664
1757230670.2725139,1757230670.389094,0.11658024787902832
1757230670.5125213,1757230670.62729,0.11476874351501465
1757230670.7436502,1757230670.8854957,0.1418454647064209
1757230671.014614,1757230671.157875,0.14326095581054688
1757230671.280282,1757230671.417278,0.13699603080749512
1757230671.5377362,1757230671.673422,0.13568592071533203
1757230671.8007972,1757230671.9537797,0.15298247337341309
1757230672.098324,1757230672.3095427,0.21121859550476074
1757230672.4255488,1757230672.497614,0.07206511497497559
1757230672.6178865,1757230672.7300267,0.11214017868041992
1757230672.9016101,1757230673.0435724,0.14196228981018066
1757230673.1640062,1757230673.3121808,0.14817452430725098
1757230673.4343224,1757230673.5694573,0.13513493537902832
1757230673.6925478,1757230673.8339026,0.14135479927062988
1757230673.9552803,1757230674.0977545,0.14247417449951172
1757230674.225341,1757230674.360932,0.1355910301208496
1757230674.5096357,1757230674.7103934,0.20075774192810059
1757230674.8304322,1757230674.8876963,0.057264089584350586
1757230675.0088365,1757230675.1205623,0.1117258071899414
1757230675.2380295,1757230675.3799465,0.14191699028015137
1757230675.4981759,1757230675.6344047,0.1362287998199463
1757230675.8154378,1757230675.9876547,0.17221689224243164
1757230676.1047022,1757230676.1640217,0.059319496154785156
1757230676.2872074,1757230676.399114,0.11190652847290039
1757230676.5188348,1757230676.6614823,0.14264750480651855
1757230676.7855403,1757230676.9267466,0.1412062644958496
1757230677.0760605,1757230677.216978,0.14091753959655762
1757230677.338535,1757230677.4800553,0.14152026176452637
1757230677.6025949,1757230677.7450435,0.14244866371154785
1757230677.8638754,1757230678.0077617,0.14388632774353027
1757230678.129496,1757230678.2711549,0.14165878295898438
1757230678.3920681,1757230678.534953,0.1428849697113037
1757230678.7093422,1757230678.887335,0.1779928207397461
1757230679.0063527,1757230679.0586936,0.05234098434448242
1757230679.1790247,1757230679.2933517,0.11432695388793945
1757230679.4106882,1757230679.560567,0.14987874031066895
1757230679.6812866,1757230679.8243752,0.14308857917785645
1757230679.9466734,1757230680.0892248,0.14255142211914062
1757230680.2093742,1757230680.3511865,0.14181232452392578
1757230680.469309,1757230680.6103702,0.14106106758117676
1757230680.7294214,1757230680.86944,0.14001870155334473
1757230680.98819,1757230681.142447,0.15425705909729004
1757230681.262716,1757230681.4082875,0.14557147026062012
1757230681.586685,1757230681.759366,0.17268109321594238
1757230681.874969,1757230681.9339228,0.05895376205444336
1757230682.054932,1757230682.1656003,0.11066818237304688
1757230682.2789938,1757230682.4140773,0.13508343696594238
1757230682.5333405,1757230682.6754944,0.14215397834777832
1757230682.796129,1757230682.9359403,0.13981127738952637
1757230683.0552347,1757230683.1967278,0.1414930820465088
1757230683.3209019,1757230683.4641287,0.14322686195373535
1757230683.6244693,1757230683.7616048,0.13713550567626953
1757230683.884861,1757230684.0274465,0.14258551597595215
1757230684.1505275,1757230684.2948854,0.14435791969299316
1757230684.4751775,1757230684.6487577,0.17358016967773438
1757230684.7697759,1757230684.8201532,0.05037736892700195
1757230684.9383178,1757230685.0504072,0.11208939552307129
1757230685.1737003,1757230685.3157668,0.14206647872924805
1757230685.4513938,1757230685.5929074,0.14151358604431152
1757230685.7169664,1757230685.8592196,0.14225316047668457
1757230685.9976583,1757230686.136935,0.13927674293518066
1757230686.2898004,1757230686.4876263,0.19782590866088867
1757230686.6076245,1757230686.671439,0.06381440162658691
1757230686.7945032,1757230686.9076555,0.11315226554870605
1757230687.0226998,1757230687.1672685,0.14456868171691895
1757230687.3482792,1757230687.5218854,0.17360615730285645
1757230687.6489267,1757230687.7002492,0.05132246017456055
1757230687.817898,1757230687.9330666,0.11516857147216797
1757230688.0505724,1757230688.192911,0.14233851432800293
1757230688.318161,1757230688.4536161,0.13545513153076172
1757230688.5741062,1757230688.7220705,0.1479642391204834
1757230688.8472092,1757230688.990051,0.14284181594848633
1757230689.110806,1757230689.253792,0.14298605918884277
1757230689.377218,1757230689.5143106,0.13709259033203125
1757230689.6360822,1757230689.779305,0.14322280883789062
1757230689.9293756,1757230690.1362805,0.20690488815307617
1757230690.3052216,1757230690.3165157,0.011294126510620117
1757230690.444952,1757230690.5569382,0.11198616027832031
1757230690.6817555,1757230690.8247821,0.14302659034729004
1757230690.950981,1757230691.0973988,0.14641785621643066
1757230691.224878,1757230691.3608313,0.13595318794250488
1757230691.489453,1757230691.6328766,0.14342355728149414
1757230691.7562952,1757230691.9007711,0.14447593688964844
1757230692.0299034,1757230692.172546,0.14264249801635742
1757230692.296344,1757230692.448197,0.15185284614562988
1757230692.5813506,1757230692.7264643,0.14511370658874512
1757230692.8510559,1757230692.9944317,0.14337587356567383
1757230693.173486,1757230693.3456604,0.17217445373535156
1757230693.45955,1757230693.5209286,0.06137871742248535
1757230693.6417558,1757230693.752236,0.11048007011413574
1757230693.8700185,1757230694.0050554,0.13503694534301758
1757230694.1294127,1757230694.2717133,0.14230060577392578
1757230694.4028335,1757230694.5453618,0.14252829551696777
1757230694.6667776,1757230694.8176236,0.15084600448608398
1757230694.9442146,1757230695.0860786,0.14186406135559082
1757230695.2125216,1757230695.3525116,0.13999009132385254
1757230695.5270512,1757230695.6684024,0.14135122299194336
1757230718.535549,1757230718.7529688,0.21741986274719238
1757230718.92801,1757230719.0418189,0.11380887031555176
1757230719.1748097,1757230719.2848344,0.11002469062805176
1757230719.4698424,1757230719.5803943,0.11055183410644531
1757230719.716247,1757230719.826138,0.10989093780517578
1757230719.9712436,1757230720.0812974,0.11005377769470215
1757230720.2280686,1757230720.3375037,0.1094350814819336
1757230720.4818163,1757230720.5913625,0.10954618453979492
1757230720.727563,1757230720.835942,0.10837912559509277
1757230720.984315,1757230721.0962496,0.11193466186523438
1757230721.23969,1757230721.3480883,0.1083981990814209
1757230721.4944072,1757230721.6026576,0.10825037956237793
1757230721.749781,1757230721.8582737,0.10849285125732422
1757230722.089132,1757230722.197627,0.10849499702453613
1757230722.3409045,1757230722.4507847,0.10988020896911621
1757230722.6455014,1757230722.7576509,0.11214947700500488
1757230722.895087,1757230723.0070713,0.1119842529296875
1757230723.1487448,1757230723.2611196,0.11237478256225586
1757230723.416417,1757230723.528583,0.11216616630554199
1757230723.692036,1757230723.6926384,0.0006024837493896484
1757230726.0524685,1757230726.1937914,0.14132285118103027
1757230726.347927,1757230726.3485832,0.0006561279296875
1757230726.7296758,1757230726.730289,0.0006132125854492188
1757230727.1446211,1757230727.2833319,0.13871073722839355
1757230727.4667532,1757230727.6092832,0.14252996444702148
1757230727.755705,1757230727.756259,0.0005538463592529297
1757230728.1176727,1757230728.2568643,0.1391916275024414
1757230728.3964365,1757230728.397085,0.00064849853515625
1757230728.7676556,1757230728.9130888,0.1454331874847412
1757230729.0531557,1757230729.053762,0.0006062984466552734
1757230729.415926,1757230729.5520585,0.13613247871398926
1757230729.7040598,1757230729.7046914,0.0006315708160400391
1757230730.0767229,1757230730.0773695,0.0006465911865234375
1757230730.495781,1757230730.6293833,0.13360238075256348
1757230730.770421,1757230730.7710357,0.0006146430969238281
1757230731.136612,1757230731.279145,0.1425330638885498
1757230731.4292116,1757230731.5691383,0.13992667198181152
1757230731.7045202,1757230731.7051954,0.000675201416015625
1757230732.0831785,1757230732.0837688,0.0005903244018554688
1757230732.4342644,1757230732.5675085,0.13324403762817383
1757230732.7141194,1757230732.7147582,0.0006387233734130859
1757230733.0694976,1757230733.202831,0.13333344459533691
1757230733.3429248,1757230733.3435464,0.0006215572357177734
1757230733.8615487,1757230734.0041604,0.14261174201965332
1757230734.1564035,1757230734.1569934,0.0005898475646972656
1757230734.5151405,1757230734.6551287,0.13998818397521973
1757230734.8074543,1757230734.808047,0.0005927085876464844
1757230735.1683571,1757230735.3022172,0.13386011123657227
1757230735.4479418,1757230735.4485214,0.0005795955657958984
1757230735.8037684,1757230735.9419618,0.13819336891174316
1757230736.0927348,1757230736.093339,0.0006041526794433594
1757230736.4551954,1757230736.5942147,0.13901925086975098
1757230736.7410374,1757230736.7416651,0.0006277561187744141
1757230737.1604218,1757230737.2997844,0.13936257362365723
1757230737.4424567,1757230737.4430833,0.0006265640258789062
1757230737.8116505,1757230737.951897,0.14024639129638672
1757230738.0993035,1757230738.0998878,0.0005843639373779297
1757230738.402091,1757230738.402689,0.0005979537963867188
1757230738.7591715,1757230738.8927727,0.13360118865966797
1757230739.0346158,1757230739.0352607,0.0006449222564697266
1757230739.3898528,1757230739.5248575,0.13500475883483887
1757230739.6682873,1757230739.668947,0.0006597042083740234
1757230740.0242536,1757230740.1601949,0.1359412670135498
1757230740.3017619,1757230740.3023605,0.0005986690521240234
1757230740.7206833,1757230740.8608,0.14011669158935547
1757230741.0350804,1757230741.169503,0.13442254066467285
1757230741.3092618,1757230741.3098938,0.0006320476531982422
1757230741.6666048,1757230741.806525,0.13992023468017578
1757230741.9462395,1757230741.9468317,0.0005922317504882812
1757230742.3031294,1757230742.4371467,0.1340172290802002
1757230742.577368,1757230742.5779295,0.0005614757537841797
1757230742.9345942,1757230743.0679836,0.13338947296142578
1757230743.2076962,1757230743.2083998,0.0007035732269287109
1757230743.56414,1757230743.564745,0.0006048679351806641
1757230743.9784071,1757230744.1204383,0.14203119277954102
1757230744.261598,1757230744.2622137,0.0006155967712402344
1757230744.6305559,1757230744.7710044,0.14044857025146484
1757230744.9234512,1757230744.9240468,0.0005955696105957031
1757230745.293855,1757230745.4333148,0.13945984840393066
1757230745.576934,1757230745.5775251,0.0005910396575927734
1757230745.9336703,1757230746.0735128,0.13984251022338867
1757230746.219491,1757230746.2201226,0.0006315708160400391
1757230746.5823119,1757230746.7226589,0.14034700393676758
1757230746.869611,1757230746.8701918,0.0005807876586914062
1757230747.2793493,1757230747.4194815,0.14013218879699707
1757230747.5683174,1757230747.5689218,0.0006043910980224609
1757230747.9272614,1757230748.0677717,0.14051032066345215
1757230748.208035,1757230748.2086449,0.0006098747253417969
1757230748.5662134,1757230748.7054977,0.13928437232971191
1757230748.8508017,1757230748.8514519,0.0006501674652099609
1757230749.2073557,1757230749.3469732,0.1396174430847168
1757230749.4921858,1757230749.4927874,0.0006015300750732422
1757230749.8774602,1757230750.0194364,0.14197611808776855
1757230750.1612644,1757230750.1618655,0.0006010532379150391
1757230750.5195975,1757230750.659916,0.1403183937072754
1757230750.8554616,1757230750.8560555,0.0005939006805419922
1757230751.2121177,1757230751.346786,0.13466835021972656
1757230751.4883564,1757230751.488972,0.0006155967712402344
1757230751.845204,1757230751.9793546,0.13415050506591797
1757230752.1218874,1757230752.1225104,0.0006229877471923828
1757230752.4788134,1757230752.6195595,0.1407461166381836
1757230752.7939372,1757230752.934222,0.14028477668762207
1757230753.0737638,1757230753.074386,0.0006220340728759766
1757230753.4361384,1757230753.5699255,0.1337871551513672
1757230753.707997,1757230753.708608,0.0006108283996582031
1757230754.0723844,1757230754.072982,0.0005977153778076172
1757230754.4906006,1757230754.6315706,0.14096999168395996
1757230754.77537,1757230754.7759273,0.0005574226379394531
1757230755.1484318,1757230755.28236,0.1339282989501953
1757230755.4279091,1757230755.4285312,0.0006220340728759766
1757230755.793007,1757230755.9329686,0.13996171951293945
1757230756.0827827,1757230756.0833802,0.0005974769592285156
1757230756.4592414,1757230756.599426,0.14018464088439941
1757230756.7367544,1757230756.7373497,0.0005953311920166016
1757230757.1174257,1757230757.2569563,0.13953065872192383
1757230757.403863,1757230757.4044464,0.0005834102630615234
1757230757.8245437,1757230757.9578402,0.13329648971557617
1757230758.0937731,1757230758.0944445,0.00067138671875
1757230758.468479,1757230758.601928,0.13344907760620117
1757230758.7526166,1757230758.7532141,0.0005974769592285156
1757230759.0103493,1757230759.04176,0.03141069412231445
1757230759.1845422,1757230759.1851518,0.0006096363067626953
1757230759.4349155,1757230759.4665813,0.031665802001953125
1757230759.611485,1757230759.6121254,0.0006403923034667969
1757230759.8618605,1757230759.8881657,0.026305198669433594
1757230760.0476127,1757230760.0499058,0.002293109893798828
1757230760.3819067,1757230760.4162438,0.03433704376220703
1757230760.5691683,1757230760.569748,0.0005795955657958984
1757230760.8158615,1757230760.8417187,0.025857210159301758
1757230760.9884799,1757230760.9891016,0.000621795654296875
1757230761.2426078,1757230761.2740924,0.03148460388183594
1757230761.427657,1757230761.4589267,0.03126978874206543
1757230761.603181,1757230761.6038394,0.0006585121154785156
1757230761.8556354,1757230761.88724,0.03160452842712402
1757230762.0272458,1757230762.0278883,0.0006425380706787109
1757230762.2768538,1757230762.3024251,0.025571346282958984
1757230762.451701,1757230762.4522939,0.0005929470062255859
1757230762.8792262,1757230762.9113197,0.03209352493286133
1757230763.0602782,1757230763.0609066,0.0006284713745117188
1757230763.304364,1757230763.3350108,0.030646800994873047
1757230763.4764087,1757230763.476998,0.0005893707275390625
1757230763.7260835,1757230763.7516568,0.025573253631591797
1757230763.8975663,1757230763.89816,0.0005936622619628906
1757230764.1511939,1757230764.176443,0.025249242782592773
1757230764.3237886,1757230764.3243587,0.0005700588226318359
1757230764.569946,1757230764.6014216,0.03147554397583008
1757230764.7424045,1757230764.7430775,0.0006730556488037109
1757230765.0507045,1757230765.0762072,0.025502681732177734
1757230765.2500317,1757230765.2811708,0.031139135360717773
1757230765.4264708,1757230765.4271,0.0006291866302490234
1757230765.7032824,1757230765.7350204,0.0317380428314209
1757230765.8725173,1757230765.8731391,0.000621795654296875
1757230766.1325817,1757230766.1576564,0.02507472038269043
1757230766.2958229,1757230766.2964344,0.0006115436553955078
1757230766.5434425,1757230766.5746021,0.031159639358520508
1757230766.7148545,1757230766.71547,0.0006155967712402344
1757230766.9620152,1757230766.9930606,0.03104543685913086
1757230767.13981,1757230767.140536,0.0007259845733642578
1757230767.5496237,1757230767.5807426,0.03111886978149414
1757230767.7244682,1757230767.7250786,0.0006103515625
1757230767.9781456,1757230768.0067499,0.02860426902770996
1757230768.1520984,1757230768.152714,0.0006155967712402344
1757230768.4025502,1757230768.4342966,0.03174638748168945
1757230768.5742128,1757230768.574778,0.0005652904510498047
1757230768.8164344,1757230768.8422136,0.025779247283935547
1757230768.9825368,1757230768.983128,0.000591278076171875
1757230769.255337,1757230769.285902,0.03056502342224121
1757230769.4360945,1757230769.4367447,0.0006501674652099609
1757230769.6838968,1757230769.7153962,0.031499385833740234
1757230769.9189296,1757230769.9468298,0.027900218963623047
1757230770.0933084,1757230770.0939908,0.0006823539733886719
1757230770.3525813,1757230770.383605,0.031023740768432617
1757230770.5293155,1757230770.5300784,0.000762939453125
1757230770.7815535,1757230770.8131394,0.0315859317779541
1757230770.9594085,1757230770.9600756,0.0006670951843261719
1757230771.2123146,1757230771.2434168,0.03110218048095703
1757230771.4105756,1757230771.4111617,0.0005860328674316406
1757230771.6578975,1757230771.6902905,0.03239297866821289
1757230771.832478,1757230771.83305,0.0005719661712646484
1757230772.1413214,1757230772.173362,0.03204059600830078
1757230772.3312922,1757230772.3319037,0.0006115436553955078
1757230772.5768003,1757230772.606167,0.029366731643676758
1757230772.7517729,1757230772.7523682,0.0005953311920166016
1757230772.997364,1757230773.029058,0.03169393539428711
1757230773.1743937,1757230773.1749742,0.0005805492401123047
1757230773.4210882,1757230773.4521408,0.031052589416503906
1757230773.5949557,1757230773.5955267,0.0005710124969482422
1757230773.8423257,1757230773.873848,0.031522274017333984
1757230774.01866,1757230774.0192842,0.0006241798400878906
1757230774.3277137,1757230774.3592408,0.031527042388916016
1757230774.517147,1757230774.517787,0.0006399154663085938
1757230997.1754537,1757230997.317336,0.14188241958618164
1757230998.9691744,1757230999.1136842,0.14450979232788086
1757230999.258121,1757230999.2587464,0.0006253719329833984
1757230999.3925178,1757230999.4686446,0.0761268138885498
1757230999.616758,1757230999.7476814,0.13092327117919922
1757230999.8961637,1757231000.027141,0.13097739219665527
1757231000.2300494,1757231000.309314,0.07926464080810547
1757231000.4511523,1757231000.592138,0.14098572731018066
1757231000.7403076,1757231000.8709073,0.1305997371673584
1757231001.0133352,1757231001.1508083,0.13747310638427734
1757231001.3033051,1757231001.429694,0.1263887882232666
1757231001.5771766,1757231001.707575,0.13039851188659668
1757231001.8559325,1757231001.9857326,0.12980008125305176
1757231002.1281455,1757231002.2400246,0.11187911033630371
1757231002.3765616,1757231002.5185072,0.14194560050964355
1757231002.6644456,1757231002.8706634,0.20621776580810547
1757231003.0589721,1757231003.059662,0.0006899833679199219
1757231003.2068338,1757231003.329347,0.1225130558013916
1757231003.490347,1757231003.6047866,0.11443972587585449
1757231003.7518523,1757231003.8925192,0.14066696166992188
1757231004.0438566,1757231004.1767008,0.1328442096710205
1757231004.3292375,1757231004.4583945,0.12915706634521484
1757231004.6035123,1757231004.7411594,0.13764715194702148
1757231004.883452,1757231004.994355,0.11090302467346191
1757231005.1301708,1757231005.2648726,0.13470172882080078
1757231005.4214582,1757231005.6163068,0.19484853744506836
1757231005.7660449,1757231005.8053916,0.03934669494628906
1757231006.0089023,1757231006.0884385,0.07953619956970215
1757231006.2328238,1757231006.345446,0.11262226104736328
1757231006.494958,1757231006.6475549,0.15259695053100586
1757231006.7970316,1757231007.0051665,0.20813488960266113
1757231007.1532693,1757231007.1900544,0.036785125732421875
1757231007.3401098,1757231007.471465,0.13135528564453125
1757231007.6340513,1757231007.7458181,0.11176681518554688
1757231007.906094,1757231008.0490034,0.14290928840637207
1757231008.199432,1757231008.40856,0.20912814140319824
1757231008.5508058,1757231008.5939174,0.043111562728881836
1757231008.7397025,1757231008.8548815,0.11517906188964844
1757231009.0478847,1757231009.1826117,0.13472700119018555
1757231009.330481,1757231009.5373776,0.20689654350280762
1757231009.6751895,1757231009.7163856,0.04119610786437988
1757231009.877488,1757231009.998675,0.12118721008300781
1757231010.1490557,1757231010.2837746,0.1347188949584961
1757231010.4302557,1757231010.5684907,0.13823509216308594
1757231010.7134953,1757231010.8279266,0.11443138122558594
1757231010.9665563,1757231011.1132877,0.14673137664794922
1757231011.2635694,1757231011.471091,0.20752167701721191
1757231011.6136043,1757231011.6576774,0.04407310485839844
1757231011.8657336,1757231011.94367,0.07793641090393066
1757231012.084932,1757231012.223753,0.13882088661193848
1757231012.3721013,1757231012.5134149,0.1413135528564453
1757231012.6550124,1757231012.7666423,0.11162996292114258
1757231012.9043965,1757231013.0510466,0.14665007591247559
1757231013.1953795,1757231013.3298335,0.13445401191711426
1757231013.4753494,1757231013.6170716,0.1417222023010254
1757231013.762416,1757231013.9645627,0.2021467685699463
1757231014.1051462,1757231014.1446564,0.039510250091552734
1757231014.2880847,1757231014.3997505,0.11166572570800781
1757231014.5481052,1757231014.693917,0.1458117961883545
1757231014.8982148,1757231015.0527353,0.15452051162719727
1757231015.2172296,1757231015.2529707,0.03574109077453613
1757231015.393936,1757231015.5057013,0.11176538467407227
1757231015.646282,1757231015.7939603,0.14767837524414062
1757231015.9338398,1757231016.072245,0.13840508460998535
1757231016.213025,1757231016.3550415,0.14201641082763672
1757231016.4967,1757231016.6318746,0.13517451286315918
1757231016.7700946,1757231016.909228,0.13913345336914062
1757231017.0537388,1757231017.2605996,0.20686078071594238
1757231017.3983274,1757231017.4393415,0.04101419448852539
1757231017.647205,1757231017.7365232,0.08931803703308105
1757231017.876638,1757231017.9885163,0.1118783950805664
1757231018.1248307,1757231018.2679727,0.1431419849395752
1757231018.4367087,1757231018.6350935,0.19838476181030273
1757231018.7918332,1757231018.8248808,0.03304767608642578
1757231018.9912279,1757231019.130056,0.13882803916931152
1757231019.2788618,1757231019.4177158,0.1388540267944336
1757231019.558548,1757231019.67103,0.11248207092285156
1757231019.8080158,1757231019.9498842,0.14186835289001465
1757231020.0943968,1757231020.304165,0.20976805686950684
1757231020.4458697,1757231020.4953966,0.04952692985534668
1757231020.694571,1757231020.7741253,0.07955431938171387
1757231020.917652,1757231021.055278,0.13762617111206055
1757231021.197185,1757231021.3382034,0.14101839065551758
1757231021.4886146,1757231021.6205719,0.1319572925567627
1757231021.7632885,1757231021.8980024,0.13471388816833496
1757231022.0390723,1757231022.1824358,0.14336347579956055
1757231022.3294516,1757231022.4440506,0.11459898948669434
1757231022.5818105,1757231022.7238567,0.14204621315002441
1757231022.8739145,1757231023.083561,0.20964646339416504
1757231023.2283866,1757231023.2602253,0.03183865547180176
1757231023.47236,1757231023.550396,0.07803606986999512
1757231023.6934981,1757231023.805046,0.11154794692993164
1757231023.9415863,1757231024.0942907,0.15270447731018066
1757231024.2408795,1757231024.4481292,0.20724964141845703
1757231024.5824864,1757231024.6234124,0.04092597961425781
1757231024.7680502,1757231024.8985205,0.13047027587890625
1757231025.039316,1757231025.179444,0.14012813568115234
1757231025.317459,1757231025.429405,0.11194586753845215
1757231025.5646548,1757231025.7120652,0.14741039276123047
1757231025.8580537,1757231026.0647821,0.20672845840454102
1757231026.2534976,1757231026.254147,0.0006494522094726562
1757231026.3951,1757231026.5246508,0.12955069541931152
1757231026.6696217,1757231026.8062103,0.13658857345581055
1757231026.963316,1757231027.0891097,0.1257936954498291
1757231027.2364979,1757231027.3679554,0.13145756721496582
1757231027.5216162,1757231027.6602707,0.13865447044372559
1757231027.8067918,1757231027.9381063,0.13131451606750488
1757231028.0898664,1757231028.2017956,0.11192917823791504
1757231028.3505583,1757231028.491789,0.14123082160949707
1757231028.639705,1757231028.844223,0.20451807975769043
1757231028.9879854,1757231029.0298996,0.04191422462463379
1757231029.2339,1757231029.3211763,0.08727622032165527
1757231029.4699464,1757231029.6132708,0.1433243751525879
1757231029.7627814,1757231029.89662,0.13383865356445312
1757231030.0423245,1757231030.181176,0.13885140419006348
1757231030.3532155,1757231030.4646547,0.11143922805786133
1757231030.6107185,1757231030.7485445,0.13782596588134766
1757231030.890611,1757231031.001192,0.1105811595916748
1757231031.138861,1757231031.276376,0.13751506805419922
1757231031.421924,1757231031.5639696,0.1420454978942871
1757231031.7111275,1757231031.9182506,0.2071230411529541
1757231032.0548306,1757231032.0976417,0.04281115531921387
1757231032.3071816,1757231032.3792307,0.07204914093017578
1757231032.5275052,1757231032.668765,0.14125990867614746
1757231032.8189776,1757231032.9590716,0.14009404182434082
1757231033.1024911,1757231033.2127647,0.11027359962463379
1757231033.3507986,1757231033.490895,0.14009642601013184
1757231033.636822,1757231033.8441494,0.20732736587524414
1757231033.9931183,1757231034.0302186,0.03710031509399414
1757231034.2044156,1757231034.3148437,0.1104280948638916
1757231034.4564502,1757231034.599486,0.143035888671875
1757231034.7508552,1757231034.9602458,0.20939064025878906
1757231035.160045,1757231035.1607559,0.0007109642028808594
1757231035.3094432,1757231035.4255965,0.11615324020385742
1757231035.568992,1757231035.7034159,0.13442397117614746
1757231035.8509681,1757231035.9795835,0.1286153793334961
1757231036.1487484,1757231036.2604408,0.11169242858886719
1757231036.395821,1757231036.5375464,0.1417253017425537
1757231036.6844041,1757231036.8912334,0.20682930946350098
1757231037.0419917,1757231037.0789323,0.036940574645996094
1757231037.2227018,1757231037.3352432,0.11254143714904785
1757231037.4698465,1757231037.6183443,0.1484978199005127
1757231037.7665052,1757231037.9687943,0.20228910446166992
1757231038.1676478,1757231038.168292,0.0006442070007324219
1757231038.309933,1757231038.419017,0.1090841293334961
1757231038.5652132,1757231038.6777318,0.1125185489654541
1757231038.8157485,1757231038.9652379,0.1494894027709961
1757231039.1104698,1757231039.3205478,0.21007800102233887
1757231039.4613476,1757231039.497935,0.03658747673034668
1757231039.6477144,1757231039.785877,0.13816261291503906
1757231039.9302964,1757231040.0443478,0.11405134201049805
1757231040.1839385,1757231040.3266916,0.14275312423706055
1757231040.469915,1757231040.6800346,0.21011972427368164
1757231040.8219836,1757231040.8650362,0.04305267333984375
1757231041.0684574,1757231041.1505852,0.08212780952453613
1757231041.289842,1757231041.4003997,0.11055779457092285
1757231041.5422015,1757231041.6841476,0.14194607734680176
1757231041.8235512,1757231041.9591224,0.13557124137878418
1757231042.1011758,1757231042.2379823,0.13680648803710938
1757231042.380438,1757231042.5221133,0.14167523384094238
1757231042.6658313,1757231042.8768756,0.2110443115234375
1757231043.0181131,1757231043.1087298,0.09061670303344727
1757231043.2571402,1757231043.3688998,0.11175966262817383
1757231043.5093405,1757231043.662449,0.1531083583831787
1757231043.8664646,1757231044.0196857,0.15322113037109375
1757231044.1707373,1757231044.214682,0.0439448356628418
1757231044.362716,1757231044.5022905,0.13957452774047852
1757231044.649673,1757231044.7872972,0.13762426376342773
1757231044.94682,1757231045.082716,0.1358959674835205
1757231045.2271566,1757231045.3667521,0.13959550857543945
1757231045.5097756,1757231045.6435764,0.13380074501037598
1757231045.7849975,1757231045.8967743,0.11177682876586914
1757231046.0362737,1757231046.1794615,0.1431877613067627
1757231046.3275774,1757231046.5367494,0.20917201042175293
1757231046.6767507,1757231046.716027,0.0392763614654541
1757231046.9386733,1757231047.0129316,0.07425832748413086
1757231047.1606257,1757231047.2983115,0.13768577575683594
1757231047.4482803,1757231047.5865877,0.1383073329925537
1757231047.734374,1757231047.870418,0.13604402542114258
1757231048.0196033,1757231048.1495051,0.12990188598632812
1757231048.293355,1757231048.4040184,0.11066341400146484
1757231048.5461004,1757231048.7015631,0.15546274185180664
1757231048.8444653,1757231048.9824557,0.13799047470092773
1757231049.1290529,1757231049.334432,0.20537900924682617
1757231049.4714236,1757231049.5130048,0.041581153869628906
1757231049.6791356,1757231049.8130825,0.13394689559936523
1757231050.0209935,1757231050.0920875,0.07109403610229492
1757231050.2387414,1757231050.3719397,0.13319826126098633
1757231050.523935,1757231050.655377,0.13144183158874512
1757231050.8241394,1757231050.9401932,0.11605381965637207
1757231051.085599,1757231051.2192311,0.13363218307495117
1757231051.3693285,1757231051.50437,0.1350414752960205
1757231051.6471229,1757231051.7862923,0.13916945457458496
1757231051.9284678,1757231052.0396175,0.11114978790283203
1757231052.1851854,1757231052.3287706,0.143585205078125
1757231052.4730678,1757231052.685254,0.21218633651733398
1757231052.878953,1757231052.8795815,0.0006284713745117188
1757231053.0211039,1757231053.1461463,0.12504243850708008
1757231053.2939038,1757231053.4328814,0.1389775276184082
1757231053.5856526,1757231053.7201958,0.13454318046569824
1757231053.8719845,1757231053.9838877,0.11190319061279297
1757231054.1250067,1757231054.2782652,0.1532585620880127
1757231054.4273295,1757231054.580567,0.15323734283447266
1757231054.7262492,1757231054.841824,0.11557483673095703
1757231054.9885514,1757231055.1006086,0.11205720901489258
1757231055.2335134,1757231055.3435447,0.1100313663482666
1757231379.2533062,1757231379.4870808,0.23377466201782227
1757231379.703512,1757231379.8202643,0.11675238609313965
1757231379.9780176,1757231380.0865612,0.10854363441467285
1757231380.245315,1757231380.3538096,0.10849452018737793
1757231380.5643895,1757231380.6727164,0.10832691192626953
1757231380.8432999,1757231380.951958,0.1086580753326416
1757231381.1075768,1757231381.221706,0.11412906646728516
1757231381.3960419,1757231381.507362,0.11132001876831055
1757231381.691904,1757231381.8008332,0.10892915725708008
1757231381.9633458,1757231382.0718236,0.10847783088684082
1757231382.2307074,1757231382.339569,0.10886168479919434
1757231382.5140944,1757231382.6224298,0.10833549499511719
1757231382.779547,1757231382.8880954,0.10854840278625488
1757231383.0784233,1757231383.1892014,0.1107780933380127
1757231383.3757894,1757231383.491688,0.11589860916137695
1757231383.732602,1757231383.8468287,0.1142268180847168
1757231384.1593754,1757231384.273758,0.11438250541687012
1757231384.5438113,1757231384.6590185,0.11520719528198242
1757231384.8984623,1757231385.0097244,0.11126208305358887
1757231385.2053866,1757231385.2086577,0.0032711029052734375
1757231387.9249864,1757231388.06253,0.1375436782836914
1757231388.2372139,1757231388.239056,0.0018422603607177734
1757231388.733644,1757231388.735584,0.001940011978149414
1757231389.1691732,1757231389.1715095,0.002336263656616211
1757231389.5638843,1757231389.6994693,0.13558506965637207
1757231389.9553993,1757231390.098992,0.14359283447265625
1757231390.2810445,1757231390.2820938,0.0010492801666259766
1757231390.7391193,1757231390.8819978,0.14287853240966797
1757231391.1173594,1757231391.1179788,0.0006194114685058594
1757231391.6873806,1757231391.8211136,0.13373303413391113
1757231392.013491,1757231392.0161345,0.002643585205078125
1757231392.4447012,1757231392.4476683,0.0029671192169189453
1757231392.85005,1757231392.999153,0.14910292625427246
1757231393.1995432,1757231393.200329,0.00078582763671875
1757231393.7052112,1757231393.8479552,0.1427440643310547
1757231394.1121955,1757231394.2580905,0.14589500427246094
1757231394.5031538,1757231394.5043747,0.0012209415435791016
1757231394.9239929,1757231395.066983,0.1429901123046875
1757231395.3038783,1757231395.3069792,0.003100872039794922
1757231395.754572,1757231395.9084942,0.15392231941223145
1757231396.125615,1757231396.2639961,0.1383812427520752
1757231396.5549634,1757231396.7018166,0.14685320854187012
1757231396.891083,1757231396.8918486,0.0007655620574951172
1757231397.344078,1757231397.3448532,0.0007750988006591797
1757231397.8887324,1757231398.0319452,0.14321279525756836
1757231398.241492,1757231398.2440152,0.002523183822631836
1757231398.710927,1757231398.847122,0.13619494438171387
1757231399.0252998,1757231399.0287886,0.003488779067993164
1757231399.5756912,1757231399.5797935,0.004102230072021484
1757231400.0914772,1757231400.238819,0.14734172821044922
1757231400.453207,1757231400.4578109,0.004603862762451172
1757231400.8535132,1757231400.9917612,0.13824796676635742
1757231401.1770477,1757231401.1777956,0.0007479190826416016
1757231401.5601385,1757231401.6969974,0.13685894012451172
1757231401.891616,1757231401.8963425,0.004726409912109375
1757231402.2975047,1757231402.3011575,0.003652811050415039
1757231402.8385994,1757231402.984363,0.14576363563537598
1757231403.175286,1757231403.1786559,0.0033698081970214844
1757231403.757038,1757231403.9096227,0.15258455276489258
1757231404.0793328,1757231404.080569,0.0012362003326416016
1757231404.6136105,1757231404.7599454,0.14633488655090332
1757231404.9417768,1757231405.086263,0.1444861888885498
1757231405.2908294,1757231405.295206,0.004376649856567383
1757231405.7040489,1757231405.848729,0.14468002319335938
1757231406.0292838,1757231406.0301294,0.0008456707000732422
1757231406.456605,1757231406.4644735,0.007868528366088867
1757231406.8886502,1757231407.0321453,0.1434950828552246
1757231407.3381925,1757231407.4849205,0.1467280387878418
1757231407.6702554,1757231407.6709392,0.0006837844848632812
1757231408.1853633,1757231408.3308094,0.1454460620880127
1757231408.5846493,1757231408.7210593,0.13640999794006348
1757231408.8998528,1757231408.9004838,0.0006310939788818359
1757231409.3280008,1757231409.4613209,0.13332009315490723
1757231409.7841017,1757231409.9329908,0.14888906478881836
1757231410.1125948,1757231410.113262,0.0006670951843261719
1757231410.5392742,1757231410.5412374,0.0019631385803222656
1757231411.0824125,1757231411.2163146,0.13390207290649414
1757231411.4463809,1757231411.5874789,0.1410980224609375
1757231411.7936656,1757231411.794629,0.0009634494781494141
1757231412.2431936,1757231412.246802,0.0036084651947021484
1757231412.657784,1757231412.6600344,0.0022504329681396484
1757231413.1164458,1757231413.2598162,0.1433703899383545
1757231413.4706419,1757231413.4727807,0.002138853073120117
1757231413.8922381,1757231414.039945,0.1477067470550537
1757231414.2427802,1757231414.2478092,0.005028963088989258
1757231414.6675375,1757231414.6685786,0.0010411739349365234
1757231415.0833426,1757231415.0852854,0.0019428730010986328
1757231415.6467772,1757231415.779732,0.13295483589172363
1757231415.9405,1757231415.9476597,0.007159709930419922
1757231416.4766262,1757231416.620897,0.1442708969116211
1757231416.8165746,1757231416.8172293,0.0006546974182128906
1757231417.3024628,1757231417.441347,0.1388840675354004
1757231417.639271,1757231417.6398764,0.0006053447723388672
1757231418.085216,1757231418.242166,0.1569499969482422
1757231418.4879029,1757231418.6325457,0.14464282989501953
1757231418.8043923,1757231418.8060365,0.001644134521484375
1757231419.3178523,1757231419.4538133,0.13596105575561523
1757231419.734048,1757231419.8688245,0.13477659225463867
1757231420.0717084,1757231420.0762887,0.004580259323120117
1757231420.6355097,1757231420.771928,0.13641834259033203
1757231421.0027947,1757231421.003421,0.0006263256072998047
1757231421.4019406,1757231421.535978,0.13403749465942383
1757231421.7502446,1757231421.7540355,0.0037908554077148438
1757231422.1613243,1757231422.2954543,0.13413000106811523
1757231422.5611215,1757231422.7148533,0.1537318229675293
1757231422.9526446,1757231423.0918257,0.13918113708496094
1757231423.3621705,1757231423.3687809,0.006610393524169922
1757231423.9774318,1757231424.124646,0.14721417427062988
1757231424.3148572,1757231424.316867,0.002009868621826172
1757231424.82562,1757231424.95951,0.13389015197753906
1757231425.1611362,1757231425.1619635,0.0008273124694824219
1757231425.5709171,1757231425.7048163,0.13389921188354492
1757231425.9610493,1757231426.1089664,0.1479170322418213
1757231426.2809753,1757231426.2824402,0.00146484375
1757231426.8132608,1757231426.9575381,0.14427733421325684
1757231427.212375,1757231427.213173,0.0007979869842529297
1757231427.6028514,1757231427.7369165,0.1340651512145996
1757231427.9631014,1757231427.9671667,0.004065275192260742
1757231428.4031556,1757231428.536328,0.13317251205444336
1757231428.778117,1757231428.7794752,0.0013582706451416016
1757231429.0944254,1757231429.119885,0.02545952796936035
1757231429.3077588,1757231429.3086917,0.0009329319000244141
1757231429.6139107,1757231429.6393209,0.025410175323486328
1757231429.8511524,1757231429.8794975,0.028345108032226562
1757231430.132804,1757231430.1334507,0.0006468296051025391
1757231430.4901958,1757231430.5157084,0.0255126953125
1757231430.7444584,1757231430.7450783,0.0006198883056640625
1757231431.044318,1757231431.0846934,0.040375471115112305
1757231431.305256,1757231431.3070366,0.0017807483673095703
1757231431.7039404,1757231431.7355976,0.03165721893310547
1757231431.9436293,1757231431.9777327,0.0341033935546875
1757231432.1618319,1757231432.1626253,0.00079345703125
1757231432.5290055,1757231432.562982,0.03397655487060547
1757231432.7413046,1757231432.7428007,0.0014960765838623047
1757231433.0669084,1757231433.1015046,0.03459620475769043
1757231433.3377466,1757231433.338565,0.0008184909820556641
1757231433.6418488,1757231433.6692874,0.027438640594482422
1757231433.9952097,1757231434.0275302,0.032320499420166016
1757231434.2358954,1757231434.2397962,0.003900766372680664
1757231434.6019135,1757231434.6273587,0.025445222854614258
1757231434.860185,1757231434.8609526,0.0007677078247070312
1757231435.148154,1757231435.1736073,0.02545332908630371
1757231435.3553276,1757231435.3588068,0.0034792423248291016
1757231435.8097029,1757231435.835205,0.02550220489501953
1757231436.0328908,1757231436.036789,0.003898143768310547
1757231436.3496656,1757231436.3751056,0.025439977645874023
1757231436.5837054,1757231436.5877967,0.0040912628173828125
1757231436.8978982,1757231436.9237123,0.025814056396484375
1757231437.1312113,1757231437.1346545,0.0034432411193847656
1757231437.4873245,1757231437.5126855,0.025361061096191406
1757231437.7441306,1757231437.7462304,0.002099752426147461
1757231438.0577767,1757231438.0859103,0.028133630752563477
1757231438.3379822,1757231438.3766828,0.03870058059692383
1757231438.6283448,1757231438.6647837,0.036438941955566406
1757231438.8492343,1757231438.8501883,0.0009539127349853516
1757231439.1410978,1757231439.1446548,0.003556966781616211
1757231439.464625,1757231439.4908884,0.02626347541809082
1757231439.710575,1757231439.7148013,0.004226207733154297
1757231440.114525,1757231440.140095,0.025569915771484375
1757231440.354721,1757231440.3560188,0.0012977123260498047
1757231440.833564,1757231440.8591263,0.025562286376953125
1757231441.0657284,1757231441.0664175,0.0006890296936035156
1757231441.3729377,1757231441.4131463,0.04020857810974121
1757231441.564236,1757231441.564834,0.0005981922149658203
1757231441.952797,1757231441.9840884,0.03129148483276367
1757231442.187886,1757231442.1887922,0.0009062290191650391
1757231442.4906695,1757231442.5193613,0.028691768646240234
1757231442.686744,1757231442.6873372,0.0005931854248046875
1757231442.9672506,1757231442.9983065,0.031055927276611328
1757231443.2170467,1757231443.2488325,0.03178572654724121
1757231443.4229314,1757231443.4235983,0.0006668567657470703
1757231443.8123271,1757231443.847074,0.03474688529968262
1757231444.016809,1757231444.0175169,0.0007078647613525391
1757231444.4430375,1757231444.479708,0.03667044639587402
1757231444.6636264,1757231444.66778,0.00415349006652832
1757231445.0699,1757231445.0708404,0.0009403228759765625
1757231445.340317,1757231445.365804,0.02548694610595703
1757231445.5494986,1757231445.5512927,0.0017940998077392578
1757231445.9663384,1757231445.9919145,0.025576114654541016
1757231446.1949973,1757231446.1987965,0.0037992000579833984
1757231446.524801,1757231446.5550194,0.03021836280822754
1757231446.8227358,1757231446.8486197,0.025883913040161133
1757231447.0990963,1757231447.1000102,0.0009138584136962891
1757231447.4164147,1757231447.417904,0.0014891624450683594
1757231447.619798,1757231447.6525052,0.03270721435546875
1757231447.8711467,1757231447.9026027,0.03145599365234375
1757231448.0838046,1757231448.0845337,0.0007290840148925781
1757231448.401832,1757231448.4296603,0.027828216552734375
1757231448.6948397,1757231448.7209253,0.026085615158081055
1757231448.939393,1757231448.940159,0.0007660388946533203
1757231449.3736527,1757231449.4002569,0.026604175567626953
1757231676.3371055,1757231676.4812355,0.14412999153137207
1757231678.219434,1757231678.3571932,0.13775920867919922
1757231678.532455,1757231678.5331237,0.0006687641143798828
1757231678.7359147,1757231678.7856004,0.04968571662902832
1757231678.977139,1757231679.1137412,0.13660216331481934
1757231679.4142666,1757231679.453903,0.03963637351989746
1757231679.6577678,1757231679.7738817,0.11611390113830566
1757231679.988978,1757231680.134625,0.1456470489501953
1757231680.3731635,1757231680.5806873,0.20752382278442383
1757231680.765831,1757231680.94872,0.18288898468017578
1757231681.1859214,1757231681.3068907,0.12096929550170898
1757231681.575709,1757231681.6887221,0.11301302909851074
1757231681.8750706,1757231681.98344,0.10836935043334961
1757231722.167728,1757231722.4119208,0.24419283866882324
1757231722.5987444,1757231722.7083535,0.10960912704467773
1757231722.8613772,1757231722.969732,0.10835480690002441
1757231723.113682,1757231723.2223685,0.10868644714355469
1757231723.4210768,1757231723.52955,0.10847330093383789
1757231723.6844833,1757231723.797593,0.11310982704162598
1757231723.9667149,1757231724.07582,0.10910511016845703
1757231724.248763,1757231724.358201,0.10943794250488281
1757231724.5808744,1757231724.689307,0.10843253135681152
1757231724.8489969,1757231724.9637883,0.1147913932800293
1757231725.159935,1757231725.2732627,0.1133277416229248
1757231725.433683,1757231725.5453823,0.11169934272766113
1757231725.7540202,1757231725.8659878,0.11196756362915039
1757231726.0510256,1757231726.1601698,0.10914421081542969
1757231726.3309906,1757231726.4447894,0.11379885673522949
1757231726.7045093,1757231726.817249,0.11273980140686035
1757231727.0303879,1757231727.1415834,0.11119556427001953
1757231727.332149,1757231727.4477675,0.11561846733093262
1757231727.7315073,1757231727.8432205,0.11171317100524902
1757231728.0531278,1757231728.1638317,0.11070394515991211
1757231728.418237,1757231728.4193459,0.0011088848114013672
1757231731.1610932,1757231731.2949889,0.1338956356048584
1757231731.4667373,1757231731.467499,0.0007617473602294922
1757231731.8703744,1757231731.8710437,0.0006692409515380859
1757231732.2698128,1757231732.4044218,0.13460898399353027
1757231732.5813005,1757231732.5857923,0.0044918060302734375
1757231733.0497234,1757231733.1849003,0.1351768970489502
1757231733.3948083,1757231733.5361845,0.14137625694274902
1757231733.7745216,1757231733.77511,0.0005884170532226562
1757231734.1948524,1757231734.3398051,0.14495277404785156
1757231734.5838184,1757231734.7202897,0.13647127151489258
1757231734.890171,1757231734.8909976,0.0008265972137451172
1757231735.3479187,1757231735.4846206,0.1367018222808838
1757231735.648695,1757231735.6494513,0.0007562637329101562
1757231736.1405272,1757231736.286979,0.14645171165466309
1757231736.4885657,1757231736.4913828,0.0028171539306640625
1757231736.9348469,1757231737.071386,0.13653922080993652
1757231737.291062,1757231737.2950113,0.003949165344238281
1757231737.7101762,1757231737.7131612,0.0029850006103515625
1757231738.1124337,1757231738.2463174,0.13388371467590332
1757231738.4402702,1757231738.4415305,0.0012602806091308594
1757231738.8402,1757231738.9759152,0.13571524620056152
1757231739.1753817,1757231739.3126512,0.1372694969177246
1757231739.4889688,1757231739.4919982,0.003029346466064453
1757231739.9954715,1757231740.1322672,0.1367957592010498
1757231740.2993383,1757231740.299984,0.0006456375122070312
1757231740.7890477,1757231740.9363592,0.14731144905090332
1757231741.1043394,1757231741.1136558,0.009316444396972656
1757231741.513428,1757231741.64775,0.134321928024292
1757231741.8456895,1757231741.8464763,0.0007867813110351562
1757231742.2755516,1757231742.4199789,0.14442729949951172
1757231742.5922172,1757231742.5928347,0.0006175041198730469
1757231743.031468,1757231743.1715157,0.14004778861999512
1757231743.399648,1757231743.4023445,0.002696514129638672
1757231743.8713744,1757231744.0053985,0.13402414321899414
1757231744.1749856,1757231744.1788087,0.0038230419158935547
1757231744.5896895,1757231744.737931,0.14824151992797852
1757231745.0589411,1757231745.1971467,0.13820552825927734
1757231745.431479,1757231745.4396548,0.008175849914550781
1757231745.8607147,1757231746.0175164,0.15680170059204102
1757231746.2926261,1757231746.2947128,0.002086639404296875
1757231746.7016072,1757231746.8374548,0.1358475685119629
1757231747.04479,1757231747.0454292,0.0006392002105712891
1757231747.4746025,1757231747.4782403,0.0036377906799316406
1757231747.9063604,1757231748.0475214,0.1411609649658203
1757231748.2761724,1757231748.4105008,0.13432836532592773
1757231748.6318748,1757231748.7670097,0.13513493537902832
1757231749.0330863,1757231749.1674852,0.1343989372253418
1757231749.4217007,1757231749.5683494,0.14664864540100098
1757231749.7470849,1757231749.754654,0.007569074630737305
1757231750.1609712,1757231750.3116827,0.1507115364074707
1757231750.5286999,1757231750.5293903,0.000690460205078125
1757231751.0306368,1757231751.1648061,0.134169340133667
1757231751.3809333,1757231751.3816109,0.0006775856018066406
1757231751.784364,1757231751.784963,0.000598907470703125
1757231752.2119806,1757231752.3469877,0.13500714302062988
1757231752.523049,1757231752.5289812,0.0059320926666259766
1757231753.0494206,1757231753.186716,0.13729548454284668
1757231753.444996,1757231753.4456177,0.0006215572357177734
1757231753.8387942,1757231753.971975,0.13318085670471191
1757231754.2299707,1757231754.233786,0.0038154125213623047
1757231754.6188111,1757231754.7589421,0.14013099670410156
1757231755.091801,1757231755.2381406,0.14633965492248535
1757231755.4506176,1757231755.4551504,0.004532814025878906
1757231755.8917232,1757231756.0280354,0.13631224632263184
1757231756.1980023,1757231756.2008665,0.0028641223907470703
1757231756.7040753,1757231756.8384726,0.13439726829528809
1757231757.0249424,1757231757.1639373,0.13899493217468262
1757231757.4220304,1757231757.561937,0.139906644821167
1757231757.7989972,1757231757.8037286,0.004731416702270508
1757231758.191587,1757231758.330692,0.13910508155822754
1757231758.5518332,1757231758.697053,0.1452198028564453
1757231758.9023054,1757231758.905656,0.0033507347106933594
1757231759.3416734,1757231759.4776492,0.13597583770751953
1757231759.6556199,1757231759.65978,0.004160165786743164
1757231760.0781493,1757231760.0799823,0.0018329620361328125
1757231760.5873737,1757231760.7332244,0.14585065841674805
1757231760.9407978,1757231760.9446583,0.0038604736328125
1757231761.3653831,1757231761.5131345,0.1477513313293457
1757231761.7990136,1757231761.802659,0.0036454200744628906
1757231762.1944304,1757231762.328278,0.13384771347045898
1757231762.484072,1757231762.487778,0.0037059783935546875
1757231763.0520573,1757231763.1967006,0.14464330673217773
1757231763.4830272,1757231763.620917,0.13788986206054688
1757231763.8497825,1757231763.8556564,0.005873918533325195
1757231764.310693,1757231764.4452286,0.134535551071167
1757231764.636155,1757231764.6369202,0.0007653236389160156
1757231765.1867597,1757231765.3252816,0.13852190971374512
1757231765.5660617,1757231765.5700486,0.003986835479736328
1757231766.092415,1757231766.2258193,0.13340425491333008
1757231766.415598,1757231766.420387,0.004789113998413086
1757231766.830929,1757231766.9654899,0.13456082344055176
1757231767.1947246,1757231767.1953797,0.0006551742553710938
1757231767.6208673,1757231767.755048,0.13418078422546387
1757231768.0588124,1757231768.1956713,0.13685894012451172
1757231768.4522123,1757231768.452849,0.0006365776062011719
1757231768.8681607,1757231768.8716545,0.003493785858154297
1757231769.3373187,1757231769.4746604,0.13734173774719238
1757231769.6944227,1757231769.6977885,0.003365755081176758
1757231770.1602957,1757231770.2963552,0.13605952262878418
1757231770.4893153,1757231770.4957159,0.006400585174560547
1757231770.897951,1757231770.9320889,0.03413796424865723
1757231771.1531742,1757231771.1944144,0.04124021530151367
1757231771.4154873,1757231771.416144,0.0006566047668457031
1757231771.7637417,1757231771.801135,0.03739333152770996
1757231772.0398202,1757231772.0441425,0.0043222904205322266
1757231772.3494406,1757231772.3927014,0.043260812759399414
1757231772.603547,1757231772.6081975,0.0046503543853759766
1757231773.0160375,1757231773.0526965,0.03665900230407715
1757231773.3698962,1757231773.3953035,0.02540731430053711
1757231773.5754638,1757231773.5832305,0.0077667236328125
1757231773.8775175,1757231773.9031432,0.02562570571899414
1757231774.1104183,1757231774.1112096,0.0007913112640380859
1757231774.3881261,1757231774.4266922,0.03856611251831055
1757231774.6044304,1757231774.6081774,0.0037469863891601562
1757231774.922887,1757231774.94847,0.02558302879333496
1757231775.1376622,1757231775.1430004,0.005338191986083984
1757231775.501731,1757231775.535605,0.0338740348815918
1757231775.7346063,1757231775.7352383,0.0006320476531982422
1757231776.049288,1757231776.0791948,0.029906749725341797
1757231776.3764436,1757231776.4019759,0.025532245635986328
1757231776.5957203,1757231776.6327193,0.03699898719787598
1757231776.8660645,1757231776.8697813,0.003716707229614258
1757231777.2419257,1757231777.275532,0.03360629081726074
1757231777.4634304,1757231777.4642937,0.0008633136749267578
1757231777.7672925,1757231777.8096032,0.04231071472167969
1757231778.0528173,1757231778.0538535,0.0010361671447753906
1757231778.3600965,1757231778.3611221,0.0010256767272949219
1757231778.749055,1757231778.7803853,0.03133034706115723
1757231778.9616628,1757231778.9646714,0.003008604049682617
1757231779.3145888,1757231779.3537416,0.03915286064147949
1757231779.6440299,1757231779.6797833,0.035753488540649414
1757231779.8701332,1757231779.8707137,0.0005805492401123047
1757231780.1972249,1757231780.2307203,0.033495426177978516
1757231780.4038744,1757231780.4045522,0.0006778240203857422
1757231780.812209,1757231780.8375125,0.02530360221862793
1757231781.0452604,1757231781.0481129,0.0028524398803710938
1757231781.3657017,1757231781.391285,0.025583267211914062
1757231781.592118,1757231781.592781,0.0006630420684814453
1757231781.9921687,1757231782.0255198,0.03335118293762207
1757231782.2367759,1757231782.2375293,0.0007534027099609375
1757231782.5774615,1757231782.6052089,0.027747392654418945
1757231782.8342857,1757231782.8704286,0.036142826080322266
1757231783.059201,1757231783.059904,0.0007030963897705078
1757231783.3726792,1757231783.4088333,0.03615403175354004
1757231783.5844667,1757231783.5851274,0.0006606578826904297
1757231783.9130545,1757231783.9136295,0.0005750656127929688
1757231784.255836,1757231784.2906804,0.034844398498535156
1757231784.4806294,1757231784.4812396,0.0006101131439208984
1757231784.8769994,1757231784.8777757,0.0007762908935546875
1757231785.176484,1757231785.2023225,0.025838375091552734
1757231785.4411504,1757231785.4824307,0.041280269622802734
1757231785.7429576,1757231785.773511,0.030553340911865234
1757231785.968901,1757231785.9701338,0.0012328624725341797
1757231786.2774284,1757231786.3117945,0.03436613082885742
1757231786.5164459,1757231786.5170546,0.0006086826324462891
1757231786.8836286,1757231786.9118884,0.028259754180908203
1757231787.2308826,1757231787.262816,0.03193330764770508
1757231787.4577725,1757231787.4584396,0.0006670951843261719
1757231787.7975662,1757231787.8008087,0.00324249267578125
1757231788.2863913,1757231788.319594,0.0332026481628418
1757231788.567853,1757231788.5992312,0.03137826919555664
1757231788.7940948,1757231788.794774,0.0006792545318603516
1757231789.205508,1757231789.2311995,0.025691509246826172
1757231789.454471,1757231789.4588554,0.004384279251098633
1757231789.7312443,1757231789.757204,0.02595973014831543
1757231789.9827604,1757231789.983441,0.0006806850433349609
1757231790.2717657,1757231790.3050299,0.03326416015625
1757231790.5795033,1757231790.5840833,0.004580020904541016
1757231790.8831344,1757231790.8842487,0.0011143684387207031
1757231791.1806095,1757231791.233851,0.05324149131774902
1757231791.4243808,1757231791.4499469,0.02556610107421875
1757231791.698869,1757231791.7020752,0.0032062530517578125
1757231792.0948255,1757231792.120591,0.025765419006347656
1757231792.3716822,1757231792.4005294,0.028847217559814453
1757232007.8694,1757232008.0052207,0.13582062721252441
1757232009.8320622,1757232009.969939,0.1378767490386963
1757232010.2137587,1757232010.3661358,0.15237712860107422
1757232010.7264214,1757232010.8713763,0.14495491981506348
1757232011.0591695,1757232011.2012134,0.1420438289642334
1757232011.4395735,1757232011.4489496,0.009376049041748047
1757232011.6502104,1757232011.6536615,0.003451108932495117
1757232011.8804944,1757232011.9958355,0.1153411865234375
1757232012.2780178,1757232012.3119574,0.03393959999084473
1757232012.5572443,1757232012.6707287,0.11348438262939453
1757232012.8796031,1757232013.0482807,0.16867756843566895
1757232013.3236523,1757232013.464344,0.14069175720214844
1757232013.7297633,1757232013.9403172,0.21055388450622559
1757232014.1259577,1757232014.219575,0.09361720085144043
1757232014.4093757,1757232014.5245106,0.11513495445251465
1757232014.7199512,1757232014.870641,0.15068984031677246
1757232015.1051888,1757232015.251496,0.14630722999572754
1757232015.4422996,1757232015.594486,0.15218639373779297
1757232015.8429544,1757232016.0049884,0.1620340347290039
1757232016.2070832,1757232016.3284967,0.1214134693145752
1757232016.52636,1757232016.69064,0.16427993774414062
1757232016.9443796,1757232017.100179,0.15579938888549805
1757232017.2848244,1757232017.4408474,0.1560230255126953
1757232017.6368818,1757232017.8319235,0.19504165649414062
1757232018.022177,1757232018.1160765,0.09389948844909668
1757232018.4387395,1757232018.5912962,0.1525566577911377
1757232018.8830192,1757232018.9963102,0.11329102516174316
1757232019.2795615,1757232019.3843002,0.10473871231079102
1757232019.6412232,1757232019.736613,0.09538984298706055
1757232019.9971287,1757232020.1167927,0.11966395378112793
1757232020.281555,1757232020.4466398,0.1650848388671875
1757232020.7412248,1757232020.8671093,0.1258845329284668
1757232021.0661132,1757232021.0933144,0.027201175689697266
1757232021.3075643,1757232021.4238672,0.1163029670715332
1757232021.6339,1757232021.785304,0.15140414237976074
1757232022.0045261,1757232022.2172403,0.21271419525146484
1757232022.408247,1757232022.4355166,0.027269601821899414
1757232022.72168,1757232022.8413239,0.1196439266204834
1757232023.0320354,1757232023.1913674,0.1593320369720459
1757232023.4133468,1757232023.5618796,0.14853286743164062
1757232023.7884343,1757232023.939423,0.15098881721496582
1757232024.1483133,1757232024.3001783,0.15186500549316406
1757232024.555701,1757232024.701462,0.14576101303100586
1757232024.8945057,1757232024.9398777,0.04537200927734375
1757232025.1337612,1757232025.2450042,0.11124300956726074
1757232025.3974216,1757232025.5528913,0.15546965599060059
1757232025.7140632,1757232025.865186,0.1511228084564209
1757232026.1245153,1757232026.270624,0.14610862731933594
1757232026.4644177,1757232026.6185825,0.15416479110717773
1757232026.7748408,1757232026.9233983,0.14855742454528809
1757232027.099262,1757232027.2569723,0.15771031379699707
1757232027.422734,1757232027.5715191,0.14878511428833008
1757232027.8392305,1757232028.0274189,0.1881883144378662
1757232028.1859467,1757232028.2476604,0.06171369552612305
1757232028.4429097,1757232028.5616388,0.1187291145324707
1757232028.7173295,1757232028.865621,0.14829158782958984
1757232029.0302444,1757232029.1800783,0.14983391761779785
1757232029.3540459,1757232029.4965668,0.14252090454101562
1757232029.651719,1757232029.803421,0.1517019271850586
1757232029.94859,1757232030.1076028,0.1590127944946289
1757232030.3014429,1757232030.4673095,0.16586661338806152
1757232030.6421497,1757232030.7868533,0.14470362663269043
1757232030.9564865,1757232031.1169114,0.16042494773864746
1757232031.3493752,1757232031.516629,0.16725373268127441
1757232031.6848407,1757232031.749407,0.06456637382507324
1757232031.90398,1757232032.0188396,0.11485958099365234
1757232032.1692507,1757232032.3253777,0.1561269760131836
1757232032.497374,1757232032.65,0.15262603759765625
1757232032.8395693,1757232032.9924493,0.15287995338439941
1757232033.1484978,1757232033.2996275,0.15112972259521484
1757232033.4754076,1757232033.6252894,0.14988183975219727
1757232033.7805529,1757232033.9283402,0.14778733253479004
1757232034.0858567,1757232034.2337272,0.14787054061889648
1757232034.4656687,1757232034.6636488,0.19798016548156738
1757232034.8684185,1757232034.9220953,0.05367684364318848
1757232035.102032,1757232035.222333,0.1203010082244873
1757232035.3789048,1757232035.5381885,0.15928363800048828
1757232035.752072,1757232035.9041817,0.15210962295532227
1757232036.0790153,1757232036.2308285,0.15181326866149902
1757232036.3980117,1757232036.549689,0.15167737007141113
1757232036.7561858,1757232036.9057295,0.14954376220703125
1757232037.0806832,1757232037.239827,0.15914368629455566
1757232037.4668062,1757232037.6108224,0.14401626586914062
1757232037.7787666,1757232037.922958,0.14419126510620117
1757232038.1965365,1757232038.34164,0.14510345458984375
1757232038.5442686,1757232038.700784,0.15651535987854004
1757232039.0356581,1757232039.153132,0.11747384071350098
1757232039.3029802,1757232039.4109926,0.10801243782043457
1757232039.5390134,1757232039.6530504,0.11403703689575195
1757232280.0601509,1757232280.569383,0.5092320442199707
1757232280.7439861,1757232280.85587,0.11188387870788574
1757232280.9888775,1757232281.0982497,0.10937213897705078
1757232281.2816384,1757232281.39006,0.10842156410217285
1757232281.5265265,1757232281.6367695,0.11024308204650879
1757232281.7769685,1757232281.8856122,0.10864377021789551
1757232282.0284698,1757232282.1366787,0.10820889472961426
1757232282.2725956,1757232282.3809652,0.10836958885192871
1757232282.5155005,1757232282.6272259,0.1117253303527832
1757232282.7690356,1757232282.8809953,0.11195969581604004
1757232283.018591,1757232283.1279702,0.10937929153442383
1757232283.2622087,1757232283.3714578,0.10924911499023438
1757232283.5086958,1757232283.6180794,0.10938358306884766
1757232283.8483155,1757232283.9569907,0.10867524147033691
1757232284.0985372,1757232284.2068431,0.1083059310913086
1757232284.380617,1757232284.4892554,0.10863852500915527
1757232284.6275506,1757232284.736054,0.10850334167480469
1757232284.8822522,1757232284.9922595,0.11000728607177734
1757232285.133611,1757232285.2421796,0.10856866836547852
1757232285.3918164,1757232285.3924377,0.0006213188171386719
1757232287.741292,1757232287.8754697,0.13417768478393555
1757232288.0133402,1757232288.013939,0.0005986690521240234
1757232288.3641312,1757232288.4985983,0.13446712493896484
1757232288.6857991,1757232288.6864316,0.0006325244903564453
1757232289.038944,1757232289.172918,0.1339740753173828
1757232289.3150907,1757232289.3157332,0.0006425380706787109
1757232289.6728795,1757232289.8125808,0.13970136642456055
1757232289.9564676,1757232289.9570794,0.0006117820739746094
1757232290.3292232,1757232290.4685957,0.1393725872039795
1757232290.604783,1757232290.605351,0.0005679130554199219
1757232290.9630253,1757232291.102468,0.13944268226623535
1757232291.2610996,1757232291.2617042,0.0006046295166015625
1757232291.6192105,1757232291.7595932,0.1403827667236328
1757232291.9690409,1757232291.9696624,0.0006215572357177734
1757232292.3212984,1757232292.4613554,0.14005708694458008
1757232292.5996916,1757232292.600334,0.0006422996520996094
1757232292.9564395,1757232293.0965283,0.14008879661560059
1757232293.2354696,1757232293.2360344,0.0005648136138916016
1757232293.6002455,1757232293.7335453,0.1332998275756836
1757232293.8707895,1757232293.8714414,0.0006518363952636719
1757232294.2270072,1757232294.3672056,0.1401984691619873
1757232294.5143952,1757232294.5149772,0.0005819797515869141
1757232294.8717031,1757232295.0053458,0.13364267349243164
1757232295.204474,1757232295.2051177,0.0006437301635742188
1757232295.5624876,1757232295.701719,0.13923144340515137
1757232295.8448973,1757232295.845529,0.0006318092346191406
1757232296.21285,1757232296.3459737,0.13312363624572754
1757232296.4919991,1757232296.4926274,0.0006282329559326172
1757232296.8597505,1757232296.9937522,0.1340017318725586
1757232297.1342983,1757232297.1349652,0.0006668567657470703
1757232297.5069387,1757232297.646432,0.13949322700500488
1757232297.784127,1757232297.7848175,0.000690460205078125
1757232298.1385896,1757232298.2728329,0.13424324989318848
1757232298.4648464,1757232298.598951,0.13410472869873047
1757232298.733099,1757232298.7337596,0.0006606578826904297
1757232299.2093313,1757232299.3452926,0.13596129417419434
1757232299.4943519,1757232299.4949753,0.0006234645843505859
1757232299.8648818,1757232299.9981122,0.13323044776916504
1757232300.1389627,1757232300.1396177,0.0006549358367919922
1757232300.496419,1757232300.6356528,0.13923382759094238
1757232300.7820609,1757232300.782684,0.0006232261657714844
1757232301.1351755,1757232301.2698216,0.13464617729187012
1757232301.4110224,1757232301.4116337,0.0006113052368164062
1757232301.7670057,1757232301.9064624,0.13945674896240234
1757232302.1040711,1757232302.2372136,0.13314247131347656
1757232302.389149,1757232302.3897817,0.0006327629089355469
1757232302.8616657,1757232303.0018978,0.14023208618164062
1757232303.1394484,1757232303.1400332,0.0005848407745361328
1757232303.488957,1757232303.6242871,0.1353302001953125
1757232303.7624264,1757232303.7630646,0.0006382465362548828
1757232304.1181214,1757232304.2541015,0.13598012924194336
1757232304.3970299,1757232304.397605,0.0005750656127929688
1757232304.7520812,1757232304.888322,0.13624095916748047
1757232305.0307817,1757232305.0313902,0.0006084442138671875
1757232305.438829,1757232305.5803668,0.14153790473937988
1757232305.7274888,1757232305.7281551,0.0006663799285888672
1757232306.2023413,1757232306.3385158,0.13617444038391113
1757232306.5200253,1757232306.520594,0.0005686283111572266
1757232306.8853273,1757232307.0200372,0.13470983505249023
1757232307.177577,1757232307.1781654,0.0005884170532226562
1757232307.5371346,1757232307.6718903,0.13475561141967773
1757232307.8165872,1757232307.817198,0.0006108283996582031
1757232308.1761565,1757232308.3177,0.14154338836669922
1757232308.45813,1757232308.4587417,0.0006117820739746094
1757232308.8622887,1757232309.010131,0.1478421688079834
1757232309.1544673,1757232309.1550763,0.0006089210510253906
1757232309.520651,1757232309.521278,0.0006268024444580078
1757232309.8798735,1757232310.020708,0.14083456993103027
1757232310.160715,1757232310.1613722,0.0006570816040039062
1757232310.5182333,1757232310.6545293,0.13629603385925293
1757232310.799628,1757232310.9350379,0.13540983200073242
1757232311.0782237,1757232311.2141788,0.1359550952911377
1757232311.354348,1757232311.3549862,0.0006382465362548828
1757232311.7188582,1757232311.8593438,0.14048552513122559
1757232312.0023777,1757232312.003025,0.0006473064422607422
1757232312.4165804,1757232312.552101,0.13552045822143555
1757232312.6984165,1757232312.8334842,0.13506770133972168
1757232312.9712255,1757232312.9719126,0.0006871223449707031
1757232313.4403367,1757232313.5810912,0.14075446128845215
1757232313.7240002,1757232313.7246218,0.0006215572357177734
1757232314.0750868,1757232314.2157366,0.14064979553222656
1757232314.3577733,1757232314.3584025,0.0006291866302490234
1757232314.7123826,1757232314.85357,0.14118742942810059
1757232314.9944806,1757232314.9950933,0.0006127357482910156
1757232315.349859,1757232315.4906769,0.14081788063049316
1757232315.6295543,1757232315.6301477,0.0005934238433837891
1757232316.0399354,1757232316.1794665,0.13953113555908203
1757232316.317691,1757232316.3183231,0.0006320476531982422
1757232316.7883973,1757232316.923705,0.13530778884887695
1757232317.072957,1757232317.0735688,0.0006117820739746094
1757232317.4306788,1757232317.571156,0.14047718048095703
1757232317.714332,1757232317.7149842,0.0006520748138427734
1757232318.071906,1757232318.213078,0.14117193222045898
1757232318.3573058,1757232318.357948,0.0006422996520996094
1757232318.7134268,1757232318.8481638,0.1347370147705078
1757232319.0128927,1757232319.0135498,0.0006570816040039062
1757232319.4185781,1757232319.559215,0.14063692092895508
1757232319.6948369,1757232319.6954656,0.0006287097930908203
1757232320.163911,1757232320.2986085,0.13469743728637695
1757232320.4416914,1757232320.4423578,0.0006663799285888672
1757232320.6846142,1757232320.7147639,0.03014969825744629
1757232320.8786857,1757232320.879297,0.0006113052368164062
1757232321.1359355,1757232321.1628892,0.026953697204589844
1757232321.306637,1757232321.3072534,0.0006163120269775391
1757232321.5521176,1757232321.5836935,0.031575918197631836
1757232321.7266421,1757232321.7274916,0.0008494853973388672
1757232322.031831,1757232322.0724149,0.04058384895324707
1757232322.2107854,1757232322.2114365,0.0006511211395263672
1757232322.4606209,1757232322.4857488,0.025127887725830078
1757232322.623162,1757232322.6237617,0.0005996227264404297
1757232322.9808311,1757232323.0108478,0.030016660690307617
1757232323.1562827,1757232323.1808622,0.024579524993896484
1757232323.32762,1757232323.328227,0.0006070137023925781
1757232323.5759337,1757232323.6068504,0.030916690826416016
1757232323.7441628,1757232323.7448218,0.0006589889526367188
1757232323.9921327,1757232324.0229185,0.030785799026489258
1757232324.1627362,1757232324.163379,0.0006427764892578125
1757232324.465194,1757232324.496188,0.030993938446044922
1757232324.63821,1757232324.6388254,0.0006153583526611328
1757232324.8814905,1757232324.9066641,0.025173664093017578
1757232325.0536559,1757232325.0543175,0.0006616115570068359
1757232325.3061435,1757232325.3337994,0.027655839920043945
1757232325.4848454,1757232325.4854834,0.0006380081176757812
1757232325.7378972,1757232325.7697172,0.031820058822631836
1757232325.9159935,1757232325.9166312,0.0006377696990966797
1757232326.1641524,1757232326.194928,0.03077554702758789
1757232326.3349051,1757232326.3355994,0.00069427490234375
1757232326.6267269,1757232326.657605,0.030878067016601562
1757232326.7924845,1757232326.7930903,0.0006058216094970703
1757232327.1453779,1757232327.1761982,0.030820369720458984
1757232327.315556,1757232327.3162394,0.0006833076477050781
1757232327.6724842,1757232327.697932,0.025447845458984375
1757232327.8671744,1757232327.8677943,0.0006198883056640625
1757232328.113408,1757232328.1392934,0.025885343551635742
1757232328.2816594,1757232328.282269,0.0006096363067626953
1757232328.5281405,1757232328.5542088,0.02606821060180664
1757232328.6962688,1757232328.6968868,0.00061798095703125
1757232328.944374,1757232328.9758596,0.031485557556152344
1757232329.168533,1757232329.1996431,0.031110048294067383
1757232329.3356855,1757232329.3363283,0.0006427764892578125
1757232329.5785408,1757232329.6039276,0.025386810302734375
1757232329.748689,1757232329.7494032,0.0007143020629882812
1757232330.1063888,1757232330.1312819,0.02489304542541504
1757232330.275425,1757232330.3002415,0.024816513061523438
1757232330.4389176,1757232330.4395454,0.0006277561187744141
1757232330.6919134,1757232330.7171204,0.025207042694091797
1757232330.8591614,1757232330.8598218,0.0006604194641113281
1757232331.1122386,1757232331.1432567,0.03101801872253418
1757232331.2832284,1757232331.283877,0.00064849853515625
1757232331.5878544,1757232331.6139047,0.026050329208374023
1757232331.7554734,1757232331.7561438,0.0006704330444335938
1757232332.0064254,1757232332.0373309,0.030905485153198242
1757232332.178217,1757232332.1788666,0.0006496906280517578
1757232332.4317107,1757232332.4625566,0.03084588050842285
1757232332.6111953,1757232332.6118684,0.0006730556488037109
1757232332.8736794,1757232332.8989837,0.025304317474365234
1757232333.0421393,1757232333.0427496,0.0006103515625
1757232333.2890408,1757232333.31976,0.030719280242919922
1757232333.460436,1757232333.4610503,0.000614166259765625
1757232333.7581854,1757232333.7895002,0.031314849853515625
1757232333.9245155,1757232333.925196,0.0006804466247558594
1757232334.201488,1757232334.2021587,0.0006706714630126953
1757232334.4469707,1757232334.4781651,0.031194448471069336
1757232334.623851,1757232334.624486,0.0006349086761474609
1757232334.87953,1757232334.90578,0.026250123977661133
1757232335.054879,1757232335.0555236,0.000644683837890625
1757232335.3085725,1757232335.337095,0.028522491455078125
1757232335.477854,1757232335.4784853,0.0006313323974609375
1757232335.7260919,1757232335.757285,0.031193256378173828
1757232335.9593685,1757232335.9847553,0.025386810302734375
1757232336.1223056,1757232336.1229136,0.0006079673767089844
1757233253.9041963,1757233254.1330793,0.2288830280303955
1757233254.3095398,1757233254.42287,0.11333012580871582
1757233254.5606961,1757233254.672785,0.11208891868591309
1757233254.810978,1757233254.9230616,0.11208367347717285
1757233255.1134386,1757233255.2229025,0.10946393013000488
1757233255.3626308,1757233255.4721265,0.10949563980102539
1757233255.616977,1757233255.7267218,0.10974478721618652
1757233255.8691487,1757233255.9784102,0.10926151275634766
1757233256.1188242,1757233256.2282603,0.10943603515625
1757233256.3684828,1757233256.4780085,0.10952568054199219
1757233256.6237326,1757233256.7332582,0.10952568054199219
1757233256.8782403,1757233256.9877691,0.10952877998352051
1757233257.1303356,1757233257.2407541,0.11041855812072754
1757233257.3857665,1757233257.4952798,0.1095132827758789
1757233257.6327286,1757233257.7421534,0.10942482948303223
1757233257.9370158,1757233258.0474346,0.11041879653930664
1757233258.183978,1757233258.2923794,0.10840129852294922
1757233258.4308736,1757233258.5405273,0.10965371131896973
1757233258.696619,1757233258.806385,0.10976600646972656
1757233258.9497213,1757233259.0683174,0.11859607696533203
1757233259.2235837,1757233259.3334835,0.10989975929260254
1757233259.4885552,1757233259.5984342,0.1098790168762207
1757233259.7461839,1757233259.8559034,0.10971951484680176
1757233259.9995868,1757233260.1095064,0.10991954803466797
1757233260.268622,1757233260.2693841,0.0007622241973876953
1757233260.4064837,1757233260.5366678,0.13018417358398438
1757233260.7592394,1757233260.7598445,0.0006051063537597656
1757233263.0141492,1757233263.1599617,0.1458125114440918
1757233263.3051941,1757233263.4468107,0.1416165828704834
1757233263.5875483,1757233263.588172,0.0006237030029296875
1757233264.0585723,1757233264.2010608,0.1424884796142578
1757233264.3533857,1757233264.3539598,0.0005741119384765625
1757233264.707016,1757233264.8449454,0.13792943954467773
1757233264.98429,1757233264.984857,0.0005671977996826172
1757233265.342883,1757233265.4786856,0.1358025074005127
1757233265.6221113,1757233265.6227622,0.0006508827209472656
1757233266.034335,1757233266.1772966,0.14296174049377441
1757233266.3277674,1757233266.4660037,0.13823628425598145
1757233266.6194263,1757233266.6200023,0.000576019287109375
1757233266.9851167,1757233267.1276262,0.14250946044921875
1757233267.2641795,1757233267.2648299,0.0006504058837890625
1757233267.6417875,1757233267.777031,0.13524341583251953
1757233267.9171705,1757233267.917817,0.0006465911865234375
1757233268.2760687,1757233268.410809,0.13474035263061523
1757233268.5487492,1757233268.549407,0.0006577968597412109
1757233268.908299,1757233269.05103,0.1427309513092041
1757233269.245325,1757233269.3880002,0.14267516136169434
1757233269.5328135,1757233269.5335002,0.0006866455078125
1757233269.8999214,1757233270.042133,0.1422116756439209
1757233270.2006955,1757233270.2013395,0.0006439685821533203
1757233270.6918635,1757233270.8281178,0.13625431060791016
1757233270.9694223,1757233270.9701157,0.0006933212280273438
1757233271.4399545,1757233271.5758643,0.1359097957611084
1757233271.715962,1757233271.7165906,0.0006287097930908203
1757233272.0709116,1757233272.2135026,0.14259099960327148
1757233272.354887,1757233272.355496,0.0006089210510253906
1757233272.7103214,1757233272.8531997,0.14287829399108887
1757233273.0548322,1757233273.1963928,0.14156055450439453
1757233273.3397825,1757233273.340418,0.0006356239318847656
1757233273.695215,1757233273.8362136,0.14099860191345215
1757233273.9868474,1757233273.9875176,0.0006701946258544922
1757233274.3579872,1757233274.3587797,0.0007925033569335938
1757233274.7111545,1757233274.84807,0.1369154453277588
1757233274.9850025,1757233274.985601,0.0005984306335449219
1757233275.3687563,1757233275.5120456,0.14328932762145996
1757233275.6574788,1757233275.658112,0.00063323974609375
1757233276.014699,1757233276.1502452,0.13554620742797852
1757233276.2986307,1757233276.299236,0.0006053447723388672
1757233276.7124972,1757233276.849162,0.13666486740112305
1757233276.981025,1757233276.9816818,0.0006568431854248047
1757233277.451294,1757233277.5938292,0.14253520965576172
1757233277.7308989,1757233277.7315614,0.0006625652313232422
1757233278.2028227,1757233278.3384466,0.13562393188476562
1757233278.4817238,1757233278.4824247,0.0007009506225585938
1757233278.835693,1757233278.971026,0.13533306121826172
1757233279.1125047,1757233279.1130896,0.0005848407745361328
1757233279.471335,1757233279.6154387,0.1441037654876709
1757233279.7549253,1757233279.7555435,0.0006182193756103516
1757233280.1701045,1757233280.3132386,0.14313411712646484
1757233280.459073,1757233280.459702,0.0006289482116699219
1757233280.8321877,1757233280.974366,0.14217829704284668
1757233281.1179173,1757233281.1185517,0.0006344318389892578
1757233281.485134,1757233281.4857628,0.0006289482116699219
1757233281.842679,1757233281.9809449,0.13826584815979004
1757233282.1192157,1757233282.1198227,0.0006070137023925781
1757233282.4725215,1757233282.6216505,0.14912891387939453
1757233282.7766423,1757233282.7773225,0.0006802082061767578
1757233283.139686,1757233283.2818055,0.1421194076538086
1757233283.4805248,1757233283.6224792,0.1419544219970703
1757233283.7668183,1757233283.767443,0.0006246566772460938
1757233284.141985,1757233284.2833784,0.14139342308044434
1757233284.4248574,1757233284.4256709,0.0008134841918945312
1757233284.7865484,1757233284.7872775,0.0007290840148925781
1757233285.139778,1757233285.2794614,0.13968348503112793
1757233285.4197025,1757233285.420353,0.0006504058837890625
1757233285.7748177,1757233285.9168866,0.14206886291503906
1757233286.0572684,1757233286.0579157,0.0006473064422607422
1757233286.4139974,1757233286.555191,0.14119362831115723
1757233286.6984694,1757233286.699083,0.0006136894226074219
1757233287.1072097,1757233287.243403,0.13619327545166016
1757233287.3792999,1757233287.3799002,0.0006003379821777344
1757233287.7486067,1757233287.8897955,0.1411888599395752
1757233288.0331125,1757233288.033716,0.0006034374237060547
1757233288.5055506,1757233288.641764,0.1362133026123047
1757233288.7859519,1757233288.786582,0.0006301403045654297
1757233289.1431952,1757233289.2792022,0.13600707054138184
1757233289.4164395,1757233289.4170465,0.0006070137023925781
1757233289.7718806,1757233289.9130495,0.14116883277893066
1757233290.0532806,1757233290.0538867,0.0006060600280761719
1757233290.4083803,1757233290.5462914,0.13791108131408691
1757233290.7494266,1757233290.8908286,0.141402006149292
1757233291.0350516,1757233291.0356288,0.0005772113800048828
1757233291.395333,1757233291.5377913,0.14245820045471191
1757233291.6882856,1757233291.688898,0.0006124973297119141
1757233292.174262,1757233292.3097355,0.13547348976135254
1757233292.5025218,1757233292.638053,0.13553118705749512
1757233292.770736,1757233292.7713752,0.0006392002105712891
1757233293.1433322,1757233293.1439583,0.0006260871887207031
1757233293.4970207,1757233293.6390922,0.14207148551940918
1757233293.7790124,1757233293.7797222,0.0007097721099853516
1757233294.188521,1757233294.3306837,0.14216279983520508
1757233294.4684107,1757233294.4690626,0.0006518363952636719
1757233294.8363802,1757233294.971368,0.13498783111572266
1757233295.1134398,1757233295.1140966,0.0006568431854248047
1757233295.4786198,1757233295.4791994,0.0005795955657958984
1757233295.7264502,1757233295.7587116,0.03226137161254883
1757233295.8990421,1757233295.8996673,0.0006251335144042969
1757233296.1485837,1757233296.1809528,0.032369136810302734
1757233296.327303,1757233296.3279412,0.0006382465362548828
1757233296.588022,1757233296.61446,0.026437997817993164
1757233296.7591777,1757233296.7598271,0.0006494522094726562
1757233297.0643723,1757233297.0963256,0.03195333480834961
1757233297.2315166,1757233297.2321882,0.0006716251373291016
1757233297.4839368,1757233297.4845889,0.0006520748138427734
1757233297.6628017,1757233297.6634471,0.0006453990936279297
1757233297.912031,1757233297.9445763,0.03254532814025879
1757233298.0876396,1757233298.0882814,0.0006418228149414062
1757233298.3803017,1757233298.4132798,0.032978057861328125
1757233298.5608692,1757233298.5614622,0.0005929470062255859
1757233298.8105752,1757233298.8427808,0.03220558166503906
1757233299.0035956,1757233299.0042078,0.0006122589111328125
1757233299.248619,1757233299.280984,0.032364845275878906
1757233299.4832606,1757233299.5153027,0.03204202651977539
1757233299.6679654,1757233299.6685925,0.0006270408630371094
1757233299.9191039,1757233299.94616,0.027056217193603516
1757233300.0969372,1757233300.0976677,0.0007305145263671875
1757233300.3515499,1757233300.3837605,0.032210588455200195
1757233300.5273213,1757233300.5279472,0.0006258487701416016
1757233300.78402,1757233300.8108084,0.02678847312927246
1757233300.9531314,1757233300.9538012,0.0006697177886962891
1757233301.2006164,1757233301.2329063,0.032289981842041016
1757233301.3726423,1757233301.3732529,0.0006105899810791016
1757233301.6755319,1757233301.7079682,0.032436370849609375
1757233301.8495166,1757233301.8501606,0.0006439685821533203
1757233302.1155462,1757233302.1481159,0.03256964683532715
1757233302.2906618,1757233302.2912602,0.0005984306335449219
1757233302.5435517,1757233302.5441656,0.0006139278411865234
1757233302.7926748,1757233302.8197494,0.027074575424194336
1757233302.9695442,1757233302.9701467,0.0006024837493896484
1757233303.23622,1757233303.2691486,0.0329287052154541
1757233303.4097102,1757233303.4103215,0.0006113052368164062
1757233303.6637561,1757233303.6966624,0.032906293869018555
1757233303.9014044,1757233303.9347823,0.033377885818481445
1757233304.0785837,1757233304.0792153,0.0006315708160400391
1757233304.3243937,1757233304.3513155,0.026921749114990234
1757233304.4947884,1757233304.4954388,0.0006504058837890625
1757233304.7435806,1757233304.744187,0.000606536865234375
1757233304.9892774,1757233305.0213778,0.03210043907165527
1757233305.1646006,1757233305.165299,0.0006983280181884766
1757233305.4100218,1757233305.4366336,0.026611804962158203
1757233305.5934398,1757233305.5941296,0.0006897449493408203
1757233305.8443367,1757233305.8746672,0.030330419540405273
1757233306.0780005,1757233306.1083524,0.030351877212524414
1757233306.2532089,1757233306.253808,0.0005991458892822266
1757233306.4967637,1757233306.5284564,0.0316927433013916
1757233306.6742105,1757233306.6748297,0.0006191730499267578
1757233306.9269922,1757233306.959151,0.032158851623535156
1757233307.0952551,1757233307.0959127,0.0006575584411621094
1757233307.3460453,1757233307.373302,0.02725672721862793
1757233307.5166247,1757233307.5173924,0.0007677078247070312
1757233307.7710545,1757233307.798017,0.0269625186920166
1757233307.9408512,1757233307.9415047,0.0006535053253173828
1757233308.1874294,1757233308.2198532,0.03242373466491699
1757233308.4159632,1757233308.4557228,0.03975963592529297
1757233308.596298,1757233308.5991201,0.0028221607208251953
1757233308.855057,1757233308.887719,0.03266191482543945
1757233309.0278869,1757233309.0285292,0.0006422996520996094
1757233309.3832288,1757233309.4139423,0.030713558197021484
1757233309.560093,1757233309.5607896,0.0006966590881347656
1757233309.7333655,1757233309.7737315,0.04036593437194824
1757233309.9175293,1757233309.9181488,0.0006194114685058594
1757233310.1741917,1757233310.206363,0.03217124938964844
1757233310.3487887,1757233310.349432,0.0006432533264160156
1757233310.6009324,1757233310.6312408,0.03030848503112793
1757233310.8427715,1757233310.8697495,0.026978015899658203
1757233311.0107894,1757233311.011383,0.0005936622619628906
1757233311.2622664,1757233311.2628531,0.0005867481231689453
1757233311.5084555,1757233311.5405004,0.03204488754272461
1757233311.6801753,1757233311.6807992,0.0006239414215087891
1757233311.9261026,1757233311.9527755,0.026672840118408203
1757233312.097516,1757233312.0981493,0.00063323974609375
1757233498.8518834,1757233498.9938855,0.14200210571289062
1757233500.6406615,1757233500.7837212,0.14305973052978516
1757233500.9246144,1757233500.9252756,0.0006611347198486328
1757233501.0593097,1757233501.1098258,0.05051612854003906
1757233501.252393,1757233501.3811674,0.12877440452575684
1757233501.521748,1757233501.6326222,0.11087417602539062
1757233501.773831,1757233501.9164784,0.14264750480651855
1757233502.057362,1757233502.1994705,0.14210844039916992
1757233502.3424156,1757233502.5490782,0.20666265487670898
1757233502.754349,1757233502.7551506,0.0008015632629394531
1757233502.8913732,1757233502.9847474,0.09337425231933594
1757233503.1316097,1757233503.2572477,0.12563800811767578
1757233503.397974,1757233503.522854,0.12488007545471191
1757233503.673057,1757233503.806372,0.133314847946167
1757233503.9593506,1757233504.083259,0.12390851974487305
1757233504.2260978,1757233504.3644001,0.13830232620239258
1757233504.513862,1757233504.6451712,0.13130927085876465
1757233504.8033447,1757233504.929238,0.12589335441589355
1757233505.0813522,1757233505.1918812,0.11052894592285156
1757233505.3311415,1757233505.4728584,0.14171695709228516
1757233505.674335,1757233505.827122,0.1527869701385498
1757233505.96362,1757233506.0038192,0.04019927978515625
1757233506.1467292,1757233506.288601,0.14187169075012207
1757233506.4711163,1757233506.5797799,0.10866355895996094
1757233506.7509015,1757233506.8886359,0.13773441314697266
1757233507.038821,1757233507.1625586,0.12373757362365723
1757233507.3109345,1757233507.4367101,0.12577557563781738
1757233507.5909255,1757233507.726415,0.13548946380615234
1757233507.8733234,1757233507.985404,0.11208057403564453
1757233508.1350567,1757233508.2785046,0.1434478759765625
1757233508.4237525,1757233508.6328995,0.20914697647094727
1757233508.862837,1757233508.863723,0.0008859634399414062
1757233509.0126474,1757233509.118551,0.10590362548828125
1757233509.2709491,1757233509.3828957,0.11194658279418945
1757233509.5332966,1757233509.6808138,0.14751720428466797
1757233509.8276803,1757233510.0392249,0.21154451370239258
1757233510.1861672,1757233510.2149508,0.028783559799194336
1757233510.3603604,1757233510.5044541,0.14409375190734863
1757233510.651888,1757233510.762939,0.11105108261108398
1757233510.9048243,1757233511.0466263,0.14180207252502441
1757233511.1934643,1757233511.399398,0.2059338092803955
1757233511.6116662,1757233511.6126158,0.0009496212005615234
1757233511.7564235,1757233511.8582284,0.10180497169494629
1757233512.0039482,1757233512.1347015,0.1307532787322998
1757233512.2796443,1757233512.4139478,0.13430356979370117
1757233512.559413,1757233512.7012548,0.14184188842773438
1757233512.8576427,1757233512.99076,0.1331174373626709
1757233513.135092,1757233513.2689543,0.13386225700378418
1757233513.414298,1757233513.5495288,0.13523077964782715
1757233513.7010515,1757233513.8117828,0.11073136329650879
1757233513.9537141,1757233514.0899637,0.13624954223632812
1757233514.2921429,1757233514.4475894,0.15544652938842773
1757233514.5896137,1757233514.6335618,0.04394817352294922
1757233514.7737758,1757233514.8844552,0.11067938804626465
1757233515.0247986,1757233515.1743839,0.14958524703979492
1757233515.3385193,1757233515.4808612,0.14234185218811035
1757233515.6247792,1757233515.837382,0.21260285377502441
1757233515.9741406,1757233516.0332484,0.05910778045654297
1757233516.1760828,1757233516.2865667,0.11048388481140137
1757233516.4212036,1757233516.5637915,0.14258790016174316
1757233516.7097762,1757233516.846721,0.13694477081298828
1757233516.9949603,1757233517.2013814,0.2064211368560791
1757233517.4034402,1757233517.4041483,0.0007081031799316406
1757233517.5437074,1757233517.6669974,0.1232900619506836
1757233517.81773,1757233517.949058,0.13132810592651367
1757233518.0925562,1757233518.2267537,0.13419747352600098
1757233518.3679373,1757233518.503189,0.13525176048278809
1757233518.6480134,1757233518.7873514,0.13933801651000977
1757233518.932467,1757233519.044272,0.11180496215820312
1757233519.1844664,1757233519.3351893,0.15072298049926758
1757233519.4807696,1757233519.6167634,0.13599371910095215
1757233519.7859428,1757233519.9713192,0.18537640571594238
1757233520.1081803,1757233520.1389034,0.030723094940185547
1757233520.3383138,1757233520.4148705,0.07655668258666992
1757233520.5574393,1757233520.6679695,0.11053013801574707
1757233520.8087718,1757233520.949717,0.1409451961517334
1757233521.0989976,1757233521.3050225,0.2060248851776123
1757233521.442033,1757233521.4881861,0.04615306854248047
1757233521.6317115,1757233521.7703133,0.13860177993774414
1757233521.914287,1757233522.0539253,0.13963818550109863
1757233522.2072785,1757233522.3451104,0.1378319263458252
1757233522.49011,1757233522.6016457,0.11153578758239746
1757233522.7382445,1757233522.8818357,0.14359116554260254
1757233523.0823555,1757233523.2349837,0.15262818336486816
1757233523.3660762,1757233523.4105513,0.04447507858276367
1757233523.5639586,1757233523.683046,0.11908745765686035
1757233523.8554661,1757233523.9654992,0.11003303527832031
1757233524.1060448,1757233524.2564857,0.15044093132019043
1757233524.4006126,1757233524.5123787,0.11176609992980957
1757233524.6559937,1757233524.7918777,0.13588404655456543
1757233524.931484,1757233525.0791662,0.14768218994140625
1757233525.2242198,1757233525.4357655,0.21154570579528809
1757233525.5752058,1757233525.6719427,0.09673690795898438
1757233525.874839,1757233525.9557936,0.08095455169677734
1757233526.1065092,1757233526.2392142,0.1327049732208252
1757233526.3861423,1757233526.5306025,0.14446020126342773
1757233526.6836567,1757233526.8131661,0.12950944900512695
1757233526.956435,1757233527.0911932,0.13475823402404785
1757233527.2368033,1757233527.3718119,0.1350085735321045
1757233527.5141943,1757233527.6500483,0.13585400581359863
1757233527.7999148,1757233527.9364007,0.13648581504821777
1757233528.079717,1757233528.2274506,0.1477336883544922
1757233528.3764162,1757233528.4882154,0.11179924011230469
1757233528.6838727,1757233528.8234482,0.13957548141479492
1757233528.9680915,1757233529.1036353,0.1355438232421875
1757233529.2861447,1757233529.4884846,0.20233988761901855
1757233529.6278977,1757233529.6720963,0.04419851303100586
1757233529.8195453,1757233529.9535708,0.13402557373046875
1757233530.102294,1757233530.2127864,0.11049246788024902
1757233530.3600776,1757233530.4957561,0.13567852973937988
1757233530.6514468,1757233530.8607714,0.20932459831237793
1757233531.0053153,1757233531.0469763,0.04166102409362793
1757233531.2221906,1757233531.3349931,0.11280250549316406
1757233531.4890587,1757233531.6332502,0.14419150352478027
1757233531.8492372,1757233531.9924726,0.143235445022583
1757233532.1355982,1757233532.173959,0.0383608341217041
1757233532.317049,1757233532.4277046,0.11065554618835449
1757233532.5692995,1757233532.7121882,0.14288878440856934
1757233532.860512,1757233533.071854,0.21134209632873535
1757233533.2134078,1757233533.2494926,0.036084890365600586
1757233533.393231,1757233533.530806,0.1375751495361328
1757233533.686842,1757233533.8193305,0.13248848915100098
1757233533.968102,1757233534.0982296,0.1301276683807373
1757233534.2404697,1757233534.3524556,0.11198592185974121
1757233534.5445673,1757233534.6829042,0.1383368968963623
1757233534.827322,1757233535.0356221,0.20830011367797852
1757233535.1825008,1757233535.2208636,0.038362741470336914
1757233535.3609784,1757233535.4725676,0.11158919334411621
1757233535.614649,1757233535.7689347,0.15428566932678223
1757233535.9134648,1757233536.1218824,0.20841765403747559
1757233536.261808,1757233536.3017836,0.039975643157958984
1757233536.4497905,1757233536.580448,0.13065743446350098
1757233536.7226381,1757233536.834455,0.1118168830871582
1757233536.9761639,1757233537.1183157,0.1421518325805664
1757233537.2702298,1757233537.406837,0.13660717010498047
1757233537.6125183,1757233537.7632518,0.15073347091674805
1757233537.9061377,1757233537.9452612,0.03912353515625
1757233538.0935378,1757233538.2309048,0.13736701011657715
1757233538.4084437,1757233538.5504878,0.1420440673828125
1757233538.7049825,1757233538.8440144,0.13903188705444336
1757233539.0005465,1757233539.1125898,0.11204338073730469
1757233539.264495,1757233539.4068112,0.14231634140014648
1757233539.5559206,1757233539.7590294,0.2031087875366211
1757233539.9089985,1757233539.9453237,0.03632521629333496
1757233540.0918393,1757233540.2068772,0.11503791809082031
1757233540.4092135,1757233540.5585172,0.14930367469787598
1757233540.7024348,1757233540.9138439,0.2114090919494629
1757233541.0460436,1757233541.095941,0.04989743232727051
1757233541.2399387,1757233541.351556,0.1116173267364502
1757233541.489681,1757233541.6251094,0.13542842864990234
1757233541.7730923,1757233541.9846861,0.2115938663482666
1757233542.128065,1757233542.1677747,0.03970956802368164
1757233542.3278756,1757233542.4662945,0.13841891288757324
1757233542.6155767,1757233542.7540884,0.13851165771484375
1757233542.9016197,1757233543.013418,0.11179828643798828
1757233543.2205672,1757233543.3569736,0.13640642166137695
1757233543.6546757,1757233543.7659993,0.11132359504699707
1757233543.9125764,1757233544.0209997,0.10842323303222656
1757233565.518486,1757233565.74459,0.2261040210723877
1757233565.9350111,1757233566.047192,0.11218094825744629
1757233566.1880562,1757233566.2982147,0.11015844345092773
1757233566.4376361,1757233566.5472872,0.10965108871459961
1757233566.7321067,1757233566.8419027,0.10979604721069336
1757233566.9759407,1757233567.0854168,0.10947608947753906
1757233567.2257917,1757233567.3352172,0.10942554473876953
1757233567.4725924,1757233567.5820265,0.10943412780761719
1757233567.7254035,1757233567.8337264,0.1083228588104248
1757233567.9669163,1757233568.0752716,0.10835528373718262
1757233568.2119153,1757233568.32161,0.1096947193145752
1757233568.4600942,1757233568.569474,0.10937976837158203
1757233568.7120514,1757233568.8214984,0.10944700241088867
1757233568.9621391,1757233569.0718267,0.10968756675720215
1757233569.2106922,1757233569.3202317,0.10953950881958008
1757233569.5270476,1757233569.6354735,0.10842585563659668
1757233569.781688,1757233569.891633,0.10994505882263184
1757233570.0449283,1757233570.154777,0.1098487377166748
1757233570.3040388,1757233570.3048525,0.0008137226104736328
1757233573.6499965,1757233573.650603,0.000606536865234375
1757233574.0092282,1757233574.1565073,0.1472790241241455
1757233574.3031697,1757233574.303836,0.0006663799285888672
1757233574.656116,1757233574.7962997,0.140183687210083
1757233574.9533982,1757233574.9539812,0.0005829334259033203
1757233575.3126178,1757233575.4522936,0.13967585563659668
1757233575.6027641,1757233575.6033866,0.0006225109100341797
1757233576.0144362,1757233576.1494515,0.13501524925231934
1757233576.294606,1757233576.295192,0.0005860328674316406
1757233576.649152,1757233576.78998,0.14082789421081543
1757233576.9670866,1757233577.1062152,0.1391286849975586
1757233577.2454414,1757233577.2460248,0.0005834102630615234
1757233577.6163425,1757233577.7572656,0.14092302322387695
1757233577.9063175,1757233577.9069407,0.0006232261657714844
1757233578.378219,1757233578.519266,0.14104700088500977
1757233578.6532805,1757233578.6539047,0.0006241798400878906
1757233579.1221008,1757233579.255444,0.13334321975708008
1757233579.423116,1757233579.4237397,0.0006237030029296875
1757233579.8315856,1757233579.9649384,0.13335275650024414
1757233580.0982687,1757233580.0988636,0.0005948543548583984
1757233580.4723728,1757233580.6055605,0.13318777084350586
1757233580.7498477,1757233580.7504423,0.0005946159362792969
1757233581.1142955,1757233581.252439,0.13814353942871094
1757233581.40406,1757233581.4046788,0.0006189346313476562
1757233581.8826206,1757233582.0223258,0.13970518112182617
1757233582.1652758,1757233582.1659057,0.0006299018859863281
1757233582.5227153,1757233582.6621814,0.1394660472869873
1757233582.8097427,1757233582.8104055,0.0006628036499023438
1757233583.2223446,1757233583.3622916,0.13994693756103516
1757233583.5127614,1757233583.513412,0.0006506443023681641
1757233583.8943596,1757233584.033328,0.13896846771240234
1757233584.1764147,1757233584.1770082,0.0005934238433837891
1757233584.536923,1757233584.6708853,0.13396239280700684
1757233584.8092523,1757233584.8099205,0.0006682872772216797
1757233585.1611915,1757233585.16181,0.0006184577941894531
1757233585.517494,1757233585.6570172,0.13952326774597168
1757233585.799667,1757233585.8003511,0.0006842613220214844
1757233586.163281,1757233586.2967465,0.13346552848815918
1757233586.5233424,1757233586.6635404,0.1401979923248291
1757233586.8089886,1757233586.8096921,0.0007035732269287109
1757233587.1658182,1757233587.3010616,0.13524341583251953
1757233587.4582942,1757233587.4590619,0.0007677078247070312
1757233587.8107033,1757233587.94445,0.13374662399291992
1757233588.0883815,1757233588.08903,0.00064849853515625
1757233588.4432752,1757233588.5818775,0.13860225677490234
1757233588.7223783,1757233588.7230327,0.0006544589996337891
1757233589.0902476,1757233589.2297716,0.13952398300170898
1757233589.3712049,1757233589.3718472,0.0006422996520996094
1757233589.7898312,1757233589.9304721,0.1406409740447998
1757233590.103146,1757233590.1038525,0.0007064342498779297
1757233590.4558685,1757233590.5962489,0.1403803825378418
1757233590.7393582,1757233590.740045,0.0006868839263916016
1757233591.1020558,1757233591.242232,0.14017629623413086
1757233591.400109,1757233591.5328965,0.13278746604919434
1757233591.681623,1757233591.6822844,0.0006613731384277344
1757233592.0498657,1757233592.050501,0.0006353855133056641
1757233592.408842,1757233592.5492718,0.14042973518371582
1757233592.6964645,1757233592.6970518,0.0005872249603271484
1757233593.054227,1757233593.1908135,0.13658642768859863
1757233593.3943973,1757233593.5345976,0.14020037651062012
1757233593.687276,1757233593.687879,0.0006031990051269531
1757233594.0384576,1757233594.17803,0.1395723819732666
1757233594.3182547,1757233594.3188682,0.0006134510040283203
1757233594.6701822,1757233594.6707964,0.000614166259765625
1757233595.0227456,1757233595.1570861,0.13434052467346191
1757233595.2975037,1757233595.298141,0.0006372928619384766
1757233595.6540956,1757233595.6547074,0.0006117820739746094
1757233596.0100815,1757233596.14483,0.1347484588623047
1757233596.2954364,1757233596.296107,0.0006706714630126953
1757233596.6501431,1757233596.7898645,0.13972139358520508
1757233596.998257,1757233597.1333385,0.13508152961730957
1757233597.2763147,1757233597.2769237,0.0006089210510253906
1757233597.637037,1757233597.7708838,0.13384675979614258
1757233597.909544,1757233597.9101415,0.0005974769592285156
1757233598.2645435,1757233598.3981652,0.1336216926574707
1757233598.5430403,1757233598.5436585,0.0006182193756103516
1757233598.8986068,1757233599.0327969,0.13419008255004883
1757233599.178756,1757233599.1793678,0.0006117820739746094
1757233599.6443799,1757233599.78426,0.13988018035888672
1757233599.9405963,1757233600.0797133,0.13911700248718262
1757233600.2803636,1757233600.2810223,0.0006587505340576172
1757233600.6309743,1757233600.7641604,0.13318610191345215
1757233600.9244955,1757233600.9251704,0.0006749629974365234
1757233601.2805595,1757233601.421219,0.14065957069396973
1757233601.567439,1757233601.5680308,0.0005917549133300781
1757233601.9232783,1757233602.062493,0.13921475410461426
1757233602.2238266,1757233602.3630068,0.13918018341064453
1757233602.5080876,1757233602.508746,0.0006582736968994141
1757233602.9718797,1757233603.1232111,0.15133142471313477
1757233603.270917,1757233603.4100895,0.13917255401611328
1757233603.550486,1757233603.5511525,0.0006663799285888672
1757233603.9714537,1757233604.1118152,0.14036154747009277
1757233604.26016,1757233604.2609046,0.0007445812225341797
1757233604.6153972,1757233604.7573743,0.14197707176208496
1757233604.9001532,1757233604.900795,0.0006418228149414062
1757233605.2536378,1757233605.3868446,0.13320684432983398
1757233605.5276573,1757233605.528286,0.0006287097930908203
1757233605.8820257,1757233606.0150964,0.133070707321167
1757233606.1572661,1757233606.1581135,0.0008473396301269531
1757233606.524013,1757233606.5246053,0.0005922317504882812
1757233606.7665403,1757233606.7970617,0.030521392822265625
1757233607.007524,1757233607.0375266,0.030002593994140625
1757233607.18057,1757233607.1813152,0.0007452964782714844
1757233607.4275126,1757233607.4533596,0.02584695816040039
1757233607.594766,1757233607.595405,0.0006392002105712891
1757233607.8429427,1757233607.868598,0.025655269622802734
1757233608.0161314,1757233608.0169501,0.0008187294006347656
1757233608.267067,1757233608.2975106,0.030443668365478516
1757233608.4394398,1757233608.4402583,0.0008184909820556641
1757233608.6875136,1757233608.712503,0.02498936653137207
1757233608.8572419,1757233608.857869,0.0006270408630371094
1757233609.1557076,1757233609.186587,0.030879497528076172
1757233609.326386,1757233609.3269992,0.0006132125854492188
1757233609.5688105,1757233609.5944335,0.025623083114624023
1757233609.7358584,1757233609.7366776,0.0008192062377929688
1757233609.9941082,1757233610.020199,0.02609086036682129
1757233610.1669893,1757233610.1676304,0.0006411075592041016
1757233610.4158857,1757233610.447228,0.031342267990112305
1757233610.5917852,1757233610.592602,0.0008168220520019531
1757233610.8395789,1757233610.8656194,0.02604055404663086
1757233611.0094273,1757233611.0100787,0.0006513595581054688
1757233611.3170183,1757233611.3424695,0.025451183319091797
1757233611.4862893,1757233611.4870381,0.0007488727569580078
1757233611.7342644,1757233611.7650733,0.03080892562866211
1757233611.9181297,1757233611.9187589,0.0006291866302490234
1757233612.1698678,1757233612.2107267,0.04085898399353027
1757233612.3583212,1757233612.383883,0.025561809539794922
1757233612.5235546,1757233612.5241795,0.0006248950958251953
1757233612.7871432,1757233612.8125541,0.025410890579223633
1757233612.9692824,1757233612.9699218,0.0006394386291503906
1757233613.2215042,1757233613.222272,0.0007677078247070312
1757233613.5195508,1757233613.5446866,0.02513575553894043
1757233613.691198,1757233613.7214842,0.030286073684692383
1757233613.864558,1757233613.8654356,0.0008776187896728516
1757233614.1167436,1757233614.1471727,0.03042912483215332
1757233614.2870855,1757233614.287782,0.0006964206695556641
1757233614.5387907,1757233614.5696528,0.030862092971801758
1757233614.7165332,1757233614.717581,0.0010478496551513672
1757233614.9645476,1757233614.9951015,0.030553817749023438
1757233615.1299677,1757233615.130731,0.0007634162902832031
1757233615.375023,1757233615.4067616,0.0317387580871582
1757233615.5391865,1757233615.539926,0.0007395744323730469
1757233615.9474468,1757233615.9782465,0.03079962730407715
1757233616.1100764,1757233616.1109507,0.0008742809295654297
1757233616.366158,1757233616.405522,0.03936409950256348
1757233616.5483232,1757233616.5490847,0.0007615089416503906
1757233616.792369,1757233616.826329,0.03396010398864746
1757233616.962204,1757233616.9628692,0.0006651878356933594
1757233617.2097206,1757233617.2399595,0.030238866806030273
1757233617.387699,1757233617.3884645,0.0007655620574951172
1757233617.6473415,1757233617.678728,0.031386613845825195
1757233617.8538601,1757233617.8547137,0.0008535385131835938
1757233618.106043,1757233618.1313663,0.025323152542114258
1757233618.3284895,1757233618.3291361,0.0006465911865234375
1757233618.5798614,1757233618.6111832,0.03132176399230957
1757233618.75562,1757233618.756387,0.0007669925689697266
1757233619.0027049,1757233619.0338929,0.031188011169433594
1757233619.178091,1757233619.1788921,0.00080108642578125
1757233619.4240537,1757233619.4556673,0.03161358833312988
1757233619.5917988,1757233619.5924337,0.0006349086761474609
1757233619.8375103,1757233619.867311,0.0298006534576416
1757233620.0108757,1757233620.0114903,0.0006146430969238281
1757233620.257971,1757233620.2588215,0.0008504390716552734
1757233620.5561264,1757233620.5870395,0.030913114547729492
1757233620.7233033,1757233620.7239177,0.0006144046783447266
1757233620.9759967,1757233620.976622,0.0006253719329833984
1757233621.2225301,1757233621.2552228,0.032692670822143555
1757233621.4010866,1757233621.4016817,0.0005950927734375
1757233621.641699,1757233621.6672275,0.025528430938720703
1757233621.8075366,1757233621.8081274,0.0005908012390136719
1757233622.054349,1757233622.0848372,0.030488252639770508
1757233622.223975,1757233622.2246065,0.0006315708160400391
1757233836.235142,1757233836.3766472,0.14150524139404297
1757233837.975771,1757233838.1112063,0.1354353427886963
1757233838.2491481,1757233838.2497485,0.0006003379821777344
1757233838.3813972,1757233838.4869819,0.10558462142944336
1757233838.6295784,1757233838.763797,0.13421869277954102
1757233838.9111922,1757233839.0441747,0.13298249244689941
1757233839.2769084,1757233839.3618321,0.08492374420166016
1757233839.5106819,1757233839.638464,0.12778210639953613
1757233839.783227,1757233839.9178925,0.13466548919677734
1757233840.0712154,1757233840.1959293,0.12471389770507812
1757233840.3425725,1757233840.4732304,0.13065791130065918
1757233840.6159747,1757233840.7474816,0.13150691986083984
1757233840.8992689,1757233841.0097826,0.11051368713378906
1757233841.1502197,1757233841.2847369,0.13451719284057617
1757233841.4085379,1757233841.6140804,0.20554256439208984
1757233841.7284672,1757233841.7746165,0.046149253845214844
1757233841.9036515,1757233842.033181,0.12952947616577148
1757233842.2192068,1757233842.2911842,0.07197737693786621
1757233842.4117146,1757233842.5525296,0.14081501960754395
1757233842.6738276,1757233842.786459,0.11263132095336914
1757233842.9142885,1757233843.0565104,0.14222192764282227
1757233843.1770134,1757233843.3879316,0.21091818809509277
1757233843.5002418,1757233843.5456104,0.04536867141723633
1757233843.6686347,1757233843.7811751,0.11254048347473145
1757233843.8961651,1757233844.031106,0.13494086265563965
1757233844.1542726,1757233844.3673775,0.2131049633026123
1757233844.4902334,1757233844.5387056,0.04847216606140137
1757233844.661607,1757233844.772408,0.11080098152160645
1757233844.9522455,1757233845.1009548,0.14870929718017578
1757233845.223329,1757233845.3603024,0.13697338104248047
1757233845.4802637,1757233845.692019,0.21175527572631836
1757233845.8070636,1757233845.8519003,0.04483675956726074
1757233845.9728732,1757233846.1086457,0.1357724666595459
1757233846.2293317,1757233846.36455,0.13521838188171387
1757233846.4863253,1757233846.5982966,0.11197137832641602
1757233846.7187755,1757233846.8650599,0.1462843418121338
1757233846.990055,1757233847.1964517,0.20639657974243164
1757233847.3160284,1757233847.4278727,0.11184430122375488
1757233847.6324346,1757233847.7479727,0.11553812026977539
1757233847.8860888,1757233847.9973004,0.11121153831481934
1757233848.1287374,1757233848.2384608,0.10972332954406738
1757233848.365156,1757233851.3683681,3.0032122135162354
