{"features":[{
    "geometry": {
        "coordinates": [
            [
                0.00024580205030227503,
                -0.00030493749873464096,
                3.814697265625e-06
            ],
            [
                0.00024572130202402955,
                -0.00025436515757846573,
                3.814697265625e-06
            ],
            [
                0.00024564055374597473,
                -0.000203792816422286,
                3.814697265625e-06
            ]
        ],
        "type": "LineString"
    },
    "properties": {
        "Id": "{f11d9de5-fc9b-458c-8488-7789a5f02de8}",
        "LaneType": "Shoulder",
        "LeftBoundary": {
            "Dir": "Forward",
            "Id": "{c68b35d9-7193-4324-a21a-7ce2c739cb60}"
        },
        "Predecessors": [
        ],
        "RightBoundary": {
            "Dir": "Forward",
            "Id": "{e82274d0-7efb-4ffb-85ab-d29e0c3807f6}"
        },
        "Successors": [
        ],
        "TravelDir": "Undirected",
        "Type": "Lane"
    },
    "type": "Feature"
}
,{
    "geometry": {
        "coordinates": [
            [
                0.0002464813090924231,
                -0.0003049363995018018,
                3.814697265625e-06
            ],
            [
                0.0002464005608141747,
                -0.0002543640583456292,
                3.814697265625e-06
            ],
            [
                0.0002463198125361176,
                -0.000203791717189452,
                3.814697265625e-06
            ]
        ],
        "type": "LineString"
    },
    "properties": {
        "Id": "{f3b30445-665d-4e58-9351-62b2b0c22ed1}",
        "LaneType": "Driving",
        "LeftBoundary": {
            "Dir": "Forward",
            "Id": "{e82274d0-7efb-4ffb-85ab-d29e0c3807f6}"
        },
        "Predecessors": [
        ],
        "RightBoundary": {
            "Dir": "Forward",
            "Id": "{e1b73aaa-e657-43c3-93d6-45f85862e69f}"
        },
        "SpeedLimit": "35mph",
        "Successors": [
        ],
        "TravelDir": "Backward",
        "Type": "Lane"
    },
    "type": "Feature"
}
,{
    "geometry": {
        "coordinates": [
            [
                0.00026701399016116424,
                -0.0003049031718164952,
                3.814697265625e-06
            ],
            [
                0.00026693324188282823,
                -0.0002543308306604046,
                3.814697265625e-06
            ],
            [
                0.00026685249360469936,
                -0.00020375848950430922,
                3.814697265625e-06
            ]
        ],
        "type": "LineString"
    },
    "properties": {
        "Id": "{f3e321d2-c465-4624-9997-0627e9062945}",
        "LaneType": "Driving",
        "LeftBoundary": {
            "Dir": "Forward",
            "Id": "{e1b73aaa-e657-43c3-93d6-45f85862e69f}"
        },
        "Predecessors": [
        ],
        "RightBoundary": {
            "Dir": "Forward",
            "Id": "{928ebbe3-7953-43a7-8f00-897f7f30c870}"
        },
        "SpeedLimit": "35mph",
        "Successors": [
        ],
        "TravelDir": "Forward",
        "Type": "Lane"
    },
    "type": "Feature"
}
,{
    "geometry": {
        "coordinates": [
            [
                0.000286867412439725,
                -0.00030487104336399123,
                3.814697265625e-06
            ],
            [
                0.0002867866641613042,
                -0.00025429870220798596,
                3.814697265625e-06
            ],
            [
                0.0002867059158831061,
                -0.00020372636105197594,
                3.814697265625e-06
            ]
        ],
        "type": "LineString"
    },
    "properties": {
        "Id": "{a39f63c0-21d2-45c6-8db3-773e17d5e5e4}",
        "LaneType": "Shoulder",
        "LeftBoundary": {
            "Dir": "Forward",
            "Id": "{928ebbe3-7953-43a7-8f00-897f7f30c870}"
        },
        "Predecessors": [
        ],
        "RightBoundary": {
            "Dir": "Forward",
            "Id": "{a7526109-90de-4cbe-8ed4-7cebad9e5992}"
        },
        "Successors": [
        ],
        "TravelDir": "Undirected",
        "Type": "Lane"
    },
    "type": "Feature"
}
,{
    "geometry": {
        "coordinates": [
            [
                0.00015963960914087866,
                -9.246863644673328e-05,
                0.18999999999999995
            ],
            [
                0.00014945720539540801,
                -9.246863644677791e-05,
                0.46439969803047226
            ],
            [
                0.00013927480164993268,
                -9.24686364468196e-05,
                0.7497245470457085
            ],
            [
                0.00012909239790445283,
                -9.246863644685833e-05,
                1.0568996980304723
            ],
            [
                0.00012909239790445283,
                -9.246863644685833e-05,
                1.0568996980304726
            ],
            [
                0.00012400119603171134,
                -9.24686364468766e-05,
                1.196068580142141
            ],
            [
                0.0001189099941589689,
                -9.246863644689414e-05,
                1.2954749245076183
            ],
            [
                0.00011381879228622549,
                -9.246863644691094e-05,
                1.3551187311269044
            ],
            [
                0.00010872759041348118,
                -9.2468636446927e-05,
                1.375
            ],
            [
                9.854518666799002e-05,
                -9.246863644695693e-05,
                1.375
            ]
        ],
        "type": "LineString"
    },
    "properties": {
        "Id": "{db48c8dc-edf5-46e3-b74c-2a0bfc306141}",
        "LaneType": "Shoulder",
        "LeftBoundary": {
            "Dir": "Forward",
            "Id": "{0c9c4912-1d52-4cee-a934-7da0b3b3c867}"
        },
        "Predecessors": [
        ],
        "RightBoundary": {
            "Dir": "Forward",
            "Id": "{b461f5ad-bec5-43f2-a0cb-10ec5675a381}"
        },
        "Successors": [
        ],
        "TravelDir": "Undirected",
        "Type": "Lane"
    },
    "type": "Feature"
}
,{
    "geometry": {
        "coordinates": [
            [
                0.00015963960914083125,
                -8.116401798364795e-05,
                0.18999999999999995
            ],
            [
                0.00014945720539536364,
                -8.11640179836871e-05,
                0.46439969803047226
            ],
            [
                0.00013927480164989132,
                -8.11640179837237e-05,
                0.7497245470457085
            ],
            [
                0.0001290923979044145,
                -8.116401798375771e-05,
                1.0568996980304723
            ],
            [
                0.0001290923979044145,
                -8.116401798375771e-05,
                1.0568996980304726
            ],
            [
                0.0001240011960316745,
                -8.116401798377374e-05,
                1.196068580142141
            ],
            [
                0.0001189099941589336,
                -8.116401798378914e-05,
                1.2954749245076183
            ],
            [
                0.00011381879228619169,
                -8.116401798380388e-05,
                1.3551187311269044
            ],
            [
                0.0001087275904134489,
                -8.116401798381798e-05,
                1.375
            ],
            [
                9.854518666796076e-05,
                -8.116401798384426e-05,
                1.375
            ]
        ],
        "type": "LineString"
    },
    "properties": {
        "Id": "{82f45f26-7b28-4762-9481-65a615fb64a1}",
        "LaneType": "Driving",
        "LeftBoundary": {
            "Dir": "Forward",
            "Id": "{b461f5ad-bec5-43f2-a0cb-10ec5675a381}"
        },
        "Predecessors": [
            {
                "Dir": "Forward",
                "Id": "{ce23b548-ee31-4510-a0ea-576ece8d0a9e}"
            }
        ],
        "RightBoundary": {
            "Dir": "Forward",
            "Id": "{8f69da1c-4a97-47bc-b014-394ed715781e}"
        },
        "SpeedLimit": "35mph",
        "Successors": [
            {
                "Dir": "Forward",
                "Id": "{d910258b-e9ee-405c-ab5f-a79396ae0ead}"
            }
        ],
        "TravelDir": "Forward",
        "Type": "Lane"
    },
    "type": "Feature"
}
,{
    "geometry": {
        "coordinates": [
            [
                0.00015963960914075497,
                -5.8554781057477106e-05,
                0.18999999999999995
            ],
            [
                0.00014945720539529222,
                -5.8554781057505363e-05,
                0.46439969803047226
            ],
            [
                0.00013927480164982475,
                -5.8554781057531764e-05,
                0.7497245470457085
            ],
            [
                0.0001290923979043528,
                -5.8554781057556294e-05,
                1.0568996980304723
            ],
            [
                0.0001290923979043528,
                -5.8554781057556294e-05,
                1.0568996980304726
            ],
            [
                0.00012400119603161528,
                -5.855478105756786e-05,
                1.196068580142141
            ],
            [
                0.00011890999415887677,
                -5.855478105757896e-05,
                1.2954749245076183
            ],
            [
                0.0001138187922861373,
                -5.85547810575896e-05,
                1.3551187311269044
            ],
            [
                0.00010872759041339696,
                -5.8554781057599784e-05,
                1.375
            ],
            [
                9.854518666791367e-05,
                -5.855478105761873e-05,
                1.375
            ]
        ],
        "type": "LineString"
    },
    "properties": {
        "Id": "{e1ced262-9c03-4252-a6d8-335f72ceea8e}",
        "LaneType": "Driving",
        "LeftBoundary": {
            "Dir": "Forward",
            "Id": "{8f69da1c-4a97-47bc-b014-394ed715781e}"
        },
        "Predecessors": [
            {
                "Dir": "Forward",
                "Id": "{59f19b5c-4cdd-479d-a7b8-d2eaaaa9a86d}"
            }
        ],
        "RightBoundary": {
            "Dir": "Forward",
            "Id": "{d171d229-9ca2-46d4-8cb7-1d1f0c71a666}"
        },
        "SpeedLimit": "35mph",
        "Successors": [
            {
                "Dir": "Forward",
                "Id": "{d3499e4c-42cf-46e1-bde4-8b0feeb2f9b4}"
            }
        ],
        "TravelDir": "Forward",
        "Type": "Lane"
    },
    "type": "Feature"
}
,{
    "geometry": {
        "coordinates": [
            [
                0.00015963960914072562,
                -4.7048391639737304e-05,
                0.18999999999999995
            ],
            [
                0.00014945720539526476,
                -4.7048391639760004e-05,
                0.46439969803047226
            ],
            [
                0.00013927480164979916,
                -4.704839163978122e-05,
                0.7497245470457085
            ],
            [
                0.0001290923979043291,
                -4.704839163980093e-05,
                1.0568996980304723
            ],
            [
                0.0001290923979043291,
                -4.704839163980093e-05,
                1.0568996980304726
            ],
            [
                0.00012400119603159248,
                -4.704839163981023e-05,
                1.196068580142141
            ],
            [
                0.0001189099941588549,
                -4.704839163981915e-05,
                1.2954749245076183
            ],
            [
                0.00011381879228611639,
                -4.704839163982769e-05,
                1.3551187311269044
            ],
            [
                0.00010872759041337697,
                -4.704839163983587e-05,
                1.375
            ],
            [
                9.854518666789556e-05,
                -4.70483916398511e-05,
                1.375
            ]
        ],
        "type": "LineString"
    },
    "properties": {
        "Id": "{3d94f61e-21fc-4a0c-ac20-db5d73a79ba0}",
        "LaneType": "Shoulder",
        "LeftBoundary": {
            "Dir": "Forward",
            "Id": "{d171d229-9ca2-46d4-8cb7-1d1f0c71a666}"
        },
        "Predecessors": [
            {
                "Dir": "Forward",
                "Id": "{9b3b3a94-98ca-45b7-b2f7-d60185002497}"
            }
        ],
        "RightBoundary": {
            "Dir": "Forward",
            "Id": "{ba4bfbe7-a2a2-4e24-b784-bb37443ab1ef}"
        },
        "Successors": [
            {
                "Dir": "Forward",
                "Id": "{6aa398f4-bf9b-4ca3-ac92-6728348b6c93}"
            }
        ],
        "TravelDir": "Undirected",
        "Type": "Lane"
    },
    "type": "Feature"
}
,{
    "geometry": {
        "coordinates": [
            [
                8.983192741077353e-05,
                -0.00020499966339135084,
                1.375
            ],
            [
                9.07239767965194e-05,
                -0.00020499971067338034,
                1.375
            ],
            [
                9.133474691094014e-05,
                -0.00020499983013004265,
                1.375
            ],
            [
                9.34507146185995e-05,
                -0.0002050009257308675,
                1.375
            ],
            [
                9.434276369639112e-05,
                -0.00020500167345823686,
                1.375
            ],
            [
                9.43427500015684e-05,
                -0.00020500167344627852,
                1.375
            ],
            [
                9.434276414600385e-05,
                -0.00020500167345862937,
                1.375
            ],
            [
                9.523000623200045e-05,
                -0.00020500241659451033,
                1.375
            ],
            [
                9.732323274672924e-05,
                -0.00020500348499535582,
                1.375
            ],
            [
                9.792743765077476e-05,
                -0.00020500359468272216,
                1.375
            ],
            [
                9.881468047599186e-05,
                -0.00020500362654309577,
                1.375
            ],
            [
                9.88146812537263e-05,
                -0.00020500362654309577,
                1.375
            ]
        ],
        "type": "LineString"
    },
    "properties": {
        "Id": "{b254f8dc-8cef-407d-b1cf-858a17d8646a}",
        "LaneType": "Shoulder",
        "LeftBoundary": {
            "Dir": "Forward",
            "Id": "{9e10cf6e-356f-4058-9e86-383670e64311}"
        },
        "Predecessors": [
            {
                "Dir": "Forward",
                "Id": "{a0f015f2-82b0-4067-aac5-0617d7fe6248}"
            }
        ],
        "RightBoundary": {
            "Dir": "Forward",
            "Id": "{c5fdaf94-d999-482d-b734-7f26c7902b08}"
        },
        "Successors": [
            {
                "Dir": "Forward",
                "Id": "{3d906de2-76cc-40a0-84df-bb40d65a2566}"
            }
        ],
        "TravelDir": "Undirected",
        "Type": "Lane"
    },
    "type": "Feature"
}
,{
    "geometry": {
        "coordinates": [
            [
                8.983172614705946e-05,
                -0.00021650605280733591,
                1.375
            ],
            [
                9.072257569041602e-05,
                -0.0002165061000046907,
                1.375
            ],
            [
                9.133170715341545e-05,
                -0.00021650621914085937,
                1.375
            ],
            [
                9.344199787490642e-05,
                -0.0002165073118022669,
                1.375
            ],
            [
                9.433284711070178e-05,
                -0.00021650805854499065,
                1.375
            ],
            [
                9.433284033238041e-05,
                -0.00021650805853907167,
                1.375
            ],
            [
                9.433284756031614e-05,
                -0.00021650805854538314,
                1.375
            ],
            [
                9.522131434437411e-05,
                -0.00021650880268496642,
                1.375
            ],
            [
                9.732033545257544e-05,
                -0.00021650987404342166,
                1.375
            ],
            [
                9.792621295238086e-05,
                -0.00021650998403443083,
                1.375
            ],
            [
                9.881468047606436e-05,
                -0.00021651001596086184,
                1.375
            ],
            [
                9.881468125379881e-05,
                -0.00021651001596086184,
                1.375
            ]
        ],
        "type": "LineString"
    },
    "properties": {
        "Id": "{21b98684-bc5f-42c7-9204-5e923e2d2bf0}",
        "LaneType": "Driving",
        "LeftBoundary": {
            "Dir": "Forward",
            "Id": "{c5fdaf94-d999-482d-b734-7f26c7902b08}"
        },
        "Predecessors": [
            {
                "Dir": "Forward",
                "Id": "{f15bcc99-e8a3-4372-866e-f6fb128762d6}"
            }
        ],
        "RightBoundary": {
            "Dir": "Forward",
            "Id": "{b5aeb461-335d-41b0-bc62-fa954c512332}"
        },
        "SpeedLimit": "35mph",
        "Successors": [
            {
                "Dir": "Forward",
                "Id": "{ea76e6e3-bc5f-43fe-bd5a-fa477da53b83}"
            }
        ],
        "TravelDir": "Forward",
        "Type": "Lane"
    },
    "type": "Feature"
}
,{
    "geometry": {
        "coordinates": [
            [
                8.983133067818473e-05,
                -0.0002391152897300584,
                1.375
            ],
            [
                9.07198226165735e-05,
                -0.0002391153367610335,
                1.375
            ],
            [
                9.132573424606317e-05,
                -0.00023911545526745492,
                1.375
            ],
            [
                9.34248700934538e-05,
                -0.00023911654215311645,
                1.375
            ],
            [
                9.43133617250536e-05,
                -0.00023911728696108156,
                1.375
            ],
            [
                9.431336853716551e-05,
                -0.00023911728696702955,
                1.375
            ],
            [
                9.431336217467116e-05,
                -0.00023911728696147407,
                1.375
            ],
            [
                9.520423540332517e-05,
                -0.00023911803307326106,
                1.375
            ],
            [
                9.731464247561632e-05,
                -0.00023911911024320905,
                1.375
            ],
            [
                9.792380650714299e-05,
                -0.00023911922083085486,
                1.375
            ],
            [
                9.881468047621836e-05,
                -0.000239119252887084,
                1.375
            ],
            [
                9.88146812539528e-05,
                -0.000239119252887084,
                1.375
            ]
        ],
        "type": "LineString"
    },
    "properties": {
        "Id": "{4f1b6f98-b680-40ef-bea2-3972d56b9738}",
        "LaneType": "Driving",
        "LeftBoundary": {
            "Dir": "Forward",
            "Id": "{b5aeb461-335d-41b0-bc62-fa954c512332}"
        },
        "Predecessors": [
            {
                "Dir": "Forward",
                "Id": "{be7820be-5355-40a8-87d0-82895c943a37}"
            }
        ],
        "RightBoundary": {
            "Dir": "Forward",
            "Id": "{86430cca-9074-4678-9af5-0131c537cdab}"
        },
        "SpeedLimit": "35mph",
        "Successors": [
            {
                "Dir": "Forward",
                "Id": "{a88fac4b-cac2-45dd-ba62-237d4e50ef01}"
            }
        ],
        "TravelDir": "Forward",
        "Type": "Lane"
    },
    "type": "Feature"
}
,{
    "geometry": {
        "coordinates": [
            [
                8.983113294375258e-05,
                -0.0002504199081914194,
                1.375
            ],
            [
                9.071844607965749e-05,
                -0.00025041995513920464,
                1.375
            ],
            [
                9.132274779239233e-05,
                -0.00025042007333075244,
                1.375
            ],
            [
                9.341630620273286e-05,
                -0.00025042115732854095,
                1.375
            ],
            [
                9.430361903223496e-05,
                -0.0002504219011691268,
                1.375
            ],
            [
                9.430363263956349e-05,
                -0.0002504219011810083,
                1.375
            ],
            [
                9.43036194818541e-05,
                -0.00025042190116951934,
                1.375
            ],
            [
                9.519569593280619e-05,
                -0.0002504226482674082,
                1.375
            ],
            [
                9.731179598714244e-05,
                -0.00025042372834310257,
                1.375
            ],
            [
                9.792260328452974e-05,
                -0.0002504238392290666,
                1.375
            ],
            [
                9.88146804763011e-05,
                -0.00025042387135019474,
                1.375
            ],
            [
                9.881468125403554e-05,
                -0.00025042387135019474,
                1.375
            ]
        ],
        "type": "LineString"
    },
    "properties": {
        "Id": "{c997712d-0526-4b0c-98df-acbf589b5ca2}",
        "LaneType": "Shoulder",
        "LeftBoundary": {
            "Dir": "Forward",
            "Id": "{86430cca-9074-4678-9af5-0131c537cdab}"
        },
        "Predecessors": [
        ],
        "RightBoundary": {
            "Dir": "Forward",
            "Id": "{1bd648ba-a4fa-4cc1-af29-9625e5f010f1}"
        },
        "Successors": [
        ],
        "TravelDir": "Undirected",
        "Type": "Lane"
    },
    "type": "Feature"
}
,{
    "geometry": {
        "coordinates": [
            [
                9.88146812537263e-05,
                -0.00020500362654309577,
                1.375
            ],
            [
                0.00011402156838112199,
                -0.00020500362654299402,
                1.375
            ],
            [
                0.00011655604956902053,
                -0.00020500362654297567,
                1.368934073404086
            ],
            [
                0.00011909053075691884,
                -0.00020500362654295688,
                1.350736293616344
            ],
            [
                0.00012162501194481688,
                -0.0002050036265429377,
                1.3204066606367741
            ],
            [
                0.0001241594931327147,
                -0.00020500362654291812,
                1.2779451744653767
            ],
            [
                0.00013429741788430351,
                -0.00020500362654283575,
                1.0838355233961297
            ],
            [
                0.00013660044272552173,
                -0.00020500362654281615,
                1.03441667183603
            ],
            [
                0.00014051789268070523,
                -0.00020500362654278203,
                0.9258985722041696
            ],
            [
                0.00014443534263588803,
                -0.00020500362654274695,
                0.7865766370532112
            ],
            [
                0.00015964222976325626,
                -0.00020500362654260156,
                0.18596445462832567
            ]
        ],
        "type": "LineString"
    },
    "properties": {
        "Id": "{3d906de2-76cc-40a0-84df-bb40d65a2566}",
        "LaneType": "Shoulder",
        "LeftBoundary": {
            "Dir": "Forward",
            "Id": "{af908c94-41d6-4b67-87b3-507695c3fd82}"
        },
        "Predecessors": [
            {
                "Dir": "Forward",
                "Id": "{b254f8dc-8cef-407d-b1cf-858a17d8646a}"
            }
        ],
        "RightBoundary": {
            "Dir": "Forward",
            "Id": "{d70fb458-176d-467c-a882-fcd1cbe061eb}"
        },
        "Successors": [
            {
                "Dir": "Forward",
                "Id": "{a15d96d5-53eb-4f57-b465-ace79cf75923}"
            }
        ],
        "TravelDir": "Undirected",
        "Type": "Lane"
    },
    "type": "Feature"
}
,{
    "geometry": {
        "coordinates": [
            [
                9.881468125379881e-05,
                -0.00021651001596086184,
                1.375
            ],
            [
                0.00011402156838120565,
                -0.0002165100159607544,
                1.375
            ],
            [
                0.00011655604956910605,
                -0.000216510015960735,
                1.368934073404086
            ],
            [
                0.00011909053075700619,
                -0.00021651001596071517,
                1.350736293616344
            ],
            [
                0.00012162501194490613,
                -0.00021651001596069492,
                1.3204066606367741
            ],
            [
                0.0001241594931328058,
                -0.00021651001596067424,
                1.2779451744653767
            ],
            [
                0.00013429741788440207,
                -0.00021651001596058726,
                1.0838355233961297
            ],
            [
                0.00013660044272562196,
                -0.00021651001596056653,
                1.03441667183603
            ],
            [
                0.0001405178926808083,
                -0.0002165100159605305,
                0.9258985722041696
            ],
            [
                0.000144435342635994,
                -0.00021651001596049345,
                0.7865766370532112
            ],
            [
                0.00015964222976337338,
                -0.00021651001596033993,
                0.18596445462832567
            ]
        ],
        "type": "LineString"
    },
    "properties": {
        "Id": "{ea76e6e3-bc5f-43fe-bd5a-fa477da53b83}",
        "LaneType": "Driving",
        "LeftBoundary": {
            "Dir": "Forward",
            "Id": "{d70fb458-176d-467c-a882-fcd1cbe061eb}"
        },
        "Predecessors": [
            {
                "Dir": "Forward",
                "Id": "{21b98684-bc5f-42c7-9204-5e923e2d2bf0}"
            }
        ],
        "RightBoundary": {
            "Dir": "Forward",
            "Id": "{819d69c4-66c7-402c-a9f2-17f4a5f2c85a}"
        },
        "SpeedLimit": "40mph",
        "Successors": [
            {
                "Dir": "Forward",
                "Id": "{8cc98423-8327-4596-94ba-8b6053f2e5a6}"
            }
        ],
        "TravelDir": "Forward",
        "Type": "Lane"
    },
    "type": "Feature"
}
,{
    "geometry": {
        "coordinates": [
            [
                9.88146812539528e-05,
                -0.000239119252887084,
                1.375
            ],
            [
                0.00011402156838138335,
                -0.00023911925288696534,
                1.375
            ],
            [
                0.00011655604956928772,
                -0.00023911925288694387,
                1.368934073404086
            ],
            [
                0.0001190905307571918,
                -0.000239119252886922,
                1.350736293616344
            ],
            [
                0.00012162501194509568,
                -0.0002391192528868996,
                1.3204066606367741
            ],
            [
                0.00012415949313299932,
                -0.00023911925288687682,
                1.2779451744653767
            ],
            [
                0.00013429741788461135,
                -0.00023911925288678073,
                1.0838355233961297
            ],
            [
                0.00013660044272583485,
                -0.00023911925288675785,
                1.03441667183603
            ],
            [
                0.0001405178926810273,
                -0.000239119252886718,
                0.9258985722041696
            ],
            [
                0.00014443534263621912,
                -0.0002391192528866771,
                0.7865766370532112
            ],
            [
                0.0001596422297636222,
                -0.0002391192528865076,
                0.18596445462832567
            ]
        ],
        "type": "LineString"
    },
    "properties": {
        "Id": "{a88fac4b-cac2-45dd-ba62-237d4e50ef01}",
        "LaneType": "Driving",
        "LeftBoundary": {
            "Dir": "Forward",
            "Id": "{819d69c4-66c7-402c-a9f2-17f4a5f2c85a}"
        },
        "Predecessors": [
            {
                "Dir": "Forward",
                "Id": "{4f1b6f98-b680-40ef-bea2-3972d56b9738}"
            }
        ],
        "RightBoundary": {
            "Dir": "Forward",
            "Id": "{aeb244c2-d86e-46eb-8078-18c32ff6984c}"
        },
        "SpeedLimit": "40mph",
        "Successors": [
            {
                "Dir": "Forward",
                "Id": "{ef646c1d-414d-4499-b3ba-fa7c5748d540}"
            }
        ],
        "TravelDir": "Forward",
        "Type": "Lane"
    },
    "type": "Feature"
}
,{
    "geometry": {
        "coordinates": [
            [
                9.881468125403554e-05,
                -0.00025042387135019474,
                1.375
            ],
            [
                0.00011402156838147884,
                -0.00025042387135007044,
                1.375
            ],
            [
                0.0001165560495693853,
                -0.000250423871350048,
                1.368934073404086
            ],
            [
                0.00011909053075729151,
                -0.0002504238713500251,
                1.350736293616344
            ],
            [
                0.0001216250119451975,
                -0.00025042387135000164,
                1.3204066606367741
            ],
            [
                0.00012415949313310324,
                -0.00025042387134997774,
                1.2779451744653767
            ],
            [
                0.0001342974178847238,
                -0.0002504238713498771,
                1.0838355233961297
            ],
            [
                0.00013660044272594923,
                -0.00025042387134985316,
                1.03441667183603
            ],
            [
                0.00014051789268114496,
                -0.0002504238713498115,
                0.9258985722041696
            ],
            [
                0.00014443534263634003,
                -0.0002504238713497686,
                0.7865766370532112
            ],
            [
                0.00015964222976375583,
                -0.00025042387134959106,
                0.18596445462832567
            ]
        ],
        "type": "LineString"
    },
    "properties": {
        "Id": "{10624449-db88-45e3-bea7-efcf1b838254}",
        "LaneType": "Shoulder",
        "LeftBoundary": {
            "Dir": "Forward",
            "Id": "{aeb244c2-d86e-46eb-8078-18c32ff6984c}"
        },
        "Predecessors": [
        ],
        "RightBoundary": {
            "Dir": "Forward",
            "Id": "{bdf9ac93-a120-4ba9-bc28-c485d4475415}"
        },
        "Successors": [
        ],
        "TravelDir": "Undirected",
        "Type": "Lane"
    },
    "type": "Feature"
}
,{
    "geometry": {
        "coordinates": [
            [
                -6.785698125989529e-05,
                -0.00013891115167483784,
                1.38
            ],
            [
                -6.785698125995789e-05,
                -0.00015935292350487013,
                1.38
            ],
            [
                -6.785698126010881e-05,
                -0.00020023646716493343,
                1.38
            ],
            [
                -6.785698126029404e-05,
                -0.00024112001082499468,
                1.38
            ],
            [
                -6.785698126039952e-05,
                -0.00026156178265502445,
                1.38
            ]
        ],
        "type": "LineString"
    },
    "properties": {
        "Id": "{96e6bc75-8224-411d-9d29-dc38f6274df9}",
        "LaneType": "Shoulder",
        "LeftBoundary": {
            "Dir": "Forward",
            "Id": "{22a9923b-d539-4b9e-bf33-c933999a3a6a}"
        },
        "Predecessors": [
        ],
        "RightBoundary": {
            "Dir": "Forward",
            "Id": "{2624689b-5921-4f40-a858-e6abc656de9a}"
        },
        "Successors": [
        ],
        "TravelDir": "Undirected",
        "Type": "Lane"
    },
    "type": "Feature"
}
,{
    "geometry": {
        "coordinates": [
            [
                -6.785698125989529e-05,
                -0.00013891115167483784,
                1.38
            ],
            [
                -6.785698125995789e-05,
                -0.00015935292350487013,
                1.38
            ],
            [
                -6.785698126010881e-05,
                -0.00020023646716493343,
                1.38
            ],
            [
                -6.785698126029404e-05,
                -0.00024112001082499468,
                1.38
            ],
            [
                -6.785698126039952e-05,
                -0.00026156178265502445,
                1.38
            ]
        ],
        "type": "LineString"
    },
    "properties": {
        "Id": "{4132cef5-a4f6-4b6a-8979-7970a052fa36}",
        "LaneType": "Driving",
        "LeftBoundary": {
            "Dir": "Forward",
            "Id": "{2624689b-5921-4f40-a858-e6abc656de9a}"
        },
        "Predecessors": [
        ],
        "RightBoundary": {
            "Dir": "Forward",
            "Id": "{4c32ad38-ab59-493e-83ab-df9d95ad74a8}"
        },
        "SpeedLimit": "40mph",
        "Successors": [
        ],
        "TravelDir": "Forward",
        "Type": "Lane"
    },
    "type": "Feature"
}
,{
    "geometry": {
        "coordinates": [
            [
                -8.357749873201892e-05,
                -0.00013891115167478715,
                1.38
            ],
            [
                -8.357749873209603e-05,
                -0.00015935292350481196,
                1.38
            ],
            [
                -8.357749873228192e-05,
                -0.00020023646716486036,
                1.38
            ],
            [
                -8.357749873251006e-05,
                -0.0002411200108249067,
                1.38
            ],
            [
                -8.357749873263997e-05,
                -0.00026156178265492893,
                1.38
            ]
        ],
        "type": "LineString"
    },
    "properties": {
        "Id": "{91d7e428-edc1-4bb9-a96c-87b86f1035c9}",
        "LaneType": "Driving",
        "LeftBoundary": {
            "Dir": "Forward",
            "Id": "{4c32ad38-ab59-493e-83ab-df9d95ad74a8}"
        },
        "Predecessors": [
            {
                "Dir": "Forward",
                "Id": "{d3499e4c-42cf-46e1-bde4-8b0feeb2f9b4}"
            }
        ],
        "RightBoundary": {
            "Dir": "Forward",
            "Id": "{6e57a27d-653f-4e37-a49c-169b74994073}"
        },
        "SpeedLimit": "40mph",
        "Successors": [
            {
                "Dir": "Forward",
                "Id": "{1737ff25-4d88-4e23-8cb7-022690868e7c}"
            }
        ],
        "TravelDir": "Forward",
        "Type": "Lane"
    },
    "type": "Feature"
}
,{
    "geometry": {
        "coordinates": [
            [
                -9.929801620413624e-05,
                -0.0001389111516747259,
                1.38
            ],
            [
                -9.929801620422784e-05,
                -0.0001593529235047417,
                1.38
            ],
            [
                -9.92980162044487e-05,
                -0.00020023646716477208,
                1.38
            ],
            [
                -9.929801620471977e-05,
                -0.00024112001082480036,
                1.38
            ],
            [
                -9.929801620487412e-05,
                -0.0002615617826548137,
                1.38
            ]
        ],
        "type": "LineString"
    },
    "properties": {
        "Id": "{0600be22-4ddc-4d69-9d5e-0b3a918ddd6c}",
        "LaneType": "Shoulder",
        "LeftBoundary": {
            "Dir": "Forward",
            "Id": "{6e57a27d-653f-4e37-a49c-169b74994073}"
        },
        "Predecessors": [
        ],
        "RightBoundary": {
            "Dir": "Forward",
            "Id": "{aeaa6933-0170-491f-9f2c-c5828049bf78}"
        },
        "Successors": [
        ],
        "TravelDir": "Undirected",
        "Type": "Lane"
    },
    "type": "Feature"
}
,{
    "geometry": {
        "coordinates": [
            [
                0.00021793120094526565,
                -0.00025041990819341104,
                0
            ],
            [
                0.00021793109662220387,
                -0.0002504055246227361,
                0
            ],
            [
                0.00021784764928954156,
                -0.00023609111459503305,
                0
            ],
            [
                0.00021784634810311808,
                -0.00022654759334799981,
                0
            ],
            [
                0.00021797479953793977,
                -0.00020984790922037684,
                -1.1670362536513692e-07
            ],
            [
                0.0002182696165689973,
                -0.00019315036208621754,
                -4.66814501460548e-07
            ],
            [
                0.00021863434759587753,
                -0.00017884041574737323,
                -9.526897326799662e-07
            ],
            [
                0.00021863496268366057,
                -0.00017881756038077933,
                -9.536029563031436e-07
            ],
            [
                0.00021925255445922145,
                -0.00015586915069860393,
                -1.6502690100118442e-06
            ],
            [
                0.00021938943922430784,
                -0.00015074707054007726,
                -1.7455652354943514e-06
            ],
            [
                0.00021976838381888793,
                -0.00013538000436203883,
                -1.8996394979586992e-06
            ],
            [
                0.0002198654999978951,
                -0.00013108856669692194,
                -1.9073486328125e-06
            ],
            [
                0.00021988412826382732,
                -0.00013025739584272695,
                -1.9073486328125e-06
            ],
            [
                0.00022040020371350073,
                -0.00010722565153058025,
                -1.9073486328125e-06
            ]
        ],
        "type": "LineString"
    },
    "properties": {
        "Id": "{d2e71bae-1e60-4091-b3d0-e9c6a241d295}",
        "LaneType": "Shoulder",
        "LeftBoundary": {
            "Dir": "Forward",
            "Id": "{11968f7d-0b0e-4b49-8cf9-7e18ad922d86}"
        },
        "Predecessors": [
        ],
        "RightBoundary": {
            "Dir": "Forward",
            "Id": "{9886d9d1-3363-43a3-b000-63b65399d9dd}"
        },
        "Successors": [
        ],
        "TravelDir": "Undirected",
        "Type": "Lane"
    },
    "type": "Feature"
}
,{
    "geometry": {
        "coordinates": [
            [
                0.00023171099006367762,
                -0.00025031861263588313,
                0
            ],
            [
                0.0002317108857364563,
                -0.0002503042290652387,
                0
            ],
            [
                0.00023162389079482611,
                -0.00023604946413213513,
                0
            ],
            [
                0.00023161626821820345,
                -0.0002265854190382836,
                0
            ],
            [
                0.00023172698987100807,
                -0.00021002455836519618,
                -1.1670362536513692e-07
            ],
            [
                0.0002319978382059282,
                -0.00019346536895437557,
                -4.66814501460548e-07
            ],
            [
                0.00023234077012607718,
                -0.00017921427423074875,
                -9.526897326799662e-07
            ],
            [
                0.0002323413523060378,
                -0.00017919141796655602,
                -9.536029563031436e-07
            ],
            [
                0.00023292703388226693,
                -0.0001562421378969105,
                -1.6502690100118442e-06
            ],
            [
                0.00023305769088331866,
                -0.00015111208589991518,
                -1.7455652354943514e-06
            ],
            [
                0.00023342126611772742,
                -0.00013569785530576173,
                -1.8996394979586992e-06
            ],
            [
                0.00023351488230934517,
                -0.00013139875169342232,
                -1.9073486328125e-06
            ],
            [
                0.00023353285966774487,
                -0.00013056736099489392,
                -1.9073486328125e-06
            ],
            [
                0.00023403941098276406,
                -0.00010753540038795315,
                -1.9073486328125e-06
            ]
        ],
        "type": "LineString"
    },
    "properties": {
        "Id": "{60ad84e1-dc12-4049-84f9-d446cf219106}",
        "LaneType": "Driving",
        "LeftBoundary": {
            "Dir": "Forward",
            "Id": "{9886d9d1-3363-43a3-b000-63b65399d9dd}"
        },
        "Predecessors": [
            {
                "Dir": "Forward",
                "Id": "{199f460c-da3a-4197-94a9-2f98638eac22}"
            }
        ],
        "RightBoundary": {
            "Dir": "Forward",
            "Id": "{d78351f5-f00f-4d0f-adb2-0e751bdd14da}"
        },
        "SpeedLimit": "35mph",
        "Successors": [
            {
                "Dir": "Forward",
                "Id": "{59f19b5c-4cdd-479d-a7b8-d2eaaaa9a86d}"
            }
        ],
        "TravelDir": "Forward",
        "Type": "Lane"
    },
    "type": "Feature"
}
,{
    "geometry": {
        "coordinates": [
            [
                0.00024549077918207586,
                -0.0002502173170783408,
                0
            ],
            [
                0.0002454906748506951,
                -0.000250202933507727,
                0
            ],
            [
                0.00024540013230009715,
                -0.00023600781366922368,
                0
            ],
            [
                0.00024538618833327546,
                -0.0002266232447285542,
                0
            ],
            [
                0.00024547918020406337,
                -0.00021020120751000294,
                -1.1670362536513692e-07
            ],
            [
                0.00024572605984284627,
                -0.00019378037582252182,
                -4.66814501460548e-07
            ],
            [
                0.0002460471926562641,
                -0.00017958813271411322,
                -9.526897326799662e-07
            ],
            [
                0.00024604774192840223,
                -0.0001795652755523217,
                -9.536029563031436e-07
            ],
            [
                0.00024660151330529957,
                -0.0001566151250952073,
                -1.6502690100118442e-06
            ],
            [
                0.0002467259425423166,
                -0.00015147710125974366,
                -1.7455652354943514e-06
            ],
            [
                0.00024707414841655385,
                -0.00013601570624947626,
                -1.8996394979586992e-06
            ],
            [
                0.0002471642646207823,
                -0.0001317089366899146,
                -1.9073486328125e-06
            ],
            [
                0.00024718159107164965,
                -0.00013087732614705286,
                -1.9073486328125e-06
            ],
            [
                0.0002476786182520144,
                -0.00010784514924531926,
                -1.9073486328125e-06
            ]
        ],
        "type": "LineString"
    },
    "properties": {
        "Id": "{3ce9a024-378d-4350-821c-e5d1a3327cb3}",
        "LaneType": "Shoulder",
        "LeftBoundary": {
            "Dir": "Forward",
            "Id": "{d78351f5-f00f-4d0f-adb2-0e751bdd14da}"
        },
        "Predecessors": [
        ],
        "RightBoundary": {
            "Dir": "Forward",
            "Id": "{514981ab-43ca-4f1e-a882-cc943c912704}"
        },
        "Successors": [
        ],
        "TravelDir": "Undirected",
        "Type": "Lane"
    },
    "type": "Feature"
}
,{
    "geometry": {
        "coordinates": [
            [
                -6.764548056617516e-05,
                -0.00031591081965351577,
                1.38
            ],
            [
                -6.764548056654735e-05,
                -0.0003690067586970361,
                1.38
            ],
            [
                -6.764563680144119e-05,
                -0.0003710725250328299,
                1.38
            ],
            [
                -6.764739461703021e-05,
                -0.00037417136447561805,
                1.38
            ],
            [
                -6.765126125819237e-05,
                -0.0003772698214713741,
                1.38
            ],
            [
                -6.765485465981742e-05,
                -0.0003793355846455227,
                1.38
            ],
            [
                -6.771598102863915e-05,
                -0.00041301154037081794,
                1.38
            ],
            [
                -6.775123091434224e-05,
                -0.0004324315323117045,
                1.38
            ],
            [
                -6.778648114279057e-05,
                -0.000451851713074683,
                1.38
            ],
            [
                -6.784760716892617e-05,
                -0.0004855274799778774,
                1.38
            ],
            [
                -6.785120057055594e-05,
                -0.0004875932431520263,
                1.38
            ],
            [
                -6.785506738309806e-05,
                -0.0004906918889701257,
                1.38
            ],
            [
                -6.785682502732208e-05,
                -0.0004937905395905717,
                1.38
            ],
            [
                -6.785698126222133e-05,
                -0.0004958563059263565,
                1.38
            ],
            [
                -6.785698126279084e-05,
                -0.0005489522449698594,
                1.38
            ]
        ],
        "type": "LineString"
    },
    "properties": {
        "Id": "{72c55f48-241a-4460-910b-24512f5296d8}",
        "LaneType": "Shoulder",
        "LeftBoundary": {
            "Dir": "Forward",
            "Id": "{72c1a3a5-a37a-46a2-98da-e4a3146bb493}"
        },
        "Predecessors": [
        ],
        "RightBoundary": {
            "Dir": "Forward",
            "Id": "{7f241fc9-28a2-4c7d-be0e-655ede7a3ff7}"
        },
        "Successors": [
        ],
        "TravelDir": "Undirected",
        "Type": "Lane"
    },
    "type": "Feature"
}
,{
    "geometry": {
        "coordinates": [
            [
                -6.764548056617516e-05,
                -0.00031591081965351577,
                1.38
            ],
            [
                -6.764548056654735e-05,
                -0.0003690067586970361,
                1.38
            ],
            [
                -6.764563680144119e-05,
                -0.0003710725250328299,
                1.38
            ],
            [
                -6.764739461703021e-05,
                -0.00037417136447561805,
                1.38
            ],
            [
                -6.765126125819237e-05,
                -0.0003772698214713741,
                1.38
            ],
            [
                -6.765485465981742e-05,
                -0.0003793355846455227,
                1.38
            ],
            [
                -6.771598102863915e-05,
                -0.00041301154037081794,
                1.38
            ],
            [
                -6.775123091434224e-05,
                -0.0004324315323117045,
                1.38
            ],
            [
                -6.778648114279057e-05,
                -0.000451851713074683,
                1.38
            ],
            [
                -6.784760716892617e-05,
                -0.0004855274799778774,
                1.38
            ],
            [
                -6.785120057055594e-05,
                -0.0004875932431520263,
                1.38
            ],
            [
                -6.785506738309806e-05,
                -0.0004906918889701257,
                1.38
            ],
            [
                -6.785682502732208e-05,
                -0.0004937905395905717,
                1.38
            ],
            [
                -6.785698126222133e-05,
                -0.0004958563059263565,
                1.38
            ],
            [
                -6.785698126279084e-05,
                -0.0005489522449698594,
                1.38
            ]
        ],
        "type": "LineString"
    },
    "properties": {
        "Id": "{2cbd744b-1782-48ad-9851-1703e6fb5be9}",
        "LaneType": "Driving",
        "LeftBoundary": {
            "Dir": "Forward",
            "Id": "{7f241fc9-28a2-4c7d-be0e-655ede7a3ff7}"
        },
        "Predecessors": [
        ],
        "RightBoundary": {
            "Dir": "Forward",
            "Id": "{aea34a9f-d93a-4ed7-85c2-8326e79498a3}"
        },
        "SpeedLimit": "40mph",
        "Successors": [
        ],
        "TravelDir": "Forward",
        "Type": "Lane"
    },
    "type": "Feature"
}
,{
    "geometry": {
        "coordinates": [
            [
                -8.336599803849034e-05,
                -0.00031591081965340074,
                1.38
            ],
            [
                -8.336599803894902e-05,
                -0.00036900675869690176,
                1.38
            ],
            [
                -8.336615386372997e-05,
                -0.00037106890994241553,
                1.38
            ],
            [
                -8.336790552696987e-05,
                -0.0003741569034471529,
                1.38
            ],
            [
                -8.33717586348935e-05,
                -0.0003772445158434226,
                1.38
            ],
            [
                -8.337534588477612e-05,
                -0.0003793066639325719,
                1.38
            ],
            [
                -8.343647225366129e-05,
                -0.0004129826196578548,
                1.38
            ],
            [
                -8.347172213940338e-05,
                -0.0004324026115987342,
                1.38
            ],
            [
                -8.350697236789253e-05,
                -0.00045182279236170554,
                1.38
            ],
            [
                -8.356809839410316e-05,
                -0.00048549855926488744,
                1.38
            ],
            [
                -8.357169794748387e-05,
                -0.0004875679375240335,
                1.38
            ],
            [
                -8.357557829387711e-05,
                -0.0004906774286024951,
                1.38
            ],
            [
                -8.357734208986318e-05,
                -0.0004937869245001114,
                1.38
            ],
            [
                -8.357749873488384e-05,
                -0.0004958563059261755,
                1.38
            ],
            [
                -8.357749873558529e-05,
                -0.0005489522449696589,
                1.38
            ]
        ],
        "type": "LineString"
    },
    "properties": {
        "Id": "{5c1466c8-acdf-4f3b-bbd8-6090e5479c3d}",
        "LaneType": "Driving",
        "LeftBoundary": {
            "Dir": "Forward",
            "Id": "{aea34a9f-d93a-4ed7-85c2-8326e79498a3}"
        },
        "Predecessors": [
            {
                "Dir": "Forward",
                "Id": "{0928f2fa-5834-47d3-b0c2-1cbc53424232}"
            },
            {
                "Dir": "Forward",
                "Id": "{1737ff25-4d88-4e23-8cb7-022690868e7c}"
            }
        ],
        "RightBoundary": {
            "Dir": "Forward",
            "Id": "{6178b747-abec-415e-ab90-0d04627458cc}"
        },
        "SpeedLimit": "40mph",
        "Successors": [
            {
                "Dir": "Forward",
                "Id": "{f4e9190e-d5ac-468c-b553-ae89a5620cef}"
            }
        ],
        "TravelDir": "Forward",
        "Type": "Lane"
    },
    "type": "Feature"
}
,{
    "geometry": {
        "coordinates": [
            [
                -9.908651551079923e-05,
                -0.0003159108196532618,
                1.38
            ],
            [
                -9.908651551134438e-05,
                -0.0003690067586967395,
                1.38
            ],
            [
                -9.908667092601241e-05,
                -0.00037106529485197304,
                1.38
            ],
            [
                -9.908841643690321e-05,
                -0.0003741424424186593,
                1.38
            ],
            [
                -9.909225601158822e-05,
                -0.00037721921021544264,
                1.38
            ],
            [
                -9.909583710972839e-05,
                -0.0003792777432195924,
                1.38
            ],
            [
                -9.915696347867698e-05,
                -0.00041295369894486035,
                1.38
            ],
            [
                -9.919221336445808e-05,
                -0.00043237369088573106,
                1.38
            ],
            [
                -9.922746359298803e-05,
                -0.0004517938716486938,
                1.38
            ],
            [
                -9.928858961927368e-05,
                -0.00048546963855186084,
                1.38
            ],
            [
                -9.929219532440533e-05,
                -0.0004875426318960038,
                1.38
            ],
            [
                -9.929608920464974e-05,
                -0.0004906629682348274,
                1.38
            ],
            [
                -9.929785915239796e-05,
                -0.000493783309409614,
                1.38
            ],
            [
                -9.929801620754005e-05,
                -0.0004958563059259569,
                1.38
            ],
            [
                -9.929801620837344e-05,
                -0.0005489522449694169,
                1.38
            ]
        ],
        "type": "LineString"
    },
    "properties": {
        "Id": "{5470384e-1018-47cd-bbf7-2ed41a001f19}",
        "LaneType": "Shoulder",
        "LeftBoundary": {
            "Dir": "Forward",
            "Id": "{6178b747-abec-415e-ab90-0d04627458cc}"
        },
        "Predecessors": [
        ],
        "RightBoundary": {
            "Dir": "Forward",
            "Id": "{4d9ece2e-2796-4ffb-8483-f700f72138d8}"
        },
        "Successors": [
        ],
        "TravelDir": "Undirected",
        "Type": "Lane"
    },
    "type": "Feature"
}
,{
    "geometry": {
        "coordinates": [
            [
                9.854518666799002e-05,
                -9.246863644695693e-05,
                1.375
            ],
            [
                8.969945519095841e-05,
                -9.235346196294509e-05,
                1.375
            ],
            [
                8.097357485900564e-05,
                -9.205465849183453e-05,
                1.375
            ],
            [
                7.132665257387963e-05,
                -9.158094796055076e-05,
                1.375
            ],
            [
                6.165871604080075e-05,
                -9.099765376553414e-05,
                1.375
            ],
            [
                4.475269980041038e-05,
                -8.981171368615745e-05,
                1.3751749627364742
            ],
            [
                2.7748745576092248e-05,
                -8.855014688991702e-05,
                1.375699850945897
            ],
            [
                1.8887265599738767e-05,
                -8.791827917731958e-05,
                1.3761078555408066
            ],
            [
                9.928807155507842e-06,
                -8.72898766449955e-05,
                1.3766091515935572
            ],
            [
                1.6642239925393502e-07,
                -8.658583694674047e-05,
                1.377258289953393
            ],
            [
                -6.191050683454954e-06,
                -8.612049304195878e-05,
                1.3777167089353122
            ],
            [
                -6.5377694466374285e-06,
                -8.609514921222624e-05,
                1.377741710046607
            ],
            [
                -9.489794984767356e-06,
                -8.587998019026611e-05,
                1.3779495616800936
            ],
            [
                -1.4218761525460247e-05,
                -8.553919825981019e-05,
                1.3782685253763935
            ],
            [
                -1.875650518828386e-05,
                -8.529170377248553e-05,
                1.3785605399055705
            ],
            [
                -2.313757208283824e-05,
                -8.523773900915839e-05,
                1.3788256052676244
            ],
            [
                -2.7382301439415793e-05,
                -8.547065969947841e-05,
                1.3790637214625554
            ],
            [
                -2.9561341139910974e-05,
                -8.573964142223396e-05,
                1.379177098941699
            ],
            [
                -3.1740336290195714e-05,
                -8.612401208354446e-05,
                1.379283161744769
            ],
            [
                -3.391285059530637e-05,
                -8.66246961948728e-05,
                1.379381909871765
            ],
            [
                -3.6072325976338786e-05,
                -8.724222976446652e-05,
                1.3794733433226873
            ],
            [
                -3.8212106866655085e-05,
                -8.797674818836738e-05,
                1.379557462097536
            ],
            [
                -4.032546556883266e-05,
                -8.882797574049344e-05,
                1.3796342661963106
            ],
            [
                -4.2405628534399953e-05,
                -8.979521673235684e-05,
                1.3797037556190115
            ],
            [
                -4.444580345711432e-05,
                -9.087734841587463e-05,
                1.3797659303656387
            ],
            [
                -4.6439207065192867e-05,
                -9.207281569552416e-05,
                1.379820790436192
            ],
            [
                -4.837909349302698e-05,
                -9.337962770851357e-05,
                1.3798683358306718
            ],
            [
                -5.025878310851892e-05,
                -9.479535632371725e-05,
                1.3799085665490776
            ],
            [
                -5.2071691668296724e-05,
                -9.631713660189208e-05,
                1.3799414825914096
            ],
            [
                -5.381135966971408e-05,
                -9.794166925117972e-05,
                1.3799670839576679
            ],
            [
                -5.547148176574045e-05,
                -9.966522510314403e-05,
                1.3799853706478522
            ],
            [
                -5.704593610661409e-05,
                -0.0001014836516256296,
                1.379996342661963
            ],
            [
                -5.8528813470476566e-05,
                -0.0001033923814795903,
                1.38
            ],
            [
                -5.98150794842768e-05,
                -0.00010523564853643486,
                1.38
            ],
            [
                -6.101370344807801e-05,
                -0.00010714781194337151,
                1.38
            ],
            [
                -6.2120610289984e-05,
                -0.00010912434949409487,
                1.38
            ],
            [
                -6.313196026159899e-05,
                -0.00011116047235282589,
                1.38
            ],
            [
                -6.40441667391447e-05,
                -0.0001132511374331313,
                1.38
            ],
            [
                -6.485391338934381e-05,
                -0.00011539106097441201,
                1.38
            ],
            [
                -6.55581706224593e-05,
                -0.00011757473328340601,
                1.38
            ],
            [
                -6.615421125608563e-05,
                -0.00011979643460072259,
                1.38
            ],
            [
                -6.665769882882243e-05,
                -0.00012213417622128876,
                1.38
            ],
            [
                -6.705362123412475e-05,
                -0.00012449933451712757,
                1.38
            ],
            [
                -6.75699229900234e-05,
                -0.0001292800597674483,
                1.38
            ],
            [
                -6.780285695737515e-05,
                -0.00013409183940374915,
                1.38
            ],
            [
                -6.785698125989529e-05,
                -0.0001389111516748378,
                1.38
            ]
        ],
        "type": "LineString"
    },
    "properties": {
        "Id": "{d1d8ec47-29a4-49e6-a609-3ab38d8cdb0a}",
        "LaneType": "Shoulder",
        "LeftBoundary": {
            "Dir": "Forward",
            "Id": "{0dbf8436-61f2-4c85-83d8-4b1b404988a7}"
        },
        "Predecessors": [
        ],
        "RightBoundary": {
            "Dir": "Forward",
            "Id": "{6c6886b2-c42a-4db0-910c-48dacf64e879}"
        },
        "Successors": [
        ],
        "TravelDir": "Undirected",
        "Type": "Lane"
    },
    "type": "Feature"
}
,{
    "geometry": {
        "coordinates": [
            [
                9.854518666796076e-05,
                -8.116401798384426e-05,
                1.375
            ],
            [
                8.085196933731544e-05,
                -8.099010154521987e-05,
                1.375
            ],
            [
                6.129352691369441e-05,
                -8.069455022996758e-05,
                1.375
            ],
            [
                4.4224252971512955e-05,
                -8.050420739816937e-05,
                1.3751749627364742
            ],
            [
                2.7116557521797936e-05,
                -8.046182349818865e-05,
                1.375699850945897
            ],
            [
                9.331961326432813e-06,
                -8.060107263291795e-05,
                1.3766091515935572
            ],
            [
                -3.601891318639828e-07,
                -8.068414316285026e-05,
                1.377258289953393
            ],
            [
                -6.67162060901769e-06,
                -8.073478389046613e-05,
                1.3777167089353122
            ],
            [
                -7.015829928834794e-06,
                -8.073756319407781e-05,
                1.377741710046607
            ],
            [
                -9.946516742225238e-06,
                -8.076153557276608e-05,
                1.3779495616800936
            ],
            [
                -1.469431449289655e-05,
                -8.081589596401124e-05,
                1.3782685253763935
            ],
            [
                -1.9340688508983202e-05,
                -8.097166949067826e-05,
                1.3785605399055705
            ],
            [
                -2.389335788272833e-05,
                -8.133328611633591e-05,
                1.3788256052676244
            ],
            [
                -2.6133179557172037e-05,
                -8.162259643083273e-05,
                1.3789480320109804
            ],
            [
                -2.8345540102825833e-05,
                -8.200034019661722e-05,
                1.3790637214625554
            ],
            [
                -3.062776407046803e-05,
                -8.250141722703606e-05,
                1.379177098941699
            ],
            [
                -3.2891266377855755e-05,
                -8.311697004134175e-05,
                1.379283161744769
            ],
            [
                -3.51301634032425e-05,
                -8.384649967882938e-05,
                1.379381909871765
            ],
            [
                -3.7338559166164286e-05,
                -8.468918620135664e-05,
                1.3794733433226873
            ],
            [
                -3.9510563390308804e-05,
                -8.564388510138764e-05,
                1.379557462097536
            ],
            [
                -4.164030999984597e-05,
                -8.67091247992125e-05,
                1.3796342661963106
            ],
            [
                -4.372197594032504e-05,
                -8.78831052508617e-05,
                1.3797037556190115
            ],
            [
                -4.574980025661768e-05,
                -8.916369769657025e-05,
                1.3797659303656387
            ],
            [
                -4.771810335805401e-05,
                -9.05484455754307e-05,
                1.379820790436192
            ],
            [
                -4.962130639882749e-05,
                -9.203456662749157e-05,
                1.3798683358306718
            ],
            [
                -5.145395069994416e-05,
                -9.361895620002107e-05,
                1.3799085665490776
            ],
            [
                -5.3210717137473266e-05,
                -9.529819176998395e-05,
                1.3799414825914096
            ],
            [
                -5.4886445420631215e-05,
                -9.706853868998807e-05,
                1.3799670839576679
            ],
            [
                -5.6476153182302264e-05,
                -9.89259571600678e-05,
                1.3799853706478522
            ],
            [
                -5.7975054803981475e-05,
                -0.00010086611042269932,
                1.379996342661963
            ],
            [
                -5.93785798968176e-05,
                -0.0001028843741734102,
                1.38
            ],
            [
                -6.058915247606885e-05,
                -0.0001048182365279551,
                1.38
            ],
            [
                -6.171100898405193e-05,
                -0.00010681075631382098,
                1.38
            ],
            [
                -6.274109502679978e-05,
                -0.00010885765554637885,
                1.38
            ],
            [
                -6.367656321546398e-05,
                -0.00011095447974048038,
                1.38
            ],
            [
                -6.451478387179226e-05,
                -0.00011309660810870471,
                1.38
            ],
            [
                -6.525335523861777e-05,
                -0.00011527926443467726,
                1.38
            ],
            [
                -6.589011315338612e-05,
                -0.00011749752859718327,
                1.38
            ],
            [
                -6.642314014348273e-05,
                -0.00011974634871579923,
                1.38
            ],
            [
                -6.686675467593965e-05,
                -0.00012210450565121163,
                1.38
            ],
            [
                -6.720917648499139e-05,
                -0.00012448316346341576,
                1.38
            ],
            [
                -6.764048270782356e-05,
                -0.00012927680895791498,
                1.38
            ],
            [
                -6.782079674715371e-05,
                -0.00013409163291085556,
                1.38
            ],
            [
                -6.785698125989529e-05,
                -0.0001389111516748378,
                1.38
            ]
        ],
        "type": "LineString"
    },
    "properties": {
        "Id": "{d910258b-e9ee-405c-ab5f-a79396ae0ead}",
        "LaneType": "Driving",
        "LeftBoundary": {
            "Dir": "Forward",
            "Id": "{6c6886b2-c42a-4db0-910c-48dacf64e879}"
        },
        "Predecessors": [
            {
                "Dir": "Forward",
                "Id": "{82f45f26-7b28-4762-9481-65a615fb64a1}"
            }
        ],
        "RightBoundary": {
            "Dir": "Forward",
            "Id": "{a92d3029-1971-4428-8e7f-87273980aa3e}"
        },
        "SpeedLimit": "35mph",
        "Successors": [
        ],
        "TravelDir": "Forward",
        "Type": "Lane"
    },
    "type": "Feature"
}
,{
    "geometry": {
        "coordinates": [
            [
                9.854518666791367e-05,
                -5.855478105761873e-05,
                1.375
            ],
            [
                8.060507517044178e-05,
                -5.8525870223361524e-05,
                1.375
            ],
            [
                6.0513807878461924e-05,
                -5.869628863772837e-05,
                1.375
            ],
            [
                4.3010079197347346e-05,
                -5.9119028379526615e-05,
                1.3751749627364742
            ],
            [
                2.550405081657112e-05,
                -5.983113360356222e-05,
                1.375699850945897
            ],
            [
                7.567313011438202e-06,
                -6.082479850271857e-05,
                1.3766091515935572
            ],
            [
                -2.08269686917645e-06,
                -6.138013516966187e-05,
                1.377258289953393
            ],
            [
                -8.366503382994999e-06,
                -6.174036667671624e-05,
                1.3777167089353122
            ],
            [
                -8.709207036792789e-06,
                -6.176001986033441e-05,
                1.377741710046607
            ],
            [
                -1.162709061533857e-05,
                -6.19274770794118e-05,
                1.3779495616800936
            ],
            [
                -1.6564968345164825e-05,
                -6.223612832488386e-05,
                1.3782685253763935
            ],
            [
                -1.9150227851790923e-05,
                -6.243936227520963e-05,
                1.3784179012868725
            ],
            [
                -2.1811795974973486e-05,
                -6.269783559496151e-05,
                1.3785605399055705
            ],
            [
                -2.4547532028475082e-05,
                -6.303019831020249e-05,
                1.3786964412324878
            ],
            [
                -2.735379725927119e-05,
                -6.345636578236619e-05,
                1.3788256052676244
            ],
            [
                -3.022526388213452e-05,
                -6.399745525889886e-05,
                1.3789480320109804
            ],
            [
                -3.315427897802196e-05,
                -6.467559926098597e-05,
                1.3790637214625554
            ],
            [
                -3.6214830020645066e-05,
                -6.553612923329195e-05,
                1.379177098941699
            ],
            [
                -3.9234221081877446e-05,
                -6.654469369607486e-05,
                1.379283161744769
            ],
            [
                -4.2205299059225334e-05,
                -6.769936222833639e-05,
                1.379381909871765
            ],
            [
                -4.512099332439402e-05,
                -6.899784783441841e-05,
                1.3794733433226873
            ],
            [
                -4.797433357343275e-05,
                -7.043750993425117e-05,
                1.379557462097536
            ],
            [
                -5.0758467701281333e-05,
                -7.201535831799448e-05,
                1.3796342661963106
            ],
            [
                -5.346667955976384e-05,
                -7.372805804171973e-05,
                1.3797037556190115
            ],
            [
                -5.6092406548795826e-05,
                -7.557193526369601e-05,
                1.3797659303656387
            ],
            [
                -5.8629256990250475e-05,
                -7.754298401805624e-05,
                1.379820790436192
            ],
            [
                -6.107102723376464e-05,
                -7.963687391979823e-05,
                1.3798683358306718
            ],
            [
                -6.341171844375854e-05,
                -8.184895879222403e-05,
                1.3799085665490776
            ],
            [
                -6.564555301709671e-05,
                -8.417428620505159e-05,
                1.3799414825914096
            ],
            [
                -6.77669905811366e-05,
                -8.660760790855389e-05,
                1.3799670839576679
            ],
            [
                -6.977074352239104e-05,
                -8.914339114619984e-05,
                1.3799853706478522
            ],
            [
                -7.165179199668095e-05,
                -9.177583082540357e-05,
                1.379996342661963
            ],
            [
                -7.34053983724655e-05,
                -9.449886252313657e-05,
                1.38
            ],
            [
                -7.491139642014335e-05,
                -9.709509326623792e-05,
                1.38
            ],
            [
                -7.630106706613678e-05,
                -9.975837976102307e-05,
                1.38
            ],
            [
                -7.757135753142862e-05,
                -0.00010248337908419858,
                1.38
            ],
            [
                -7.871945871659455e-05,
                -0.0001052645999491029,
                1.38
            ],
            [
                -7.974281273405033e-05,
                -0.00010809641400358072,
                1.38
            ],
            [
                -8.063911992291613e-05,
                -0.00011097306753516446,
                1.38
            ],
            [
                -8.140634532400442e-05,
                -0.0001138886935595369,
                1.38
            ],
            [
                -8.204272459295967e-05,
                -0.00011683732426379365,
                1.38
            ],
            [
                -8.255877875988598e-05,
                -0.00011987739119038152,
                1.38
            ],
            [
                -8.293987875221103e-05,
                -0.00012284784720201428,
                1.38
            ],
            [
                -8.320872222042431e-05,
                -0.00012574096264268833,
                1.38
            ],
            [
                -8.33869002234511e-05,
                -0.00012855134397914258,
                1.38
            ],
            [
                -8.349470959720564e-05,
                -0.00013127528406959183,
                1.38
            ],
            [
                -8.355105070257685e-05,
                -0.00013391057250284713,
                1.38
            ],
            [
                -8.357334569172174e-05,
                -0.0001364560296670981,
                1.38
            ],
            [
                -8.357749873201892e-05,
                -0.00013891115167478712,
                1.38
            ]
        ],
        "type": "LineString"
    },
    "properties": {
        "Id": "{d3499e4c-42cf-46e1-bde4-8b0feeb2f9b4}",
        "LaneType": "Driving",
        "LeftBoundary": {
            "Dir": "Forward",
            "Id": "{a92d3029-1971-4428-8e7f-87273980aa3e}"
        },
        "Predecessors": [
            {
                "Dir": "Forward",
                "Id": "{e1ced262-9c03-4252-a6d8-335f72ceea8e}"
            }
        ],
        "RightBoundary": {
            "Dir": "Forward",
            "Id": "{cc3aa322-b8d5-4b89-b6fb-a0350ea60c81}"
        },
        "SpeedLimit": "35mph",
        "Successors": [
            {
                "Dir": "Forward",
                "Id": "{91d7e428-edc1-4bb9-a96c-87b86f1035c9}"
            }
        ],
        "TravelDir": "Forward",
        "Type": "Lane"
    },
    "type": "Feature"
}
,{
    "geometry": {
        "coordinates": [
            [
                9.854518666789556e-05,
                -4.70483916398511e-05,
                1.375
            ],
            [
                8.957486854974613e-05,
                -4.7008505488587994e-05,
                1.375
            ],
            [
                8.047761604402727e-05,
                -4.692870964146388e-05,
                1.375
            ],
            [
                6.00927598769531e-05,
                -4.681723520740272e-05,
                1.375
            ],
            [
                4.231492024678957e-05,
                -4.68752302342627e-05,
                1.3751749627364742
            ],
            [
                2.4512448530755924e-05,
                -4.71444023228848e-05,
                1.375699850945897
            ],
            [
                1.5381644111534543e-05,
                -4.7372432584785456e-05,
                1.3761078555408066
            ],
            [
                6.38885769781818e-06,
                -4.761794298690102e-05,
                1.3766091515935572
            ],
            [
                -3.2879923232720826e-06,
                -4.787248433244108e-05,
                1.377258289953393
            ],
            [
                -9.589393703791725e-06,
                -4.803553155979233e-05,
                1.3777167089353122
            ],
            [
                -9.933056345030905e-06,
                -4.804443744699259e-05,
                1.377741710046607
            ],
            [
                -1.2859094548352146e-05,
                -4.812050643108534e-05,
                1.3779495616800936
            ],
            [
                -1.533513198867214e-05,
                -4.819280152126858e-05,
                1.378112412174134
            ],
            [
                -1.7968557156992683e-05,
                -4.8295358923311e-05,
                1.3782685253763935
            ],
            [
                -2.075999269393009e-05,
                -4.844640273733259e-05,
                1.3784179012868725
            ],
            [
                -2.3709146940656348e-05,
                -4.8666929668793545e-05,
                1.3785605399055705
            ],
            [
                -2.6814351753600254e-05,
                -4.898070735907194e-05,
                1.3786964412324878
            ],
            [
                -3.0071940510330722e-05,
                -4.941420955073426e-05,
                1.3788256052676244
            ],
            [
                -3.3475898765404474e-05,
                -4.99965466347662e-05,
                1.3789480320109804
            ],
            [
                -3.701697159531102e-05,
                -5.075923768566916e-05,
                1.3790637214625554
            ],
            [
                -4.0754507134468266e-05,
                -5.175126785498899e-05,
                1.379177098941699
            ],
            [
                -4.444678812196404e-05,
                -5.292578807756467e-05,
                1.379283161744769
            ],
            [
                -4.80848491657512e-05,
                -5.428083453736992e-05,
                1.379381909871765
            ],
            [
                -5.165979470875575e-05,
                -5.581398492595486e-05,
                1.3794733433226873
            ],
            [
                -5.516282278837929e-05,
                -5.752235964988106e-05,
                1.379557462097536
            ],
            [
                -5.858524902742797e-05,
                -5.940262437856255e-05,
                1.3796342661963106
            ],
            [
                -6.191853065491206e-05,
                -6.145099391245837e-05,
                1.3797037556190115
            ],
            [
                -6.515429048279015e-05,
                -6.366323738371216e-05,
                1.3797659303656387
            ],
            [
                -6.828434076346385e-05,
                -6.603468479703952e-05,
                1.379820790436192
            ],
            [
                -7.130070685181308e-05,
                -6.856023491426192e-05,
                1.3798683358306718
            ],
            [
                -7.419565059480088e-05,
                -7.123436448139712e-05,
                1.3799085665490776
            ],
            [
                -7.696169337118308e-05,
                -7.405113879265104e-05,
                1.3799414825914096
            ],
            [
                -7.959163870363258e-05,
                -7.700422358103397e-05,
                1.3799670839576679
            ],
            [
                -8.207859436563835e-05,
                -8.008689822065911e-05,
                1.3799853706478522
            ],
            [
                -8.441599390586969e-05,
                -8.329207022109279e-05,
                1.379996342661963
            ],
            [
                -8.659761751330583e-05,
                -8.661229098942681e-05,
                1.38
            ],
            [
                -8.847338344653183e-05,
                -8.978191181733747e-05,
                1.38
            ],
            [
                -9.020626549921292e-05,
                -9.303704288629659e-05,
                1.38
            ],
            [
                -9.179221004696529e-05,
                -9.63710364716707e-05,
                1.38
            ],
            [
                -9.322747163241225e-05,
                -9.977703610232544e-05,
                1.38
            ],
            [
                -9.45086242931937e-05,
                -0.00010324799109978026,
                1.38
            ],
            [
                -9.56325722124563e-05,
                -0.00010677667177017441,
                1.38
            ],
            [
                -9.659655965381002e-05,
                -0.00011035568521704228,
                1.38
            ],
            [
                -9.739818014350641e-05,
                -0.00011397749173669682,
                1.38
            ],
            [
                -9.804547833872293e-05,
                -0.0001176794177232126,
                1.38
            ],
            [
                -9.851780220294622e-05,
                -0.00012122841336458942,
                1.38
            ],
            [
                -9.884739084424077e-05,
                -0.0001246140381318853,
                1.38
            ],
            [
                -9.906401740934058e-05,
                -0.00012782907178768467,
                1.38
            ],
            [
                -9.919472629131278e-05,
                -0.00013086860851613757,
                1.38
            ],
            [
                -9.926368506730182e-05,
                -0.00013372971490212537,
                1.38
            ],
            [
                -9.9292071418988e-05,
                -0.0001364107995860569,
                1.38
            ],
            [
                -9.929801620413624e-05,
                -0.00013891115167472586,
                1.38
            ]
        ],
        "type": "LineString"
    },
    "properties": {
        "Id": "{6aa398f4-bf9b-4ca3-ac92-6728348b6c93}",
        "LaneType": "Shoulder",
        "LeftBoundary": {
            "Dir": "Forward",
            "Id": "{cc3aa322-b8d5-4b89-b6fb-a0350ea60c81}"
        },
        "Predecessors": [
            {
                "Dir": "Forward",
                "Id": "{3d94f61e-21fc-4a0c-ac20-db5d73a79ba0}"
            }
        ],
        "RightBoundary": {
            "Dir": "Forward",
            "Id": "{33a99d65-b176-4b94-93c8-6d62c7c6a077}"
        },
        "Successors": [
        ],
        "TravelDir": "Undirected",
        "Type": "Lane"
    },
    "type": "Feature"
}
,{
    "geometry": {
        "coordinates": [
            [
                0.00017301552372265172,
                -0.00023911925288634447,
                0.06156193357656931
            ],
            [
                0.00017369313110055388,
                -0.00023912000847351432,
                0.05691826101230663
            ],
            [
                0.00017590441177509785,
                -0.00023919930518394167,
                0.037571996098181154
            ],
            [
                0.00017810459261903994,
                -0.00023942276131777975,
                0.01822573118405569
            ],
            [
                0.00018028374941008452,
                -0.00023978699813462971,
                -0.0011205337300697962
            ],
            [
                0.0001824325349235751,
                -0.00024028796043999267,
                -0.020466798644195268
            ],
            [
                0.00018444480595177212,
                -0.0002408885988823714,
                -0.03706064277146614
            ],
            [
                0.0001864145349355037,
                -0.00024160479108515076,
                -0.049954475093774285
            ],
            [
                0.00018833528213279226,
                -0.0002424316786948061,
                -0.0591482956111197
            ],
            [
                0.00019020118741991528,
                -0.00024336409060263738,
                -0.0646421043235024
            ],
            [
                0.00019200697984154928,
                -0.0002443966048731227,
                -0.06643590123092237
            ],
            [
                0.0001937479813843767,
                -0.0002455236103781015,
                -0.06452968633337962
            ],
            [
                0.0001954201050632629,
                -0.00024673936764021606,
                -0.05892345963087415
            ],
            [
                0.00019701984744829087,
                -0.0002480380683998557,
                -0.049617221123405955
            ],
            [
                0.0001977200018301602,
                -0.0002486522014474914,
                -0.044691425221582
            ],
            [
                0.0001990317114673258,
                -0.0002499595376460587,
                -0.03421687243527371
            ],
            [
                0.00020022935754743066,
                -0.0002513566446581494,
                -0.02513892668713986
            ],
            [
                0.00020130898394892492,
                -0.0002528324012416867,
                -0.01745758797718045
            ],
            [
                0.0002022678254174296,
                -0.0002543759021410591,
                -0.011172856305395482
            ],
            [
                0.00020310423244772896,
                -0.00025597661980759424,
                -0.0062847316717849645
            ],
            [
                0.0002038175554177419,
                -0.0002576245290295821,
                -0.0027932140763488704
            ],
            [
                0.0002044080147746643,
                -0.0002593102111919772,
                -0.000698303519087215
            ],
            [
                0.00020487656018125752,
                -0.0002610249366182333,
                0
            ],
            [
                0.00020519165732757136,
                -0.00026256550959840826,
                0
            ],
            [
                0.00020541317869942602,
                -0.0002641176084161484,
                0
            ],
            [
                0.00020554266325499852,
                -0.00026567665618745616,
                0
            ],
            [
                0.00020558174458478414,
                -0.00026723857234486914,
                0
            ],
            [
                0.00020558099405580465,
                -0.0002679207464554799,
                0
            ]
        ],
        "type": "LineString"
    },
    "properties": {
        "Id": "{017cd718-f4da-4da4-a2ac-6bbb7308ee05}",
        "LaneType": "Driving",
        "LeftBoundary": {
            "Dir": "Forward",
            "Id": "{243cae76-495e-4070-b46b-696841364cc6}"
        },
        "Predecessors": [
            {
                "Dir": "Forward",
                "Id": "{ef646c1d-414d-4499-b3ba-fa7c5748d540}"
            }
        ],
        "RightBoundary": {
            "Dir": "Forward",
            "Id": "{69e924bf-e6d0-47a4-a8e3-e7de49be9b6a}"
        },
        "SpeedLimit": "40mph",
        "Successors": [
            {
                "Dir": "Forward",
                "Id": "{20525fa1-9532-47a0-917a-fd814c4fd2fd}"
            }
        ],
        "TravelDir": "Forward",
        "Type": "Lane"
    },
    "type": "Feature"
}
,{
    "geometry": {
        "coordinates": [
            [
                0.00019170359004478958,
                -0.00018489283104901032,
                -1.9073486328125e-06
            ],
            [
                0.00019237800298540142,
                -0.00015479470020374206,
                -1.9073486328125e-06
            ],
            [
                0.00019309773396934527,
                -0.00012267408681990928,
                -1.9073486328125e-06
            ],
            [
                0.00019345759946133912,
                -0.00010661378012799362,
                -1.9073486328125e-06
            ]
        ],
        "type": "LineString"
    },
    "properties": {
        "Id": "{1517c4c8-792c-47b9-874c-0625e7d6f5b4}",
        "LaneType": "Shoulder",
        "LeftBoundary": {
            "Dir": "Forward",
            "Id": "{38eb9170-2114-4e12-9e08-ec0f7c0423f1}"
        },
        "Predecessors": [
        ],
        "RightBoundary": {
            "Dir": "Forward",
            "Id": "{b1e36e00-12ed-4d59-b2ba-bcb130e96874}"
        },
        "Successors": [
        ],
        "TravelDir": "Undirected",
        "Type": "Lane"
    },
    "type": "Feature"
}
,{
    "geometry": {
        "coordinates": [
            [
                0.00020517489217092535,
                -0.00018519876675024348,
                -1.9073486328125e-06
            ],
            [
                0.0002058493051115153,
                -0.00015510063590499942,
                -1.9073486328125e-06
            ],
            [
                0.0002065690360954398,
                -0.00012298002252119272,
                -1.9073486328125e-06
            ],
            [
                0.00020692890158742553,
                -0.00010691971582929017,
                -1.9073486328125e-06
            ]
        ],
        "type": "LineString"
    },
    "properties": {
        "Id": "{a8eb359e-5930-447a-88b2-b1dbe4206f9a}",
        "LaneType": "Driving",
        "LeftBoundary": {
            "Dir": "Forward",
            "Id": "{b1e36e00-12ed-4d59-b2ba-bcb130e96874}"
        },
        "Predecessors": [
            {
                "Dir": "Forward",
                "Id": "{d8c58e56-713f-407a-a902-19859dc221b0}"
            }
        ],
        "RightBoundary": {
            "Dir": "Forward",
            "Id": "{70ce86d2-d75c-4e8a-87e4-191f84bbcdd3}"
        },
        "SpeedLimit": "35mph",
        "Successors": [
            {
                "Dir": "Forward",
                "Id": "{ce23b548-ee31-4510-a0ea-576ece8d0a9e}"
            }
        ],
        "TravelDir": "Forward",
        "Type": "Lane"
    },
    "type": "Feature"
}
,{
    "geometry": {
        "coordinates": [
            [
                0.00021964542288061288,
                -0.00018552739511283782,
                -1.9073486328125e-06
            ],
            [
                0.00022031983582117908,
                -0.00015542926426762168,
                -1.9073486328125e-06
            ],
            [
                0.00022103956680508266,
                -0.00012330865088384493,
                -1.9073486328125e-06
            ],
            [
                0.0002213994322970596,
                -0.00010724834419195742,
                -1.9073486328125e-06
            ]
        ],
        "type": "LineString"
    },
    "properties": {
        "Id": "{545de22b-43ba-4ee6-857e-00bdf3a24878}",
        "LaneType": "Driving",
        "LeftBoundary": {
            "Dir": "Forward",
            "Id": "{70ce86d2-d75c-4e8a-87e4-191f84bbcdd3}"
        },
        "Predecessors": [
        ],
        "RightBoundary": {
            "Dir": "Forward",
            "Id": "{e3fbc7bc-1ad8-407f-a733-69f9b5ca0cd5}"
        },
        "SpeedLimit": "35mph",
        "Successors": [
            {
                "Dir": "Forward",
                "Id": "{59f19b5c-4cdd-479d-a7b8-d2eaaaa9a86d}"
            }
        ],
        "TravelDir": "Forward",
        "Type": "Lane"
    },
    "type": "Feature"
}
,{
    "geometry": {
        "coordinates": [
            [
                0.00022064465146417548,
                -0.0001855500877742097,
                -1.9073486328125e-06
            ],
            [
                0.00022131906440474007,
                -0.00015545195692899557,
                -1.9073486328125e-06
            ],
            [
                0.00022203879538864213,
                -0.000123331343545221,
                -1.9073486328125e-06
            ],
            [
                0.00022239866088061847,
                -0.00010727103685333459,
                -1.9073486328125e-06
            ]
        ],
        "type": "LineString"
    },
    "properties": {
        "Id": "{f31be479-0d4d-4d1b-8fac-f0c0617e03d5}",
        "LaneType": "Shoulder",
        "LeftBoundary": {
            "Dir": "Forward",
            "Id": "{e3fbc7bc-1ad8-407f-a733-69f9b5ca0cd5}"
        },
        "Predecessors": [
        ],
        "RightBoundary": {
            "Dir": "Forward",
            "Id": "{4adebc2a-370d-4fde-98f8-ad60c73e138e}"
        },
        "Successors": [
        ],
        "TravelDir": "Undirected",
        "Type": "Lane"
    },
    "type": "Feature"
}
,{
    "geometry": {
        "coordinates": [
            [
                -6.785698126279084e-05,
                -0.0005489522449698594,
                1.38
            ],
            [
                -6.78569812631812e-05,
                -0.0005825571939178369,
                1.38
            ],
            [
                -6.785698126403148e-05,
                -0.0006497670918137801,
                1.38
            ],
            [
                -6.785698126403148e-05,
                -0.0006497670918137801,
                1.38
            ],
            [
                -6.785698126497452e-05,
                -0.0007169769897097051,
                1.38
            ],
            [
                -6.785698126545643e-05,
                -0.0007489987981322524,
                1.38
            ]
        ],
        "type": "LineString"
    },
    "properties": {
        "Id": "{5506d38f-14e3-49fc-b001-31c212499651}",
        "LaneType": "Shoulder",
        "LeftBoundary": {
            "Dir": "Forward",
            "Id": "{da6cc53a-4617-4d09-af4c-37f3452e0ff0}"
        },
        "Predecessors": [
        ],
        "RightBoundary": {
            "Dir": "Forward",
            "Id": "{0dbd682c-d70f-4abf-9c42-9c13be00c880}"
        },
        "Successors": [
        ],
        "TravelDir": "Undirected",
        "Type": "Lane"
    },
    "type": "Feature"
}
,{
    "geometry": {
        "coordinates": [
            [
                -6.785698126279084e-05,
                -0.0005489522449698594,
                1.38
            ],
            [
                -6.78569812631812e-05,
                -0.0005825571939178369,
                1.38
            ],
            [
                -6.785698126403148e-05,
                -0.0006497670918137801,
                1.38
            ],
            [
                -6.785698126403148e-05,
                -0.0006497670918137801,
                1.38
            ],
            [
                -6.785698126497452e-05,
                -0.0007169769897097051,
                1.38
            ],
            [
                -6.785698126545643e-05,
                -0.0007489987981322524,
                1.38
            ]
        ],
        "type": "LineString"
    },
    "properties": {
        "Id": "{55e15793-4d8a-432e-9cd9-dd986398695c}",
        "LaneType": "Driving",
        "LeftBoundary": {
            "Dir": "Forward",
            "Id": "{0dbd682c-d70f-4abf-9c42-9c13be00c880}"
        },
        "Predecessors": [
        ],
        "RightBoundary": {
            "Dir": "Forward",
            "Id": "{6a86d6c1-5402-43a5-80ab-0ee826d8b6da}"
        },
        "SpeedLimit": "40mph",
        "Successors": [
        ],
        "TravelDir": "Forward",
        "Type": "Lane"
    },
    "type": "Feature"
}
,{
    "geometry": {
        "coordinates": [
            [
                -8.357749873558529e-05,
                -0.0005489522449696589,
                1.38
            ],
            [
                -8.357749873606608e-05,
                -0.0005825571939176243,
                1.38
            ],
            [
                -8.357749873711334e-05,
                -0.0006497670918135429,
                1.38
            ],
            [
                -8.357749873711334e-05,
                -0.0006497670918135429,
                1.38
            ],
            [
                -8.357749873827483e-05,
                -0.0007169769897094432,
                1.38
            ],
            [
                -8.357749873886842e-05,
                -0.000748998798131979,
                1.38
            ]
        ],
        "type": "LineString"
    },
    "properties": {
        "Id": "{f4e9190e-d5ac-468c-b553-ae89a5620cef}",
        "LaneType": "Driving",
        "LeftBoundary": {
            "Dir": "Forward",
            "Id": "{6a86d6c1-5402-43a5-80ab-0ee826d8b6da}"
        },
        "Predecessors": [
            {
                "Dir": "Forward",
                "Id": "{5c1466c8-acdf-4f3b-bbd8-6090e5479c3d}"
            }
        ],
        "RightBoundary": {
            "Dir": "Forward",
            "Id": "{64d196f4-7866-4c5d-85d1-0e8ae5679b5c}"
        },
        "SpeedLimit": "40mph",
        "Successors": [
        ],
        "TravelDir": "Forward",
        "Type": "Lane"
    },
    "type": "Feature"
}
,{
    "geometry": {
        "coordinates": [
            [
                -9.929801620837344e-05,
                -0.0005489522449694169,
                1.38
            ],
            [
                -9.929801620894467e-05,
                -0.0005825571939173674,
                1.38
            ],
            [
                -9.92980162101889e-05,
                -0.0006497670918132564,
                1.38
            ],
            [
                -9.92980162101889e-05,
                -0.0006497670918132564,
                1.38
            ],
            [
                -9.929801621156888e-05,
                -0.0007169769897091273,
                1.38
            ],
            [
                -9.92980162122741e-05,
                -0.0007489987981316488,
                1.38
            ]
        ],
        "type": "LineString"
    },
    "properties": {
        "Id": "{4c7e2386-2be4-401a-ab9d-41cadb9fc319}",
        "LaneType": "Shoulder",
        "LeftBoundary": {
            "Dir": "Forward",
            "Id": "{64d196f4-7866-4c5d-85d1-0e8ae5679b5c}"
        },
        "Predecessors": [
        ],
        "RightBoundary": {
            "Dir": "Forward",
            "Id": "{8502c9ed-b499-4447-ac9a-1db86059a097}"
        },
        "Successors": [
        ],
        "TravelDir": "Undirected",
        "Type": "Lane"
    },
    "type": "Feature"
}
,{
    "geometry": {
        "coordinates": [
            [
                0.00014605224755726538,
                -0.0002035916566729074,
                0
            ],
            [
                0.00014605224755686854,
                -0.00015326123435153066,
                0
            ],
            [
                0.00014605224755658363,
                -0.00010293081203015145,
                0
            ],
            [
                0.00014605224755641068,
                -5.260038970877063e-05,
                0
            ],
            [
                0.00014605224755634964,
                -2.2699673873890404e-06,
                0
            ]
        ],
        "type": "LineString"
    },
    "properties": {
        "Id": "{f79da865-3dab-45e4-b920-43dce3c7795d}",
        "LaneType": "Shoulder",
        "LeftBoundary": {
            "Dir": "Forward",
            "Id": "{58ebe895-8fcc-41c8-bfcc-12bf52ef237a}"
        },
        "Predecessors": [
        ],
        "RightBoundary": {
            "Dir": "Forward",
            "Id": "{3661ba1e-5972-45b0-9f46-dc12f43dbc64}"
        },
        "Successors": [
        ],
        "TravelDir": "Undirected",
        "Type": "Lane"
    },
    "type": "Feature"
}
,{
    "geometry": {
        "coordinates": [
            [
                0.00018253164533922167,
                -0.00020359165667253325,
                0
            ],
            [
                0.00018253164533872567,
                -0.00015326123435124896,
                0
            ],
            [
                0.0001825316453383696,
                -0.00010293081202996227,
                0
            ],
            [
                0.0001825316453381534,
                -5.260038970867396e-05,
                0
            ],
            [
                0.00018253164533807716,
                -2.269967387384871e-06,
                0
            ]
        ],
        "type": "LineString"
    },
    "properties": {
        "Id": "{77768739-051a-4133-9f49-733846a47bca}",
        "LaneType": "Driving",
        "LeftBoundary": {
            "Dir": "Forward",
            "Id": "{3661ba1e-5972-45b0-9f46-dc12f43dbc64}"
        },
        "Predecessors": [
        ],
        "RightBoundary": {
            "Dir": "Forward",
            "Id": "{8184965e-a357-41f5-a4f5-04e7735c8fb5}"
        },
        "SpeedLimit": "35mph",
        "Successors": [
        ],
        "TravelDir": "Backward",
        "Type": "Lane"
    },
    "type": "Feature"
}
,{
    "geometry": {
        "coordinates": [
            [
                0.00025285013451592075,
                -0.0002035916566715775,
                0
            ],
            [
                0.00025285013451523363,
                -0.00015326123435052948,
                0
            ],
            [
                0.0002528501345147404,
                -0.00010293081202947906,
                0
            ],
            [
                0.000252850134514441,
                -5.260038970842703e-05,
                0
            ],
            [
                0.0002528501345143353,
                -2.2699673873742186e-06,
                0
            ]
        ],
        "type": "LineString"
    },
    "properties": {
        "Id": "{088d849c-b7d0-4183-836b-56e78ddc3209}",
        "LaneType": "Driving",
        "LeftBoundary": {
            "Dir": "Forward",
            "Id": "{8184965e-a357-41f5-a4f5-04e7735c8fb5}"
        },
        "Predecessors": [
        ],
        "RightBoundary": {
            "Dir": "Forward",
            "Id": "{e9b3b366-cf0e-4eb7-9dda-a720e310fd4a}"
        },
        "SpeedLimit": "35mph",
        "Successors": [
        ],
        "TravelDir": "Forward",
        "Type": "Lane"
    },
    "type": "Feature"
}
,{
    "geometry": {
        "coordinates": [
            [
                0.00028819790529355965,
                -0.00020359165667098046,
                0
            ],
            [
                0.0002881979052927765,
                -0.00015326123435008005,
                0
            ],
            [
                0.0002881979052922143,
                -0.00010293081202917722,
                0
            ],
            [
                0.00028819790529187306,
                -5.260038970827279e-05,
                0
            ],
            [
                0.0002881979052917526,
                -2.2699673873675647e-06,
                0
            ]
        ],
        "type": "LineString"
    },
    "properties": {
        "Id": "{74163dbc-18a0-48fb-a716-068c92e9d2f4}",
        "LaneType": "Shoulder",
        "LeftBoundary": {
            "Dir": "Forward",
            "Id": "{e9b3b366-cf0e-4eb7-9dda-a720e310fd4a}"
        },
        "Predecessors": [
        ],
        "RightBoundary": {
            "Dir": "Forward",
            "Id": "{98551e47-85b6-47ff-8ab8-814835d65895}"
        },
        "Successors": [
        ],
        "TravelDir": "Undirected",
        "Type": "Lane"
    },
    "type": "Feature"
}
,{
    "geometry": {
        "coordinates": [
            [
                -6.577743596460204e-05,
                -0.0002610010310765489,
                1.375
            ],
            [
                -6.577488808438224e-05,
                -0.00025966949495330704,
                1.375
            ],
            [
                -6.575429377443423e-05,
                -0.0002580863521021284,
                1.375
            ],
            [
                -6.569002868739078e-05,
                -0.0002562524782006373,
                1.375
            ],
            [
                -6.554825870445038e-05,
                -0.0002541705926120519,
                1.375
            ],
            [
                -6.500764542543056e-05,
                -0.0002500122603815017,
                1.375
            ],
            [
                -6.412361866947296e-05,
                -0.0002459139839560463,
                1.375
            ],
            [
                -6.290236757343022e-05,
                -0.00024190445567275008,
                1.375
            ],
            [
                -6.135244220675875e-05,
                -0.0002380117465363556,
                1.375
            ],
            [
                -6.030252268674632e-05,
                -0.00023580930696523312,
                1.375
            ],
            [
                -5.914725293057482e-05,
                -0.00023366098648187447,
                1.375
            ],
            [
                -5.788937742011162e-05,
                -0.0002315718886792548,
                1.375
            ],
            [
                -5.653188439327937e-05,
                -0.00022954697646511933,
                1.375
            ],
            [
                -5.529757105934793e-05,
                -0.00022787067920465942,
                1.375
            ],
            [
                -5.4164206387453106e-05,
                -0.00022643368864743433,
                1.375
            ],
            [
                -5.315927886394607e-05,
                -0.00022521596708679798,
                1.375
            ],
            [
                -5.23028431779908e-05,
                -0.00022420143924334224,
                1.375
            ],
            [
                -5.158409738107025e-05,
                -0.00022335332947323467,
                1.375
            ],
            [
                -5.0650971280784186e-05,
                -0.00022225753449449823,
                1.375
            ],
            [
                -4.9500682208525664e-05,
                -0.0002209435597302627,
                1.375
            ],
            [
                -4.810688931472776e-05,
                -0.0002194359775663733,
                1.375
            ],
            [
                -4.643597750326515e-05,
                -0.0002177697873538424,
                1.375
            ],
            [
                -4.46787634776412e-05,
                -0.00021618372204018773,
                1.375
            ],
            [
                -4.284364821441563e-05,
                -0.00021468974362122512,
                1.375
            ],
            [
                -4.12267722547868e-05,
                -0.0002134956403657671,
                1.375
            ],
            [
                -3.878732242273942e-05,
                -0.0002118872371595705,
                1.375
            ],
            [
                -3.625225314859069e-05,
                -0.00021043642114810818,
                1.375
            ],
            [
                -3.363159499840084e-05,
                -0.00020914893280797877,
                1.375
            ],
            [
                -3.093571718967592e-05,
                -0.00020802986637348146,
                1.375
            ],
            [
                -2.817528656325004e-05,
                -0.00020708364968014393,
                1.375
            ],
            [
                -2.536122537755425e-05,
                -0.00020631402664500486,
                1.375
            ],
            [
                -2.25046680922692e-05,
                -0.00020572404245297282,
                1.375
            ],
            [
                -1.9616917456837644e-05,
                -0.00020531603152363576,
                1.375
            ],
            [
                -1.7273872116566273e-05,
                -0.00020511805703458136,
                1.375
            ],
            [
                -1.5230558347820678e-05,
                -0.00020502927300701542,
                1.375
            ],
            [
                -1.3491596669816552e-05,
                -0.00020500123981441977,
                1.375
            ],
            [
                -1.205845418108475e-05,
                -0.00020499785707463582,
                1.375
            ],
            [
                -1.0385940342542085e-05,
                -0.00020499788672503257,
                1.375
            ],
            [
                3.9722993534131116e-05,
                -0.00020499877505827062,
                1.375
            ],
            [
                8.983192741077372e-05,
                -0.00020499966339135084,
                1.375
            ]
        ],
        "type": "LineString"
    },
    "properties": {
        "Id": "{a0f015f2-82b0-4067-aac5-0617d7fe6248}",
        "LaneType": "Shoulder",
        "LeftBoundary": {
            "Dir": "Forward",
            "Id": "{7cce7601-2c4c-4eb8-ba3d-b3e573a0c25e}"
        },
        "Predecessors": [
            {
                "Dir": "Forward",
                "Id": "{ff33676b-d839-4420-93f6-b1dc848c2164}"
            }
        ],
        "RightBoundary": {
            "Dir": "Forward",
            "Id": "{e18016c3-33e8-479d-ac2f-8860935ee9ca}"
        },
        "Successors": [
            {
                "Dir": "Forward",
                "Id": "{b254f8dc-8cef-407d-b1cf-858a17d8646a}"
            }
        ],
        "TravelDir": "Undirected",
        "Type": "Lane"
    },
    "type": "Feature"
}
,{
    "geometry": {
        "coordinates": [
            [
                -5.434807468978293e-05,
                -0.0002610010310766038,
                1.375
            ],
            [
                -5.4345700831193604e-05,
                -0.0002597329904679572,
                1.375
            ],
            [
                -5.432771673969975e-05,
                -0.00025834031482549203,
                1.375
            ],
            [
                -5.427476049386843e-05,
                -0.0002568237096965141,
                1.375
            ],
            [
                -5.416342040423794e-05,
                -0.00025518523221977347,
                1.375
            ],
            [
                -5.374691536000056e-05,
                -0.00025198152558350556,
                1.375
            ],
            [
                -5.306583404478426e-05,
                -0.00024882408778066916,
                1.375
            ],
            [
                -5.2124944759366426e-05,
                -0.0002457350242673863,
                1.375
            ],
            [
                -5.093083473938363e-05,
                -0.0002427359618063093,
                1.375
            ],
            [
                -5.012194455280947e-05,
                -0.0002410391348384814,
                1.375
            ],
            [
                -4.923188931447824e-05,
                -0.000239384002875046,
                1.375
            ],
            [
                -4.8262783457360713e-05,
                -0.00023777449788049655,
                1.375
            ],
            [
                -4.721692920810892e-05,
                -0.00023621444342621778,
                1.375
            ],
            [
                -4.624530472955214e-05,
                -0.00023489529546026115,
                1.375
            ],
            [
                -4.530784732902153e-05,
                -0.0002337070037741186,
                1.375
            ],
            [
                -4.4423691514815175e-05,
                -0.00023263583611986318,
                1.375
            ],
            [
                -4.360801982939276e-05,
                -0.00023166967861317514,
                1.375
            ],
            [
                -4.288927404220353e-05,
                -0.00023082156885455003,
                1.375
            ],
            [
                -4.20064927373522e-05,
                -0.00022978477496586925,
                1.375
            ],
            [
                -4.100950777709213e-05,
                -0.0002286456272029618,
                1.375
            ],
            [
                -3.987891430015136e-05,
                -0.00022742233014580964,
                1.375
            ],
            [
                -3.859218266878279e-05,
                -0.00022613876512005683,
                1.375
            ],
            [
                -3.726819936276734e-05,
                -0.00022494373482385608,
                1.375
            ],
            [
                -3.588552090829607e-05,
                -0.0002238180879433904,
                1.375
            ],
            [
                -3.466727614856257e-05,
                -0.00022291838377939472,
                1.375
            ],
            [
                -3.2829258237029735e-05,
                -0.00022170652286587265,
                1.375
            ],
            [
                -3.0919195291012284e-05,
                -0.00022061339695675394,
                1.375
            ],
            [
                -2.894464489986473e-05,
                -0.0002196433312481013,
                1.375
            ],
            [
                -2.691341981187744e-05,
                -0.0002188001640208929,
                1.375
            ],
            [
                -2.4833557021398476e-05,
                -0.00021808723145400917,
                1.375
            ],
            [
                -2.2713285968675797e-05,
                -0.00021750735442389762,
                1.375
            ],
            [
                -2.056099597824458e-05,
                -0.00021706282734314768,
                1.375
            ],
            [
                -1.8385203117182214e-05,
                -0.00021675540908785857,
                1.375
            ],
            [
                -1.6580373070327388e-05,
                -0.00021660324541188645,
                1.375
            ],
            [
                -1.4922436929153377e-05,
                -0.00021653148038791606,
                1.375
            ],
            [
                -1.341481162431299e-05,
                -0.00021650736956126674,
                1.375
            ],
            [
                -1.2058655444873673e-05,
                -0.00021650424649063486,
                1.375
            ],
            [
                -1.0386141606329778e-05,
                -0.00021650427614103168,
                1.375
            ],
            [
                3.972279227038019e-05,
                -0.00021650516447426716,
                1.375
            ],
            [
                8.983172614705956e-05,
                -0.0002165060528073359,
                1.375
            ]
        ],
        "type": "LineString"
    },
    "properties": {
        "Id": "{f15bcc99-e8a3-4372-866e-f6fb128762d6}",
        "LaneType": "Driving",
        "LeftBoundary": {
            "Dir": "Forward",
            "Id": "{e18016c3-33e8-479d-ac2f-8860935ee9ca}"
        },
        "Predecessors": [
            {
                "Dir": "Forward",
                "Id": "{f3b1932b-cf6e-434c-a06c-c2ffd8f7feb7}"
            }
        ],
        "RightBoundary": {
            "Dir": "Forward",
            "Id": "{33559235-f612-4513-871a-81f1d37b30a9}"
        },
        "SpeedLimit": "35mph",
        "Successors": [
            {
                "Dir": "Forward",
                "Id": "{21b98684-bc5f-42c7-9204-5e923e2d2bf0}"
            }
        ],
        "TravelDir": "Forward",
        "Type": "Lane"
    },
    "type": "Feature"
}
,{
    "geometry": {
        "coordinates": [
            [
                -3.1890192586570004e-05,
                -0.00026100103107668134,
                1.375
            ],
            [
                -3.188816066810865e-05,
                -0.00025985775463871567,
                1.375
            ],
            [
                -3.187530547024994e-05,
                -0.0002588393335162507,
                1.375
            ],
            [
                -3.184457029316787e-05,
                -0.00025794613896261545,
                1.375
            ],
            [
                -3.1793022779859906e-05,
                -0.00025717892689257484,
                1.375
            ],
            [
                -3.162038159097822e-05,
                -0.00025585099166064185,
                1.375
            ],
            [
                -3.133807363430028e-05,
                -0.00025454223484328595,
                1.375
            ],
            [
                -3.094807536875868e-05,
                -0.00025326181914400497,
                1.375
            ],
            [
                -3.0453117201121527e-05,
                -0.0002520187088480285,
                1.375
            ],
            [
                -2.9748904942321697e-05,
                -0.00025062932309390584,
                1.375
            ],
            [
                -2.8913704704529393e-05,
                -0.00024931554184622463,
                1.375
            ],
            [
                -2.8458245145601753e-05,
                -0.00024869816684520887,
                1.375
            ],
            [
                -2.790573160130853e-05,
                -0.00024799855075446366,
                1.375
            ],
            [
                -2.7258883607168607e-05,
                -0.0002472153511040303,
                1.375
            ],
            [
                -2.6523310283851537e-05,
                -0.00024634423786922265,
                1.375
            ],
            [
                -2.5804564515783815e-05,
                -0.00024549612813315973,
                1.375
            ],
            [
                -2.5020707153679415e-05,
                -0.00024457526719056137,
                1.375
            ],
            [
                -2.432495387123723e-05,
                -0.00024377964205239935,
                1.375
            ],
            [
                -2.3711528530930363e-05,
                -0.00024311494501298202,
                1.375
            ],
            [
                -2.3179683632380004e-05,
                -0.00024258321126876617,
                1.375
            ],
            [
                -2.221329558066591e-05,
                -0.0002417546353720076,
                1.375
            ],
            [
                -2.1778332779972883e-05,
                -0.0002414334044864732,
                1.375
            ],
            [
                -2.0440115862560503e-05,
                -0.00024061043068262437,
                1.375
            ],
            [
                -1.9009891511147e-05,
                -0.0002399630329657127,
                1.375
            ],
            [
                -1.7510273339076772e-05,
                -0.0002395014474931882,
                1.375
            ],
            [
                -1.596497203342133e-05,
                -0.0002392329724874325,
                1.375
            ],
            [
                -1.5217696762820468e-05,
                -0.00023917082380131994,
                1.375
            ],
            [
                -1.431700025360226e-05,
                -0.00023913249990910427,
                1.375
            ],
            [
                -1.3263934470486946e-05,
                -0.0002391160962525994,
                1.375
            ],
            [
                -1.205905091390739e-05,
                -0.0002391134834133849,
                1.375
            ],
            [
                -1.038653707536089e-05,
                -0.00023911351306378178,
                1.375
            ],
            [
                3.972239680142717e-05,
                -0.00023911440139701216,
                1.375
            ],
            [
                8.983133067818464e-05,
                -0.00023911528973005844,
                1.375
            ]
        ],
        "type": "LineString"
    },
    "properties": {
        "Id": "{be7820be-5355-40a8-87d0-82895c943a37}",
        "LaneType": "Driving",
        "LeftBoundary": {
            "Dir": "Forward",
            "Id": "{33559235-f612-4513-871a-81f1d37b30a9}"
        },
        "Predecessors": [
            {
                "Dir": "Forward",
                "Id": "{06aa3746-7225-4d53-a62a-6591198d6ca6}"
            }
        ],
        "RightBoundary": {
            "Dir": "Forward",
            "Id": "{c7a149bc-9217-4b9f-a5f6-652f53983529}"
        },
        "SpeedLimit": "35mph",
        "Successors": [
            {
                "Dir": "Forward",
                "Id": "{4f1b6f98-b680-40ef-bea2-3972d56b9738}"
            }
        ],
        "TravelDir": "Forward",
        "Type": "Lane"
    },
    "type": "Feature"
}
,{
    "geometry": {
        "coordinates": [
            [
                -2.0661251534961467e-05,
                -0.000261001031076705,
                1.375
            ],
            [
                -2.0659390586563933e-05,
                -0.0002599201367240799,
                1.375
            ],
            [
                -2.0649099835522318e-05,
                -0.0002590888428616151,
                1.375
            ],
            [
                -2.062947519281405e-05,
                -0.0002585073535956514,
                1.375
            ],
            [
                -2.060782396766627e-05,
                -0.0002581757742289611,
                1.375
            ],
            [
                -2.047419342904937e-05,
                -0.0002574013083745815,
                1.375
            ],
            [
                -2.021425843197838e-05,
                -0.00025666008236887737,
                1.375
            ],
            [
                -1.9762092452725575e-05,
                -0.0002558660910562202,
                1.375
            ],
            [
                -1.9564715353612363e-05,
                -0.00025559960253767537,
                1.375
            ],
            [
                -1.920467373743782e-05,
                -0.0002551443242446292,
                1.375
            ],
            [
                -1.8676479653331128e-05,
                -0.0002545051085961072,
                1.375
            ],
            [
                -1.7980955511066795e-05,
                -0.00025368151749723984,
                1.375
            ],
            [
                -1.7262209752559866e-05,
                -0.000252833407772458,
                1.375
            ],
            [
                -1.652781436182899e-05,
                -0.00025197051330290096,
                1.375
            ],
            [
                -1.5982676918295794e-05,
                -0.00025134664947711185,
                1.375
            ],
            [
                -1.562783564630597e-05,
                -0.00025096125244656236,
                1.375
            ],
            [
                -1.5473434114164906e-05,
                -0.00025080543434311556,
                1.375
            ],
            [
                -1.5377182916837915e-05,
                -0.0002507229090863123,
                1.375
            ],
            [
                -1.5333861095665604e-05,
                -0.000250690914840009,
                1.375
            ],
            [
                -1.47548564915389e-05,
                -0.00025047175418721934,
                1.375
            ],
            [
                -1.4536358609066254e-05,
                -0.0002504546129960366,
                1.375
            ],
            [
                -1.4014281915826804e-05,
                -0.0002504330096696981,
                1.375
            ],
            [
                -1.3188495893574508e-05,
                -0.00025042045959826543,
                1.375
            ],
            [
                -1.2059248648424952e-05,
                -0.0002504181018747597,
                1.375
            ],
            [
                -1.038673480987705e-05,
                -0.0002504181315251566,
                1.375
            ],
            [
                3.972219906695296e-05,
                -0.00025041901985838446,
                1.375
            ],
            [
                8.983113294375239e-05,
                -0.0002504199081914194,
                1.375
            ]
        ],
        "type": "LineString"
    },
    "properties": {
        "Id": "{92eca5a0-84fd-48f1-b58f-08c4c22b6dde}",
        "LaneType": "Shoulder",
        "LeftBoundary": {
            "Dir": "Forward",
            "Id": "{c7a149bc-9217-4b9f-a5f6-652f53983529}"
        },
        "Predecessors": [
        ],
        "RightBoundary": {
            "Dir": "Forward",
            "Id": "{231e2771-7782-45e6-8b55-6ea3a84167d6}"
        },
        "Successors": [
        ],
        "TravelDir": "Undirected",
        "Type": "Lane"
    },
    "type": "Feature"
}
,{
    "geometry": {
        "coordinates": [
            [
                0.00021757195566331607,
                -0.0007463580420142979,
                0
            ],
            [
                0.00021830143096334694,
                -0.0006631238096000558,
                0
            ],
            [
                0.00021903090626381093,
                -0.0005798895771857936,
                0
            ],
            [
                0.000219040642652586,
                -0.0005787786405366439,
                0
            ],
            [
                0.00021915563326645106,
                -0.000564847175703639,
                0
            ],
            [
                0.00021925971684364908,
                -0.0005436111023102753,
                0
            ],
            [
                0.00021926473443887397,
                -0.0005223747709991012,
                0
            ],
            [
                0.0002192213179034743,
                -0.0005084428937538495,
                0
            ],
            [
                0.00021899444024500237,
                -0.0004458804218686186,
                0
            ],
            [
                0.00021899423626025067,
                -0.0004458241722123393,
                0
            ],
            [
                0.00021899423626025067,
                -0.0004458241722123393,
                0
            ],
            [
                0.00021867735394626866,
                -0.000358442536574336,
                0
            ],
            [
                0.00021866195819272442,
                -0.00035436495453770026,
                0
            ],
            [
                0.0002185943391716801,
                -0.0003419342038694034,
                0
            ],
            [
                0.0002185653740372339,
                -0.0003378566966438035,
                0
            ],
            [
                0.0002183760897001529,
                -0.000311759066922176,
                0
            ],
            [
                0.00021793120094526565,
                -0.00025041990819341104,
                0
            ]
        ],
        "type": "LineString"
    },
    "properties": {
        "Id": "{390aac76-5d34-4d1a-a604-921625496db6}",
        "LaneType": "Shoulder",
        "LeftBoundary": {
            "Dir": "Forward",
            "Id": "{1ef4815a-8ca9-4fc9-a19d-009e084875f5}"
        },
        "Predecessors": [
        ],
        "RightBoundary": {
            "Dir": "Forward",
            "Id": "{e3a80cc0-4fe7-4dc6-a2b7-70534bf92f12}"
        },
        "Successors": [
        ],
        "TravelDir": "Undirected",
        "Type": "Lane"
    },
    "type": "Feature"
}
,{
    "geometry": {
        "coordinates": [
            [
                0.000231351575770355,
                -0.0007464804416348464,
                0
            ],
            [
                0.00023208105107013993,
                -0.0006632462092206815,
                0
            ],
            [
                0.0002328105263703868,
                -0.000580011976806497,
                0
            ],
            [
                0.00023282026275915933,
                -0.0005789010401573479,
                0
            ],
            [
                0.00023293542431816988,
                -0.0005649482044280326,
                0
            ],
            [
                0.00023303982722373327,
                -0.000543646978761518,
                0
            ],
            [
                0.00023304486021289296,
                -0.0005223454943859016,
                0
            ],
            [
                0.00023300138252698994,
                -0.0005083922456371792,
                0
            ],
            [
                0.000232774504868394,
                -0.0004458297737520085,
                0
            ],
            [
                0.00023277430088364208,
                -0.00044577352409572933,
                0
            ],
            [
                0.00023277430088364208,
                -0.00044577352409572933,
                0
            ],
            [
                0.0002324574185695142,
                -0.0003583918884578098,
                0
            ],
            [
                0.00023244199873198736,
                -0.0003543080514133741,
                0
            ],
            [
                0.0002323741722557685,
                -0.0003418391632020389,
                0
            ],
            [
                0.00023234516315575183,
                -0.00033775540108619054,
                0
            ],
            [
                0.00023215587881863587,
                -0.00031165777136458816,
                0
            ],
            [
                0.00023171099006367762,
                -0.00025031861263588205,
                0
            ]
        ],
        "type": "LineString"
    },
    "properties": {
        "Id": "{199f460c-da3a-4197-94a9-2f98638eac22}",
        "LaneType": "Driving",
        "LeftBoundary": {
            "Dir": "Forward",
            "Id": "{e3a80cc0-4fe7-4dc6-a2b7-70534bf92f12}"
        },
        "Predecessors": [
        ],
        "RightBoundary": {
            "Dir": "Forward",
            "Id": "{4b452884-abcb-4cf8-b442-eade3530fb46}"
        },
        "SpeedLimit": "35mph",
        "Successors": [
            {
                "Dir": "Forward",
                "Id": "{60ad84e1-dc12-4049-84f9-d446cf219106}"
            }
        ],
        "TravelDir": "Bidirectional",
        "Type": "Lane"
    },
    "type": "Feature"
}
,{
    "geometry": {
        "coordinates": [
            [
                0.0002451311958773813,
                -0.0007466028412553516,
                0
            ],
            [
                0.00024586067117692,
                -0.0006633686088412683,
                0
            ],
            [
                0.0002465901464769498,
                -0.000580134376427166,
                0
            ],
            [
                0.0002465998828657195,
                -0.0005790234397780182,
                0
            ],
            [
                0.00024671521536987563,
                -0.0005650492331523931,
                0
            ],
            [
                0.00024681993760380407,
                -0.0005436828552127291,
                0
            ],
            [
                0.00024682498598689834,
                -0.0005223162177726717,
                0
            ],
            [
                0.00024678144715049177,
                -0.0005083415975204793,
                0
            ],
            [
                0.00024655456949177184,
                -0.00044577912563537265,
                0
            ],
            [
                0.0002465543655070198,
                -0.0004457228759790936,
                0
            ],
            [
                0.0002465543655070198,
                -0.0004457228759790935,
                0
            ],
            [
                0.00024623748319274597,
                -0.0003583412403412629,
                0
            ],
            [
                0.00024622203927123664,
                -0.00035425114828902736,
                0
            ],
            [
                0.0002461540053398431,
                -0.0003417441225346546,
                0
            ],
            [
                0.000246124952274256,
                -0.00033765410552855806,
                0
            ],
            [
                0.00024593566793710506,
                -0.0003115564758069823,
                0
            ],
            [
                0.00024549077918207586,
                -0.0002502173170783385,
                0
            ]
        ],
        "type": "LineString"
    },
    "properties": {
        "Id": "{71dfabcd-2773-4ce9-9d87-ac51a854a0da}",
        "LaneType": "Shoulder",
        "LeftBoundary": {
            "Dir": "Forward",
            "Id": "{4b452884-abcb-4cf8-b442-eade3530fb46}"
        },
        "Predecessors": [
        ],
        "RightBoundary": {
            "Dir": "Forward",
            "Id": "{846de415-705d-4273-89f4-b9da6b8829cc}"
        },
        "Successors": [
        ],
        "TravelDir": "Undirected",
        "Type": "Lane"
    },
    "type": "Feature"
}
,{
    "geometry": {
        "coordinates": [
            [
                0.00025137823445266563,
                -0.0002679207464546201,
                0
            ],
            [
                0.0002534173204363802,
                -0.0002719678567739421,
                0
            ],
            [
                0.00025371406130010084,
                -0.00027252345326239,
                0
            ]
        ],
        "type": "LineString"
    },
    "properties": {
        "Id": "{b5e06291-976b-4f4c-8467-ef5c7f3c029d}",
        "LaneType": "Driving",
        "LeftBoundary": {
            "Dir": "Forward",
            "Id": "{82342b50-df45-4e54-9424-1a6741f9c129}"
        },
        "Predecessors": [
        ],
        "RightBoundary": {
            "Dir": "Forward",
            "Id": "{c7efc4cb-3008-4c8c-8ccf-41aed4d41ce3}"
        },
        "SpeedLimit": "35mph",
        "Successors": [
            {
                "Dir": "Forward",
                "Id": "{1a689b97-d2fb-48dc-8bd5-15b430129bea}"
            }
        ],
        "TravelDir": "Forward",
        "Type": "Lane"
    },
    "type": "Feature"
}
,{
    "geometry": {
        "coordinates": [
            [
                0.0002328362461662714,
                -0.00026792074645498896,
                0
            ],
            [
                0.00023283624616635907,
                -0.0002725234532628145,
                0
            ]
        ],
        "type": "LineString"
    },
    "properties": {
        "Id": "{998f0a18-e4b0-4117-a1f6-eab892e21f80}",
        "LaneType": "Shoulder",
        "LeftBoundary": {
            "Dir": "Forward",
            "Id": "{c7efc4cb-3008-4c8c-8ccf-41aed4d41ce3}"
        },
        "Predecessors": [
        ],
        "RightBoundary": {
            "Dir": "Forward",
            "Id": "{f98c7609-e01c-4def-b902-9af589749936}"
        },
        "Successors": [
            {
                "Dir": "Forward",
                "Id": "{0499beb1-4d6c-43fd-8bc4-f96cdd71ca38}"
            }
        ],
        "TravelDir": "Forward",
        "Type": "Lane"
    },
    "type": "Feature"
}
,{
    "geometry": {
        "coordinates": [
            [
                0.00020558099405580465,
                -0.0002679207464554799,
                0
            ],
            [
                0.00020558099405588204,
                -0.00027252345326331376,
                0
            ]
        ],
        "type": "LineString"
    },
    "properties": {
        "Id": "{20525fa1-9532-47a0-917a-fd814c4fd2fd}",
        "LaneType": "Driving",
        "LeftBoundary": {
            "Dir": "Forward",
            "Id": "{f98c7609-e01c-4def-b902-9af589749936}"
        },
        "Predecessors": [
            {
                "Dir": "Forward",
                "Id": "{017cd718-f4da-4da4-a2ac-6bbb7308ee05}"
            }
        ],
        "RightBoundary": {
            "Dir": "Forward",
            "Id": "{856108b0-ab22-42a3-9840-3ad57c6238d8}"
        },
        "SpeedLimit": "35mph",
        "Successors": [
            {
                "Dir": "Forward",
                "Id": "{81a8a0f5-dd87-42e4-a4fa-94d61677569d}"
            }
        ],
        "TravelDir": "Forward",
        "Type": "Lane"
    },
    "type": "Feature"
}
,{
    "geometry": {
        "coordinates": [
            [
                0.0001918004712071594,
                -0.00026792074645570486,
                0
            ],
            [
                0.00019180047120722276,
                -0.0002719678567750861,
                0
            ],
            [
                0.00019177672742347573,
                -0.000272523453263543,
                0
            ]
        ],
        "type": "LineString"
    },
    "properties": {
        "Id": "{edc36e9a-c5a5-46f6-995e-a54a7e73f2c0}",
        "LaneType": "Shoulder",
        "LeftBoundary": {
            "Dir": "Forward",
            "Id": "{856108b0-ab22-42a3-9840-3ad57c6238d8}"
        },
        "Predecessors": [
        ],
        "RightBoundary": {
            "Dir": "Forward",
            "Id": "{c4ffe42c-1305-460a-96ab-ebf35761d699}"
        },
        "Successors": [
        ],
        "TravelDir": "Undirected",
        "Type": "Lane"
    },
    "type": "Feature"
}
,{
    "geometry": {
        "coordinates": [
            [
                0.00025371406130010084,
                -0.00027252345326239,
                0
            ],
            [
                0.0002555788585970747,
                -0.00027601496709325974,
                0
            ],
            [
                0.0002598823687111871,
                -0.00028410918773189015,
                0
            ],
            [
                0.0002615358001310237,
                -0.0002875118357479283,
                0
            ],
            [
                0.00026301317165988155,
                -0.0002909144837639693,
                0
            ],
            [
                0.0002642569948991479,
                -0.00029431713178001485,
                0
            ],
            [
                0.00026520978145020975,
                -0.0002977197797960667,
                0
            ],
            [
                0.0002656549264734405,
                -0.00029998840213295535,
                0
            ],
            [
                0.00026592810757670944,
                -0.0003022570244698482,
                0
            ],
            [
                0.0002660129095187169,
                -0.00030434889776726214,
                0
            ],
            [
                0.0002660109795459499,
                -0.0003596000407978401,
                0
            ],
            [
                0.00026600589143375796,
                -0.00041485118382841147,
                0
            ],
            [
                0.00026599869789536437,
                -0.00047010232685897524,
                0
            ],
            [
                0.00026599045164399273,
                -0.0005253534698895304,
                0
            ],
            [
                0.00026598220539286667,
                -0.0005806046129200757,
                0
            ],
            [
                0.00026597501185520985,
                -0.0006358557559506101,
                0
            ],
            [
                0.0002659699237442457,
                -0.0006911068989811328,
                0
            ],
            [
                0.0002659679937731982,
                -0.0007463580420116423,
                0
            ]
        ],
        "type": "LineString"
    },
    "properties": {
        "Id": "{1a689b97-d2fb-48dc-8bd5-15b430129bea}",
        "LaneType": "Driving",
        "LeftBoundary": {
            "Dir": "Forward",
            "Id": "{a191c2c7-c7a5-4eda-b6cf-db55a7ba2a88}"
        },
        "Predecessors": [
            {
                "Dir": "Forward",
                "Id": "{b5e06291-976b-4f4c-8467-ef5c7f3c029d}"
            }
        ],
        "RightBoundary": {
            "Dir": "Forward",
            "Id": "{c6ab5b85-eb0e-4560-a8ee-9988b26dc446}"
        },
        "SpeedLimit": "35mph",
        "Successors": [
        ],
        "TravelDir": "Forward",
        "Type": "Lane"
    },
    "type": "Feature"
}
,{
    "geometry": {
        "coordinates": [
            [
                0.00023283624616635907,
                -0.0002725234532628145,
                0
            ],
            [
                0.00023283624616658618,
                -0.00028410918773247063,
                0
            ],
            [
                0.00023283624616686515,
                -0.00029771977979680276,
                0
            ],
            [
                0.0002328362461669611,
                -0.00030225702447061315,
                0
            ],
            [
                0.00023283624616825174,
                -0.0003577696516635091,
                0
            ],
            [
                0.00023283624616975948,
                -0.0004132822788563983,
                0
            ],
            [
                0.00023283624617148437,
                -0.00046879490604927984,
                0
            ],
            [
                0.0002328362461734263,
                -0.0005243075332421526,
                0
            ],
            [
                0.00023283624617558541,
                -0.0005798201604350151,
                0
            ],
            [
                0.00023283624617796158,
                -0.000635332787627867,
                0
            ],
            [
                0.00023283624618055488,
                -0.0006908454148207068,
                0
            ],
            [
                0.0002328362461833653,
                -0.0007463580420135336,
                0
            ]
        ],
        "type": "LineString"
    },
    "properties": {
        "Id": "{0499beb1-4d6c-43fd-8bc4-f96cdd71ca38}",
        "LaneType": "Shoulder",
        "LeftBoundary": {
            "Dir": "Forward",
            "Id": "{c6ab5b85-eb0e-4560-a8ee-9988b26dc446}"
        },
        "Predecessors": [
            {
                "Dir": "Forward",
                "Id": "{998f0a18-e4b0-4117-a1f6-eab892e21f80}"
            }
        ],
        "RightBoundary": {
            "Dir": "Forward",
            "Id": "{6ea1a9ab-98db-4529-9801-85c0d88ee05b}"
        },
        "Successors": [
        ],
        "TravelDir": "Forward",
        "Type": "Lane"
    },
    "type": "Feature"
}
,{
    "geometry": {
        "coordinates": [
            [
                0.00020558099405588204,
                -0.00027252345326331376,
                0
            ],
            [
                0.00020558099405608256,
                -0.0002841091877329912,
                0
            ],
            [
                0.0002055809940563289,
                -0.0002977197797973483,
                0
            ],
            [
                0.00020558099405641357,
                -0.00030225702447116696,
                0
            ],
            [
                0.00020558099405755314,
                -0.0003577696516641646,
                0
            ],
            [
                0.00020558099405888438,
                -0.0004132822788571556,
                0
            ],
            [
                0.00020558099406040733,
                -0.00046879490605013875,
                0
            ],
            [
                0.000205580994062122,
                -0.0005243075332431132,
                0
            ],
            [
                0.00020558099406402835,
                -0.0005798201604360775,
                0
            ],
            [
                0.0002055809940661264,
                -0.000635332787629031,
                0
            ],
            [
                0.00020558099406841612,
                -0.0006908454148219726,
                0
            ],
            [
                0.00020558099407089756,
                -0.0007463580420149011,
                0
            ]
        ],
        "type": "LineString"
    },
    "properties": {
        "Id": "{81a8a0f5-dd87-42e4-a4fa-94d61677569d}",
        "LaneType": "Driving",
        "LeftBoundary": {
            "Dir": "Forward",
            "Id": "{6ea1a9ab-98db-4529-9801-85c0d88ee05b}"
        },
        "Predecessors": [
            {
                "Dir": "Forward",
                "Id": "{20525fa1-9532-47a0-917a-fd814c4fd2fd}"
            }
        ],
        "RightBoundary": {
            "Dir": "Forward",
            "Id": "{d4077621-081f-4022-8687-e1ca7af0324c}"
        },
        "SpeedLimit": "35mph",
        "Successors": [
        ],
        "TravelDir": "Forward",
        "Type": "Lane"
    },
    "type": "Feature"
}
,{
    "geometry": {
        "coordinates": [
            [
                0.00019180047120723157,
                -0.00027252345326354263,
                0
            ],
            [
                0.00019174639025026742,
                -0.000273247561667899,
                0
            ],
            [
                0.0001915883812491785,
                -0.000273971670072257,
                0
            ],
            [
                0.00019133279500870446,
                -0.00027469577847661654,
                0
            ],
            [
                0.00019098598233358485,
                -0.00027541988688097757,
                0
            ],
            [
                0.00019004408089836762,
                -0.00027686810368970384,
                0
            ],
            [
                0.0001888134833814437,
                -0.0002783163204984347,
                0
            ],
            [
                0.00018734499622073027,
                -0.0002797645373071696,
                0
            ],
            [
                0.00018568942585414422,
                -0.00028121275411590745,
                0
            ],
            [
                0.00018202026125502285,
                -0.00028410918773338906,
                0
            ],
            [
                0.00017757846314734918,
                -0.000287499661410395,
                0
            ],
            [
                0.0001754900450778559,
                -0.0002891948982488959,
                0
            ],
            [
                0.00017359860220427016,
                -0.00029089013508739367,
                0
            ],
            [
                0.00017198562543135087,
                -0.00029258537192588716,
                0
            ],
            [
                0.0001713090277403783,
                -0.00029343299034513207,
                0
            ],
            [
                0.00017073260566385703,
                -0.0002942806087643753,
                0
            ],
            [
                0.00017026654556488187,
                -0.0002951282271836169,
                0
            ],
            [
                0.00016992103380654777,
                -0.0002959758456028566,
                0
            ],
            [
                0.00016970625675194955,
                -0.00029682346402209434,
                0
            ],
            [
                0.00016963240076418214,
                -0.00029767108244132986,
                0
            ],
            [
                0.0001696324007641829,
                -0.000297719779797964,
                0
            ],
            [
                0.00016963240076425278,
                -0.0003022570244717921,
                0
            ],
            [
                0.00016963240076519305,
                -0.00035776965166490457,
                0
            ],
            [
                0.0001696324007662915,
                -0.0004132822788580103,
                0
            ],
            [
                0.00016963240076754818,
                -0.0004687949060511084,
                0
            ],
            [
                0.00016963240076896298,
                -0.0005243075332441976,
                0
            ],
            [
                0.000169632400770536,
                -0.0005798201604372767,
                0
            ],
            [
                0.0001696324007722672,
                -0.000635332787630345,
                0
            ],
            [
                0.0001696324007741565,
                -0.0006908454148234015,
                0
            ],
            [
                0.00016963240077620402,
                -0.0007463580420164448,
                0
            ]
        ],
        "type": "LineString"
    },
    "properties": {
        "Id": "{3c8141af-9ee0-4868-b6ee-5e75b8e98e29}",
        "LaneType": "Driving",
        "LeftBoundary": {
            "Dir": "Forward",
            "Id": "{d4077621-081f-4022-8687-e1ca7af0324c}"
        },
        "Predecessors": [
        ],
        "RightBoundary": {
            "Dir": "Forward",
            "Id": "{35959c21-1c4b-4234-a124-f4824c446ac7}"
        },
        "SpeedLimit": "35mph",
        "Successors": [
        ],
        "TravelDir": "Forward",
        "Type": "Lane"
    },
    "type": "Feature"
}
,{
    "geometry": {
        "coordinates": [
            [
                0.00019177672742347573,
                -0.000272523453263543,
                0
            ],
            [
                0.00019175723222253677,
                -0.00027297963435493215,
                0
            ],
            [
                0.00019161076651015474,
                -0.00027348552314485715,
                0
            ],
            [
                0.00019136488495871337,
                -0.00027399141193478377,
                0
            ],
            [
                0.0001910239188172876,
                -0.00027449730072471196,
                0
            ],
            [
                0.00019059219933495206,
                -0.00027500318951464157,
                0
            ],
            [
                0.0001894738253438512,
                -0.0002760149670945049,
                0
            ],
            [
                0.00018804441297800916,
                -0.0002770267446743733,
                0
            ],
            [
                0.00018633861223002411,
                -0.000278038522254246,
                0
            ],
            [
                0.00018439107309249457,
                -0.0002790502998341225,
                0
            ],
            [
                0.0001822364455580187,
                -0.0002800620774140022,
                0
            ],
            [
                0.00017990937961919514,
                -0.00028107385499388435,
                0
            ],
            [
                0.0001774445252686221,
                -0.0002820856325737685,
                0
            ],
            [
                0.0001722400513026217,
                -0.00028410918773354,
                0
            ],
            [
                0.00016332544068912975,
                -0.00028751183574976774,
                0
            ],
            [
                0.000159136477183775,
                -0.00028921315975787633,
                0
            ],
            [
                0.00015718115629458524,
                -0.0002900638217619283,
                0
            ],
            [
                0.000155346066614631,
                -0.0002909144837659786,
                0
            ],
            [
                0.00015365180111909498,
                -0.0002917651457700267,
                0
            ],
            [
                0.00015211895278316017,
                -0.00029261580777407243,
                0
            ],
            [
                0.00015076811458200934,
                -0.00029346646977811564,
                0
            ],
            [
                0.0001496198794908253,
                -0.00029431713178215604,
                0
            ],
            [
                0.00014869484048479103,
                -0.00029516779378619345,
                0
            ],
            [
                0.00014801359053908932,
                -0.00029601845579022755,
                0
            ],
            [
                0.000147596722628903,
                -0.00029686911779425813,
                0
            ],
            [
                0.0001474643303206918,
                -0.0002977197797982849,
                0
            ],
            [
                0.0001474643303207525,
                -0.00030225702447211786,
                0
            ],
            [
                0.00014746433032156994,
                -0.0003577696516652902,
                0
            ],
            [
                0.00014746433032252482,
                -0.00041328227885845575,
                0
            ],
            [
                0.00014746433032361726,
                -0.00046879490605161375,
                0
            ],
            [
                0.00014746433032484718,
                -0.0005243075332447628,
                0
            ],
            [
                0.00014746433032621466,
                -0.0005798201604379017,
                0
            ],
            [
                0.00014746433032771956,
                -0.0006353327876310299,
                0
            ],
            [
                0.00014746433032936202,
                -0.0006908454148241461,
                0
            ],
            [
                0.00014746433033114193,
                -0.0007463580420172492,
                0
            ]
        ],
        "type": "LineString"
    },
    "properties": {
        "Id": "{878db072-8f54-49ac-bbb9-740135a0ca3a}",
        "LaneType": "Shoulder",
        "LeftBoundary": {
            "Dir": "Forward",
            "Id": "{35959c21-1c4b-4234-a124-f4824c446ac7}"
        },
        "Predecessors": [
        ],
        "RightBoundary": {
            "Dir": "Forward",
            "Id": "{c28e977d-fb69-4def-a76f-50a0fd33f7b6}"
        },
        "Successors": [
        ],
        "TravelDir": "Undirected",
        "Type": "Lane"
    },
    "type": "Feature"
}
,{
    "geometry": {
        "coordinates": [
            [
                -6.227123217728003e-05,
                -0.0007492651977016119,
                1.375
            ],
            [
                -6.2975734820885e-05,
                -0.0007039338892098902,
                1.375
            ],
            [
                -6.368023746451549e-05,
                -0.0006586025807181609,
                1.375
            ],
            [
                -6.438474010817284e-05,
                -0.0006132712722264243,
                1.375
            ],
            [
                -6.508924275185837e-05,
                -0.0005679399637346814,
                1.375
            ],
            [
                -6.531493512685539e-05,
                -0.0005529663971021486,
                1.375
            ],
            [
                -6.535023359326843e-05,
                -0.0005504244022484896,
                1.375
            ],
            [
                -6.563653176306646e-05,
                -0.0005236569768299553,
                1.375
            ],
            [
                -6.576621545178224e-05,
                -0.0004968883180398903,
                1.375
            ],
            [
                -6.577743596621093e-05,
                -0.0004793707895701144,
                1.375
            ],
            [
                -6.577743596581575e-05,
                -0.0004359867760912304,
                1.375
            ],
            [
                -6.577743596581575e-05,
                -0.00043598677609123037,
                1.375
            ],
            [
                -6.577743596581575e-05,
                -0.0004359867671077014,
                1.375
            ],
            [
                -6.577743596534349e-05,
                -0.00037765818992791276,
                1.375
            ],
            [
                -6.57774359649389e-05,
                -0.0003193296127481164,
                1.375
            ],
            [
                -6.577743596460204e-05,
                -0.00026100103107654896,
                1.375
            ]
        ],
        "type": "LineString"
    },
    "properties": {
        "Id": "{ff33676b-d839-4420-93f6-b1dc848c2164}",
        "LaneType": "Shoulder",
        "LeftBoundary": {
            "Dir": "Forward",
            "Id": "{46f69aab-70ba-48ab-a7b8-e5e3d7f4609e}"
        },
        "Predecessors": [
        ],
        "RightBoundary": {
            "Dir": "Forward",
            "Id": "{fba30853-5417-4ce5-a7e8-f4a447669bb7}"
        },
        "Successors": [
            {
                "Dir": "Forward",
                "Id": "{a0f015f2-82b0-4067-aac5-0617d7fe6248}"
            }
        ],
        "TravelDir": "Undirected",
        "Type": "Lane"
    },
    "type": "Feature"
}
,{
    "geometry": {
        "coordinates": [
            [
                -5.084326957140712e-05,
                -0.0007490851915292567,
                1.375
            ],
            [
                -5.154777221512622e-05,
                -0.0007037538830375276,
                1.375
            ],
            [
                -5.225227485886375e-05,
                -0.0006584225745457908,
                1.375
            ],
            [
                -5.2956777502621034e-05,
                -0.0006130912660540466,
                1.375
            ],
            [
                -5.366128014639939e-05,
                -0.0005677599575622956,
                1.375
            ],
            [
                -5.388673127775394e-05,
                -0.0005528026480739289,
                1.375
            ],
            [
                -5.3921946854596445e-05,
                -0.000550266625328239,
                1.375
            ],
            [
                -5.4207520160670854e-05,
                -0.0005235669709925698,
                1.375
            ],
            [
                -5.4336875509898794e-05,
                -0.0004968660864080801,
                1.375
            ],
            [
                -5.4348074691112265e-05,
                -0.0004793707895702153,
                1.375
            ],
            [
                -5.4348074690785744e-05,
                -0.0004359867760913222,
                1.375
            ],
            [
                -5.4348074690785744e-05,
                -0.00043598677609132214,
                1.375
            ],
            [
                -5.4348074690785744e-05,
                -0.00043598676710779316,
                1.375
            ],
            [
                -5.4348074690395526e-05,
                -0.00037765818992799234,
                1.375
            ],
            [
                -5.434807469006125e-05,
                -0.0003193296127481836,
                1.375
            ],
            [
                -5.434807468978293e-05,
                -0.00026100103107660387,
                1.375
            ]
        ],
        "type": "LineString"
    },
    "properties": {
        "Id": "{f3b1932b-cf6e-434c-a06c-c2ffd8f7feb7}",
        "LaneType": "Driving",
        "LeftBoundary": {
            "Dir": "Forward",
            "Id": "{fba30853-5417-4ce5-a7e8-f4a447669bb7}"
        },
        "Predecessors": [
        ],
        "RightBoundary": {
            "Dir": "Forward",
            "Id": "{40adf8fd-105b-4378-97a6-d4dd9d04d3e8}"
        },
        "SpeedLimit": "35mph",
        "Successors": [
            {
                "Dir": "Forward",
                "Id": "{f15bcc99-e8a3-4372-866e-f6fb128762d6}"
            }
        ],
        "TravelDir": "Forward",
        "Type": "Lane"
    },
    "type": "Feature"
}
,{
    "geometry": {
        "coordinates": [
            [
                -2.838813575320995e-05,
                -0.0007487314922016739,
                1.375
            ],
            [
                -2.909263839715306e-05,
                -0.0007034001837099361,
                1.375
            ],
            [
                -2.9797141041100653e-05,
                -0.0006580688752181897,
                1.375
            ],
            [
                -3.0501643685054048e-05,
                -0.0006127375667264356,
                1.375
            ],
            [
                -3.120614632901457e-05,
                -0.0005674062582346742,
                1.375
            ],
            [
                -3.1431123433767545e-05,
                -0.0005524808928784647,
                1.375
            ],
            [
                -3.1466176138498514e-05,
                -0.0005499566049002267,
                1.375
            ],
            [
                -3.175032513890403e-05,
                -0.0005233901159228332,
                1.375
            ],
            [
                -3.187903532438759e-05,
                -0.000496822402832523,
                1.375
            ],
            [
                -3.1890192587350027e-05,
                -0.0004793707895703577,
                1.375
            ],
            [
                -3.1890192587158434e-05,
                -0.00043598677609145165,
                1.375
            ],
            [
                -3.1890192587158434e-05,
                -0.0004359867760914516,
                1.375
            ],
            [
                -3.1890192587158434e-05,
                -0.00043598676710792267,
                1.375
            ],
            [
                -3.189019258692946e-05,
                -0.0003776581899281045,
                1.375
            ],
            [
                -3.189019258673332e-05,
                -0.0003193296127482784,
                1.375
            ],
            [
                -3.1890192586570004e-05,
                -0.0002610010310766814,
                1.375
            ]
        ],
        "type": "LineString"
    },
    "properties": {
        "Id": "{06aa3746-7225-4d53-a62a-6591198d6ca6}",
        "LaneType": "Driving",
        "LeftBoundary": {
            "Dir": "Forward",
            "Id": "{40adf8fd-105b-4378-97a6-d4dd9d04d3e8}"
        },
        "Predecessors": [
        ],
        "RightBoundary": {
            "Dir": "Forward",
            "Id": "{c6bb658e-be5c-4417-a65c-b42ef5388b19}"
        },
        "SpeedLimit": "35mph",
        "Successors": [
            {
                "Dir": "Forward",
                "Id": "{be7820be-5355-40a8-87d0-82895c943a37}"
            }
        ],
        "TravelDir": "Forward",
        "Type": "Lane"
    },
    "type": "Feature"
}
,{
    "geometry": {
        "coordinates": [
            [
                -1.7160568844110855e-05,
                -0.0007485546425378391,
                1.375
            ],
            [
                -1.7865071488165847e-05,
                -0.0007032233340460993,
                1.375
            ],
            [
                -1.8569574132218355e-05,
                -0.0006578920255543509,
                1.375
            ],
            [
                -1.927407677626968e-05,
                -0.0006125607170625945,
                1.375
            ],
            [
                -1.997857942032116e-05,
                -0.0005672294085708304,
                1.375
            ],
            [
                -2.02033195117732e-05,
                -0.0005523200152807003,
                1.375
            ],
            [
                -2.0238290780448394e-05,
                -0.0005498015946861886,
                1.375
            ],
            [
                -2.052172762801903e-05,
                -0.0005233016883879345,
                1.375
            ],
            [
                -2.065011523163004e-05,
                -0.0004968005610447158,
                1.375
            ],
            [
                -2.0661251535466837e-05,
                -0.0004793707895704011,
                1.375
            ],
            [
                -2.0661251535342703e-05,
                -0.0004359867760914911,
                1.375
            ],
            [
                -2.0661251535342703e-05,
                -0.00043598677609149106,
                1.375
            ],
            [
                -2.0661251535342703e-05,
                -0.0004359867671079621,
                1.375
            ],
            [
                -2.0661251535194353e-05,
                -0.00037765818992813865,
                1.375
            ],
            [
                -2.0661251535067275e-05,
                -0.0003193296127483073,
                1.375
            ],
            [
                -2.0661251534961467e-05,
                -0.00026100103107670503,
                1.375
            ]
        ],
        "type": "LineString"
    },
    "properties": {
        "Id": "{88f88b61-2ac5-4a79-bb3f-5646e38964b2}",
        "LaneType": "Shoulder",
        "LeftBoundary": {
            "Dir": "Forward",
            "Id": "{c6bb658e-be5c-4417-a65c-b42ef5388b19}"
        },
        "Predecessors": [
        ],
        "RightBoundary": {
            "Dir": "Forward",
            "Id": "{2ffd4b2d-a26e-4453-b64e-d69b4d857868}"
        },
        "Successors": [
        ],
        "TravelDir": "Undirected",
        "Type": "Lane"
    },
    "type": "Feature"
}
,{
    "geometry": {
        "coordinates": [
            [
                0.00014751590597293225,
                -0.0002959240260214094,
                0
            ],
            [
                0.00014791406596406697,
                -0.0002500727544852408,
                0
            ]
        ],
        "type": "LineString"
    },
    "properties": {
        "Id": "{f9270ed4-fa92-40a8-a74c-9e216b80bfd2}",
        "LaneType": "Shoulder",
        "LeftBoundary": {
            "Dir": "Forward",
            "Id": "{8ef531ed-3230-480e-af84-1903e41a8bdf}"
        },
        "Predecessors": [
        ],
        "RightBoundary": {
            "Dir": "Forward",
            "Id": "{88ec531a-653d-450f-b671-ff67474dea4a}"
        },
        "Successors": [
        ],
        "TravelDir": "Undirected",
        "Type": "Lane"
    },
    "type": "Feature"
}
,{
    "geometry": {
        "coordinates": [
            [
                0.00016938656592780624,
                -0.00029611651343495354,
                0
            ],
            [
                0.00016978472591885725,
                -0.000250265241898833,
                0
            ]
        ],
        "type": "LineString"
    },
    "properties": {
        "Id": "{24840194-343e-444c-ac03-bb99b4fac3e9}",
        "LaneType": "Driving",
        "LeftBoundary": {
            "Dir": "Forward",
            "Id": "{88ec531a-653d-450f-b671-ff67474dea4a}"
        },
        "Predecessors": [
        ],
        "RightBoundary": {
            "Dir": "Forward",
            "Id": "{ab314450-7f30-443e-b6ab-2350d9cf7c55}"
        },
        "SpeedLimit": "35mph",
        "Successors": [
        ],
        "TravelDir": "Backward",
        "Type": "Lane"
    },
    "type": "Feature"
}
,{
    "geometry": {
        "coordinates": [
            [
                0.00019109981621561332,
                -0.0002963076154590907,
                0
            ],
            [
                0.00019149797620658107,
                -0.0002504563439230246,
                0
            ]
        ],
        "type": "LineString"
    },
    "properties": {
        "Id": "{6f7d810b-b910-4c90-b2c5-c3dbc08b2fca}",
        "LaneType": "Driving",
        "LeftBoundary": {
            "Dir": "Forward",
            "Id": "{ab314450-7f30-443e-b6ab-2350d9cf7c55}"
        },
        "Predecessors": [
        ],
        "RightBoundary": {
            "Dir": "Forward",
            "Id": "{c79352cd-2c0c-406b-ba7d-5c6e52bbab3d}"
        },
        "SpeedLimit": "35mph",
        "Successors": [
        ],
        "TravelDir": "Forward",
        "Type": "Lane"
    },
    "type": "Feature"
}
,{
    "geometry": {
        "coordinates": [
            [
                0.00019109981621561332,
                -0.0002963076154590907,
                0
            ],
            [
                0.00019149797620658107,
                -0.0002504563439230246,
                0
            ]
        ],
        "type": "LineString"
    },
    "properties": {
        "Id": "{b6bcbf65-7200-469a-9dd1-9ee7fe79e4ac}",
        "LaneType": "Shoulder",
        "LeftBoundary": {
            "Dir": "Forward",
            "Id": "{c79352cd-2c0c-406b-ba7d-5c6e52bbab3d}"
        },
        "Predecessors": [
        ],
        "RightBoundary": {
            "Dir": "Forward",
            "Id": "{7adc2581-02ce-4930-b439-05e95b5d42cd}"
        },
        "Successors": [
        ],
        "TravelDir": "Undirected",
        "Type": "Lane"
    },
    "type": "Feature"
}
,{
    "geometry": {
        "coordinates": [
            [
                0.0001730155237223821,
                -0.00021651001596019223,
                0.06156193357656931
            ],
            [
                0.0001739053290545419,
                -0.00021650889989134741,
                0.05546405928646901
            ],
            [
                0.00017604010463548398,
                -0.0002164269350775702,
                0.036213475674712316
            ],
            [
                0.00017816276439390372,
                -0.00021619678765520488,
                0.016962892062955613
            ],
            [
                0.00018026250857862742,
                -0.00021582166794494135,
                -0.0022876915488010616
            ],
            [
                0.00018232910260304434,
                -0.00021530557410339967,
                -0.021538275160557764
            ],
            [
                0.00018429251393692076,
                -0.00021467486689253558,
                -0.03832899636874586
            ],
            [
                0.00018620753847763108,
                -0.00021392086010470841,
                -0.05136302665236509
            ],
            [
                0.00018806663082058598,
                -0.0002130488999089458,
                -0.06064036601141551
            ],
            [
                0.00018986289000510407,
                -0.00021206474508809353,
                -0.0661610144458971
            ],
            [
                0.00019159007508574277,
                -0.0002109744938554615,
                -0.06792497195580986
            ],
            [
                0.00019324261326954028,
                -0.0002097845108624285,
                -0.06593223854115379
            ],
            [
                0.00019481560074479924,
                -0.00020850135510072908,
                -0.060182814201928905
            ],
            [
                0.00019630479638851715,
                -0.00020713170938512122,
                -0.05067669893813519
            ],
            [
                0.00019675598854601323,
                -0.00020668339262354583,
                -0.04715371829989694
            ],
            [
                0.00019812822943803823,
                -0.00020517836470365877,
                -0.03610251260819441
            ],
            [
                0.00019938357154147812,
                -0.00020358650843322666,
                -0.02652480100871888
            ],
            [
                0.00020051850570353152,
                -0.00020191800177453596,
                -0.01842058350147038
            ],
            [
                0.00020153051367665075,
                -0.00020018282176298598,
                -0.011789860086448842
            ],
            [
                0.0002024179949596009,
                -0.00019839063573243938,
                -0.006632630763654316
            ],
            [
                0.0002031801789621789,
                -0.00019655070866439649,
                -0.0029488955330868195
            ],
            [
                0.00020381702775133619,
                -0.0001946718246996178,
                -0.0007386543947463138
            ],
            [
                0.00020432913122834644,
                -0.00019276222376478006,
                -1.9073486328125e-06
            ],
            [
                0.00020466905954174067,
                -0.0001911099294602558,
                -1.9073486328125e-06
            ],
            [
                0.00020491942054955305,
                -0.00018944518884514165,
                -1.9073486328125e-06
            ],
            [
                0.00020515593322959933,
                -0.0001860943662560474,
                -1.9073486328125e-06
            ],
            [
                0.00020517489217092535,
                -0.00018519876675024354,
                -1.9073486328125e-06
            ]
        ],
        "type": "LineString"
    },
    "properties": {
        "Id": "{d8c58e56-713f-407a-a902-19859dc221b0}",
        "LaneType": "Driving",
        "LeftBoundary": {
            "Dir": "Forward",
            "Id": "{3ebf5b1d-7d64-4bda-aa9d-28555efd00e9}"
        },
        "Predecessors": [
            {
                "Dir": "Forward",
                "Id": "{8cc98423-8327-4596-94ba-8b6053f2e5a6}"
            }
        ],
        "RightBoundary": {
            "Dir": "Forward",
            "Id": "{2bfb587f-48d7-4d05-a990-8baaca6f10aa}"
        },
        "SpeedLimit": "40mph",
        "Successors": [
            {
                "Dir": "Forward",
                "Id": "{a8eb359e-5930-447a-88b2-b1dbe4206f9a}"
            }
        ],
        "TravelDir": "Forward",
        "Type": "Lane"
    },
    "type": "Feature"
}
,{
    "geometry": {
        "coordinates": [
            [
                0.00015964222976325626,
                -0.00020500362654260156,
                0.18596445462832567
            ],
            [
                0.00015966607173331437,
                -0.00020500362654260135,
                0.18502279066054797
            ],
            [
                0.00016085282164214794,
                -0.0002050036265425894,
                0.15685795982967166
            ],
            [
                0.00017008876297706614,
                -0.0002050036265424933,
                0.08325283912621585
            ],
            [
                0.00017301552372225512,
                -0.00020500362654246173,
                0.06156193357656931
            ]
        ],
        "type": "LineString"
    },
    "properties": {
        "Id": "{a15d96d5-53eb-4f57-b465-ace79cf75923}",
        "LaneType": "Shoulder",
        "LeftBoundary": {
            "Dir": "Forward",
            "Id": "{dc8596a2-a6a5-4bd3-b8dc-dfa93c19e5ec}"
        },
        "Predecessors": [
            {
                "Dir": "Forward",
                "Id": "{3d906de2-76cc-40a0-84df-bb40d65a2566}"
            }
        ],
        "RightBoundary": {
            "Dir": "Forward",
            "Id": "{754e12a7-acd8-402d-9a0b-03e14d6dd171}"
        },
        "Successors": [
        ],
        "TravelDir": "Undirected",
        "Type": "Lane"
    },
    "type": "Feature"
}
,{
    "geometry": {
        "coordinates": [
            [
                0.00015964222976337338,
                -0.00021651001596033993,
                0.18596445462832567
            ],
            [
                0.00015966607173343154,
                -0.00021651001596033968,
                0.18502279066054797
            ],
            [
                0.00016085282164226595,
                -0.00021651001596032705,
                0.15685795982967166
            ],
            [
                0.00017008876297719094,
                -0.00021651001596022557,
                0.08325283912621585
            ],
            [
                0.0001730155237223821,
                -0.00021651001596019223,
                0.06156193357656931
            ]
        ],
        "type": "LineString"
    },
    "properties": {
        "Id": "{8cc98423-8327-4596-94ba-8b6053f2e5a6}",
        "LaneType": "Driving",
        "LeftBoundary": {
            "Dir": "Forward",
            "Id": "{754e12a7-acd8-402d-9a0b-03e14d6dd171}"
        },
        "Predecessors": [
            {
                "Dir": "Forward",
                "Id": "{ea76e6e3-bc5f-43fe-bd5a-fa477da53b83}"
            }
        ],
        "RightBoundary": {
            "Dir": "Forward",
            "Id": "{b4dea5b0-ac69-4cac-9367-14702b331132}"
        },
        "SpeedLimit": "40mph",
        "Successors": [
            {
                "Dir": "Forward",
                "Id": "{d8c58e56-713f-407a-a902-19859dc221b0}"
            }
        ],
        "TravelDir": "Forward",
        "Type": "Lane"
    },
    "type": "Feature"
}
,{
    "geometry": {
        "coordinates": [
            [
                0.0001596422297636222,
                -0.0002391192528865076,
                0.18596445462832567
            ],
            [
                0.00015966607173368037,
                -0.0002391192528865073,
                0.18502279066054797
            ],
            [
                0.00016085282164251665,
                -0.00023911925288649336,
                0.15685795982967166
            ],
            [
                0.00017008876297745602,
                -0.00023911925288638125,
                0.08325283912621585
            ],
            [
                0.00017301552372265172,
                -0.00023911925288634447,
                0.06156193357656931
            ]
        ],
        "type": "LineString"
    },
    "properties": {
        "Id": "{ef646c1d-414d-4499-b3ba-fa7c5748d540}",
        "LaneType": "Driving",
        "LeftBoundary": {
            "Dir": "Forward",
            "Id": "{b4dea5b0-ac69-4cac-9367-14702b331132}"
        },
        "Predecessors": [
            {
                "Dir": "Forward",
                "Id": "{a88fac4b-cac2-45dd-ba62-237d4e50ef01}"
            }
        ],
        "RightBoundary": {
            "Dir": "Forward",
            "Id": "{68bbacc5-0710-4357-8a14-25ddf2b2ed0d}"
        },
        "SpeedLimit": "40mph",
        "Successors": [
            {
                "Dir": "Forward",
                "Id": "{017cd718-f4da-4da4-a2ac-6bbb7308ee05}"
            }
        ],
        "TravelDir": "Forward",
        "Type": "Lane"
    },
    "type": "Feature"
}
,{
    "geometry": {
        "coordinates": [
            [
                0.00015964222976375583,
                -0.00025042387134959106,
                0.18596445462832567
            ],
            [
                0.00015966607173381405,
                -0.00025042387134959073,
                0.18502279066054797
            ],
            [
                0.0001608528216426513,
                -0.00025042387134957615,
                0.15685795982967166
            ],
            [
                0.00017008876297759843,
                -0.0002504238713494588,
                0.08325283912621585
            ],
            [
                0.00017301552372279657,
                -0.00025042387134942024,
                0.06156193357656931
            ]
        ],
        "type": "LineString"
    },
    "properties": {
        "Id": "{70581503-2554-4e78-94ac-50bdf5a5d2a8}",
        "LaneType": "Shoulder",
        "LeftBoundary": {
            "Dir": "Forward",
            "Id": "{68bbacc5-0710-4357-8a14-25ddf2b2ed0d}"
        },
        "Predecessors": [
        ],
        "RightBoundary": {
            "Dir": "Forward",
            "Id": "{bd15ec00-74b4-4121-86b3-ac243e0043e8}"
        },
        "Successors": [
        ],
        "TravelDir": "Undirected",
        "Type": "Lane"
    },
    "type": "Feature"
}
,{
    "geometry": {
        "coordinates": [
            [
                0.00019312178917493776,
                -0.00010660615381581443,
                -1.9073486328125e-06
            ],
            [
                0.00019327447574683554,
                -0.00010176977157089957,
                -1.9073486328125e-06
            ],
            [
                0.00019332182173563666,
                -0.0001006864179028307,
                -1.9073486328125e-06
            ],
            [
                0.00019335931175723989,
                -9.992167752573783e-05,
                -1.9073486328125e-06
            ],
            [
                0.00019338897161197695,
                -9.947440930629986e-05,
                -1.9073486328125e-06
            ],
            [
                0.00019342378342913794,
                -9.934300878901032e-05,
                -1.9073486328125e-06
            ],
            [
                0.00019362644789211667,
                -9.940291013232098e-05,
                -1.9073486328125e-06
            ],
            [
                0.00019390930282261356,
                -9.93598382518006e-05,
                -0.009807725869105784
            ],
            [
                0.00019419672169452613,
                -9.917908049684993e-05,
                -0.03922518143052467
            ],
            [
                0.00019416439387693918,
                -9.899479448591824e-05,
                -0.04907784805221485
            ],
            [
                0.00019392994937898604,
                -9.85715314048757e-05,
                -0.06003334552883843
            ],
            [
                0.0001934857266361875,
                -9.791997688795406e-05,
                -0.07209167386039553
            ],
            [
                0.00019283252946898378,
                -9.70438384664559e-05,
                -0.08525283304688604
            ],
            [
                0.0001921955602194221,
                -9.619064568910478e-05,
                -0.09937062732082327
            ],
            [
                0.00019177560333155172,
                -9.55903549434774e-05,
                -0.11456958684133525
            ],
            [
                0.00019157258761220143,
                -9.523801025867597e-05,
                -0.1308497116084219
            ],
            [
                0.00019159532437517537,
                -9.511975050382424e-05,
                -0.14821100162208317
            ],
            [
                0.0001920196151492462,
                -9.503703160813895e-05,
                -0.21067945403637228
            ],
            [
                0.0001923798514792741,
                -9.485486367868715e-05,
                -0.2841049081039188
            ],
            [
                0.00019241006602934498,
                -9.483310508639921e-05,
                -0.2916473811296663
            ],
            [
                0.00019264569922121627,
                -9.460856423287807e-05,
                -0.3504883279172135
            ],
            [
                0.00019280650385260865,
                -9.434916361748348e-05,
                -0.39011805713658515
            ],
            [
                0.00019268911352708043,
                -9.423929807995303e-05,
                -0.39973070025453283
            ],
            [
                0.00019225094211130833,
                -9.412183325805472e-05,
                -0.4068242191263409
            ],
            [
                0.00019149566345110427,
                -9.401202021122974e-05,
                -0.41139861375200937
            ],
            [
                0.00019042733939633597,
                -9.391252510747984e-05,
                -0.41345388413153816
            ],
            [
                0.0001863288641835485,
                -9.359949772762773e-05,
                -0.4019806833217132
            ],
            [
                0.00018223038897076022,
                -9.331166789181935e-05,
                -0.3622291303083048
            ],
            [
                0.00017813191375797122,
                -9.3055516862157e-05,
                -0.29419922509131313
            ],
            [
                0.0001740334385451816,
                -9.283752590074306e-05,
                -0.19789096767073794
            ],
            [
                0.00016683652384303106,
                -9.256670779460683e-05,
                -0.003945483835369301
            ],
            [
                0.00015963960914087866,
                -9.246863644673328e-05,
                0.18999999999999995
            ]
        ],
        "type": "LineString"
    },
    "properties": {
        "Id": "{e237577e-5c78-46a4-ba73-bf52504f7e75}",
        "LaneType": "Shoulder",
        "LeftBoundary": {
            "Dir": "Forward",
            "Id": "{eeb8a603-dded-4010-990b-da2e1a882583}"
        },
        "Predecessors": [
        ],
        "RightBoundary": {
            "Dir": "Forward",
            "Id": "{c61c3960-554e-440c-8a90-7e99fe029a0e}"
        },
        "Successors": [
        ],
        "TravelDir": "Undirected",
        "Type": "Lane"
    },
    "type": "Feature"
}
,{
    "geometry": {
        "coordinates": [
            [
                0.000206760996444225,
                -0.00010691590267320065,
                -1.9073486328125e-06
            ],
            [
                0.00020689153573998597,
                -0.00010207901745965373,
                -1.9073486328125e-06
            ],
            [
                0.00020692794088266839,
                -0.0001009155657701358,
                -1.9073486328125e-06
            ],
            [
                0.00020695221864872594,
                -9.9911320602553e-05,
                -1.9073486328125e-06
            ],
            [
                0.00020695818069393172,
                -9.906585769617937e-05,
                -1.9073486328125e-06
            ],
            [
                0.0002069451283021289,
                -9.837902098325704e-05,
                -1.9073486328125e-06
            ],
            [
                0.0002068589686154556,
                -9.72376361980762e-05,
                -1.9073486328125e-06
            ],
            [
                0.00020668057102750842,
                -9.610253540625366e-05,
                -1.9073486328125e-06
            ],
            [
                0.00020637035539235253,
                -9.484584063924593e-05,
                -0.0024533619787510536
            ],
            [
                0.00020594394938204205,
                -9.36162926706488e-05,
                -0.009807725869105784
            ],
            [
                0.00020540251791140125,
                -9.24245296500805e-05,
                -0.022064999019696968
            ],
            [
                0.00020474822097078877,
                -9.128140517321252e-05,
                -0.03922518143052467
            ],
            [
                0.0002043529824373148,
                -9.06982328881137e-05,
                -0.04907784805221485
            ],
            [
                0.0002038398646249034,
                -9.000921499118257e-05,
                -0.06003334552883843
            ],
            [
                0.0002032109075066847,
                -8.921546610259819e-05,
                -0.07209167386039553
            ],
            [
                0.00020247206881028848,
                -8.831422521840758e-05,
                -0.08525283304688604
            ],
            [
                0.00020174354723425343,
                -8.743071542591618e-05,
                -0.09937062732082327
            ],
            [
                0.00020111769790846852,
                -8.667904394854282e-05,
                -0.11456958684133525
            ],
            [
                0.0002005888569050669,
                -8.606233840213229e-05,
                -0.1308497116084219
            ],
            [
                0.00020015622919473752,
                -8.557970621223103e-05,
                -0.14821100162208317
            ],
            [
                0.0001988226843665696,
                -8.43497169061251e-05,
                -0.21067945403637228
            ],
            [
                0.0001972843731583365,
                -8.334136850430089e-05,
                -0.2841049081039188
            ],
            [
                0.00019712784001541816,
                -8.325799077802956e-05,
                -0.2916473811296663
            ],
            [
                0.00019564250109765916,
                -8.26146236500287e-05,
                -0.3504883279172135
            ],
            [
                0.00019406094594232232,
                -8.21891665476528e-05,
                -0.39011805713658515
            ],
            [
                0.0001933925636936073,
                -8.208517013203563e-05,
                -0.39973070025453283
            ],
            [
                0.00019256235899124547,
                -8.200122795424664e-05,
                -0.4068242191263409
            ],
            [
                0.0001915731488730177,
                -8.193703484300573e-05,
                -0.41139861375200937
            ],
            [
                0.0001904273393962751,
                -8.188596231396352e-05,
                -0.41345388413153816
            ],
            [
                0.0001863288641834898,
                -8.172944862404573e-05,
                -0.4019806833217132
            ],
            [
                0.00018223038897070368,
                -8.158553370614963e-05,
                -0.3622291303083048
            ],
            [
                0.00017813191375791668,
                -8.145745819132635e-05,
                -0.29419922509131313
            ],
            [
                0.00017403343854512887,
                -8.134846271062713e-05,
                -0.19789096767073794
            ],
            [
                0.00015963960914083125,
                -8.116401798364795e-05,
                0.18999999999999995
            ]
        ],
        "type": "LineString"
    },
    "properties": {
        "Id": "{ce23b548-ee31-4510-a0ea-576ece8d0a9e}",
        "LaneType": "Driving",
        "LeftBoundary": {
            "Dir": "Forward",
            "Id": "{c61c3960-554e-440c-8a90-7e99fe029a0e}"
        },
        "Predecessors": [
            {
                "Dir": "Forward",
                "Id": "{a8eb359e-5930-447a-88b2-b1dbe4206f9a}"
            }
        ],
        "RightBoundary": {
            "Dir": "Forward",
            "Id": "{1f1f3afc-74ea-4d4b-b8a4-8c2ad036aa9b}"
        },
        "SpeedLimit": "35mph",
        "Successors": [
            {
                "Dir": "Forward",
                "Id": "{82f45f26-7b28-4762-9481-65a615fb64a1}"
            }
        ],
        "TravelDir": "Forward",
        "Type": "Lane"
    },
    "type": "Feature"
}
,{
    "geometry": {
        "coordinates": [
            [
                0.0002320297940110965,
                -0.00010748976162402523,
                -1.9073486328125e-06
            ],
            [
                0.00023213448272010586,
                -0.00010265228933899836,
                -1.9073486328125e-06
            ],
            [
                0.00023215918774190908,
                -0.00010134049857754034,
                -1.9073486328125e-06
            ],
            [
                0.00023216934953367165,
                -9.989210676626286e-05,
                -1.9073486328125e-06
            ],
            [
                0.00023214347458128608,
                -9.830756056131479e-05,
                -1.9073486328125e-06
            ],
            [
                0.0002320553732531074,
                -9.65888166685412e-05,
                -1.9073486328125e-06
            ],
            [
                0.0002316663396988927,
                -9.324900890356105e-05,
                -1.9073486328125e-06
            ],
            [
                0.00023098720587767132,
                -8.99572736752818e-05,
                -1.9073486328125e-06
            ],
            [
                0.0002304814327578935,
                -8.814214564573057e-05,
                -0.0006147710061623762
            ],
            [
                0.00022988742070969103,
                -8.635460515875967e-05,
                -0.0024533619787510536
            ],
            [
                0.00022920666373093214,
                -8.459900598382399e-05,
                -0.005517680266398858
            ],
            [
                0.0002284408676494096,
                -8.287961877947771e-05,
                -0.009807725869105784
            ],
            [
                0.00022759194548610195,
                -8.120062067849788e-05,
                -0.015323498786871816
            ],
            [
                0.00022666201231613174,
                -7.956608513932668e-05,
                -0.022064999019696968
            ],
            [
                0.00022565337964270652,
                -7.797997208816046e-05,
                -0.030032226567581255
            ],
            [
                0.0002245685492985597,
                -7.644611837252755e-05,
                -0.03922518143052467
            ],
            [
                0.00022351589954777509,
                -7.509388089584633e-05,
                -0.04907784805221485
            ],
            [
                0.00022250307790257632,
                -7.38839169019349e-05,
                -0.06003334552883843
            ],
            [
                0.00022155094256603823,
                -7.280024101797672e-05,
                -0.07209167386039553
            ],
            [
                0.00022067582472678208,
                -7.182881619768262e-05,
                -0.08525283304688604
            ],
            [
                0.00021979981558508695,
                -7.086474698451164e-05,
                -0.09937062732082327
            ],
            [
                0.00021881007163174806,
                -6.980250269876495e-05,
                -0.11456958684133525
            ],
            [
                0.00021768931333128336,
                -6.865955553625818e-05,
                -0.1308497116084219
            ],
            [
                0.0002164174029032646,
                -6.745868738510424e-05,
                -0.14821100162208317
            ],
            [
                0.00021418461186418114,
                -6.560779091724326e-05,
                -0.17807560262257072
            ],
            [
                0.00021180889879030492,
                -6.39489601446449e-05,
                -0.21067945403637228
            ],
            [
                0.0002093065512504633,
                -6.249327140462852e-05,
                -0.24602255586348853
            ],
            [
                0.00020669468937920107,
                -6.125040072232574e-05,
                -0.2841049081039188
            ],
            [
                0.00020618435328240598,
                -6.103772829621181e-05,
                -0.2916473811296663
            ],
            [
                0.0002038301338854509,
                -6.017564562127022e-05,
                -0.3234692567194619
            ],
            [
                0.00020142160712914367,
                -5.948521529366505e-05,
                -0.3504883279172135
            ],
            [
                0.00019897110325365285,
                -5.896980502902208e-05,
                -0.3727045947229212
            ],
            [
                0.00019649114752686112,
                -5.863188607282794e-05,
                -0.39011805713658515
            ],
            [
                0.00019475759539090852,
                -5.8500315523801306e-05,
                -0.39973070025453283
            ],
            [
                0.00019316765224565983,
                -5.844270848348573e-05,
                -0.4068242191263409
            ],
            [
                0.00019172400160679003,
                -5.84288121633536e-05,
                -0.41139861375200937
            ],
            [
                0.00019042733939618025,
                -5.843406264105503e-05,
                -0.41345388413153816
            ],
            [
                0.00018632886418339787,
                -5.846023375147938e-05,
                -0.4019806833217132
            ],
            [
                0.00018223038897061445,
                -5.848429818450186e-05,
                -0.3622291303083048
            ],
            [
                0.0001781319137578301,
                -5.8505714064756336e-05,
                -0.29419922509131313
            ],
            [
                0.00017403343854504485,
                -5.852393951687665e-05,
                -0.19789096767073794
            ],
            [
                0.00015963960914075497,
                -5.8554781057477106e-05,
                0.18999999999999995
            ]
        ],
        "type": "LineString"
    },
    "properties": {
        "Id": "{59f19b5c-4cdd-479d-a7b8-d2eaaaa9a86d}",
        "LaneType": "Driving",
        "LeftBoundary": {
            "Dir": "Forward",
            "Id": "{1f1f3afc-74ea-4d4b-b8a4-8c2ad036aa9b}"
        },
        "Predecessors": [
            {
                "Dir": "Forward",
                "Id": "{545de22b-43ba-4ee6-857e-00bdf3a24878}"
            },
            {
                "Dir": "Forward",
                "Id": "{60ad84e1-dc12-4049-84f9-d446cf219106}"
            }
        ],
        "RightBoundary": {
            "Dir": "Forward",
            "Id": "{607fdb01-da80-41f7-8a66-5d89ec0319fa}"
        },
        "SpeedLimit": "35mph",
        "Successors": [
            {
                "Dir": "Forward",
                "Id": "{e1ced262-9c03-4252-a6d8-335f72ceea8e}"
            }
        ],
        "TravelDir": "Forward",
        "Type": "Lane"
    },
    "type": "Feature"
}
,{
    "geometry": {
        "coordinates": [
            [
                0.0002436593843086828,
                -0.00010775387171746533,
                -1.9073486328125e-06
            ],
            [
                0.000243762208666226,
                -0.0001029163570926845,
                -1.9073486328125e-06
            ],
            [
                0.00024378719250514187,
                -0.00010153633197158325,
                -1.9073486328125e-06
            ],
            [
                0.00024379770578394233,
                -9.988324670464443e-05,
                -1.9073486328125e-06
            ],
            [
                0.00024376515340454247,
                -9.795764660781637e-05,
                -1.9073486328125e-06
            ],
            [
                0.0002436515181031571,
                -9.576208365238424e-05,
                -1.9073486328125e-06
            ],
            [
                0.0002434446369398219,
                -9.357719600806665e-05,
                -1.9073486328125e-06
            ],
            [
                0.00024314238470296074,
                -9.140384497295137e-05,
                -1.9073486328125e-06
            ],
            [
                0.00024274539114453126,
                -8.924626528609683e-05,
                -1.9073486328125e-06
            ],
            [
                0.00024225447196469523,
                -8.710865643459191e-05,
                -1.9073486328125e-06
            ],
            [
                0.0002415934557850333,
                -8.474036667651189e-05,
                -0.0006147710061623762
            ],
            [
                0.0002408172608478301,
                -8.240820091466335e-05,
                -0.0024533619787510536
            ],
            [
                0.00023992785092492953,
                -8.011784634644111e-05,
                -0.005517680266398858
            ],
            [
                0.00023892746670249625,
                -7.787488022274116e-05,
                -0.009807725869105784
            ],
            [
                0.00023781861959260158,
                -7.568475622764351e-05,
                -0.015323498786871816
            ],
            [
                0.00023660408488814866,
                -7.355279121730951e-05,
                -0.022064999019696968
            ],
            [
                0.00023528689428198649,
                -7.148415234984542e-05,
                -0.030032226567581255
            ],
            [
                0.00023387032777099455,
                -6.948384463452967e-05,
                -0.03922518143052467
            ],
            [
                0.00023252498713354844,
                -6.77577862393209e-05,
                -0.04907784805221485
            ],
            [
                0.00023129314376150363,
                -6.62891672685051e-05,
                -0.06003334552883843
            ],
            [
                0.00023020487486188025,
                -6.505454990869115e-05,
                -0.07209167386039553
            ],
            [
                0.00022928183111909435,
                -6.403517536537538e-05,
                -0.08525283304688604
            ],
            [
                0.0002283525672273278,
                -6.301790892032842e-05,
                -0.09937062732082327
            ],
            [
                0.00022720694750915613,
                -6.179282438591258e-05,
                -0.11456958684133525
            ],
            [
                0.0002258215176281532,
                -6.038357844699943e-05,
                -0.1308497116084219
            ],
            [
                0.00022416621618093842,
                -5.8823616275885706e-05,
                -0.14821100162208317
            ],
            [
                0.00022119712562624591,
                -5.636541213282369e-05,
                -0.17807560262257072
            ],
            [
                0.00021803837282159889,
                -5.4162737592217895e-05,
                -0.21067945403637228
            ],
            [
                0.0002147116431538836,
                -5.223026904121227e-05,
                -0.24602255586348853
            ],
            [
                0.0002112397216754544,
                -5.058081644185913e-05,
                -0.2841049081039188
            ],
            [
                0.0002105613826356179,
                -5.029863497723063e-05,
                -0.2916473811296663
            ],
            [
                0.00020743233786372264,
                -4.91550627344354e-05,
                -0.3234692567194619
            ],
            [
                0.0002042314161115285,
                -4.8239666414192516e-05,
                -0.3504883279172135
            ],
            [
                0.00020097500978072183,
                -4.755688303705395e-05,
                -0.3727045947229212
            ],
            [
                0.00019767976557146685,
                -4.71099576731053e-05,
                -0.39011805713658515
            ],
            [
                0.0001954266606198076,
                -4.694028642122875e-05,
                -0.39973070025453283
            ],
            [
                0.000193464962144473,
                -4.687115867901809e-05,
                -0.4068242191263409
            ],
            [
                0.00019179825306290884,
                -4.685779372169024e-05,
                -0.41139861375200937
            ],
            [
                0.00019042733939614518,
                -4.686690015302815e-05,
                -0.41345388413153816
            ],
            [
                0.00018632886418336355,
                -4.690624654176587e-05,
                -0.4019806833217132
            ],
            [
                0.00018223038897058092,
                -4.694242569202309e-05,
                -0.3622291303083048
            ],
            [
                0.0001781319137577973,
                -4.697462293302491e-05,
                -0.29419922509131313
            ],
            [
                0.0001740334385450128,
                -4.700202359399645e-05,
                -0.19789096767073794
            ],
            [
                0.00015963960914072562,
                -4.7048391639737304e-05,
                0.18999999999999995
            ]
        ],
        "type": "LineString"
    },
    "properties": {
        "Id": "{9b3b3a94-98ca-45b7-b2f7-d60185002497}",
        "LaneType": "Shoulder",
        "LeftBoundary": {
            "Dir": "Forward",
            "Id": "{607fdb01-da80-41f7-8a66-5d89ec0319fa}"
        },
        "Predecessors": [
        ],
        "RightBoundary": {
            "Dir": "Forward",
            "Id": "{4f15ed5d-c60a-4ed3-9295-b7e0cae3b311}"
        },
        "Successors": [
            {
                "Dir": "Forward",
                "Id": "{3d94f61e-21fc-4a0c-ac20-db5d73a79ba0}"
            }
        ],
        "TravelDir": "Undirected",
        "Type": "Lane"
    },
    "type": "Feature"
}
,{
    "geometry": {
        "coordinates": [
            [
                -6.764548056585396e-05,
                -0.0002615617826550256,
                1.38
            ],
            [
                -6.76454805658924e-05,
                -0.0002686441557126904,
                1.38
            ],
            [
                -6.764548056597056e-05,
                -0.0002824999958968754,
                1.38
            ],
            [
                -6.764548056597056e-05,
                -0.00028249999589687546,
                1.38
            ],
            [
                -6.764548056615701e-05,
                -0.00031308895207783,
                1.38
            ],
            [
                -6.764548056617516e-05,
                -0.00031591081965351577,
                1.38
            ]
        ],
        "type": "LineString"
    },
    "properties": {
        "Id": "{eb001981-20ef-4f7b-aa6f-01b29380d919}",
        "LaneType": "Shoulder",
        "LeftBoundary": {
            "Dir": "Forward",
            "Id": "{12fe571c-11a7-4a9b-8d33-92dc1b524bbf}"
        },
        "Predecessors": [
        ],
        "RightBoundary": {
            "Dir": "Forward",
            "Id": "{87631a7b-f048-4fd0-a757-05df8be59797}"
        },
        "Successors": [
        ],
        "TravelDir": "Undirected",
        "Type": "Lane"
    },
    "type": "Feature"
}
,{
    "geometry": {
        "coordinates": [
            [
                -6.775123091312675e-05,
                -0.00026156178265502504,
                1.38
            ],
            [
                -6.775123091316524e-05,
                -0.0002686441557126898,
                1.38
            ],
            [
                -6.775123091324353e-05,
                -0.0002824999958968748,
                1.38
            ],
            [
                -6.775123091324353e-05,
                -0.00028249999589687486,
                1.38
            ],
            [
                -6.775123091343026e-05,
                -0.0003130889520778293,
                1.38
            ],
            [
                -6.775123091344845e-05,
                -0.000315910819653515,
                1.38
            ]
        ],
        "type": "LineString"
    },
    "properties": {
        "Id": "{0928f2fa-5834-47d3-b0c2-1cbc53424232}",
        "LaneType": "Driving",
        "LeftBoundary": {
            "Dir": "Forward",
            "Id": "{87631a7b-f048-4fd0-a757-05df8be59797}"
        },
        "Predecessors": [
        ],
        "RightBoundary": {
            "Dir": "Forward",
            "Id": "{b118c4b5-6991-456b-85c6-363aaea18929}"
        },
        "SpeedLimit": "40mph",
        "Successors": [
            {
                "Dir": "Forward",
                "Id": "{5c1466c8-acdf-4f3b-bbd8-6090e5479c3d}"
            }
        ],
        "TravelDir": "Forward",
        "Type": "Lane"
    },
    "type": "Feature"
}
,{
    "geometry": {
        "coordinates": [
            [
                -8.357749873263997e-05,
                -0.00026156178265492893,
                1.38
            ],
            [
                -8.357749873268746e-05,
                -0.00026864415571259116,
                1.38
            ],
            [
                -8.357749873278401e-05,
                -0.00028249999589677105,
                1.38
            ],
            [
                -8.357749873278401e-05,
                -0.0002824999958967711,
                1.38
            ],
            [
                -8.357749873301439e-05,
                -0.0003130889520777143,
                1.38
            ],
            [
                -8.357749873303683e-05,
                -0.00031591081965339906,
                1.38
            ]
        ],
        "type": "LineString"
    },
    "properties": {
        "Id": "{1737ff25-4d88-4e23-8cb7-022690868e7c}",
        "LaneType": "Driving",
        "LeftBoundary": {
            "Dir": "Forward",
            "Id": "{b118c4b5-6991-456b-85c6-363aaea18929}"
        },
        "Predecessors": [
            {
                "Dir": "Forward",
                "Id": "{91d7e428-edc1-4bb9-a96c-87b86f1035c9}"
            }
        ],
        "RightBoundary": {
            "Dir": "Forward",
            "Id": "{76275a0d-f498-480a-a73a-ada1a43ac018}"
        },
        "SpeedLimit": "40mph",
        "Successors": [
            {
                "Dir": "Forward",
                "Id": "{5c1466c8-acdf-4f3b-bbd8-6090e5479c3d}"
            }
        ],
        "TravelDir": "Forward",
        "Type": "Lane"
    },
    "type": "Feature"
}
,{
    "geometry": {
        "coordinates": [
            [
                -9.929801620487412e-05,
                -0.0002615617826548137,
                1.38
            ],
            [
                -9.929801620493056e-05,
                -0.00026864415571247277,
                1.38
            ],
            [
                -9.929801620504526e-05,
                -0.00028249999589664653,
                1.38
            ],
            [
                -9.929801620504526e-05,
                -0.00028249999589664653,
                1.38
            ],
            [
                -9.929801620531896e-05,
                -0.0003130889520775763,
                1.38
            ],
            [
                -9.929801620534562e-05,
                -0.00031591081965325974,
                1.38
            ]
        ],
        "type": "LineString"
    },
    "properties": {
        "Id": "{afa6056a-40e8-4074-bf1b-77ec9eeec11b}",
        "LaneType": "Shoulder",
        "LeftBoundary": {
            "Dir": "Forward",
            "Id": "{76275a0d-f498-480a-a73a-ada1a43ac018}"
        },
        "Predecessors": [
        ],
        "RightBoundary": {
            "Dir": "Forward",
            "Id": "{00635878-bb65-4d42-bda5-92f9a4380454}"
        },
        "Successors": [
        ],
        "TravelDir": "Undirected",
        "Type": "Lane"
    },
    "type": "Feature"
}
,{
    "geometry": {
        "coordinates": [
            [
                0.00024580205030227503,
                -0.00030493749873464096,
                3.814697265625e-06
            ],
            [
                0.00024572130202402955,
                -0.00025436515757846573,
                3.814697265625e-06
            ],
            [
                0.00024564055374597473,
                -0.000203792816422286,
                3.814697265625e-06
            ]
        ],
        "type": "LineString"
    },
    "properties": {
        "Id": "{c68b35d9-7193-4324-a21a-7ce2c739cb60}",
        "RightLane": {
            "Dir": "Forward",
            "Id": "{f11d9de5-fc9b-458c-8488-7789a5f02de8}"
        },
        "Type": "LaneBoundary"
    },
    "type": "Feature"
}
,{
    "geometry": {
        "coordinates": [
            [
                0.00024580205030227503,
                -0.00030493749873464096,
                3.814697265625e-06
            ],
            [
                0.00024572130202402955,
                -0.00025436515757846573,
                3.814697265625e-06
            ],
            [
                0.00024564055374597473,
                -0.000203792816422286,
                3.814697265625e-06
            ]
        ],
        "type": "LineString"
    },
    "properties": {
        "Id": "{e82274d0-7efb-4ffb-85ab-d29e0c3807f6}",
        "LeftLane": {
            "Dir": "Forward",
            "Id": "{f11d9de5-fc9b-458c-8488-7789a5f02de8}"
        },
        "RightLane": {
            "Dir": "Forward",
            "Id": "{f3b30445-665d-4e58-9351-62b2b0c22ed1}"
        },
        "Type": "LaneBoundary"
    },
    "type": "Feature"
}
,{
    "geometry": {
        "coordinates": [
            [
                0.00024716056788257117,
                -0.0003049353002689626,
                3.814697265625e-06
            ],
            [
                0.0002470798196043198,
                -0.0002543629591127926,
                3.814697265625e-06
            ],
            [
                0.0002469990713262603,
                -0.000203790617956618,
                3.814697265625e-06
            ]
        ],
        "type": "LineString"
    },
    "properties": {
        "Id": "{e1b73aaa-e657-43c3-93d6-45f85862e69f}",
        "LeftLane": {
            "Dir": "Forward",
            "Id": "{f3b30445-665d-4e58-9351-62b2b0c22ed1}"
        },
        "RightLane": {
            "Dir": "Forward",
            "Id": "{f3e321d2-c465-4624-9997-0627e9062945}"
        },
        "Type": "LaneBoundary"
    },
    "type": "Feature"
}
,{
    "geometry": {
        "coordinates": [
            [
                0.000286867412439725,
                -0.00030487104336399123,
                3.814697265625e-06
            ],
            [
                0.0002867866641613042,
                -0.00025429870220798596,
                3.814697265625e-06
            ],
            [
                0.0002867059158831061,
                -0.00020372636105197594,
                3.814697265625e-06
            ]
        ],
        "type": "LineString"
    },
    "properties": {
        "Id": "{928ebbe3-7953-43a7-8f00-897f7f30c870}",
        "LeftLane": {
            "Dir": "Forward",
            "Id": "{f3e321d2-c465-4624-9997-0627e9062945}"
        },
        "RightLane": {
            "Dir": "Forward",
            "Id": "{a39f63c0-21d2-45c6-8db3-773e17d5e5e4}"
        },
        "Type": "LaneBoundary"
    },
    "type": "Feature"
}
,{
    "geometry": {
        "coordinates": [
            [
                0.000286867412439725,
                -0.00030487104336399123,
                3.814697265625e-06
            ],
            [
                0.0002867866641613042,
                -0.00025429870220798596,
                3.814697265625e-06
            ],
            [
                0.0002867059158831061,
                -0.00020372636105197594,
                3.814697265625e-06
            ]
        ],
        "type": "LineString"
    },
    "properties": {
        "Id": "{a7526109-90de-4cbe-8ed4-7cebad9e5992}",
        "LeftLane": {
            "Dir": "Forward",
            "Id": "{a39f63c0-21d2-45c6-8db3-773e17d5e5e4}"
        },
        "Type": "LaneBoundary"
    },
    "type": "Feature"
}
,{
    "geometry": {
        "coordinates": [
            [
                0.00015963960914087866,
                -9.246863644673328e-05,
                0.18999999999999995
            ],
            [
                0.00014945720539540801,
                -9.246863644677791e-05,
                0.46439969803047226
            ],
            [
                0.00013927480164993268,
                -9.24686364468196e-05,
                0.7497245470457085
            ],
            [
                0.00012909239790445283,
                -9.246863644685833e-05,
                1.0568996980304723
            ],
            [
                0.00012909239790445283,
                -9.246863644685833e-05,
                1.0568996980304726
            ],
            [
                0.00012400119603171134,
                -9.24686364468766e-05,
                1.196068580142141
            ],
            [
                0.0001189099941589689,
                -9.246863644689414e-05,
                1.2954749245076183
            ],
            [
                0.00011381879228622549,
                -9.246863644691094e-05,
                1.3551187311269044
            ],
            [
                0.00010872759041348118,
                -9.2468636446927e-05,
                1.375
            ],
            [
                9.854518666799002e-05,
                -9.246863644695693e-05,
                1.375
            ]
        ],
        "type": "LineString"
    },
    "properties": {
        "Id": "{0c9c4912-1d52-4cee-a934-7da0b3b3c867}",
        "RightLane": {
            "Dir": "Forward",
            "Id": "{db48c8dc-edf5-46e3-b74c-2a0bfc306141}"
        },
        "Type": "LaneBoundary"
    },
    "type": "Feature"
}
,{
    "geometry": {
        "coordinates": [
            [
                0.00015963960914087866,
                -9.246863644673328e-05,
                0.18999999999999995
            ],
            [
                0.00014945720539540801,
                -9.246863644677791e-05,
                0.46439969803047226
            ],
            [
                0.00013927480164993268,
                -9.24686364468196e-05,
                0.7497245470457085
            ],
            [
                0.00012909239790445283,
                -9.246863644685833e-05,
                1.0568996980304723
            ],
            [
                0.00012909239790445283,
                -9.246863644685833e-05,
                1.0568996980304726
            ],
            [
                0.00012400119603171134,
                -9.24686364468766e-05,
                1.196068580142141
            ],
            [
                0.0001189099941589689,
                -9.246863644689414e-05,
                1.2954749245076183
            ],
            [
                0.00011381879228622549,
                -9.246863644691094e-05,
                1.3551187311269044
            ],
            [
                0.00010872759041348118,
                -9.2468636446927e-05,
                1.375
            ],
            [
                9.854518666799002e-05,
                -9.246863644695693e-05,
                1.375
            ]
        ],
        "type": "LineString"
    },
    "properties": {
        "Id": "{b461f5ad-bec5-43f2-a0cb-10ec5675a381}",
        "LeftLane": {
            "Dir": "Forward",
            "Id": "{db48c8dc-edf5-46e3-b74c-2a0bfc306141}"
        },
        "RightLane": {
            "Dir": "Forward",
            "Id": "{82f45f26-7b28-4762-9481-65a615fb64a1}"
        },
        "Type": "LaneBoundary"
    },
    "type": "Feature"
}
,{
    "geometry": {
        "coordinates": [
            [
                0.00015963960914079002,
                -6.985939952056256e-05,
                0.18999999999999995
            ],
            [
                0.00014945720539532502,
                -6.985939952059628e-05,
                0.46439969803047226
            ],
            [
                0.00013927480164985533,
                -6.985939952062776e-05,
                0.7497245470457085
            ],
            [
                0.00012909239790438113,
                -6.985939952065703e-05,
                1.0568996980304723
            ],
            [
                0.00012909239790438113,
                -6.985939952065703e-05,
                1.0568996980304726
            ],
            [
                0.0001240011960316425,
                -6.985939952067084e-05,
                1.196068580142141
            ],
            [
                0.00011890999415890287,
                -6.985939952068408e-05,
                1.2954749245076183
            ],
            [
                0.0001138187922861623,
                -6.985939952069677e-05,
                1.3551187311269044
            ],
            [
                0.00010872759041342082,
                -6.985939952070891e-05,
                1.375
            ],
            [
                9.854518666793531e-05,
                -6.985939952073152e-05,
                1.375
            ]
        ],
        "type": "LineString"
    },
    "properties": {
        "Id": "{8f69da1c-4a97-47bc-b014-394ed715781e}",
        "LeftLane": {
            "Dir": "Forward",
            "Id": "{82f45f26-7b28-4762-9481-65a615fb64a1}"
        },
        "RightLane": {
            "Dir": "Forward",
            "Id": "{e1ced262-9c03-4252-a6d8-335f72ceea8e}"
        },
        "Type": "LaneBoundary"
    },
    "type": "Feature"
}
,{
    "geometry": {
        "coordinates": [
            [
                0.00015963960914072608,
                -4.725016259439161e-05,
                0.18999999999999995
            ],
            [
                0.0001494572053952652,
                -4.72501625944144e-05,
                0.46439969803047226
            ],
            [
                0.00013927480164979957,
                -4.7250162594435715e-05,
                0.7497245470457085
            ],
            [
                0.00012909239790432944,
                -4.725016259445551e-05,
                1.0568996980304723
            ],
            [
                0.00012909239790432944,
                -4.725016259445551e-05,
                1.0568996980304726
            ],
            [
                0.00012400119603159284,
                -4.725016259446484e-05,
                1.196068580142141
            ],
            [
                0.00011890999415885524,
                -4.7250162594473804e-05,
                1.2954749245076183
            ],
            [
                0.0001138187922861167,
                -4.725016259448239e-05,
                1.3551187311269044
            ],
            [
                0.00010872759041337728,
                -4.7250162594490596e-05,
                1.375
            ],
            [
                9.854518666789583e-05,
                -4.725016259450589e-05,
                1.375
            ]
        ],
        "type": "LineString"
    },
    "properties": {
        "Id": "{d171d229-9ca2-46d4-8cb7-1d1f0c71a666}",
        "LeftLane": {
            "Dir": "Forward",
            "Id": "{e1ced262-9c03-4252-a6d8-335f72ceea8e}"
        },
        "RightLane": {
            "Dir": "Forward",
            "Id": "{3d94f61e-21fc-4a0c-ac20-db5d73a79ba0}"
        },
        "Type": "LaneBoundary"
    },
    "type": "Feature"
}
,{
    "geometry": {
        "coordinates": [
            [
                0.00015963960914072516,
                -4.6846620685083e-05,
                0.18999999999999995
            ],
            [
                0.0001494572053952643,
                -4.6846620685105606e-05,
                0.46439969803047226
            ],
            [
                0.00013927480164979876,
                -4.684662068512673e-05,
                0.7497245470457085
            ],
            [
                0.0001290923979043287,
                -4.684662068514635e-05,
                1.0568996980304723
            ],
            [
                0.0001290923979043287,
                -4.684662068514635e-05,
                1.0568996980304726
            ],
            [
                0.00012400119603159213,
                -4.6846620685155614e-05,
                1.196068580142141
            ],
            [
                0.00011890999415885456,
                -4.684662068516449e-05,
                1.2954749245076183
            ],
            [
                0.00011381879228611608,
                -4.6846620685173e-05,
                1.3551187311269044
            ],
            [
                0.00010872759041337667,
                -4.684662068518115e-05,
                1.375
            ],
            [
                9.854518666789528e-05,
                -4.6846620685196306e-05,
                1.375
            ]
        ],
        "type": "LineString"
    },
    "properties": {
        "Id": "{ba4bfbe7-a2a2-4e24-b784-bb37443ab1ef}",
        "LeftLane": {
            "Dir": "Forward",
            "Id": "{3d94f61e-21fc-4a0c-ac20-db5d73a79ba0}"
        },
        "Type": "LaneBoundary"
    },
    "type": "Feature"
}
,{
    "geometry": {
        "coordinates": [
            [
                8.983193094004505e-05,
                -0.00020479789243672733,
                1.375
            ],
            [
                9.072400136569623e-05,
                -0.0002047979397202416,
                1.375
            ],
            [
                9.133480021478342e-05,
                -0.00020479805918252397,
                1.375
            ],
            [
                9.345086747156085e-05,
                -0.00020479915483489317,
                1.375
            ],
            [
                9.434293758925093e-05,
                -0.0002047999025795288,
                1.375
            ],
            [
                9.434292377314352e-05,
                -0.00020479990256746456,
                1.375
            ],
            [
                9.434293803886362e-05,
                -0.0002047999025799213,
                1.375
            ],
            [
                9.523015864909682e-05,
                -0.0002048006456982018,
                1.375
            ],
            [
                9.732328355239787e-05,
                -0.000204801714047184,
                1.375
            ],
            [
                9.792745912654406e-05,
                -0.00020480182372922576,
                1.375
            ],
            [
                9.881468047599063e-05,
                -0.00020480185558844103,
                1.375
            ],
            [
                9.881468125372507e-05,
                -0.00020480185558844103,
                1.375
            ]
        ],
        "type": "LineString"
    },
    "properties": {
        "Id": "{9e10cf6e-356f-4058-9e86-383670e64311}",
        "RightLane": {
            "Dir": "Forward",
            "Id": "{b254f8dc-8cef-407d-b1cf-858a17d8646a}"
        },
        "Type": "LaneBoundary"
    },
    "type": "Feature"
}
,{
    "geometry": {
        "coordinates": [
            [
                8.983192388150204e-05,
                -0.00020520143434597435,
                1.375
            ],
            [
                9.072395222734255e-05,
                -0.00020520148162651904,
                1.375
            ],
            [
                9.133469360709689e-05,
                -0.00020520160107756133,
                1.375
            ],
            [
                9.345056176563818e-05,
                -0.0002052026966268419,
                1.375
            ],
            [
                9.434258980353132e-05,
                -0.00020520344433694492,
                1.375
            ],
            [
                9.434257622999333e-05,
                -0.00020520344432509247,
                1.375
            ],
            [
                9.434259025314408e-05,
                -0.0002052034443373374,
                1.375
            ],
            [
                9.52298538149041e-05,
                -0.00020520418749081886,
                1.375
            ],
            [
                9.732318194106064e-05,
                -0.00020520525594352768,
                1.375
            ],
            [
                9.792741617500548e-05,
                -0.00020520536563621862,
                1.375
            ],
            [
                9.881468047599309e-05,
                -0.00020520539749775056,
                1.375
            ],
            [
                9.881468125372754e-05,
                -0.00020520539749775056,
                1.375
            ]
        ],
        "type": "LineString"
    },
    "properties": {
        "Id": "{c5fdaf94-d999-482d-b734-7f26c7902b08}",
        "LeftLane": {
            "Dir": "Forward",
            "Id": "{b254f8dc-8cef-407d-b1cf-858a17d8646a}"
        },
        "RightLane": {
            "Dir": "Forward",
            "Id": "{21b98684-bc5f-42c7-9204-5e923e2d2bf0}"
        },
        "Type": "LaneBoundary"
    },
    "type": "Feature"
}
,{
    "geometry": {
        "coordinates": [
            [
                8.983152841262037e-05,
                -0.00022781067126869726,
                1.375
            ],
            [
                9.0721199153493e-05,
                -0.0002278107183828622,
                1.375
            ],
            [
                9.132872069973754e-05,
                -0.00022781083720415719,
                1.375
            ],
            [
                9.343343398417832e-05,
                -0.00022781192697769175,
                1.375
            ],
            [
                9.432310441787586e-05,
                -0.00022781267275303623,
                1.375
            ],
            [
                9.432310443477113e-05,
                -0.00022781267275305068,
                1.375
            ],
            [
                9.432310486749182e-05,
                -0.00022781267275342868,
                1.375
            ],
            [
                9.52127748738478e-05,
                -0.00022781341787911385,
                1.375
            ],
            [
                9.731748896409402e-05,
                -0.00022781449214331542,
                1.375
            ],
            [
                9.792500972976003e-05,
                -0.000227814602432643,
                1.375
            ],
            [
                9.881468047613946e-05,
                -0.00022781463442397306,
                1.375
            ],
            [
                9.88146812538739e-05,
                -0.00022781463442397306,
                1.375
            ]
        ],
        "type": "LineString"
    },
    "properties": {
        "Id": "{b5aeb461-335d-41b0-bc62-fa954c512332}",
        "LeftLane": {
            "Dir": "Forward",
            "Id": "{21b98684-bc5f-42c7-9204-5e923e2d2bf0}"
        },
        "RightLane": {
            "Dir": "Forward",
            "Id": "{4f1b6f98-b680-40ef-bea2-3972d56b9738}"
        },
        "Type": "LaneBoundary"
    },
    "type": "Feature"
}
,{
    "geometry": {
        "coordinates": [
            [
                8.983113294375258e-05,
                -0.0002504199081914194,
                1.375
            ],
            [
                9.071844607965749e-05,
                -0.00025041995513920464,
                1.375
            ],
            [
                9.132274779239233e-05,
                -0.00025042007333075244,
                1.375
            ],
            [
                9.341630620273286e-05,
                -0.00025042115732854095,
                1.375
            ],
            [
                9.430361903223496e-05,
                -0.0002504219011691268,
                1.375
            ],
            [
                9.430363263956349e-05,
                -0.0002504219011810083,
                1.375
            ],
            [
                9.43036194818541e-05,
                -0.00025042190116951934,
                1.375
            ],
            [
                9.519569593280619e-05,
                -0.0002504226482674082,
                1.375
            ],
            [
                9.731179598714244e-05,
                -0.00025042372834310257,
                1.375
            ],
            [
                9.792260328452974e-05,
                -0.0002504238392290666,
                1.375
            ],
            [
                9.88146804763011e-05,
                -0.00025042387135019474,
                1.375
            ],
            [
                9.881468125403554e-05,
                -0.00025042387135019474,
                1.375
            ]
        ],
        "type": "LineString"
    },
    "properties": {
        "Id": "{86430cca-9074-4678-9af5-0131c537cdab}",
        "LeftLane": {
            "Dir": "Forward",
            "Id": "{4f1b6f98-b680-40ef-bea2-3972d56b9738}"
        },
        "RightLane": {
            "Dir": "Forward",
            "Id": "{c997712d-0526-4b0c-98df-acbf589b5ca2}"
        },
        "Type": "LaneBoundary"
    },
    "type": "Feature"
}
,{
    "geometry": {
        "coordinates": [
            [
                8.983113294375258e-05,
                -0.0002504199081914194,
                1.375
            ],
            [
                9.071844607965749e-05,
                -0.00025041995513920464,
                1.375
            ],
            [
                9.132274779239233e-05,
                -0.00025042007333075244,
                1.375
            ],
            [
                9.341630620273286e-05,
                -0.00025042115732854095,
                1.375
            ],
            [
                9.430361903223496e-05,
                -0.0002504219011691268,
                1.375
            ],
            [
                9.430363263956349e-05,
                -0.0002504219011810083,
                1.375
            ],
            [
                9.43036194818541e-05,
                -0.00025042190116951934,
                1.375
            ],
            [
                9.519569593280619e-05,
                -0.0002504226482674082,
                1.375
            ],
            [
                9.731179598714244e-05,
                -0.00025042372834310257,
                1.375
            ],
            [
                9.792260328452974e-05,
                -0.0002504238392290666,
                1.375
            ],
            [
                9.88146804763011e-05,
                -0.00025042387135019474,
                1.375
            ],
            [
                9.881468125403554e-05,
                -0.00025042387135019474,
                1.375
            ]
        ],
        "type": "LineString"
    },
    "properties": {
        "Id": "{1bd648ba-a4fa-4cc1-af29-9625e5f010f1}",
        "LeftLane": {
            "Dir": "Forward",
            "Id": "{c997712d-0526-4b0c-98df-acbf589b5ca2}"
        },
        "Type": "LaneBoundary"
    },
    "type": "Feature"
}
,{
    "geometry": {
        "coordinates": [
            [
                9.881468125372507e-05,
                -0.00020480185558844103,
                1.375
            ],
            [
                0.00011402156838112058,
                -0.0002048018555883394,
                1.375
            ],
            [
                0.00011655604956901911,
                -0.00020480185558832104,
                1.368934073404086
            ],
            [
                0.00011909053075691734,
                -0.00020480185558830228,
                1.350736293616344
            ],
            [
                0.00012162501194481538,
                -0.00020480185558828312,
                1.3204066606367741
            ],
            [
                0.00012415949313271315,
                -0.00020480185558826355,
                1.2779451744653767
            ],
            [
                0.00013429741788430186,
                -0.00020480185558818126,
                1.0838355233961297
            ],
            [
                0.00013660044272552002,
                -0.00020480185558816169,
                1.03441667183603
            ],
            [
                0.00014051789268070344,
                -0.0002048018555881276,
                0.9258985722041696
            ],
            [
                0.00014443534263588627,
                -0.00020480185558809251,
                0.7865766370532112
            ],
            [
                0.00015964222976325428,
                -0.0002048018555879473,
                0.18596445462832567
            ]
        ],
        "type": "LineString"
    },
    "properties": {
        "Id": "{af908c94-41d6-4b67-87b3-507695c3fd82}",
        "RightLane": {
            "Dir": "Forward",
            "Id": "{3d906de2-76cc-40a0-84df-bb40d65a2566}"
        },
        "Type": "LaneBoundary"
    },
    "type": "Feature"
}
,{
    "geometry": {
        "coordinates": [
            [
                9.881468125372754e-05,
                -0.00020520539749775056,
                1.375
            ],
            [
                0.00011402156838112342,
                -0.0002052053974976487,
                1.375
            ],
            [
                0.00011655604956902201,
                -0.00020520539749763032,
                1.368934073404086
            ],
            [
                0.00011909053075692032,
                -0.00020520539749761154,
                1.350736293616344
            ],
            [
                0.00012162501194481843,
                -0.00020520539749759232,
                1.3204066606367741
            ],
            [
                0.00012415949313271624,
                -0.00020520539749757272,
                1.2779451744653767
            ],
            [
                0.0001342974178843052,
                -0.00020520539749749027,
                1.0838355233961297
            ],
            [
                0.00013660044272552346,
                -0.00020520539749747065,
                1.03441667183603
            ],
            [
                0.00014051789268070697,
                -0.0002052053974974365,
                0.9258985722041696
            ],
            [
                0.00014443534263588984,
                -0.00020520539749740137,
                0.7865766370532112
            ],
            [
                0.00015964222976325824,
                -0.00020520539749725587,
                0.18596445462832567
            ]
        ],
        "type": "LineString"
    },
    "properties": {
        "Id": "{d70fb458-176d-467c-a882-fcd1cbe061eb}",
        "LeftLane": {
            "Dir": "Forward",
            "Id": "{3d906de2-76cc-40a0-84df-bb40d65a2566}"
        },
        "RightLane": {
            "Dir": "Forward",
            "Id": "{ea76e6e3-bc5f-43fe-bd5a-fa477da53b83}"
        },
        "Type": "LaneBoundary"
    },
    "type": "Feature"
}
,{
    "geometry": {
        "coordinates": [
            [
                9.88146812538739e-05,
                -0.00022781463442397306,
                1.375
            ],
            [
                0.0001140215683812923,
                -0.00022781463442385997,
                1.375
            ],
            [
                0.00011655604956919464,
                -0.0002278146344238396,
                1.368934073404086
            ],
            [
                0.0001190905307570967,
                -0.00022781463442381875,
                1.350736293616344
            ],
            [
                0.00012162501194499858,
                -0.00022781463442379744,
                1.3204066606367741
            ],
            [
                0.00012415949313290014,
                -0.00022781463442377565,
                1.2779451744653767
            ],
            [
                0.00013429741788450412,
                -0.00022781463442368412,
                1.0838355233961297
            ],
            [
                0.00013660044272572578,
                -0.00022781463442366232,
                1.03441667183603
            ],
            [
                0.0001405178926809151,
                -0.0002278146344236244,
                0.9258985722041696
            ],
            [
                0.00014443534263610378,
                -0.0002278146344235854,
                0.7865766370532112
            ],
            [
                0.00015964222976349473,
                -0.00022781463442342388,
                0.18596445462832567
            ]
        ],
        "type": "LineString"
    },
    "properties": {
        "Id": "{819d69c4-66c7-402c-a9f2-17f4a5f2c85a}",
        "LeftLane": {
            "Dir": "Forward",
            "Id": "{ea76e6e3-bc5f-43fe-bd5a-fa477da53b83}"
        },
        "RightLane": {
            "Dir": "Forward",
            "Id": "{a88fac4b-cac2-45dd-ba62-237d4e50ef01}"
        },
        "Type": "LaneBoundary"
    },
    "type": "Feature"
}
,{
    "geometry": {
        "coordinates": [
            [
                9.881468125403554e-05,
                -0.00025042387135019474,
                1.375
            ],
            [
                0.00011402156838147884,
                -0.00025042387135007044,
                1.375
            ],
            [
                0.0001165560495693853,
                -0.000250423871350048,
                1.368934073404086
            ],
            [
                0.00011909053075729151,
                -0.0002504238713500251,
                1.350736293616344
            ],
            [
                0.0001216250119451975,
                -0.00025042387135000164,
                1.3204066606367741
            ],
            [
                0.00012415949313310324,
                -0.00025042387134997774,
                1.2779451744653767
            ],
            [
                0.0001342974178847238,
                -0.0002504238713498771,
                1.0838355233961297
            ],
            [
                0.00013660044272594923,
                -0.00025042387134985316,
                1.03441667183603
            ],
            [
                0.00014051789268114496,
                -0.0002504238713498115,
                0.9258985722041696
            ],
            [
                0.00014443534263634003,
                -0.0002504238713497686,
                0.7865766370532112
            ],
            [
                0.00015964222976375583,
                -0.00025042387134959106,
                0.18596445462832567
            ]
        ],
        "type": "LineString"
    },
    "properties": {
        "Id": "{aeb244c2-d86e-46eb-8078-18c32ff6984c}",
        "LeftLane": {
            "Dir": "Forward",
            "Id": "{a88fac4b-cac2-45dd-ba62-237d4e50ef01}"
        },
        "RightLane": {
            "Dir": "Forward",
            "Id": "{10624449-db88-45e3-bea7-efcf1b838254}"
        },
        "Type": "LaneBoundary"
    },
    "type": "Feature"
}
,{
    "geometry": {
        "coordinates": [
            [
                9.881468125403554e-05,
                -0.00025042387135019474,
                1.375
            ],
            [
                0.00011402156838147884,
                -0.00025042387135007044,
                1.375
            ],
            [
                0.0001165560495693853,
                -0.000250423871350048,
                1.368934073404086
            ],
            [
                0.00011909053075729151,
                -0.0002504238713500251,
                1.350736293616344
            ],
            [
                0.0001216250119451975,
                -0.00025042387135000164,
                1.3204066606367741
            ],
            [
                0.00012415949313310324,
                -0.00025042387134997774,
                1.2779451744653767
            ],
            [
                0.0001342974178847238,
                -0.0002504238713498771,
                1.0838355233961297
            ],
            [
                0.00013660044272594923,
                -0.00025042387134985316,
                1.03441667183603
            ],
            [
                0.00014051789268114496,
                -0.0002504238713498115,
                0.9258985722041696
            ],
            [
                0.00014443534263634003,
                -0.0002504238713497686,
                0.7865766370532112
            ],
            [
                0.00015964222976375583,
                -0.00025042387134959106,
                0.18596445462832567
            ]
        ],
        "type": "LineString"
    },
    "properties": {
        "Id": "{bdf9ac93-a120-4ba9-bc28-c485d4475415}",
        "LeftLane": {
            "Dir": "Forward",
            "Id": "{10624449-db88-45e3-bea7-efcf1b838254}"
        },
        "Type": "LaneBoundary"
    },
    "type": "Feature"
}
,{
    "geometry": {
        "coordinates": [
            [
                -6.785698125989529e-05,
                -0.00013891115167483784,
                1.38
            ],
            [
                -6.785698125995789e-05,
                -0.00015935292350487013,
                1.38
            ],
            [
                -6.785698126010881e-05,
                -0.00020023646716493343,
                1.38
            ],
            [
                -6.785698126029404e-05,
                -0.00024112001082499468,
                1.38
            ],
            [
                -6.785698126039952e-05,
                -0.00026156178265502445,
                1.38
            ]
        ],
        "type": "LineString"
    },
    "properties": {
        "Id": "{22a9923b-d539-4b9e-bf33-c933999a3a6a}",
        "RightLane": {
            "Dir": "Forward",
            "Id": "{96e6bc75-8224-411d-9d29-dc38f6274df9}"
        },
        "Type": "LaneBoundary"
    },
    "type": "Feature"
}
,{
    "geometry": {
        "coordinates": [
            [
                -6.785698125989529e-05,
                -0.00013891115167483784,
                1.38
            ],
            [
                -6.785698125995789e-05,
                -0.00015935292350487013,
                1.38
            ],
            [
                -6.785698126010881e-05,
                -0.00020023646716493343,
                1.38
            ],
            [
                -6.785698126029404e-05,
                -0.00024112001082499468,
                1.38
            ],
            [
                -6.785698126039952e-05,
                -0.00026156178265502445,
                1.38
            ]
        ],
        "type": "LineString"
    },
    "properties": {
        "Id": "{2624689b-5921-4f40-a858-e6abc656de9a}",
        "LeftLane": {
            "Dir": "Forward",
            "Id": "{96e6bc75-8224-411d-9d29-dc38f6274df9}"
        },
        "RightLane": {
            "Dir": "Forward",
            "Id": "{4132cef5-a4f6-4b6a-8979-7970a052fa36}"
        },
        "Type": "LaneBoundary"
    },
    "type": "Feature"
}
,{
    "geometry": {
        "coordinates": [
            [
                -6.785698125989529e-05,
                -0.00013891115167483784,
                1.38
            ],
            [
                -6.785698125995789e-05,
                -0.00015935292350487013,
                1.38
            ],
            [
                -6.785698126010881e-05,
                -0.00020023646716493343,
                1.38
            ],
            [
                -6.785698126029404e-05,
                -0.00024112001082499468,
                1.38
            ],
            [
                -6.785698126039952e-05,
                -0.00026156178265502445,
                1.38
            ]
        ],
        "type": "LineString"
    },
    "properties": {
        "Id": "{4c32ad38-ab59-493e-83ab-df9d95ad74a8}",
        "LeftLane": {
            "Dir": "Forward",
            "Id": "{4132cef5-a4f6-4b6a-8979-7970a052fa36}"
        },
        "RightLane": {
            "Dir": "Forward",
            "Id": "{91d7e428-edc1-4bb9-a96c-87b86f1035c9}"
        },
        "Type": "LaneBoundary"
    },
    "type": "Feature"
}
,{
    "geometry": {
        "coordinates": [
            [
                -9.929801620413624e-05,
                -0.0001389111516747259,
                1.38
            ],
            [
                -9.929801620422784e-05,
                -0.0001593529235047417,
                1.38
            ],
            [
                -9.92980162044487e-05,
                -0.00020023646716477208,
                1.38
            ],
            [
                -9.929801620471977e-05,
                -0.00024112001082480036,
                1.38
            ],
            [
                -9.929801620487412e-05,
                -0.0002615617826548137,
                1.38
            ]
        ],
        "type": "LineString"
    },
    "properties": {
        "Id": "{6e57a27d-653f-4e37-a49c-169b74994073}",
        "LeftLane": {
            "Dir": "Forward",
            "Id": "{91d7e428-edc1-4bb9-a96c-87b86f1035c9}"
        },
        "RightLane": {
            "Dir": "Forward",
            "Id": "{0600be22-4ddc-4d69-9d5e-0b3a918ddd6c}"
        },
        "Type": "LaneBoundary"
    },
    "type": "Feature"
}
,{
    "geometry": {
        "coordinates": [
            [
                -9.929801620413624e-05,
                -0.0001389111516747259,
                1.38
            ],
            [
                -9.929801620422784e-05,
                -0.0001593529235047417,
                1.38
            ],
            [
                -9.92980162044487e-05,
                -0.00020023646716477208,
                1.38
            ],
            [
                -9.929801620471977e-05,
                -0.00024112001082480036,
                1.38
            ],
            [
                -9.929801620487412e-05,
                -0.0002615617826548137,
                1.38
            ]
        ],
        "type": "LineString"
    },
    "properties": {
        "Id": "{aeaa6933-0170-491f-9f2c-c5828049bf78}",
        "LeftLane": {
            "Dir": "Forward",
            "Id": "{0600be22-4ddc-4d69-9d5e-0b3a918ddd6c}"
        },
        "Type": "LaneBoundary"
    },
    "type": "Feature"
}
,{
    "geometry": {
        "coordinates": [
            [
                0.00021793120094526565,
                -0.00025041990819341104,
                0
            ],
            [
                0.00021793109662220387,
                -0.0002504055246227361,
                0
            ],
            [
                0.00021784764928954156,
                -0.00023609111459503305,
                0
            ],
            [
                0.00021784634810311808,
                -0.00022654759334799981,
                0
            ],
            [
                0.00021797479953793977,
                -0.00020984790922037684,
                -1.1670362536513692e-07
            ],
            [
                0.0002182696165689973,
                -0.00019315036208621754,
                -4.66814501460548e-07
            ],
            [
                0.00021863434759587753,
                -0.00017884041574737323,
                -9.526897326799662e-07
            ],
            [
                0.00021863496268366057,
                -0.00017881756038077933,
                -9.536029563031436e-07
            ],
            [
                0.00021925255445922145,
                -0.00015586915069860393,
                -1.6502690100118442e-06
            ],
            [
                0.00021938943922430784,
                -0.00015074707054007726,
                -1.7455652354943514e-06
            ],
            [
                0.00021976838381888793,
                -0.00013538000436203883,
                -1.8996394979586992e-06
            ],
            [
                0.0002198654999978951,
                -0.00013108856669692194,
                -1.9073486328125e-06
            ],
            [
                0.00021988412826382732,
                -0.00013025739584272695,
                -1.9073486328125e-06
            ],
            [
                0.00022040020371350073,
                -0.00010722565153058025,
                -1.9073486328125e-06
            ]
        ],
        "type": "LineString"
    },
    "properties": {
        "Id": "{11968f7d-0b0e-4b49-8cf9-7e18ad922d86}",
        "RightLane": {
            "Dir": "Forward",
            "Id": "{d2e71bae-1e60-4091-b3d0-e9c6a241d295}"
        },
        "Type": "LaneBoundary"
    },
    "type": "Feature"
}
,{
    "geometry": {
        "coordinates": [
            [
                0.00021793120094526565,
                -0.00025041990819341104,
                0
            ],
            [
                0.00021793109662220387,
                -0.0002504055246227361,
                0
            ],
            [
                0.00021784764928954156,
                -0.00023609111459503305,
                0
            ],
            [
                0.00021784634810311808,
                -0.00022654759334799981,
                0
            ],
            [
                0.00021797479953793977,
                -0.00020984790922037684,
                -1.1670362536513692e-07
            ],
            [
                0.0002182696165689973,
                -0.00019315036208621754,
                -4.66814501460548e-07
            ],
            [
                0.00021863434759587753,
                -0.00017884041574737323,
                -9.526897326799662e-07
            ],
            [
                0.00021863496268366057,
                -0.00017881756038077933,
                -9.536029563031436e-07
            ],
            [
                0.00021925255445922145,
                -0.00015586915069860393,
                -1.6502690100118442e-06
            ],
            [
                0.00021938943922430784,
                -0.00015074707054007726,
                -1.7455652354943514e-06
            ],
            [
                0.00021976838381888793,
                -0.00013538000436203883,
                -1.8996394979586992e-06
            ],
            [
                0.0002198654999978951,
                -0.00013108856669692194,
                -1.9073486328125e-06
            ],
            [
                0.00021988412826382732,
                -0.00013025739584272695,
                -1.9073486328125e-06
            ],
            [
                0.00022040020371350073,
                -0.00010722565153058025,
                -1.9073486328125e-06
            ]
        ],
        "type": "LineString"
    },
    "properties": {
        "Id": "{9886d9d1-3363-43a3-b000-63b65399d9dd}",
        "LeftLane": {
            "Dir": "Forward",
            "Id": "{d2e71bae-1e60-4091-b3d0-e9c6a241d295}"
        },
        "RightLane": {
            "Dir": "Forward",
            "Id": "{60ad84e1-dc12-4049-84f9-d446cf219106}"
        },
        "Type": "LaneBoundary"
    },
    "type": "Feature"
}
,{
    "geometry": {
        "coordinates": [
            [
                0.00024549077918207586,
                -0.0002502173170783408,
                0
            ],
            [
                0.0002454906748506951,
                -0.000250202933507727,
                0
            ],
            [
                0.00024540013230009715,
                -0.00023600781366922368,
                0
            ],
            [
                0.00024538618833327546,
                -0.0002266232447285542,
                0
            ],
            [
                0.00024547918020406337,
                -0.00021020120751000294,
                -1.1670362536513692e-07
            ],
            [
                0.00024572605984284627,
                -0.00019378037582252182,
                -4.66814501460548e-07
            ],
            [
                0.0002460471926562641,
                -0.00017958813271411322,
                -9.526897326799662e-07
            ],
            [
                0.00024604774192840223,
                -0.0001795652755523217,
                -9.536029563031436e-07
            ],
            [
                0.00024660151330529957,
                -0.0001566151250952073,
                -1.6502690100118442e-06
            ],
            [
                0.0002467259425423166,
                -0.00015147710125974366,
                -1.7455652354943514e-06
            ],
            [
                0.00024707414841655385,
                -0.00013601570624947626,
                -1.8996394979586992e-06
            ],
            [
                0.0002471642646207823,
                -0.0001317089366899146,
                -1.9073486328125e-06
            ],
            [
                0.00024718159107164965,
                -0.00013087732614705286,
                -1.9073486328125e-06
            ],
            [
                0.0002476786182520144,
                -0.00010784514924531926,
                -1.9073486328125e-06
            ]
        ],
        "type": "LineString"
    },
    "properties": {
        "Id": "{d78351f5-f00f-4d0f-adb2-0e751bdd14da}",
        "LeftLane": {
            "Dir": "Forward",
            "Id": "{60ad84e1-dc12-4049-84f9-d446cf219106}"
        },
        "RightLane": {
            "Dir": "Forward",
            "Id": "{3ce9a024-378d-4350-821c-e5d1a3327cb3}"
        },
        "Type": "LaneBoundary"
    },
    "type": "Feature"
}
,{
    "geometry": {
        "coordinates": [
            [
                0.00024549077918207586,
                -0.0002502173170783408,
                0
            ],
            [
                0.0002454906748506951,
                -0.000250202933507727,
                0
            ],
            [
                0.00024540013230009715,
                -0.00023600781366922368,
                0
            ],
            [
                0.00024538618833327546,
                -0.0002266232447285542,
                0
            ],
            [
                0.00024547918020406337,
                -0.00021020120751000294,
                -1.1670362536513692e-07
            ],
            [
                0.00024572605984284627,
                -0.00019378037582252182,
                -4.66814501460548e-07
            ],
            [
                0.0002460471926562641,
                -0.00017958813271411322,
                -9.526897326799662e-07
            ],
            [
                0.00024604774192840223,
                -0.0001795652755523217,
                -9.536029563031436e-07
            ],
            [
                0.00024660151330529957,
                -0.0001566151250952073,
                -1.6502690100118442e-06
            ],
            [
                0.0002467259425423166,
                -0.00015147710125974366,
                -1.7455652354943514e-06
            ],
            [
                0.00024707414841655385,
                -0.00013601570624947626,
                -1.8996394979586992e-06
            ],
            [
                0.0002471642646207823,
                -0.0001317089366899146,
                -1.9073486328125e-06
            ],
            [
                0.00024718159107164965,
                -0.00013087732614705286,
                -1.9073486328125e-06
            ],
            [
                0.0002476786182520144,
                -0.00010784514924531926,
                -1.9073486328125e-06
            ]
        ],
        "type": "LineString"
    },
    "properties": {
        "Id": "{514981ab-43ca-4f1e-a882-cc943c912704}",
        "LeftLane": {
            "Dir": "Forward",
            "Id": "{3ce9a024-378d-4350-821c-e5d1a3327cb3}"
        },
        "Type": "LaneBoundary"
    },
    "type": "Feature"
}
,{
    "geometry": {
        "coordinates": [
            [
                -6.764548056617516e-05,
                -0.00031591081965351577,
                1.38
            ],
            [
                -6.764548056654735e-05,
                -0.0003690067586970361,
                1.38
            ],
            [
                -6.764563680144119e-05,
                -0.0003710725250328299,
                1.38
            ],
            [
                -6.764739461703021e-05,
                -0.00037417136447561805,
                1.38
            ],
            [
                -6.765126125819237e-05,
                -0.0003772698214713741,
                1.38
            ],
            [
                -6.765485465981742e-05,
                -0.0003793355846455227,
                1.38
            ],
            [
                -6.771598102863915e-05,
                -0.00041301154037081794,
                1.38
            ],
            [
                -6.775123091434224e-05,
                -0.0004324315323117045,
                1.38
            ],
            [
                -6.778648114279057e-05,
                -0.000451851713074683,
                1.38
            ],
            [
                -6.784760716892617e-05,
                -0.0004855274799778774,
                1.38
            ],
            [
                -6.785120057055594e-05,
                -0.0004875932431520263,
                1.38
            ],
            [
                -6.785506738309806e-05,
                -0.0004906918889701257,
                1.38
            ],
            [
                -6.785682502732208e-05,
                -0.0004937905395905717,
                1.38
            ],
            [
                -6.785698126222133e-05,
                -0.0004958563059263565,
                1.38
            ],
            [
                -6.785698126279084e-05,
                -0.0005489522449698594,
                1.38
            ]
        ],
        "type": "LineString"
    },
    "properties": {
        "Id": "{72c1a3a5-a37a-46a2-98da-e4a3146bb493}",
        "RightLane": {
            "Dir": "Forward",
            "Id": "{72c55f48-241a-4460-910b-24512f5296d8}"
        },
        "Type": "LaneBoundary"
    },
    "type": "Feature"
}
,{
    "geometry": {
        "coordinates": [
            [
                -6.764548056617516e-05,
                -0.00031591081965351577,
                1.38
            ],
            [
                -6.764548056654735e-05,
                -0.0003690067586970361,
                1.38
            ],
            [
                -6.764563680144119e-05,
                -0.0003710725250328299,
                1.38
            ],
            [
                -6.764739461703021e-05,
                -0.00037417136447561805,
                1.38
            ],
            [
                -6.765126125819237e-05,
                -0.0003772698214713741,
                1.38
            ],
            [
                -6.765485465981742e-05,
                -0.0003793355846455227,
                1.38
            ],
            [
                -6.771598102863915e-05,
                -0.00041301154037081794,
                1.38
            ],
            [
                -6.775123091434224e-05,
                -0.0004324315323117045,
                1.38
            ],
            [
                -6.778648114279057e-05,
                -0.000451851713074683,
                1.38
            ],
            [
                -6.784760716892617e-05,
                -0.0004855274799778774,
                1.38
            ],
            [
                -6.785120057055594e-05,
                -0.0004875932431520263,
                1.38
            ],
            [
                -6.785506738309806e-05,
                -0.0004906918889701257,
                1.38
            ],
            [
                -6.785682502732208e-05,
                -0.0004937905395905717,
                1.38
            ],
            [
                -6.785698126222133e-05,
                -0.0004958563059263565,
                1.38
            ],
            [
                -6.785698126279084e-05,
                -0.0005489522449698594,
                1.38
            ]
        ],
        "type": "LineString"
    },
    "properties": {
        "Id": "{7f241fc9-28a2-4c7d-be0e-655ede7a3ff7}",
        "LeftLane": {
            "Dir": "Forward",
            "Id": "{72c55f48-241a-4460-910b-24512f5296d8}"
        },
        "RightLane": {
            "Dir": "Forward",
            "Id": "{2cbd744b-1782-48ad-9851-1703e6fb5be9}"
        },
        "Type": "LaneBoundary"
    },
    "type": "Feature"
}
,{
    "geometry": {
        "coordinates": [
            [
                -6.764548056617516e-05,
                -0.00031591081965351577,
                1.38
            ],
            [
                -6.764548056654735e-05,
                -0.0003690067586970361,
                1.38
            ],
            [
                -6.764563680144119e-05,
                -0.0003710725250328299,
                1.38
            ],
            [
                -6.764739461703021e-05,
                -0.00037417136447561805,
                1.38
            ],
            [
                -6.765126125819237e-05,
                -0.0003772698214713741,
                1.38
            ],
            [
                -6.765485465981742e-05,
                -0.0003793355846455227,
                1.38
            ],
            [
                -6.771598102863915e-05,
                -0.00041301154037081794,
                1.38
            ],
            [
                -6.775123091434224e-05,
                -0.0004324315323117045,
                1.38
            ],
            [
                -6.778648114279057e-05,
                -0.000451851713074683,
                1.38
            ],
            [
                -6.784760716892617e-05,
                -0.0004855274799778774,
                1.38
            ],
            [
                -6.785120057055594e-05,
                -0.0004875932431520263,
                1.38
            ],
            [
                -6.785506738309806e-05,
                -0.0004906918889701257,
                1.38
            ],
            [
                -6.785682502732208e-05,
                -0.0004937905395905717,
                1.38
            ],
            [
                -6.785698126222133e-05,
                -0.0004958563059263565,
                1.38
            ],
            [
                -6.785698126279084e-05,
                -0.0005489522449698594,
                1.38
            ]
        ],
        "type": "LineString"
    },
    "properties": {
        "Id": "{aea34a9f-d93a-4ed7-85c2-8326e79498a3}",
        "LeftLane": {
            "Dir": "Forward",
            "Id": "{2cbd744b-1782-48ad-9851-1703e6fb5be9}"
        },
        "RightLane": {
            "Dir": "Forward",
            "Id": "{5c1466c8-acdf-4f3b-bbd8-6090e5479c3d}"
        },
        "Type": "LaneBoundary"
    },
    "type": "Feature"
}
,{
    "geometry": {
        "coordinates": [
            [
                -9.908651551079923e-05,
                -0.0003159108196532618,
                1.38
            ],
            [
                -9.908651551134438e-05,
                -0.0003690067586967395,
                1.38
            ],
            [
                -9.908667092601241e-05,
                -0.00037106529485197304,
                1.38
            ],
            [
                -9.908841643690321e-05,
                -0.0003741424424186593,
                1.38
            ],
            [
                -9.909225601158822e-05,
                -0.00037721921021544264,
                1.38
            ],
            [
                -9.909583710972839e-05,
                -0.0003792777432195924,
                1.38
            ],
            [
                -9.915696347867698e-05,
                -0.00041295369894486035,
                1.38
            ],
            [
                -9.919221336445808e-05,
                -0.00043237369088573106,
                1.38
            ],
            [
                -9.922746359298803e-05,
                -0.0004517938716486938,
                1.38
            ],
            [
                -9.928858961927368e-05,
                -0.00048546963855186084,
                1.38
            ],
            [
                -9.929219532440533e-05,
                -0.0004875426318960038,
                1.38
            ],
            [
                -9.929608920464974e-05,
                -0.0004906629682348274,
                1.38
            ],
            [
                -9.929785915239796e-05,
                -0.000493783309409614,
                1.38
            ],
            [
                -9.929801620754005e-05,
                -0.0004958563059259569,
                1.38
            ],
            [
                -9.929801620837344e-05,
                -0.0005489522449694169,
                1.38
            ]
        ],
        "type": "LineString"
    },
    "properties": {
        "Id": "{6178b747-abec-415e-ab90-0d04627458cc}",
        "LeftLane": {
            "Dir": "Forward",
            "Id": "{5c1466c8-acdf-4f3b-bbd8-6090e5479c3d}"
        },
        "RightLane": {
            "Dir": "Forward",
            "Id": "{5470384e-1018-47cd-bbf7-2ed41a001f19}"
        },
        "Type": "LaneBoundary"
    },
    "type": "Feature"
}
,{
    "geometry": {
        "coordinates": [
            [
                -9.908651551079923e-05,
                -0.0003159108196532618,
                1.38
            ],
            [
                -9.908651551134438e-05,
                -0.0003690067586967395,
                1.38
            ],
            [
                -9.908667092601241e-05,
                -0.00037106529485197304,
                1.38
            ],
            [
                -9.908841643690321e-05,
                -0.0003741424424186593,
                1.38
            ],
            [
                -9.909225601158822e-05,
                -0.00037721921021544264,
                1.38
            ],
            [
                -9.909583710972839e-05,
                -0.0003792777432195924,
                1.38
            ],
            [
                -9.915696347867698e-05,
                -0.00041295369894486035,
                1.38
            ],
            [
                -9.919221336445808e-05,
                -0.00043237369088573106,
                1.38
            ],
            [
                -9.922746359298803e-05,
                -0.0004517938716486938,
                1.38
            ],
            [
                -9.928858961927368e-05,
                -0.00048546963855186084,
                1.38
            ],
            [
                -9.929219532440533e-05,
                -0.0004875426318960038,
                1.38
            ],
            [
                -9.929608920464974e-05,
                -0.0004906629682348274,
                1.38
            ],
            [
                -9.929785915239796e-05,
                -0.000493783309409614,
                1.38
            ],
            [
                -9.929801620754005e-05,
                -0.0004958563059259569,
                1.38
            ],
            [
                -9.929801620837344e-05,
                -0.0005489522449694169,
                1.38
            ]
        ],
        "type": "LineString"
    },
    "properties": {
        "Id": "{4d9ece2e-2796-4ffb-8483-f700f72138d8}",
        "LeftLane": {
            "Dir": "Forward",
            "Id": "{5470384e-1018-47cd-bbf7-2ed41a001f19}"
        },
        "Type": "LaneBoundary"
    },
    "type": "Feature"
}
,{
    "geometry": {
        "coordinates": [
            [
                9.854518666799002e-05,
                -9.246863644695693e-05,
                1.375
            ],
            [
                8.969945519095841e-05,
                -9.235346196294509e-05,
                1.375
            ],
            [
                8.097357485900564e-05,
                -9.205465849183453e-05,
                1.375
            ],
            [
                7.132665257387963e-05,
                -9.158094796055076e-05,
                1.375
            ],
            [
                6.165871604080075e-05,
                -9.099765376553414e-05,
                1.375
            ],
            [
                4.475269980041038e-05,
                -8.981171368615745e-05,
                1.3751749627364742
            ],
            [
                2.7748745576092248e-05,
                -8.855014688991702e-05,
                1.375699850945897
            ],
            [
                1.8887265599738767e-05,
                -8.791827917731958e-05,
                1.3761078555408066
            ],
            [
                9.928807155507842e-06,
                -8.72898766449955e-05,
                1.3766091515935572
            ],
            [
                1.6642239925393502e-07,
                -8.658583694674047e-05,
                1.377258289953393
            ],
            [
                -6.191050683454954e-06,
                -8.612049304195878e-05,
                1.3777167089353122
            ],
            [
                -6.5377694466374285e-06,
                -8.609514921222624e-05,
                1.377741710046607
            ],
            [
                -9.489794984767356e-06,
                -8.587998019026611e-05,
                1.3779495616800936
            ],
            [
                -1.4218761525460247e-05,
                -8.553919825981019e-05,
                1.3782685253763935
            ],
            [
                -1.875650518828386e-05,
                -8.529170377248553e-05,
                1.3785605399055705
            ],
            [
                -2.313757208283824e-05,
                -8.523773900915839e-05,
                1.3788256052676244
            ],
            [
                -2.7382301439415793e-05,
                -8.547065969947841e-05,
                1.3790637214625554
            ],
            [
                -2.9561341139910974e-05,
                -8.573964142223396e-05,
                1.379177098941699
            ],
            [
                -3.1740336290195714e-05,
                -8.612401208354446e-05,
                1.379283161744769
            ],
            [
                -3.391285059530637e-05,
                -8.66246961948728e-05,
                1.379381909871765
            ],
            [
                -3.6072325976338786e-05,
                -8.724222976446652e-05,
                1.3794733433226873
            ],
            [
                -3.8212106866655085e-05,
                -8.797674818836738e-05,
                1.379557462097536
            ],
            [
                -4.032546556883266e-05,
                -8.882797574049344e-05,
                1.3796342661963106
            ],
            [
                -4.2405628534399953e-05,
                -8.979521673235684e-05,
                1.3797037556190115
            ],
            [
                -4.444580345711432e-05,
                -9.087734841587463e-05,
                1.3797659303656387
            ],
            [
                -4.6439207065192867e-05,
                -9.207281569552416e-05,
                1.379820790436192
            ],
            [
                -4.837909349302698e-05,
                -9.337962770851357e-05,
                1.3798683358306718
            ],
            [
                -5.025878310851892e-05,
                -9.479535632371725e-05,
                1.3799085665490776
            ],
            [
                -5.2071691668296724e-05,
                -9.631713660189208e-05,
                1.3799414825914096
            ],
            [
                -5.381135966971408e-05,
                -9.794166925117972e-05,
                1.3799670839576679
            ],
            [
                -5.547148176574045e-05,
                -9.966522510314403e-05,
                1.3799853706478522
            ],
            [
                -5.704593610661409e-05,
                -0.0001014836516256296,
                1.379996342661963
            ],
            [
                -5.8528813470476566e-05,
                -0.0001033923814795903,
                1.38
            ],
            [
                -5.98150794842768e-05,
                -0.00010523564853643486,
                1.38
            ],
            [
                -6.101370344807801e-05,
                -0.00010714781194337151,
                1.38
            ],
            [
                -6.2120610289984e-05,
                -0.00010912434949409487,
                1.38
            ],
            [
                -6.313196026159899e-05,
                -0.00011116047235282589,
                1.38
            ],
            [
                -6.40441667391447e-05,
                -0.0001132511374331313,
                1.38
            ],
            [
                -6.485391338934381e-05,
                -0.00011539106097441201,
                1.38
            ],
            [
                -6.55581706224593e-05,
                -0.00011757473328340601,
                1.38
            ],
            [
                -6.615421125608563e-05,
                -0.00011979643460072259,
                1.38
            ],
            [
                -6.665769882882243e-05,
                -0.00012213417622128876,
                1.38
            ],
            [
                -6.705362123412475e-05,
                -0.00012449933451712757,
                1.38
            ],
            [
                -6.75699229900234e-05,
                -0.0001292800597674483,
                1.38
            ],
            [
                -6.780285695737515e-05,
                -0.00013409183940374915,
                1.38
            ],
            [
                -6.785698125989529e-05,
                -0.0001389111516748378,
                1.38
            ]
        ],
        "type": "LineString"
    },
    "properties": {
        "Id": "{0dbf8436-61f2-4c85-83d8-4b1b404988a7}",
        "RightLane": {
            "Dir": "Forward",
            "Id": "{d1d8ec47-29a4-49e6-a609-3ab38d8cdb0a}"
        },
        "Type": "LaneBoundary"
    },
    "type": "Feature"
}
,{
    "geometry": {
        "coordinates": [
            [
                9.854518666799002e-05,
                -9.246863644695693e-05,
                1.375
            ],
            [
                8.969945519095841e-05,
                -9.235346196294509e-05,
                1.375
            ],
            [
                8.097357485900564e-05,
                -9.205465849183453e-05,
                1.375
            ],
            [
                7.132665257387963e-05,
                -9.158094796055076e-05,
                1.375
            ],
            [
                6.165871604080075e-05,
                -9.099765376553414e-05,
                1.375
            ],
            [
                4.475269980041038e-05,
                -8.981171368615745e-05,
                1.3751749627364742
            ],
            [
                2.7748745576092248e-05,
                -8.855014688991702e-05,
                1.375699850945897
            ],
            [
                1.8887265599738767e-05,
                -8.791827917731958e-05,
                1.3761078555408066
            ],
            [
                9.928807155507842e-06,
                -8.72898766449955e-05,
                1.3766091515935572
            ],
            [
                1.6642239925393502e-07,
                -8.658583694674047e-05,
                1.377258289953393
            ],
            [
                -6.191050683454954e-06,
                -8.612049304195878e-05,
                1.3777167089353122
            ],
            [
                -6.5377694466374285e-06,
                -8.609514921222624e-05,
                1.377741710046607
            ],
            [
                -9.489794984767356e-06,
                -8.587998019026611e-05,
                1.3779495616800936
            ],
            [
                -1.4218761525460247e-05,
                -8.553919825981019e-05,
                1.3782685253763935
            ],
            [
                -1.875650518828386e-05,
                -8.529170377248553e-05,
                1.3785605399055705
            ],
            [
                -2.313757208283824e-05,
                -8.523773900915839e-05,
                1.3788256052676244
            ],
            [
                -2.7382301439415793e-05,
                -8.547065969947841e-05,
                1.3790637214625554
            ],
            [
                -2.9561341139910974e-05,
                -8.573964142223396e-05,
                1.379177098941699
            ],
            [
                -3.1740336290195714e-05,
                -8.612401208354446e-05,
                1.379283161744769
            ],
            [
                -3.391285059530637e-05,
                -8.66246961948728e-05,
                1.379381909871765
            ],
            [
                -3.6072325976338786e-05,
                -8.724222976446652e-05,
                1.3794733433226873
            ],
            [
                -3.8212106866655085e-05,
                -8.797674818836738e-05,
                1.379557462097536
            ],
            [
                -4.032546556883266e-05,
                -8.882797574049344e-05,
                1.3796342661963106
            ],
            [
                -4.2405628534399953e-05,
                -8.979521673235684e-05,
                1.3797037556190115
            ],
            [
                -4.444580345711432e-05,
                -9.087734841587463e-05,
                1.3797659303656387
            ],
            [
                -4.6439207065192867e-05,
                -9.207281569552416e-05,
                1.379820790436192
            ],
            [
                -4.837909349302698e-05,
                -9.337962770851357e-05,
                1.3798683358306718
            ],
            [
                -5.025878310851892e-05,
                -9.479535632371725e-05,
                1.3799085665490776
            ],
            [
                -5.2071691668296724e-05,
                -9.631713660189208e-05,
                1.3799414825914096
            ],
            [
                -5.381135966971408e-05,
                -9.794166925117972e-05,
                1.3799670839576679
            ],
            [
                -5.547148176574045e-05,
                -9.966522510314403e-05,
                1.3799853706478522
            ],
            [
                -5.704593610661409e-05,
                -0.0001014836516256296,
                1.379996342661963
            ],
            [
                -5.8528813470476566e-05,
                -0.0001033923814795903,
                1.38
            ],
            [
                -5.98150794842768e-05,
                -0.00010523564853643486,
                1.38
            ],
            [
                -6.101370344807801e-05,
                -0.00010714781194337151,
                1.38
            ],
            [
                -6.2120610289984e-05,
                -0.00010912434949409487,
                1.38
            ],
            [
                -6.313196026159899e-05,
                -0.00011116047235282589,
                1.38
            ],
            [
                -6.40441667391447e-05,
                -0.0001132511374331313,
                1.38
            ],
            [
                -6.485391338934381e-05,
                -0.00011539106097441201,
                1.38
            ],
            [
                -6.55581706224593e-05,
                -0.00011757473328340601,
                1.38
            ],
            [
                -6.615421125608563e-05,
                -0.00011979643460072259,
                1.38
            ],
            [
                -6.665769882882243e-05,
                -0.00012213417622128876,
                1.38
            ],
            [
                -6.705362123412475e-05,
                -0.00012449933451712757,
                1.38
            ],
            [
                -6.75699229900234e-05,
                -0.0001292800597674483,
                1.38
            ],
            [
                -6.780285695737515e-05,
                -0.00013409183940374915,
                1.38
            ],
            [
                -6.785698125989529e-05,
                -0.0001389111516748378,
                1.38
            ]
        ],
        "type": "LineString"
    },
    "properties": {
        "Id": "{6c6886b2-c42a-4db0-910c-48dacf64e879}",
        "LeftLane": {
            "Dir": "Forward",
            "Id": "{d1d8ec47-29a4-49e6-a609-3ab38d8cdb0a}"
        },
        "RightLane": {
            "Dir": "Forward",
            "Id": "{d910258b-e9ee-405c-ab5f-a79396ae0ead}"
        },
        "Type": "LaneBoundary"
    },
    "type": "Feature"
}
,{
    "geometry": {
        "coordinates": [
            [
                9.854518666793531e-05,
                -6.985939952073152e-05,
                1.375
            ],
            [
                8.073036381562827e-05,
                -6.992554459860508e-05,
                1.375
            ],
            [
                7.082792748487513e-05,
                -7.009718291369694e-05,
                1.375
            ],
            [
                6.0928337786590254e-05,
                -7.039144669440083e-05,
                1.375
            ],
            [
                5.2309929448008714e-05,
                -7.07476037197073e-05,
                1.3750437406841185
            ],
            [
                4.369580614261692e-05,
                -7.119670111018113e-05,
                1.3751749627364742
            ],
            [
                3.508695673079478e-05,
                -7.173868731157794e-05,
                1.3753936661570672
            ],
            [
                2.648436946750441e-05,
                -7.237350010646018e-05,
                1.375699850945897
            ],
            [
                8.735115497358105e-06,
                -7.391226862084035e-05,
                1.3766091515935572
            ],
            [
                -8.868006629817525e-07,
                -7.478244937896e-05,
                1.377258289953393
            ],
            [
                -7.152190534580359e-06,
                -7.534907473897346e-05,
                1.3777167089353122
            ],
            [
                -7.493890411032098e-06,
                -7.537997717592932e-05,
                1.377741710046607
            ],
            [
                -1.0403238499683084e-05,
                -7.564309095526603e-05,
                1.3779495616800936
            ],
            [
                -1.5169867460332837e-05,
                -7.60925936682123e-05,
                1.3782685253763935
            ],
            [
                -1.9924871829682528e-05,
                -7.665163520887103e-05,
                1.3785605399055705
            ],
            [
                -2.4649143682618375e-05,
                -7.742883322351345e-05,
                1.3788256052676244
            ],
            [
                -2.6989920576724573e-05,
                -7.793250106176002e-05,
                1.3789480320109804
            ],
            [
                -2.930877876623578e-05,
                -7.853002069375606e-05,
                1.3790637214625554
            ],
            [
                -3.1694187001024995e-05,
                -7.926319303183817e-05,
                1.379177098941699
            ],
            [
                -3.4042196465515694e-05,
                -8.010992799913908e-05,
                1.379283161744769
            ],
            [
                -3.634747621117851e-05,
                -8.1068303162786e-05,
                1.379381909871765
            ],
            [
                -3.8604792355989684e-05,
                -8.213614263824677e-05,
                1.3794733433226873
            ],
            [
                -4.080901991396242e-05,
                -8.331102201440794e-05,
                1.379557462097536
            ],
            [
                -4.295515443085917e-05,
                -8.459027385793153e-05,
                1.3796342661963106
            ],
            [
                -4.503832334625002e-05,
                -8.597099376936657e-05,
                1.3797037556190115
            ],
            [
                -4.705379705612094e-05,
                -8.745004697726589e-05,
                1.3797659303656387
            ],
            [
                -4.899699965091506e-05,
                -8.902407545533727e-05,
                1.379820790436192
            ],
            [
                -5.086351930462793e-05,
                -9.068950554646955e-05,
                1.3798683358306718
            ],
            [
                -5.264911829136932e-05,
                -9.24425560763249e-05,
                1.3799085665490776
            ],
            [
                -5.434974260664973e-05,
                -9.42792469380758e-05,
                1.3799414825914096
            ],
            [
                -5.596153117154831e-05,
                -9.619540812879643e-05,
                1.3799670839576679
            ],
            [
                -5.748082459886404e-05,
                -9.818668921699158e-05,
                1.3799853706478522
            ],
            [
                -5.890417350134881e-05,
                -0.00010024856921976904,
                1.379996342661963
            ],
            [
                -6.022834632315863e-05,
                -0.00010237636686723011,
                1.38
            ],
            [
                -6.136322546786087e-05,
                -0.00010440082451947535,
                1.38
            ],
            [
                -6.24083145200258e-05,
                -0.00010647370068427045,
                1.38
            ],
            [
                -6.336157976361558e-05,
                -0.00010859096159866281,
                1.38
            ],
            [
                -6.422116616932894e-05,
                -0.00011074848712813487,
                1.38
            ],
            [
                -6.498540100443983e-05,
                -0.00011294207878427816,
                1.38
            ],
            [
                -6.565279708789173e-05,
                -0.00011516746789494252,
                1.38
            ],
            [
                -6.622205568431296e-05,
                -0.00011742032391096043,
                1.38
            ],
            [
                -6.669206903087976e-05,
                -0.00011969626283087584,
                1.38
            ],
            [
                -6.707581052305685e-05,
                -0.0001220748350811345,
                1.38
            ],
            [
                -6.736473173585804e-05,
                -0.00012446699240970392,
                1.38
            ],
            [
                -6.771104242562374e-05,
                -0.00012927355814838166,
                1.38
            ],
            [
                -6.783873653693227e-05,
                -0.00013409142641796192,
                1.38
            ],
            [
                -6.785698125989529e-05,
                -0.0001389111516748378,
                1.38
            ]
        ],
        "type": "LineString"
    },
    "properties": {
        "Id": "{a92d3029-1971-4428-8e7f-87273980aa3e}",
        "LeftLane": {
            "Dir": "Forward",
            "Id": "{d910258b-e9ee-405c-ab5f-a79396ae0ead}"
        },
        "RightLane": {
            "Dir": "Forward",
            "Id": "{d3499e4c-42cf-46e1-bde4-8b0feeb2f9b4}"
        },
        "Type": "LaneBoundary"
    },
    "type": "Feature"
}
,{
    "geometry": {
        "coordinates": [
            [
                9.854518666789583e-05,
                -4.725016259450589e-05,
                1.375
            ],
            [
                8.95754198947766e-05,
                -4.720917480731444e-05,
                1.375
            ],
            [
                8.047978652525854e-05,
                -4.7126195848117863e-05,
                1.375
            ],
            [
                6.0099277970336305e-05,
                -4.70011305810557e-05,
                1.375
            ],
            [
                4.232435225207995e-05,
                -4.704135564887185e-05,
                1.3751749627364742
            ],
            [
                2.452373216563948e-05,
                -4.728876710066399e-05,
                1.375699850945897
            ],
            [
                1.5393063856747696e-05,
                -4.7504512799120364e-05,
                1.3761078555408066
            ],
            [
                6.399510525519252e-06,
                -4.773732838459662e-05,
                1.3766091515935572
            ],
            [
                -3.2785930753706644e-06,
                -4.797782096036367e-05,
                1.377258289953393
            ],
            [
                -9.580816231409484e-06,
                -4.8131658614459015e-05,
                1.3777167089353122
            ],
            [
                -9.924523662553346e-06,
                -4.8140062544739526e-05,
                1.377741710046607
            ],
            [
                -1.2850942730994083e-05,
                -4.821186320355762e-05,
                1.3779495616800936
            ],
            [
                -1.5327042261714426e-05,
                -4.828064827206884e-05,
                1.378112412174134
            ],
            [
                -1.7960069229997038e-05,
                -4.8379662981555525e-05,
                1.3782685253763935
            ],
            [
                -2.0750705830978327e-05,
                -4.8527129247265015e-05,
                1.3784179012868725
            ],
            [
                -2.36987201202647e-05,
                -4.874403598105219e-05,
                1.3785605399055705
            ],
            [
                -2.680250388592756e-05,
                -4.905413909597308e-05,
                1.3786964412324878
            ],
            [
                -3.0058450835924107e-05,
                -4.948389834121932e-05,
                1.3788256052676244
            ],
            [
                -3.3460607187544406e-05,
                -5.0062409456038265e-05,
                1.3789480320109804
            ],
            [
                -3.6999779189807825e-05,
                -5.0821177828216575e-05,
                1.3790637214625554
            ],
            [
                -4.0735473040264534e-05,
                -5.1809065434746615e-05,
                1.379177098941699
            ],
            [
                -4.442624569823822e-05,
                -5.297945939301173e-05,
                1.379283161744769
            ],
            [
                -4.806312190727077e-05,
                -5.4330421293888044e-05,
                1.379381909871765
            ],
            [
                -5.1637194292796546e-05,
                -5.5859553030591436e-05,
                1.3794733433226873
            ],
            [
                -5.513964723290081e-05,
                -5.7563997854095953e-05,
                1.379557462097536
            ],
            [
                -5.8561780971700704e-05,
                -5.944044277805903e-05,
                1.3796342661963106
            ],
            [
                -6.189503577327432e-05,
                -6.148512231407461e-05,
                1.3797037556190115
            ],
            [
                -6.513101604146679e-05,
                -6.369382355012787e-05,
                1.3797659303656387
            ],
            [
                -6.826151432958138e-05,
                -6.606189258077693e-05,
                1.379820790436192
            ],
            [
                -7.127853516289623e-05,
                -6.858424229312857e-05,
                1.3798683358306718
            ],
            [
                -7.417431859614202e-05,
                -7.12553615081246e-05,
                1.3799085665490776
            ],
            [
                -7.694136342753733e-05,
                -7.406932547202861e-05,
                1.3799414825914096
            ],
            [
                -7.957244999071795e-05,
                -7.701980768831233e-05,
                1.3799670839576679
            ],
            [
                -8.206066244591056e-05,
                -8.010009307540868e-05,
                1.3799853706478522
            ],
            [
                -8.43994104920051e-05,
                -8.330309243103827e-05,
                1.379996342661963
            ],
            [
                -8.658245042176394e-05,
                -8.662135817904261e-05,
                1.38
            ],
            [
                -8.845956737241703e-05,
                -8.978936201299954e-05,
                1.38
            ],
            [
                -9.019381961223864e-05,
                -9.304305883777413e-05,
                1.38
            ],
            [
                -9.178113529923236e-05,
                -9.63757965697321e-05,
                1.38
            ],
            [
                -9.321775126385072e-05,
                -9.978071277006797e-05,
                1.38
            ],
            [
                -9.45002244636514e-05,
                -0.00010325074922287955,
                1.38
            ],
            [
                -9.562544275793114e-05,
                -0.00010677866717538182,
                1.38
            ],
            [
                -9.659063496368675e-05,
                -0.00011035706320810799,
                1.38
            ],
            [
                -9.739338015503078e-05,
                -0.00011397838569670518,
                1.38
            ],
            [
                -9.804174699670672e-05,
                -0.00011767994729962146,
                1.38
            ],
            [
                -9.851502576855603e-05,
                -0.00012122870199431676,
                1.38
            ],
            [
                -9.884544173839657e-05,
                -0.0001246141785847079,
                1.38
            ],
            [
                -9.906275802127126e-05,
                -0.00012782912980989435,
                1.38
            ],
            [
                -9.919401170668606e-05,
                -0.0001308686270259331,
                1.38
            ],
            [
                -9.92633648682149e-05,
                -0.0001337297185877224,
                1.38
            ],
            [
                -9.929199073387892e-05,
                -0.0001364107998182255,
                1.38
            ],
            [
                -9.929801620413624e-05,
                -0.00013891115167472586,
                1.38
            ]
        ],
        "type": "LineString"
    },
    "properties": {
        "Id": "{cc3aa322-b8d5-4b89-b6fb-a0350ea60c81}",
        "LeftLane": {
            "Dir": "Forward",
            "Id": "{d3499e4c-42cf-46e1-bde4-8b0feeb2f9b4}"
        },
        "RightLane": {
            "Dir": "Forward",
            "Id": "{6aa398f4-bf9b-4ca3-ac92-6728348b6c93}"
        },
        "Type": "LaneBoundary"
    },
    "type": "Feature"
}
,{
    "geometry": {
        "coordinates": [
            [
                9.854518666789528e-05,
                -4.6846620685196306e-05,
                1.375
            ],
            [
                8.957431720471568e-05,
                -4.680783616986156e-05,
                1.375
            ],
            [
                8.047544556279603e-05,
                -4.673122343480989e-05,
                1.375
            ],
            [
                6.008624178356988e-05,
                -4.6633339833749735e-05,
                1.375
            ],
            [
                4.2305488241499194e-05,
                -4.670910481965354e-05,
                1.3751749627364742
            ],
            [
                2.450116489587237e-05,
                -4.700003754510562e-05,
                1.375699850945897
            ],
            [
                1.5370224366321397e-05,
                -4.724035237045054e-05,
                1.3761078555408066
            ],
            [
                6.378204870117108e-06,
                -4.749855758920543e-05,
                1.3766091515935572
            ],
            [
                -3.297391571173501e-06,
                -4.776714770451849e-05,
                1.377258289953393
            ],
            [
                -9.597971176173964e-06,
                -4.793940450512565e-05,
                1.3777167089353122
            ],
            [
                -9.941589027508459e-06,
                -4.7948812349245654e-05,
                1.377741710046607
            ],
            [
                -1.286724636571021e-05,
                -4.802914965861304e-05,
                1.3779495616800936
            ],
            [
                -1.5343221715629856e-05,
                -4.810495477046831e-05,
                1.378112412174134
            ],
            [
                -1.7977045083988332e-05,
                -4.8211054865066466e-05,
                1.3782685253763935
            ],
            [
                -2.076927955688185e-05,
                -4.836567622740016e-05,
                1.3784179012868725
            ],
            [
                -2.3719573761047992e-05,
                -4.8589823356534893e-05,
                1.3785605399055705
            ],
            [
                -2.682619962127295e-05,
                -4.8907275622170796e-05,
                1.3786964412324878
            ],
            [
                -3.0085430184737324e-05,
                -4.93445207602492e-05,
                1.3788256052676244
            ],
            [
                -3.349119034326454e-05,
                -4.9930683813494135e-05,
                1.3789480320109804
            ],
            [
                -3.7034164000814195e-05,
                -5.069729754312175e-05,
                1.3790637214625554
            ],
            [
                -4.077354122867201e-05,
                -5.1693470275231376e-05,
                1.379177098941699
            ],
            [
                -4.446733054568985e-05,
                -5.2872116762117625e-05,
                1.379283161744769
            ],
            [
                -4.810657642423161e-05,
                -5.42312477808518e-05,
                1.379381909871765
            ],
            [
                -5.168239512471496e-05,
                -5.576841682131826e-05,
                1.3794733433226873
            ],
            [
                -5.51859983438578e-05,
                -5.7480721445666146e-05,
                1.379557462097536
            ],
            [
                -5.8608717083155244e-05,
                -5.9364805979066076e-05,
                1.3796342661963106
            ],
            [
                -6.19420255365498e-05,
                -6.141686551084212e-05,
                1.3797037556190115
            ],
            [
                -6.517756492411346e-05,
                -6.363265121729645e-05,
                1.3797659303656387
            ],
            [
                -6.830716719734632e-05,
                -6.60074770133021e-05,
                1.379820790436192
            ],
            [
                -7.132287854072992e-05,
                -6.853622753539528e-05,
                1.3798683358306718
            ],
            [
                -7.421698259345975e-05,
                -7.121336745466962e-05,
                1.3799085665490776
            ],
            [
                -7.69820233148288e-05,
                -7.403295211327343e-05,
                1.3799414825914096
            ],
            [
                -7.961082741654719e-05,
                -7.698863947375563e-05,
                1.3799670839576679
            ],
            [
                -8.209652628536613e-05,
                -8.007370336590953e-05,
                1.3799853706478522
            ],
            [
                -8.443257731973428e-05,
                -8.32810480111473e-05,
                1.379996342661963
            ],
            [
                -8.66127846048477e-05,
                -8.660322379981098e-05,
                1.38
            ],
            [
                -8.848719952064668e-05,
                -8.977446162167537e-05,
                1.38
            ],
            [
                -9.02187113861872e-05,
                -9.303102693481905e-05,
                1.38
            ],
            [
                -9.18032847946982e-05,
                -9.636627637360928e-05,
                1.38
            ],
            [
                -9.323719200097381e-05,
                -9.977335943458292e-05,
                1.38
            ],
            [
                -9.451702412273602e-05,
                -0.00010324523297668098,
                1.38
            ],
            [
                -9.563970166698147e-05,
                -0.00010677467636496697,
                1.38
            ],
            [
                -9.660248434393325e-05,
                -0.00011035430722597661,
                1.38
            ],
            [
                -9.740298013198206e-05,
                -0.00011397659777668847,
                1.38
            ],
            [
                -9.80492096807392e-05,
                -0.00011767888814680367,
                1.38
            ],
            [
                -9.852057863733637e-05,
                -0.00012122812473486203,
                1.38
            ],
            [
                -9.884933995008494e-05,
                -0.00012461389767906274,
                1.38
            ],
            [
                -9.90652767974099e-05,
                -0.00012782901376547496,
                1.38
            ],
            [
                -9.919544087593948e-05,
                -0.0001308685900063421,
                1.38
            ],
            [
                -9.926400526638876e-05,
                -0.00013372971121652832,
                1.38
            ],
            [
                -9.929215210409708e-05,
                -0.00013641079935388834,
                1.38
            ],
            [
                -9.929801620413624e-05,
                -0.00013891115167472586,
                1.38
            ]
        ],
        "type": "LineString"
    },
    "properties": {
        "Id": "{33a99d65-b176-4b94-93c8-6d62c7c6a077}",
        "LeftLane": {
            "Dir": "Forward",
            "Id": "{6aa398f4-bf9b-4ca3-ac92-6728348b6c93}"
        },
        "Type": "LaneBoundary"
    },
    "type": "Feature"
}
,{
    "geometry": {
        "coordinates": [
            [
                0.00017301552372251354,
                -0.0002278146344232685,
                0.06156193357656931
            ],
            [
                0.00017369313110041516,
                -0.00022781463442326028,
                0.05691826101230663
            ],
            [
                0.00017651481178763962,
                -0.00022789176660375802,
                0.037571996098181154
            ],
            [
                0.0001793281771944654,
                -0.00022812293770190393,
                0.01822573118405569
            ],
            [
                0.00018212493649436804,
                -0.00022850746646975507,
                -0.0011205337300697962
            ],
            [
                0.0001848968477983628,
                -0.00022904421972312348,
                -0.020466798644195268
            ],
            [
                0.0001875088369138001,
                -0.00022969622994445615,
                -0.03706064277146614
            ],
            [
                0.00019008382082245115,
                -0.00023048341371073857,
                -0.049954475093774285
            ],
            [
                0.00019261490245146596,
                -0.00023140366255684062,
                -0.0591482956111197
            ],
            [
                0.00019509530231988343,
                -0.00023245451160392922,
                -0.0646421043235024
            ],
            [
                0.00019751837669741405,
                -0.000233633146161626,
                -0.06643590123092237
            ],
            [
                0.00019987763539961584,
                -0.0002349364092671319,
                -0.06452968633337962
            ],
            [
                0.000202166759171799,
                -0.00023636081014112556,
                -0.05892345963087415
            ],
            [
                0.0002043796166150971,
                -0.00023790253353778647,
                -0.049617221123405955
            ],
            [
                0.0002053554808508359,
                -0.00023863855563350102,
                -0.044691425221582
            ],
            [
                0.00020753744168776578,
                -0.00024046765881813737,
                -0.03421687243527371
            ],
            [
                0.00020956861536899183,
                -0.00024246503132623808,
                -0.02513892668713986
            ],
            [
                0.0002114362348838225,
                -0.0002446181186067753,
                -0.01745758797718045
            ],
            [
                0.00021312856125038269,
                -0.000246913387361151,
                -0.011172856305395482
            ],
            [
                0.0002146349572974574,
                -0.0002493364106045901,
                -0.0062847316717849645
            ],
            [
                0.00021594595452476982,
                -0.00025187195834741247,
                -0.0027932140763488704
            ],
            [
                0.00021705331261754086,
                -0.00025450409332361713,
                -0.000698303519087215
            ],
            [
                0.00021795007124124994,
                -0.00025721627116507515,
                0
            ],
            [
                0.00021856527721144875,
                -0.0002596780499978963,
                0
            ],
            [
                0.0002190069010220796,
                -0.0002621773064528928,
                0
            ],
            [
                0.00021927275353235455,
                -0.0002647016516504035,
                0
            ],
            [
                0.00021936151690442579,
                -0.00026723857234462915,
                0
            ],
            [
                0.00021936151690443793,
                -0.0002679207464552393,
                0
            ]
        ],
        "type": "LineString"
    },
    "properties": {
        "Id": "{243cae76-495e-4070-b46b-696841364cc6}",
        "RightLane": {
            "Dir": "Forward",
            "Id": "{017cd718-f4da-4da4-a2ac-6bbb7308ee05}"
        },
        "Type": "LaneBoundary"
    },
    "type": "Feature"
}
,{
    "geometry": {
        "coordinates": [
            [
                0.00017301552372279657,
                -0.00025042387134942024,
                0.06156193357656931
            ],
            [
                0.0001736931311006993,
                -0.00025042538252376817,
                0.05691826101230663
            ],
            [
                0.00017529401176256192,
                -0.00025050684376412585,
                0.037571996098181154
            ],
            [
                0.00017688100804361928,
                -0.00025072258493365684,
                0.01822573118405569
            ],
            [
                0.00017844256232580477,
                -0.0002510665297995062,
                -0.0011205337300697962
            ],
            [
                0.00017996822204879002,
                -0.0002515317011568642,
                -0.020466798644195268
            ],
            [
                0.00018138077498974553,
                -0.0002520809678202898,
                -0.03706064277146614
            ],
            [
                0.00018274524904855652,
                -0.00025272616845956644,
                -0.049954475093774285
            ],
            [
                0.00018405566181411753,
                -0.00025345969483277545,
                -0.0591482956111197
            ],
            [
                0.00018530707251994478,
                -0.0002542736696013498,
                -0.0646421043235024
            ],
            [
                0.00018649558298568068,
                -0.000255160063584624,
                -0.06643590123092237
            ],
            [
                0.0001876183273691323,
                -0.00025611081148907585,
                -0.06452968633337962
            ],
            [
                0.00018867345095472003,
                -0.00025711792513931125,
                -0.05892345963087415
            ],
            [
                0.00018966007828147621,
                -0.0002581736032619298,
                -0.049617221123405955
            ],
            [
                0.0001900845228094755,
                -0.00025866584726148644,
                -0.044691425221582
            ],
            [
                0.00019089009972585627,
                -0.00026024825799006397,
                -0.02513892668713986
            ],
            [
                0.00019140708958446007,
                -0.0002618384169209679,
                -0.011172856305395482
            ],
            [
                0.000191689156310696,
                -0.0002633770997117486,
                -0.0027932140763488704
            ],
            [
                0.00019180304912124745,
                -0.0002648336020713841,
                0
            ],
            [
                0.0001918019722651304,
                -0.00026723857234509346,
                0
            ],
            [
                0.0001918004712071594,
                -0.00026792074645570486,
                0
            ]
        ],
        "type": "LineString"
    },
    "properties": {
        "Id": "{69e924bf-e6d0-47a4-a8e3-e7de49be9b6a}",
        "LeftLane": {
            "Dir": "Forward",
            "Id": "{017cd718-f4da-4da4-a2ac-6bbb7308ee05}"
        },
        "Type": "LaneBoundary"
    },
    "type": "Feature"
}
,{
    "geometry": {
        "coordinates": [
            [
                0.00019170359004478958,
                -0.00018489283104901032,
                -1.9073486328125e-06
            ],
            [
                0.00019237800298540142,
                -0.00015479470020374206,
                -1.9073486328125e-06
            ],
            [
                0.00019309773396934527,
                -0.00012267408681990928,
                -1.9073486328125e-06
            ],
            [
                0.00019345759946133912,
                -0.00010661378012799362,
                -1.9073486328125e-06
            ]
        ],
        "type": "LineString"
    },
    "properties": {
        "Id": "{38eb9170-2114-4e12-9e08-ec0f7c0423f1}",
        "RightLane": {
            "Dir": "Forward",
            "Id": "{1517c4c8-792c-47b9-874c-0625e7d6f5b4}"
        },
        "Type": "LaneBoundary"
    },
    "type": "Feature"
}
,{
    "geometry": {
        "coordinates": [
            [
                0.00019170359004478958,
                -0.00018489283104901032,
                -1.9073486328125e-06
            ],
            [
                0.00019237800298540142,
                -0.00015479470020374206,
                -1.9073486328125e-06
            ],
            [
                0.00019309773396934527,
                -0.00012267408681990928,
                -1.9073486328125e-06
            ],
            [
                0.00019345759946133912,
                -0.00010661378012799362,
                -1.9073486328125e-06
            ]
        ],
        "type": "LineString"
    },
    "properties": {
        "Id": "{b1e36e00-12ed-4d59-b2ba-bcb130e96874}",
        "LeftLane": {
            "Dir": "Forward",
            "Id": "{1517c4c8-792c-47b9-874c-0625e7d6f5b4}"
        },
        "RightLane": {
            "Dir": "Forward",
            "Id": "{a8eb359e-5930-447a-88b2-b1dbe4206f9a}"
        },
        "Type": "LaneBoundary"
    },
    "type": "Feature"
}
,{
    "geometry": {
        "coordinates": [
            [
                0.0002186461942970502,
                -0.00018550470245146583,
                -1.9073486328125e-06
            ],
            [
                0.00021932060723761805,
                -0.0001554065716062477,
                -1.9073486328125e-06
            ],
            [
                0.00022004033822152312,
                -0.0001232859582224688,
                -1.9073486328125e-06
            ],
            [
                0.00022040020371350073,
                -0.00010722565153058025,
                -1.9073486328125e-06
            ]
        ],
        "type": "LineString"
    },
    "properties": {
        "Id": "{70ce86d2-d75c-4e8a-87e4-191f84bbcdd3}",
        "LeftLane": {
            "Dir": "Forward",
            "Id": "{a8eb359e-5930-447a-88b2-b1dbe4206f9a}"
        },
        "RightLane": {
            "Dir": "Forward",
            "Id": "{545de22b-43ba-4ee6-857e-00bdf3a24878}"
        },
        "Type": "LaneBoundary"
    },
    "type": "Feature"
}
,{
    "geometry": {
        "coordinates": [
            [
                0.00022064465146417548,
                -0.0001855500877742097,
                -1.9073486328125e-06
            ],
            [
                0.00022131906440474007,
                -0.00015545195692899557,
                -1.9073486328125e-06
            ],
            [
                0.00022203879538864213,
                -0.000123331343545221,
                -1.9073486328125e-06
            ],
            [
                0.00022239866088061847,
                -0.00010727103685333459,
                -1.9073486328125e-06
            ]
        ],
        "type": "LineString"
    },
    "properties": {
        "Id": "{e3fbc7bc-1ad8-407f-a733-69f9b5ca0cd5}",
        "LeftLane": {
            "Dir": "Forward",
            "Id": "{545de22b-43ba-4ee6-857e-00bdf3a24878}"
        },
        "RightLane": {
            "Dir": "Forward",
            "Id": "{f31be479-0d4d-4d1b-8fac-f0c0617e03d5}"
        },
        "Type": "LaneBoundary"
    },
    "type": "Feature"
}
,{
    "geometry": {
        "coordinates": [
            [
                0.00022064465146417548,
                -0.0001855500877742097,
                -1.9073486328125e-06
            ],
            [
                0.00022131906440474007,
                -0.00015545195692899557,
                -1.9073486328125e-06
            ],
            [
                0.00022203879538864213,
                -0.000123331343545221,
                -1.9073486328125e-06
            ],
            [
                0.00022239866088061847,
                -0.00010727103685333459,
                -1.9073486328125e-06
            ]
        ],
        "type": "LineString"
    },
    "properties": {
        "Id": "{4adebc2a-370d-4fde-98f8-ad60c73e138e}",
        "LeftLane": {
            "Dir": "Forward",
            "Id": "{f31be479-0d4d-4d1b-8fac-f0c0617e03d5}"
        },
        "Type": "LaneBoundary"
    },
    "type": "Feature"
}
,{
    "geometry": {
        "coordinates": [
            [
                -6.785698126279084e-05,
                -0.0005489522449698594,
                1.38
            ],
            [
                -6.78569812631812e-05,
                -0.0005825571939178369,
                1.38
            ],
            [
                -6.785698126403148e-05,
                -0.0006497670918137801,
                1.38
            ],
            [
                -6.785698126403148e-05,
                -0.0006497670918137801,
                1.38
            ],
            [
                -6.785698126497452e-05,
                -0.0007169769897097051,
                1.38
            ],
            [
                -6.785698126545643e-05,
                -0.0007489987981322524,
                1.38
            ]
        ],
        "type": "LineString"
    },
    "properties": {
        "Id": "{da6cc53a-4617-4d09-af4c-37f3452e0ff0}",
        "RightLane": {
            "Dir": "Forward",
            "Id": "{5506d38f-14e3-49fc-b001-31c212499651}"
        },
        "Type": "LaneBoundary"
    },
    "type": "Feature"
}
,{
    "geometry": {
        "coordinates": [
            [
                -6.785698126279084e-05,
                -0.0005489522449698594,
                1.38
            ],
            [
                -6.78569812631812e-05,
                -0.0005825571939178369,
                1.38
            ],
            [
                -6.785698126403148e-05,
                -0.0006497670918137801,
                1.38
            ],
            [
                -6.785698126403148e-05,
                -0.0006497670918137801,
                1.38
            ],
            [
                -6.785698126497452e-05,
                -0.0007169769897097051,
                1.38
            ],
            [
                -6.785698126545643e-05,
                -0.0007489987981322524,
                1.38
            ]
        ],
        "type": "LineString"
    },
    "properties": {
        "Id": "{0dbd682c-d70f-4abf-9c42-9c13be00c880}",
        "LeftLane": {
            "Dir": "Forward",
            "Id": "{5506d38f-14e3-49fc-b001-31c212499651}"
        },
        "RightLane": {
            "Dir": "Forward",
            "Id": "{55e15793-4d8a-432e-9cd9-dd986398695c}"
        },
        "Type": "LaneBoundary"
    },
    "type": "Feature"
}
,{
    "geometry": {
        "coordinates": [
            [
                -6.785698126279084e-05,
                -0.0005489522449698594,
                1.38
            ],
            [
                -6.78569812631812e-05,
                -0.0005825571939178369,
                1.38
            ],
            [
                -6.785698126403148e-05,
                -0.0006497670918137801,
                1.38
            ],
            [
                -6.785698126403148e-05,
                -0.0006497670918137801,
                1.38
            ],
            [
                -6.785698126497452e-05,
                -0.0007169769897097051,
                1.38
            ],
            [
                -6.785698126545643e-05,
                -0.0007489987981322524,
                1.38
            ]
        ],
        "type": "LineString"
    },
    "properties": {
        "Id": "{6a86d6c1-5402-43a5-80ab-0ee826d8b6da}",
        "LeftLane": {
            "Dir": "Forward",
            "Id": "{55e15793-4d8a-432e-9cd9-dd986398695c}"
        },
        "RightLane": {
            "Dir": "Forward",
            "Id": "{f4e9190e-d5ac-468c-b553-ae89a5620cef}"
        },
        "Type": "LaneBoundary"
    },
    "type": "Feature"
}
,{
    "geometry": {
        "coordinates": [
            [
                -9.929801620837344e-05,
                -0.0005489522449694169,
                1.38
            ],
            [
                -9.929801620894467e-05,
                -0.0005825571939173674,
                1.38
            ],
            [
                -9.92980162101889e-05,
                -0.0006497670918132564,
                1.38
            ],
            [
                -9.92980162101889e-05,
                -0.0006497670918132564,
                1.38
            ],
            [
                -9.929801621156888e-05,
                -0.0007169769897091273,
                1.38
            ],
            [
                -9.92980162122741e-05,
                -0.0007489987981316488,
                1.38
            ]
        ],
        "type": "LineString"
    },
    "properties": {
        "Id": "{64d196f4-7866-4c5d-85d1-0e8ae5679b5c}",
        "LeftLane": {
            "Dir": "Forward",
            "Id": "{f4e9190e-d5ac-468c-b553-ae89a5620cef}"
        },
        "RightLane": {
            "Dir": "Forward",
            "Id": "{4c7e2386-2be4-401a-ab9d-41cadb9fc319}"
        },
        "Type": "LaneBoundary"
    },
    "type": "Feature"
}
,{
    "geometry": {
        "coordinates": [
            [
                -9.929801620837344e-05,
                -0.0005489522449694169,
                1.38
            ],
            [
                -9.929801620894467e-05,
                -0.0005825571939173674,
                1.38
            ],
            [
                -9.92980162101889e-05,
                -0.0006497670918132564,
                1.38
            ],
            [
                -9.92980162101889e-05,
                -0.0006497670918132564,
                1.38
            ],
            [
                -9.929801621156888e-05,
                -0.0007169769897091273,
                1.38
            ],
            [
                -9.92980162122741e-05,
                -0.0007489987981316488,
                1.38
            ]
        ],
        "type": "LineString"
    },
    "properties": {
        "Id": "{8502c9ed-b499-4447-ac9a-1db86059a097}",
        "LeftLane": {
            "Dir": "Forward",
            "Id": "{4c7e2386-2be4-401a-ab9d-41cadb9fc319}"
        },
        "Type": "LaneBoundary"
    },
    "type": "Feature"
}
,{
    "geometry": {
        "coordinates": [
            [
                0.0001452779195609925,
                -0.0002035916566729145,
                0
            ],
            [
                0.00014527791956059772,
                -0.00015326123435153595,
                0
            ],
            [
                0.00014527791956031434,
                -0.00010293081203015501,
                0
            ],
            [
                0.00014527791956014228,
                -5.260038970877245e-05,
                0
            ],
            [
                0.0001452779195600816,
                -2.2699673873891187e-06,
                0
            ]
        ],
        "type": "LineString"
    },
    "properties": {
        "Id": "{58ebe895-8fcc-41c8-bfcc-12bf52ef237a}",
        "RightLane": {
            "Dir": "Forward",
            "Id": "{f79da865-3dab-45e4-b920-43dce3c7795d}"
        },
        "Type": "LaneBoundary"
    },
    "type": "Feature"
}
,{
    "geometry": {
        "coordinates": [
            [
                0.00014682657555353825,
                -0.00020359165667290037,
                0
            ],
            [
                0.00014682657555313927,
                -0.00015326123435152532,
                0
            ],
            [
                0.00014682657555285285,
                -0.00010293081203014787,
                0
            ],
            [
                0.00014682657555267897,
                -5.260038970876881e-05,
                0
            ],
            [
                0.00014682657555261763,
                -2.269967387388961e-06,
                0
            ]
        ],
        "type": "LineString"
    },
    "properties": {
        "Id": "{3661ba1e-5972-45b0-9f46-dc12f43dbc64}",
        "LeftLane": {
            "Dir": "Forward",
            "Id": "{f79da865-3dab-45e4-b920-43dce3c7795d}"
        },
        "RightLane": {
            "Dir": "Forward",
            "Id": "{77768739-051a-4133-9f49-733846a47bca}"
        },
        "Type": "LaneBoundary"
    },
    "type": "Feature"
}
,{
    "geometry": {
        "coordinates": [
            [
                0.00021823671512483377,
                -0.00020359165667208654,
                0
            ],
            [
                0.00021823671512424074,
                -0.00015326123435091267,
                0
            ],
            [
                0.00021823671512381503,
                -0.00010293081202973641,
                0
            ],
            [
                0.00021823671512355658,
                -5.2600389708558546e-05,
                0
            ],
            [
                0.0002182367151234654,
                -2.269967387379892e-06,
                0
            ]
        ],
        "type": "LineString"
    },
    "properties": {
        "Id": "{8184965e-a357-41f5-a4f5-04e7735c8fb5}",
        "LeftLane": {
            "Dir": "Forward",
            "Id": "{77768739-051a-4133-9f49-733846a47bca}"
        },
        "RightLane": {
            "Dir": "Forward",
            "Id": "{088d849c-b7d0-4183-836b-56e78ddc3209}"
        },
        "Type": "LaneBoundary"
    },
    "type": "Feature"
}
,{
    "geometry": {
        "coordinates": [
            [
                0.00028746355390691465,
                -0.00020359165667099366,
                0
            ],
            [
                0.0002874635539061336,
                -0.00015326123435008997,
                0
            ],
            [
                0.00028746355390557284,
                -0.00010293081202918389,
                0
            ],
            [
                0.00028746355390523235,
                -5.26003897082762e-05,
                0
            ],
            [
                0.0002874635539051123,
                -2.2699673873677117e-06,
                0
            ]
        ],
        "type": "LineString"
    },
    "properties": {
        "Id": "{e9b3b366-cf0e-4eb7-9dda-a720e310fd4a}",
        "LeftLane": {
            "Dir": "Forward",
            "Id": "{088d849c-b7d0-4183-836b-56e78ddc3209}"
        },
        "RightLane": {
            "Dir": "Forward",
            "Id": "{74163dbc-18a0-48fb-a716-068c92e9d2f4}"
        },
        "Type": "LaneBoundary"
    },
    "type": "Feature"
}
,{
    "geometry": {
        "coordinates": [
            [
                0.0002889322566802045,
                -0.00020359165667096723,
                0
            ],
            [
                0.00028893225667941936,
                -0.00015326123435007008,
                0
            ],
            [
                0.0002889322566788557,
                -0.00010293081202917053,
                0
            ],
            [
                0.00028893225667851356,
                -5.260038970826937e-05,
                0
            ],
            [
                0.00028893225667839283,
                -2.2699673873674173e-06,
                0
            ]
        ],
        "type": "LineString"
    },
    "properties": {
        "Id": "{98551e47-85b6-47ff-8ab8-814835d65895}",
        "LeftLane": {
            "Dir": "Forward",
            "Id": "{74163dbc-18a0-48fb-a716-068c92e9d2f4}"
        },
        "Type": "LaneBoundary"
    },
    "type": "Feature"
}
,{
    "geometry": {
        "coordinates": [
            [
                -6.597785618781763e-05,
                -0.0002610010310765478,
                1.375
            ],
            [
                -6.59753052560315e-05,
                -0.000259668381524051,
                1.375
            ],
            [
                -6.595466517444734e-05,
                -0.00025808189872415907,
                1.375
            ],
            [
                -6.58902017805672e-05,
                -0.00025624246133782586,
                1.375
            ],
            [
                -6.574789819247922e-05,
                -0.00025415280034074523,
                1.375
            ],
            [
                -6.520510860635704e-05,
                -0.0002499777282180792,
                1.375
            ],
            [
                -6.431752308892921e-05,
                -0.00024586295366274395,
                1.375
            ],
            [
                -6.309135569220129e-05,
                -0.00024183728451643432,
                1.375
            ],
            [
                -6.153519090501522e-05,
                -0.0002379289047872712,
                1.375
            ],
            [
                -6.0481044801237704e-05,
                -0.00023571759901720935,
                1.375
            ],
            [
                -5.932112436060647e-05,
                -0.00023356063019814116,
                1.375
            ],
            [
                -5.805818511324757e-05,
                -0.00023146312246820057,
                1.375
            ],
            [
                -5.669522732667385e-05,
                -0.00022943005871403117,
                1.375
            ],
            [
                -5.545630759718237e-05,
                -0.00022774749864153785,
                1.375
            ],
            [
                -5.4319507582042e-05,
                -0.00022630614701092837,
                1.375
            ],
            [
                -5.331246225926743e-05,
                -0.000225085855545822,
                1.375
            ],
            [
                -5.245531175383193e-05,
                -0.00022407047950153864,
                1.375
            ],
            [
                -5.1736565956740715e-05,
                -0.00022322236973122976,
                1.375
            ],
            [
                -5.080255703239337e-05,
                -0.00022212554013547892,
                1.375
            ],
            [
                -4.964957968704523e-05,
                -0.00022080849968228764,
                1.375
            ],
            [
                -4.825117144470697e-05,
                -0.00021929593242052823,
                1.375
            ],
            [
                -4.657352281955917e-05,
                -0.00021762303266198687,
                1.375
            ],
            [
                -4.4808711851687956e-05,
                -0.00021603011033125146,
                1.375
            ],
            [
                -4.2965662856732244e-05,
                -0.00021452967301337163,
                1.375
            ],
            [
                -4.134179667672778e-05,
                -0.00021333040730568144,
                1.375
            ],
            [
                -3.88918004005826e-05,
                -0.00021171505050926215,
                1.375
            ],
            [
                -3.63457712919529e-05,
                -0.00021025796220239945,
                1.375
            ],
            [
                -3.3713783281924436e-05,
                -0.00020896490767942523,
                1.375
            ],
            [
                -3.100625041711651e-05,
                -0.00020784100319848068,
                1.375
            ],
            [
                -2.82338856541878e-05,
                -0.00020689069573790153,
                1.375
            ],
            [
                -2.5407658471637797e-05,
                -0.0002061177454007578,
                1.375
            ],
            [
                -2.253875146662266e-05,
                -0.0002055252105371693,
                1.375
            ],
            [
                -1.9638516254614325e-05,
                -0.00020511543565920017,
                1.375
            ],
            [
                -1.7286033009052296e-05,
                -0.00020491665785199329,
                1.375
            ],
            [
                -1.5235961428712248e-05,
                -0.00020482757538670913,
                1.375
            ],
            [
                -1.349294313840648e-05,
                -0.00020479947341323938,
                1.375
            ],
            [
                -1.2058450651811987e-05,
                -0.00020479608612001204,
                1.375
            ],
            [
                -1.038593681326934e-05,
                -0.00020479611577040879,
                1.375
            ],
            [
                3.972299706340323e-05,
                -0.00020479700410364692,
                1.375
            ],
            [
                8.983193094004521e-05,
                -0.00020479789243672733,
                1.375
            ]
        ],
        "type": "LineString"
    },
    "properties": {
        "Id": "{7cce7601-2c4c-4eb8-ba3d-b3e573a0c25e}",
        "RightLane": {
            "Dir": "Forward",
            "Id": "{a0f015f2-82b0-4067-aac5-0617d7fe6248}"
        },
        "Type": "LaneBoundary"
    },
    "type": "Feature"
}
,{
    "geometry": {
        "coordinates": [
            [
                -6.557701574138648e-05,
                -0.00026100103107654993,
                1.375
            ],
            [
                -6.557447091273298e-05,
                -0.000259670608382563,
                1.375
            ],
            [
                -6.555392237442105e-05,
                -0.00025809080548009787,
                1.375
            ],
            [
                -6.548985559421433e-05,
                -0.0002562624950634488,
                1.375
            ],
            [
                -6.534861921642149e-05,
                -0.0002541883848833586,
                1.375
            ],
            [
                -6.481018224450409e-05,
                -0.00025004679254492424,
                1.375
            ],
            [
                -6.392971425001672e-05,
                -0.0002459650142493486,
                1.375
            ],
            [
                -6.271337945465918e-05,
                -0.0002419716268290659,
                1.375
            ],
            [
                -6.11696935085023e-05,
                -0.00023809458828544,
                1.375
            ],
            [
                -6.012400057225495e-05,
                -0.0002359010149132569,
                1.375
            ],
            [
                -5.897338150054317e-05,
                -0.00023376134276560786,
                1.375
            ],
            [
                -5.7720569726975676e-05,
                -0.00023168065489030911,
                1.375
            ],
            [
                -5.636854145988487e-05,
                -0.00022966389421620755,
                1.375
            ],
            [
                -5.5138834521513484e-05,
                -0.00022799385976778101,
                1.375
            ],
            [
                -5.4008905192864195e-05,
                -0.0002265612302839402,
                1.375
            ],
            [
                -5.300609546862471e-05,
                -0.00022534607862777396,
                1.375
            ],
            [
                -5.2150374602149675e-05,
                -0.00022433239898514572,
                1.375
            ],
            [
                -5.1431628805399754e-05,
                -0.0002234842892152396,
                1.375
            ],
            [
                -5.049938552917502e-05,
                -0.00022238952885351754,
                1.375
            ],
            [
                -4.935178473000611e-05,
                -0.0002210786197782377,
                1.375
            ],
            [
                -4.796260718474852e-05,
                -0.0002195760227122186,
                1.375
            ],
            [
                -4.6298432186971144e-05,
                -0.00021791654204569787,
                1.375
            ],
            [
                -4.454881510359443e-05,
                -0.00021633733374912397,
                1.375
            ],
            [
                -4.272163357209902e-05,
                -0.0002148498142290786,
                1.375
            ],
            [
                -4.1111747832845826e-05,
                -0.00021366087342585273,
                1.375
            ],
            [
                -3.868284444489625e-05,
                -0.00021205942380987888,
                1.375
            ],
            [
                -3.6158735005228476e-05,
                -0.00021061488009381694,
                1.375
            ],
            [
                -3.354940671487724e-05,
                -0.00020933295793653224,
                1.375
            ],
            [
                -3.0865183962235334e-05,
                -0.00020821872954848218,
                1.375
            ],
            [
                -2.8116687472312272e-05,
                -0.00020727660362238637,
                1.375
            ],
            [
                -2.5314792283470704e-05,
                -0.00020651030788925202,
                1.375
            ],
            [
                -2.2470584717915742e-05,
                -0.0002059228743687763,
                1.375
            ],
            [
                -1.9595318659060955e-05,
                -0.00020551662738807133,
                1.375
            ],
            [
                -1.726171122408025e-05,
                -0.00020531945621716946,
                1.375
            ],
            [
                -1.522515526692911e-05,
                -0.0002052309706273218,
                1.375
            ],
            [
                -1.3490250201226622e-05,
                -0.00020520300621560019,
                1.375
            ],
            [
                -1.2058457710357512e-05,
                -0.00020519962802925958,
                1.375
            ],
            [
                -1.0385943871814825e-05,
                -0.00020519965767965635,
                1.375
            ],
            [
                3.9722990004859006e-05,
                -0.00020520054601289438,
                1.375
            ],
            [
                8.983192388150224e-05,
                -0.00020520143434597435,
                1.375
            ]
        ],
        "type": "LineString"
    },
    "properties": {
        "Id": "{e18016c3-33e8-479d-ac2f-8860935ee9ca}",
        "LeftLane": {
            "Dir": "Forward",
            "Id": "{a0f015f2-82b0-4067-aac5-0617d7fe6248}"
        },
        "RightLane": {
            "Dir": "Forward",
            "Id": "{f15bcc99-e8a3-4372-866e-f6fb128762d6}"
        },
        "Type": "LaneBoundary"
    },
    "type": "Feature"
}
,{
    "geometry": {
        "coordinates": [
            [
                -4.3119133638177305e-05,
                -0.0002610010310766476,
                1.375
            ],
            [
                -4.3101511104975894e-05,
                -0.00025858982417087634,
                1.375
            ],
            [
                -4.297822159205061e-05,
                -0.0002561820795561789,
                1.375
            ],
            [
                -4.2683648475491815e-05,
                -0.0002539162586220782,
                1.375
            ],
            [
                -4.220195383954535e-05,
                -0.0002516831613119817,
                1.375
            ],
            [
                -4.153651006406618e-05,
                -0.0002494984217056994,
                1.375
            ],
            [
                -4.069197597025666e-05,
                -0.00024737733532717235,
                1.375
            ],
            [
                -3.9490397128404424e-05,
                -0.0002450066629844788,
                1.375
            ],
            [
                -3.80653169563238e-05,
                -0.00024276499263622373,
                1.375
            ],
            [
                -3.6606789465169705e-05,
                -0.00024085277726429324,
                1.375
            ],
            [
                -3.506566505662679e-05,
                -0.00023900695824120096,
                1.375
            ],
            [
                -3.434691927899831e-05,
                -0.00023815884849385694,
                1.375
            ],
            [
                -3.266723082416926e-05,
                -0.00023621263462768249,
                1.375
            ],
            [
                -3.0885933150585855e-05,
                -0.0002343609881944131,
                1.375
            ],
            [
                -2.904940824448516e-05,
                -0.00023278636165770012,
                1.375
            ],
            [
                -2.8222804464271733e-05,
                -0.00023217589413293497,
                1.375
            ],
            [
                -2.6975672029156233e-05,
                -0.00023135362192186506,
                1.375
            ],
            [
                -2.567965557678977e-05,
                -0.00023061191381968982,
                1.375
            ],
            [
                -2.433988308484666e-05,
                -0.00022995370455966945,
                1.375
            ],
            [
                -2.2961655661514786e-05,
                -0.00022938159849330309,
                1.375
            ],
            [
                -2.155042657048079e-05,
                -0.0002288978592856316,
                1.375
            ],
            [
                -2.0111779653877914e-05,
                -0.00022850440095854307,
                1.375
            ],
            [
                -1.8651407238571375e-05,
                -0.00022820278031751893,
                1.375
            ],
            [
                -1.7175087575302384e-05,
                -0.00022799419078764566,
                1.375
            ],
            [
                -1.4619718591377771e-05,
                -0.00022783199014851023,
                1.375
            ],
            [
                -1.20588531793903e-05,
                -0.00022780886495200994,
                1.375
            ],
            [
                -1.0386339340845132e-05,
                -0.00022780889460240683,
                1.375
            ],
            [
                3.9722594535902914e-05,
                -0.0002278097829356398,
                1.375
            ],
            [
                8.983152841262037e-05,
                -0.00022781067126869726,
                1.375
            ]
        ],
        "type": "LineString"
    },
    "properties": {
        "Id": "{33559235-f612-4513-871a-81f1d37b30a9}",
        "LeftLane": {
            "Dir": "Forward",
            "Id": "{f15bcc99-e8a3-4372-866e-f6fb128762d6}"
        },
        "RightLane": {
            "Dir": "Forward",
            "Id": "{be7820be-5355-40a8-87d0-82895c943a37}"
        },
        "Type": "LaneBoundary"
    },
    "type": "Feature"
}
,{
    "geometry": {
        "coordinates": [
            [
                -2.0661251534961467e-05,
                -0.000261001031076705,
                1.375
            ],
            [
                -2.0659390586563933e-05,
                -0.0002599201367240799,
                1.375
            ],
            [
                -2.0649099835522318e-05,
                -0.0002590888428616151,
                1.375
            ],
            [
                -2.062947519281405e-05,
                -0.0002585073535956514,
                1.375
            ],
            [
                -2.060782396766627e-05,
                -0.0002581757742289611,
                1.375
            ],
            [
                -2.047419342904937e-05,
                -0.0002574013083745815,
                1.375
            ],
            [
                -2.021425843197838e-05,
                -0.00025666008236887737,
                1.375
            ],
            [
                -1.9762092452725575e-05,
                -0.0002558660910562202,
                1.375
            ],
            [
                -1.9564715353612363e-05,
                -0.00025559960253767537,
                1.375
            ],
            [
                -1.920467373743782e-05,
                -0.0002551443242446292,
                1.375
            ],
            [
                -1.8676479653331128e-05,
                -0.0002545051085961072,
                1.375
            ],
            [
                -1.7980955511066795e-05,
                -0.00025368151749723984,
                1.375
            ],
            [
                -1.7262209752559866e-05,
                -0.000252833407772458,
                1.375
            ],
            [
                -1.652781436182899e-05,
                -0.00025197051330290096,
                1.375
            ],
            [
                -1.5982676918295794e-05,
                -0.00025134664947711185,
                1.375
            ],
            [
                -1.562783564630597e-05,
                -0.00025096125244656236,
                1.375
            ],
            [
                -1.5473434114164906e-05,
                -0.00025080543434311556,
                1.375
            ],
            [
                -1.5377182916837915e-05,
                -0.0002507229090863123,
                1.375
            ],
            [
                -1.5333861095665604e-05,
                -0.000250690914840009,
                1.375
            ],
            [
                -1.47548564915389e-05,
                -0.00025047175418721934,
                1.375
            ],
            [
                -1.4536358609066254e-05,
                -0.0002504546129960366,
                1.375
            ],
            [
                -1.4014281915826804e-05,
                -0.0002504330096696981,
                1.375
            ],
            [
                -1.3188495893574508e-05,
                -0.00025042045959826543,
                1.375
            ],
            [
                -1.2059248648424952e-05,
                -0.0002504181018747597,
                1.375
            ],
            [
                -1.038673480987705e-05,
                -0.0002504181315251566,
                1.375
            ],
            [
                3.972219906695296e-05,
                -0.00025041901985838446,
                1.375
            ],
            [
                8.983113294375239e-05,
                -0.0002504199081914194,
                1.375
            ]
        ],
        "type": "LineString"
    },
    "properties": {
        "Id": "{c7a149bc-9217-4b9f-a5f6-652f53983529}",
        "LeftLane": {
            "Dir": "Forward",
            "Id": "{be7820be-5355-40a8-87d0-82895c943a37}"
        },
        "RightLane": {
            "Dir": "Forward",
            "Id": "{92eca5a0-84fd-48f1-b58f-08c4c22b6dde}"
        },
        "Type": "LaneBoundary"
    },
    "type": "Feature"
}
,{
    "geometry": {
        "coordinates": [
            [
                -2.0661251534961467e-05,
                -0.000261001031076705,
                1.375
            ],
            [
                -2.0659390586563933e-05,
                -0.0002599201367240799,
                1.375
            ],
            [
                -2.0649099835522318e-05,
                -0.0002590888428616151,
                1.375
            ],
            [
                -2.062947519281405e-05,
                -0.0002585073535956514,
                1.375
            ],
            [
                -2.060782396766627e-05,
                -0.0002581757742289611,
                1.375
            ],
            [
                -2.047419342904937e-05,
                -0.0002574013083745815,
                1.375
            ],
            [
                -2.021425843197838e-05,
                -0.00025666008236887737,
                1.375
            ],
            [
                -1.9762092452725575e-05,
                -0.0002558660910562202,
                1.375
            ],
            [
                -1.9564715353612363e-05,
                -0.00025559960253767537,
                1.375
            ],
            [
                -1.920467373743782e-05,
                -0.0002551443242446292,
                1.375
            ],
            [
                -1.8676479653331128e-05,
                -0.0002545051085961072,
                1.375
            ],
            [
                -1.7980955511066795e-05,
                -0.00025368151749723984,
                1.375
            ],
            [
                -1.7262209752559866e-05,
                -0.000252833407772458,
                1.375
            ],
            [
                -1.652781436182899e-05,
                -0.00025197051330290096,
                1.375
            ],
            [
                -1.5982676918295794e-05,
                -0.00025134664947711185,
                1.375
            ],
            [
                -1.562783564630597e-05,
                -0.00025096125244656236,
                1.375
            ],
            [
                -1.5473434114164906e-05,
                -0.00025080543434311556,
                1.375
            ],
            [
                -1.5377182916837915e-05,
                -0.0002507229090863123,
                1.375
            ],
            [
                -1.5333861095665604e-05,
                -0.000250690914840009,
                1.375
            ],
            [
                -1.47548564915389e-05,
                -0.00025047175418721934,
                1.375
            ],
            [
                -1.4536358609066254e-05,
                -0.0002504546129960366,
                1.375
            ],
            [
                -1.4014281915826804e-05,
                -0.0002504330096696981,
                1.375
            ],
            [
                -1.3188495893574508e-05,
                -0.00025042045959826543,
                1.375
            ],
            [
                -1.2059248648424952e-05,
                -0.0002504181018747597,
                1.375
            ],
            [
                -1.038673480987705e-05,
                -0.0002504181315251566,
                1.375
            ],
            [
                3.972219906695296e-05,
                -0.00025041901985838446,
                1.375
            ],
            [
                8.983113294375239e-05,
                -0.0002504199081914194,
                1.375
            ]
        ],
        "type": "LineString"
    },
    "properties": {
        "Id": "{231e2771-7782-45e6-8b55-6ea3a84167d6}",
        "LeftLane": {
            "Dir": "Forward",
            "Id": "{92eca5a0-84fd-48f1-b58f-08c4c22b6dde}"
        },
        "Type": "LaneBoundary"
    },
    "type": "Feature"
}
,{
    "geometry": {
        "coordinates": [
            [
                0.00021757195566331607,
                -0.0007463580420142979,
                0
            ],
            [
                0.00021830143096334694,
                -0.0006631238096000558,
                0
            ],
            [
                0.00021903090626381093,
                -0.0005798895771857936,
                0
            ],
            [
                0.000219040642652586,
                -0.0005787786405366439,
                0
            ],
            [
                0.00021915563326645106,
                -0.000564847175703639,
                0
            ],
            [
                0.00021925971684364908,
                -0.0005436111023102753,
                0
            ],
            [
                0.00021926473443887397,
                -0.0005223747709991012,
                0
            ],
            [
                0.0002192213179034743,
                -0.0005084428937538495,
                0
            ],
            [
                0.00021899444024500237,
                -0.0004458804218686186,
                0
            ],
            [
                0.00021899423626025067,
                -0.0004458241722123393,
                0
            ],
            [
                0.00021899423626025067,
                -0.0004458241722123393,
                0
            ],
            [
                0.00021867735394626866,
                -0.000358442536574336,
                0
            ],
            [
                0.00021866195819272442,
                -0.00035436495453770026,
                0
            ],
            [
                0.0002185943391716801,
                -0.0003419342038694034,
                0
            ],
            [
                0.0002185653740372339,
                -0.0003378566966438035,
                0
            ],
            [
                0.0002183760897001529,
                -0.000311759066922176,
                0
            ],
            [
                0.00021793120094526565,
                -0.00025041990819341104,
                0
            ]
        ],
        "type": "LineString"
    },
    "properties": {
        "Id": "{1ef4815a-8ca9-4fc9-a19d-009e084875f5}",
        "RightLane": {
            "Dir": "Forward",
            "Id": "{390aac76-5d34-4d1a-a604-921625496db6}"
        },
        "Type": "LaneBoundary"
    },
    "type": "Feature"
}
,{
    "geometry": {
        "coordinates": [
            [
                0.00021757195566331607,
                -0.0007463580420142979,
                0
            ],
            [
                0.00021830143096334694,
                -0.0006631238096000558,
                0
            ],
            [
                0.00021903090626381093,
                -0.0005798895771857936,
                0
            ],
            [
                0.000219040642652586,
                -0.0005787786405366439,
                0
            ],
            [
                0.00021915563326645106,
                -0.000564847175703639,
                0
            ],
            [
                0.00021925971684364908,
                -0.0005436111023102753,
                0
            ],
            [
                0.00021926473443887397,
                -0.0005223747709991012,
                0
            ],
            [
                0.0002192213179034743,
                -0.0005084428937538495,
                0
            ],
            [
                0.00021899444024500237,
                -0.0004458804218686186,
                0
            ],
            [
                0.00021899423626025067,
                -0.0004458241722123393,
                0
            ],
            [
                0.00021899423626025067,
                -0.0004458241722123393,
                0
            ],
            [
                0.00021867735394626866,
                -0.000358442536574336,
                0
            ],
            [
                0.00021866195819272442,
                -0.00035436495453770026,
                0
            ],
            [
                0.0002185943391716801,
                -0.0003419342038694034,
                0
            ],
            [
                0.0002185653740372339,
                -0.0003378566966438035,
                0
            ],
            [
                0.0002183760897001529,
                -0.000311759066922176,
                0
            ],
            [
                0.00021793120094526565,
                -0.00025041990819341104,
                0
            ]
        ],
        "type": "LineString"
    },
    "properties": {
        "Id": "{e3a80cc0-4fe7-4dc6-a2b7-70534bf92f12}",
        "LeftLane": {
            "Dir": "Forward",
            "Id": "{390aac76-5d34-4d1a-a604-921625496db6}"
        },
        "RightLane": {
            "Dir": "Forward",
            "Id": "{199f460c-da3a-4197-94a9-2f98638eac22}"
        },
        "Type": "LaneBoundary"
    },
    "type": "Feature"
}
,{
    "geometry": {
        "coordinates": [
            [
                0.0002451311958773813,
                -0.0007466028412553516,
                0
            ],
            [
                0.00024586067117692,
                -0.0006633686088412683,
                0
            ],
            [
                0.0002465901464769498,
                -0.000580134376427166,
                0
            ],
            [
                0.0002465998828657195,
                -0.0005790234397780182,
                0
            ],
            [
                0.00024671521536987563,
                -0.0005650492331523931,
                0
            ],
            [
                0.00024681993760380407,
                -0.0005436828552127291,
                0
            ],
            [
                0.00024682498598689834,
                -0.0005223162177726717,
                0
            ],
            [
                0.00024678144715049177,
                -0.0005083415975204793,
                0
            ],
            [
                0.00024655456949177184,
                -0.00044577912563537265,
                0
            ],
            [
                0.0002465543655070198,
                -0.0004457228759790936,
                0
            ],
            [
                0.0002465543655070198,
                -0.0004457228759790935,
                0
            ],
            [
                0.00024623748319274597,
                -0.0003583412403412629,
                0
            ],
            [
                0.00024622203927123664,
                -0.00035425114828902736,
                0
            ],
            [
                0.0002461540053398431,
                -0.0003417441225346546,
                0
            ],
            [
                0.000246124952274256,
                -0.00033765410552855806,
                0
            ],
            [
                0.00024593566793710506,
                -0.0003115564758069823,
                0
            ],
            [
                0.00024549077918207586,
                -0.0002502173170783385,
                0
            ]
        ],
        "type": "LineString"
    },
    "properties": {
        "Id": "{4b452884-abcb-4cf8-b442-eade3530fb46}",
        "LeftLane": {
            "Dir": "Forward",
            "Id": "{199f460c-da3a-4197-94a9-2f98638eac22}"
        },
        "RightLane": {
            "Dir": "Forward",
            "Id": "{71dfabcd-2773-4ce9-9d87-ac51a854a0da}"
        },
        "Type": "LaneBoundary"
    },
    "type": "Feature"
}
,{
    "geometry": {
        "coordinates": [
            [
                0.0002451311958773813,
                -0.0007466028412553516,
                0
            ],
            [
                0.00024586067117692,
                -0.0006633686088412683,
                0
            ],
            [
                0.0002465901464769498,
                -0.000580134376427166,
                0
            ],
            [
                0.0002465998828657195,
                -0.0005790234397780182,
                0
            ],
            [
                0.00024671521536987563,
                -0.0005650492331523931,
                0
            ],
            [
                0.00024681993760380407,
                -0.0005436828552127291,
                0
            ],
            [
                0.00024682498598689834,
                -0.0005223162177726717,
                0
            ],
            [
                0.00024678144715049177,
                -0.0005083415975204793,
                0
            ],
            [
                0.00024655456949177184,
                -0.00044577912563537265,
                0
            ],
            [
                0.0002465543655070198,
                -0.0004457228759790936,
                0
            ],
            [
                0.0002465543655070198,
                -0.0004457228759790935,
                0
            ],
            [
                0.00024623748319274597,
                -0.0003583412403412629,
                0
            ],
            [
                0.00024622203927123664,
                -0.00035425114828902736,
                0
            ],
            [
                0.0002461540053398431,
                -0.0003417441225346546,
                0
            ],
            [
                0.000246124952274256,
                -0.00033765410552855806,
                0
            ],
            [
                0.00024593566793710506,
                -0.0003115564758069823,
                0
            ],
            [
                0.00024549077918207586,
                -0.0002502173170783385,
                0
            ]
        ],
        "type": "LineString"
    },
    "properties": {
        "Id": "{846de415-705d-4273-89f4-b9da6b8829cc}",
        "LeftLane": {
            "Dir": "Forward",
            "Id": "{71dfabcd-2773-4ce9-9d87-ac51a854a0da}"
        },
        "Type": "LaneBoundary"
    },
    "type": "Feature"
}
,{
    "geometry": {
        "coordinates": [
            [
                0.0002564454934772373,
                -0.0002679207464545144,
                0
            ],
            [
                0.000260523665444583,
                -0.0002719678567737898,
                0
            ],
            [
                0.00026111714717201275,
                -0.0002725234532622308,
                0
            ]
        ],
        "type": "LineString"
    },
    "properties": {
        "Id": "{82342b50-df45-4e54-9424-1a6741f9c129}",
        "RightLane": {
            "Dir": "Forward",
            "Id": "{b5e06291-976b-4f4c-8467-ef5c7f3c029d}"
        },
        "Type": "LaneBoundary"
    },
    "type": "Feature"
}
,{
    "geometry": {
        "coordinates": [
            [
                0.000246310975428092,
                -0.00026792074645472377,
                0
            ],
            [
                0.0002463109754281847,
                -0.0002725234532625447,
                0
            ]
        ],
        "type": "LineString"
    },
    "properties": {
        "Id": "{c7efc4cb-3008-4c8c-8ccf-41aed4d41ce3}",
        "LeftLane": {
            "Dir": "Forward",
            "Id": "{b5e06291-976b-4f4c-8467-ef5c7f3c029d}"
        },
        "RightLane": {
            "Dir": "Forward",
            "Id": "{998f0a18-e4b0-4117-a1f6-eab892e21f80}"
        },
        "Type": "LaneBoundary"
    },
    "type": "Feature"
}
,{
    "geometry": {
        "coordinates": [
            [
                0.00021936151690443793,
                -0.0002679207464552393,
                0
            ],
            [
                0.00021936151690452046,
                -0.00027252345326306905,
                0
            ]
        ],
        "type": "LineString"
    },
    "properties": {
        "Id": "{f98c7609-e01c-4def-b902-9af589749936}",
        "LeftLane": {
            "Dir": "Forward",
            "Id": "{998f0a18-e4b0-4117-a1f6-eab892e21f80}"
        },
        "RightLane": {
            "Dir": "Forward",
            "Id": "{20525fa1-9532-47a0-917a-fd814c4fd2fd}"
        },
        "Type": "LaneBoundary"
    },
    "type": "Feature"
}
,{
    "geometry": {
        "coordinates": [
            [
                0.0001918004712071594,
                -0.00026792074645570486,
                0
            ],
            [
                0.00019180047120723157,
                -0.00027252345326354263,
                0
            ]
        ],
        "type": "LineString"
    },
    "properties": {
        "Id": "{856108b0-ab22-42a3-9840-3ad57c6238d8}",
        "LeftLane": {
            "Dir": "Forward",
            "Id": "{20525fa1-9532-47a0-917a-fd814c4fd2fd}"
        },
        "RightLane": {
            "Dir": "Forward",
            "Id": "{edc36e9a-c5a5-46f6-995e-a54a7e73f2c0}"
        },
        "Type": "LaneBoundary"
    },
    "type": "Feature"
}
,{
    "geometry": {
        "coordinates": [
            [
                0.0001918004712071594,
                -0.00026792074645570486,
                0
            ],
            [
                0.00019180047120722276,
                -0.0002719678567750861,
                0
            ],
            [
                0.00019177672742347573,
                -0.000272523453263543,
                0
            ]
        ],
        "type": "LineString"
    },
    "properties": {
        "Id": "{c4ffe42c-1305-460a-96ab-ebf35761d699}",
        "LeftLane": {
            "Dir": "Forward",
            "Id": "{edc36e9a-c5a5-46f6-995e-a54a7e73f2c0}"
        },
        "Type": "LaneBoundary"
    },
    "type": "Feature"
}
,{
    "geometry": {
        "coordinates": [
            [
                0.00026111714717201275,
                -0.0002725234532622308,
                0
            ],
            [
                0.00026484674176588657,
                -0.00027601496709305564,
                0
            ],
            [
                0.00026922126107203974,
                -0.0002800620774123158,
                0
            ],
            [
                0.0002734537619939345,
                -0.0002841091877315748,
                0
            ],
            [
                0.0002767606248335313,
                -0.0002875118357475669,
                0
            ],
            [
                0.00027828919738492197,
                -0.000289213159755565,
                0
            ],
            [
                0.00027971536789116994,
                -0.00029091448376356493,
                0
            ],
            [
                0.00028102476425262185,
                -0.0002926158077715672,
                0
            ],
            [
                0.0002822030143696248,
                -0.0002943171317795723,
                0
            ],
            [
                0.0002832357461425253,
                -0.0002960184557875807,
                0
            ],
            [
                0.0002841085874716704,
                -0.0002977197797955928,
                0
            ],
            [
                0.00028499887751808,
                -0.0002999884021324654,
                0
            ],
            [
                0.00028531717933724,
                -0.00030112271330090496,
                0
            ],
            [
                0.0002855452397245659,
                -0.0003022570244693468,
                0
            ],
            [
                0.0002857148436085332,
                -0.00030434889776675484,
                0
            ],
            [
                0.0002857109836616324,
                -0.0003596000407972408,
                0
            ],
            [
                0.00028570080743565393,
                -0.0004148511838277203,
                0
            ],
            [
                0.0002856864203570448,
                -0.00047010232685819233,
                0
            ],
            [
                0.0002856699278522521,
                -0.0005253534698886559,
                0
            ],
            [
                0.0002856534353477229,
                -0.0005806046129191096,
                0
            ],
            [
                0.00028563904826990464,
                -0.0006358557559495526,
                0
            ],
            [
                0.00028562887204524435,
                -0.0006911068989799837,
                0
            ],
            [
                0.00028562501210018963,
                -0.0007463580420104015,
                0
            ]
        ],
        "type": "LineString"
    },
    "properties": {
        "Id": "{a191c2c7-c7a5-4eda-b6cf-db55a7ba2a88}",
        "RightLane": {
            "Dir": "Forward",
            "Id": "{1a689b97-d2fb-48dc-8bd5-15b430129bea}"
        },
        "Type": "LaneBoundary"
    },
    "type": "Feature"
}
,{
    "geometry": {
        "coordinates": [
            [
                0.0002463109754281847,
                -0.0002725234532625447,
                0
            ],
            [
                0.000246310975428425,
                -0.00028410918773218944,
                0
            ],
            [
                0.0002463109754287201,
                -0.000297719779796508,
                0
            ],
            [
                0.00024631097542882155,
                -0.0003022570244703139,
                0
            ],
            [
                0.0002463109754301869,
                -0.00035776965166315494,
                0
            ],
            [
                0.0002463109754317819,
                -0.00041328227885598914,
                0
            ],
            [
                0.0002463109754336065,
                -0.0004687949060488158,
                0
            ],
            [
                0.0002463109754356609,
                -0.0005243075332416335,
                0
            ],
            [
                0.000246310975437945,
                -0.0005798201604344411,
                0
            ],
            [
                0.0002463109754404587,
                -0.0006353327876272379,
                0
            ],
            [
                0.0002463109754432021,
                -0.0006908454148200229,
                0
            ],
            [
                0.00024631097544617513,
                -0.0007463580420127947,
                0
            ]
        ],
        "type": "LineString"
    },
    "properties": {
        "Id": "{c6ab5b85-eb0e-4560-a8ee-9988b26dc446}",
        "LeftLane": {
            "Dir": "Forward",
            "Id": "{1a689b97-d2fb-48dc-8bd5-15b430129bea}"
        },
        "RightLane": {
            "Dir": "Forward",
            "Id": "{0499beb1-4d6c-43fd-8bc4-f96cdd71ca38}"
        },
        "Type": "LaneBoundary"
    },
    "type": "Feature"
}
,{
    "geometry": {
        "coordinates": [
            [
                0.00021936151690452046,
                -0.00027252345326306905,
                0
            ],
            [
                0.00021936151690473449,
                -0.0002841091877327361,
                0
            ],
            [
                0.00021936151690499735,
                -0.00029771977979708097,
                0
            ],
            [
                0.00021936151690508766,
                -0.0003022570244708956,
                0
            ],
            [
                0.00021936151690630362,
                -0.0003577696516638434,
                0
            ],
            [
                0.00021936151690772412,
                -0.00041328227885678446,
                0
            ],
            [
                0.00021936151690934915,
                -0.0004687949060497179,
                0
            ],
            [
                0.00021936151691117874,
                -0.0005243075332426424,
                0
            ],
            [
                0.0002193615169132129,
                -0.0005798201604355569,
                0
            ],
            [
                0.00021936151691545158,
                -0.0006353327876284606,
                0
            ],
            [
                0.0002193615169178948,
                -0.0006908454148213523,
                0
            ],
            [
                0.00021936151692054253,
                -0.000746358042014231,
                0
            ]
        ],
        "type": "LineString"
    },
    "properties": {
        "Id": "{6ea1a9ab-98db-4529-9801-85c0d88ee05b}",
        "LeftLane": {
            "Dir": "Forward",
            "Id": "{0499beb1-4d6c-43fd-8bc4-f96cdd71ca38}"
        },
        "RightLane": {
            "Dir": "Forward",
            "Id": "{81a8a0f5-dd87-42e4-a4fa-94d61677569d}"
        },
        "Type": "LaneBoundary"
    },
    "type": "Feature"
}
,{
    "geometry": {
        "coordinates": [
            [
                0.00019180047120723157,
                -0.00027252345326354263,
                0
            ],
            [
                0.00019180047120741865,
                -0.0002841091877332298,
                0
            ],
            [
                0.00019180047120764848,
                -0.00029771977979759824,
                0
            ],
            [
                0.0001918004712077275,
                -0.00030225702447142077,
                0
            ],
            [
                0.00019180047120879066,
                -0.00035776965166446503,
                0
            ],
            [
                0.00019180047121003266,
                -0.0004132822788575026,
                0
            ],
            [
                0.00019180047121145354,
                -0.0004687949060505325,
                0
            ],
            [
                0.00019180047121305325,
                -0.0005243075332435535,
                0
            ],
            [
                0.00019180047121483183,
                -0.0005798201604365644,
                0
            ],
            [
                0.00019180047121678922,
                -0.0006353327876295645,
                0
            ],
            [
                0.00019180047121892548,
                -0.0006908454148225528,
                0
            ],
            [
                0.00019180047122124058,
                -0.0007463580420155278,
                0
            ]
        ],
        "type": "LineString"
    },
    "properties": {
        "Id": "{d4077621-081f-4022-8687-e1ca7af0324c}",
        "LeftLane": {
            "Dir": "Forward",
            "Id": "{81a8a0f5-dd87-42e4-a4fa-94d61677569d}"
        },
        "RightLane": {
            "Dir": "Forward",
            "Id": "{3c8141af-9ee0-4868-b6ee-5e75b8e98e29}"
        },
        "Type": "LaneBoundary"
    },
    "type": "Feature"
}
,{
    "geometry": {
        "coordinates": [
            [
                0.00019180047120723157,
                -0.00027252345326354263,
                0
            ],
            [
                0.00019169230929329178,
                -0.00027324756166789986,
                0
            ],
            [
                0.0001913762912911025,
                -0.00027397167007226034,
                0
            ],
            [
                0.00019086511881014285,
                -0.0002746957784766241,
                0
            ],
            [
                0.00019017149345989208,
                -0.00027541988688099063,
                0
            ],
            [
                0.0001893081168498294,
                -0.00027614399528536017,
                0
            ],
            [
                0.00018828769058943425,
                -0.0002768681036897321,
                0
            ],
            [
                0.00018712291628818556,
                -0.0002775922120941063,
                0
            ],
            [
                0.00018582649555556275,
                -0.0002783163204984825,
                0
            ],
            [
                0.00018441113000104513,
                -0.0002790404289028607,
                0
            ],
            [
                0.00018288952123411174,
                -0.00027976453730724037,
                0
            ],
            [
                0.00017957838050091515,
                -0.0002812127541160037,
                0
            ],
            [
                0.00017599468623180707,
                -0.0002826609709247708,
                0
            ],
            [
                0.0001722400513026217,
                -0.00028410918773354,
                0
            ],
            [
                0.0001633564550872125,
                -0.00028749966141060877,
                0
            ],
            [
                0.00015917961894819417,
                -0.00028919489824913794,
                0
            ],
            [
                0.00015722874591252078,
                -0.00029004251666840024,
                0
            ],
            [
                0.0001553967332009909,
                -0.00029089013508766076,
                0
            ],
            [
                0.00015370395353979415,
                -0.00029173775350691927,
                0
            ],
            [
                0.0001521707796551205,
                -0.00029258537192617534,
                0
            ],
            [
                0.00015081758427315964,
                -0.00029343299034542903,
                0
            ],
            [
                0.00014966474012010145,
                -0.0002942806087646799,
                0
            ],
            [
                0.00014873261992213573,
                -0.0002951282271839278,
                0
            ],
            [
                0.00014804159640545217,
                -0.00029597584560317225,
                0
            ],
            [
                0.00014761204229624068,
                -0.0002968234640224134,
                0
            ],
            [
                0.0001474643303206911,
                -0.00029767108244165073,
                0
            ],
            [
                0.0001474643303206918,
                -0.0002977197797982849,
                0
            ],
            [
                0.0001474643303207525,
                -0.00030225702447211786,
                0
            ],
            [
                0.00014746433032156994,
                -0.0003577696516652902,
                0
            ],
            [
                0.00014746433032252482,
                -0.00041328227885845575,
                0
            ],
            [
                0.00014746433032361726,
                -0.00046879490605161375,
                0
            ],
            [
                0.00014746433032484718,
                -0.0005243075332447628,
                0
            ],
            [
                0.00014746433032621466,
                -0.0005798201604379017,
                0
            ],
            [
                0.00014746433032771956,
                -0.0006353327876310299,
                0
            ],
            [
                0.00014746433032936202,
                -0.0006908454148241461,
                0
            ],
            [
                0.00014746433033114193,
                -0.0007463580420172492,
                0
            ]
        ],
        "type": "LineString"
    },
    "properties": {
        "Id": "{35959c21-1c4b-4234-a124-f4824c446ac7}",
        "LeftLane": {
            "Dir": "Forward",
            "Id": "{3c8141af-9ee0-4868-b6ee-5e75b8e98e29}"
        },
        "RightLane": {
            "Dir": "Forward",
            "Id": "{878db072-8f54-49ac-bbb9-740135a0ca3a}"
        },
        "Type": "LaneBoundary"
    },
    "type": "Feature"
}
,{
    "geometry": {
        "coordinates": [
            [
                0.00019177672742347573,
                -0.000272523453263543,
                0
            ],
            [
                0.00019175723222253677,
                -0.00027297963435493215,
                0
            ],
            [
                0.00019161076651015474,
                -0.00027348552314485715,
                0
            ],
            [
                0.00019136488495871337,
                -0.00027399141193478377,
                0
            ],
            [
                0.0001910239188172876,
                -0.00027449730072471196,
                0
            ],
            [
                0.00019059219933495206,
                -0.00027500318951464157,
                0
            ],
            [
                0.0001894738253438512,
                -0.0002760149670945049,
                0
            ],
            [
                0.00018804441297800916,
                -0.0002770267446743733,
                0
            ],
            [
                0.00018633861223002411,
                -0.000278038522254246,
                0
            ],
            [
                0.00018439107309249457,
                -0.0002790502998341225,
                0
            ],
            [
                0.0001822364455580187,
                -0.0002800620774140022,
                0
            ],
            [
                0.00017990937961919514,
                -0.00028107385499388435,
                0
            ],
            [
                0.0001774445252686221,
                -0.0002820856325737685,
                0
            ],
            [
                0.0001722400513026217,
                -0.00028410918773354,
                0
            ],
            [
                0.00016332544068912975,
                -0.00028751183574976774,
                0
            ],
            [
                0.000159136477183775,
                -0.00028921315975787633,
                0
            ],
            [
                0.00015718115629458524,
                -0.0002900638217619283,
                0
            ],
            [
                0.000155346066614631,
                -0.0002909144837659786,
                0
            ],
            [
                0.00015365180111909498,
                -0.0002917651457700267,
                0
            ],
            [
                0.00015211895278316017,
                -0.00029261580777407243,
                0
            ],
            [
                0.00015076811458200934,
                -0.00029346646977811564,
                0
            ],
            [
                0.0001496198794908253,
                -0.00029431713178215604,
                0
            ],
            [
                0.00014869484048479103,
                -0.00029516779378619345,
                0
            ],
            [
                0.00014801359053908932,
                -0.00029601845579022755,
                0
            ],
            [
                0.000147596722628903,
                -0.00029686911779425813,
                0
            ],
            [
                0.0001474643303206918,
                -0.0002977197797982849,
                0
            ],
            [
                0.0001474643303207525,
                -0.00030225702447211786,
                0
            ],
            [
                0.00014746433032156994,
                -0.0003577696516652902,
                0
            ],
            [
                0.00014746433032252482,
                -0.00041328227885845575,
                0
            ],
            [
                0.00014746433032361726,
                -0.00046879490605161375,
                0
            ],
            [
                0.00014746433032484718,
                -0.0005243075332447628,
                0
            ],
            [
                0.00014746433032621466,
                -0.0005798201604379017,
                0
            ],
            [
                0.00014746433032771956,
                -0.0006353327876310299,
                0
            ],
            [
                0.00014746433032936202,
                -0.0006908454148241461,
                0
            ],
            [
                0.00014746433033114193,
                -0.0007463580420172492,
                0
            ]
        ],
        "type": "LineString"
    },
    "properties": {
        "Id": "{c28e977d-fb69-4def-a76f-50a0fd33f7b6}",
        "LeftLane": {
            "Dir": "Forward",
            "Id": "{878db072-8f54-49ac-bbb9-740135a0ca3a}"
        },
        "Type": "LaneBoundary"
    },
    "type": "Feature"
}
,{
    "geometry": {
        "coordinates": [
            [
                -6.247162787405573e-05,
                -0.0007492683542102193,
                1.375
            ],
            [
                -6.317613051765869e-05,
                -0.0007039370457184977,
                1.375
            ],
            [
                -6.388063316128731e-05,
                -0.0006586057372267685,
                1.375
            ],
            [
                -6.458513580494291e-05,
                -0.0006132744287350322,
                1.375
            ],
            [
                -6.52896384486268e-05,
                -0.0005679431202432893,
                1.375
            ],
            [
                -6.551533505396561e-05,
                -0.0005529692685326683,
                1.375
            ],
            [
                -6.55506349738935e-05,
                -0.0005504271689547658,
                1.375
            ],
            [
                -6.583694585458111e-05,
                -0.0005236585551325029,
                1.375
            ],
            [
                -6.596663530091288e-05,
                -0.0004968887078839508,
                1.375
            ],
            [
                -6.597785618943144e-05,
                -0.00047937078957011243,
                1.375
            ],
            [
                -6.597785618903504e-05,
                -0.0004359867760912287,
                1.375
            ],
            [
                -6.597785618903504e-05,
                -0.00043598677609122863,
                1.375
            ],
            [
                -6.597785618903504e-05,
                -0.00043598676710769965,
                1.375
            ],
            [
                -6.597785618856133e-05,
                -0.0003776581899279113,
                1.375
            ],
            [
                -6.597785618815553e-05,
                -0.00031932961274811503,
                1.375
            ],
            [
                -6.597785618781763e-05,
                -0.0002610010310765479,
                1.375
            ]
        ],
        "type": "LineString"
    },
    "properties": {
        "Id": "{46f69aab-70ba-48ab-a7b8-e5e3d7f4609e}",
        "RightLane": {
            "Dir": "Forward",
            "Id": "{ff33676b-d839-4420-93f6-b1dc848c2164}"
        },
        "Type": "LaneBoundary"
    },
    "type": "Feature"
}
,{
    "geometry": {
        "coordinates": [
            [
                -6.207083648050432e-05,
                -0.0007492620411930045,
                1.375
            ],
            [
                -6.27753391241113e-05,
                -0.0007039307327012827,
                1.375
            ],
            [
                -6.347984176774366e-05,
                -0.0006585994242095531,
                1.375
            ],
            [
                -6.418434441140277e-05,
                -0.0006132681157178166,
                1.375
            ],
            [
                -6.488884705508992e-05,
                -0.0005679368072260734,
                1.375
            ],
            [
                -6.511453519974516e-05,
                -0.000552963525671629,
                1.375
            ],
            [
                -6.514983221264336e-05,
                -0.0005504216355422133,
                1.375
            ],
            [
                -6.543611767155181e-05,
                -0.0005236553985274077,
                1.375
            ],
            [
                -6.556579560265156e-05,
                -0.00049688792819583,
                1.375
            ],
            [
                -6.557701574299046e-05,
                -0.0004793707895701163,
                1.375
            ],
            [
                -6.557701574259648e-05,
                -0.00043598677609123216,
                1.375
            ],
            [
                -6.557701574259648e-05,
                -0.0004359867760912321,
                1.375
            ],
            [
                -6.557701574259648e-05,
                -0.0004359867671077031,
                1.375
            ],
            [
                -6.557701574212565e-05,
                -0.00037765818992791433,
                1.375
            ],
            [
                -6.55770157417223e-05,
                -0.00031932961274811763,
                1.375
            ],
            [
                -6.557701574138648e-05,
                -0.00026100103107655,
                1.375
            ]
        ],
        "type": "LineString"
    },
    "properties": {
        "Id": "{fba30853-5417-4ce5-a7e8-f4a447669bb7}",
        "LeftLane": {
            "Dir": "Forward",
            "Id": "{ff33676b-d839-4420-93f6-b1dc848c2164}"
        },
        "RightLane": {
            "Dir": "Forward",
            "Id": "{f3b1932b-cf6e-434c-a06c-c2ffd8f7feb7}"
        },
        "Type": "LaneBoundary"
    },
    "type": "Feature"
}
,{
    "geometry": {
        "coordinates": [
            [
                -3.961570266230885e-05,
                -0.0007489083418654797,
                1.375
            ],
            [
                -4.0320205306139995e-05,
                -0.0007035770333737454,
                1.375
            ],
            [
                -4.1024707949982605e-05,
                -0.0006582457248820031,
                1.375
            ],
            [
                -4.172921059383798e-05,
                -0.000612914416390253,
                1.375
            ],
            [
                -4.243371323770746e-05,
                -0.0005675831078984959,
                1.375
            ],
            [
                -4.265892735576126e-05,
                -0.0005526417704762076,
                1.375
            ],
            [
                -4.2694061496548015e-05,
                -0.0005501116151142435,
                1.375
            ],
            [
                -4.2978922649788115e-05,
                -0.0005234785434577116,
                1.375
            ],
            [
                -4.310795541714399e-05,
                -0.0004968442446203113,
                1.375
            ],
            [
                -4.311913363923198e-05,
                -0.00047937078957029577,
                1.375
            ],
            [
                -4.311913363897292e-05,
                -0.0004359867760913954,
                1.375
            ],
            [
                -4.311913363897292e-05,
                -0.00043598677609139533,
                1.375
            ],
            [
                -4.311913363897292e-05,
                -0.00043598676710786635,
                1.375
            ],
            [
                -4.311913363866333e-05,
                -0.0003776581899280557,
                1.375
            ],
            [
                -4.311913363839813e-05,
                -0.00031932961274823716,
                1.375
            ],
            [
                -4.3119133638177305e-05,
                -0.0002610010310766477,
                1.375
            ]
        ],
        "type": "LineString"
    },
    "properties": {
        "Id": "{40adf8fd-105b-4378-97a6-d4dd9d04d3e8}",
        "LeftLane": {
            "Dir": "Forward",
            "Id": "{f3b1932b-cf6e-434c-a06c-c2ffd8f7feb7}"
        },
        "RightLane": {
            "Dir": "Forward",
            "Id": "{06aa3746-7225-4d53-a62a-6591198d6ca6}"
        },
        "Type": "LaneBoundary"
    },
    "type": "Feature"
}
,{
    "geometry": {
        "coordinates": [
            [
                -1.7160568844110855e-05,
                -0.0007485546425378391,
                1.375
            ],
            [
                -1.7865071488165847e-05,
                -0.0007032233340460993,
                1.375
            ],
            [
                -1.8569574132218355e-05,
                -0.0006578920255543509,
                1.375
            ],
            [
                -1.927407677626968e-05,
                -0.0006125607170625945,
                1.375
            ],
            [
                -1.997857942032116e-05,
                -0.0005672294085708304,
                1.375
            ],
            [
                -2.02033195117732e-05,
                -0.0005523200152807003,
                1.375
            ],
            [
                -2.0238290780448394e-05,
                -0.0005498015946861886,
                1.375
            ],
            [
                -2.052172762801903e-05,
                -0.0005233016883879345,
                1.375
            ],
            [
                -2.065011523163004e-05,
                -0.0004968005610447158,
                1.375
            ],
            [
                -2.0661251535466837e-05,
                -0.0004793707895704011,
                1.375
            ],
            [
                -2.0661251535342703e-05,
                -0.0004359867760914911,
                1.375
            ],
            [
                -2.0661251535342703e-05,
                -0.00043598677609149106,
                1.375
            ],
            [
                -2.0661251535342703e-05,
                -0.0004359867671079621,
                1.375
            ],
            [
                -2.0661251535194353e-05,
                -0.00037765818992813865,
                1.375
            ],
            [
                -2.0661251535067275e-05,
                -0.0003193296127483073,
                1.375
            ],
            [
                -2.0661251534961467e-05,
                -0.00026100103107670503,
                1.375
            ]
        ],
        "type": "LineString"
    },
    "properties": {
        "Id": "{c6bb658e-be5c-4417-a65c-b42ef5388b19}",
        "LeftLane": {
            "Dir": "Forward",
            "Id": "{06aa3746-7225-4d53-a62a-6591198d6ca6}"
        },
        "RightLane": {
            "Dir": "Forward",
            "Id": "{88f88b61-2ac5-4a79-bb3f-5646e38964b2}"
        },
        "Type": "LaneBoundary"
    },
    "type": "Feature"
}
,{
    "geometry": {
        "coordinates": [
            [
                -1.7160568844110855e-05,
                -0.0007485546425378391,
                1.375
            ],
            [
                -1.7865071488165847e-05,
                -0.0007032233340460993,
                1.375
            ],
            [
                -1.8569574132218355e-05,
                -0.0006578920255543509,
                1.375
            ],
            [
                -1.927407677626968e-05,
                -0.0006125607170625945,
                1.375
            ],
            [
                -1.997857942032116e-05,
                -0.0005672294085708304,
                1.375
            ],
            [
                -2.02033195117732e-05,
                -0.0005523200152807003,
                1.375
            ],
            [
                -2.0238290780448394e-05,
                -0.0005498015946861886,
                1.375
            ],
            [
                -2.052172762801903e-05,
                -0.0005233016883879345,
                1.375
            ],
            [
                -2.065011523163004e-05,
                -0.0004968005610447158,
                1.375
            ],
            [
                -2.0661251535466837e-05,
                -0.0004793707895704011,
                1.375
            ],
            [
                -2.0661251535342703e-05,
                -0.0004359867760914911,
                1.375
            ],
            [
                -2.0661251535342703e-05,
                -0.00043598677609149106,
                1.375
            ],
            [
                -2.0661251535342703e-05,
                -0.0004359867671079621,
                1.375
            ],
            [
                -2.0661251535194353e-05,
                -0.00037765818992813865,
                1.375
            ],
            [
                -2.0661251535067275e-05,
                -0.0003193296127483073,
                1.375
            ],
            [
                -2.0661251534961467e-05,
                -0.00026100103107670503,
                1.375
            ]
        ],
        "type": "LineString"
    },
    "properties": {
        "Id": "{2ffd4b2d-a26e-4453-b64e-d69b4d857868}",
        "LeftLane": {
            "Dir": "Forward",
            "Id": "{88f88b61-2ac5-4a79-bb3f-5646e38964b2}"
        },
        "Type": "LaneBoundary"
    },
    "type": "Feature"
}
,{
    "geometry": {
        "coordinates": [
            [
                0.00014735849630588904,
                -0.0002959226406320457,
                0
            ],
            [
                0.00014775665629702435,
                -0.0002500713690958767,
                0
            ]
        ],
        "type": "LineString"
    },
    "properties": {
        "Id": "{8ef531ed-3230-480e-af84-1903e41a8bdf}",
        "RightLane": {
            "Dir": "Forward",
            "Id": "{f9270ed4-fa92-40a8-a74c-9e216b80bfd2}"
        },
        "Type": "LaneBoundary"
    },
    "type": "Feature"
}
,{
    "geometry": {
        "coordinates": [
            [
                0.00014767331563997544,
                -0.0002959254114107731,
                0
            ],
            [
                0.00014807147563110953,
                -0.0002500741398746049,
                0
            ]
        ],
        "type": "LineString"
    },
    "properties": {
        "Id": "{88ec531a-653d-450f-b671-ff67474dea4a}",
        "LeftLane": {
            "Dir": "Forward",
            "Id": "{f9270ed4-fa92-40a8-a74c-9e216b80bfd2}"
        },
        "RightLane": {
            "Dir": "Forward",
            "Id": "{24840194-343e-444c-ac03-bb99b4fac3e9}"
        },
        "Type": "LaneBoundary"
    },
    "type": "Feature"
}
,{
    "geometry": {
        "coordinates": [
            [
                0.00019109981621561332,
                -0.0002963076154590907,
                0
            ],
            [
                0.00019149797620658107,
                -0.0002504563439230246,
                0
            ]
        ],
        "type": "LineString"
    },
    "properties": {
        "Id": "{ab314450-7f30-443e-b6ab-2350d9cf7c55}",
        "LeftLane": {
            "Dir": "Forward",
            "Id": "{24840194-343e-444c-ac03-bb99b4fac3e9}"
        },
        "RightLane": {
            "Dir": "Forward",
            "Id": "{6f7d810b-b910-4c90-b2c5-c3dbc08b2fca}"
        },
        "Type": "LaneBoundary"
    },
    "type": "Feature"
}
,{
    "geometry": {
        "coordinates": [
            [
                0.00019109981621561332,
                -0.0002963076154590907,
                0
            ],
            [
                0.00019149797620658107,
                -0.0002504563439230246,
                0
            ]
        ],
        "type": "LineString"
    },
    "properties": {
        "Id": "{c79352cd-2c0c-406b-ba7d-5c6e52bbab3d}",
        "LeftLane": {
            "Dir": "Forward",
            "Id": "{6f7d810b-b910-4c90-b2c5-c3dbc08b2fca}"
        },
        "RightLane": {
            "Dir": "Forward",
            "Id": "{b6bcbf65-7200-469a-9dd1-9ee7fe79e4ac}"
        },
        "Type": "LaneBoundary"
    },
    "type": "Feature"
}
,{
    "geometry": {
        "coordinates": [
            [
                0.00019109981621561332,
                -0.0002963076154590907,
                0
            ],
            [
                0.00019149797620658107,
                -0.0002504563439230246,
                0
            ]
        ],
        "type": "LineString"
    },
    "properties": {
        "Id": "{7adc2581-02ce-4930-b439-05e95b5d42cd}",
        "LeftLane": {
            "Dir": "Forward",
            "Id": "{b6bcbf65-7200-469a-9dd1-9ee7fe79e4ac}"
        },
        "Type": "LaneBoundary"
    },
    "type": "Feature"
}
,{
    "geometry": {
        "coordinates": [
            [
                0.00017301552372225732,
                -0.0002052053974971159,
                0.06156193357656931
            ],
            [
                0.00017390532905441644,
                -0.00020520316535943707,
                0.05546405928646901
            ],
            [
                0.0001753674406197598,
                -0.00020512382639870268,
                0.036213475674712316
            ],
            [
                0.00017681537089080722,
                -0.0002049170032805658,
                0.016962892062955613
            ],
            [
                0.0001782375348132849,
                -0.00020458820923628407,
                -0.0022876915488010616
            ],
            [
                0.00017962340583109276,
                -0.00020414393183566736,
                -0.021538275160557764
            ],
            [
                0.00018092386358121244,
                -0.00020360968049233034,
                -0.03832899636874586
            ],
            [
                0.0001821738631556294,
                -0.00020298096470709983,
                -0.05136302665236509
            ],
            [
                0.00018336700069398055,
                -0.00020226551624891067,
                -0.06064036601141551
            ],
            [
                0.00018449797603243588,
                -0.00020147138984949754,
                -0.0661610144458971
            ],
            [
                0.00018556259522119694,
                -0.0002006068284959434,
                -0.06792497195580986
            ],
            [
                0.00018655775889373457,
                -0.00019968013075700205,
                -0.06593223854115379
            ],
            [
                0.00018748143683297835,
                -0.0001986995215058183,
                -0.060182814201928905
            ],
            [
                0.00018833262919988416,
                -0.0001976730273602189,
                -0.05067669893813519
            ],
            [
                0.000188585736158131,
                -0.00019734139044870182,
                -0.04715371829989694
            ],
            [
                0.0001897456901083987,
                -0.0001953441733817346,
                -0.02652480100871888
            ],
            [
                0.00019058818166014702,
                -0.00019328394689928913,
                -0.011789860086448842
            ],
            [
                0.00019115206741261302,
                -0.00019121825534143438,
                -0.0029488955330868195
            ],
            [
                0.00019148764143985564,
                -0.00018918256691886955,
                -1.9073486328125e-06
            ],
            [
                0.00019163448092115472,
                -0.00018747389505196916,
                -1.9073486328125e-06
            ],
            [
                0.00019168573941895,
                -0.00018578845572485967,
                -1.9073486328125e-06
            ],
            [
                0.00019170359004478958,
                -0.00018489283104901046,
                -1.9073486328125e-06
            ]
        ],
        "type": "LineString"
    },
    "properties": {
        "Id": "{3ebf5b1d-7d64-4bda-aa9d-28555efd00e9}",
        "RightLane": {
            "Dir": "Forward",
            "Id": "{d8c58e56-713f-407a-a902-19859dc221b0}"
        },
        "Type": "LaneBoundary"
    },
    "type": "Feature"
}
,{
    "geometry": {
        "coordinates": [
            [
                0.00017301552372251354,
                -0.0002278146344232685,
                0.06156193357656931
            ],
            [
                0.00017390532905467405,
                -0.0002278146344232577,
                0.05546405928646901
            ],
            [
                0.0001767127686512159,
                -0.00022773004375643667,
                0.036213475674712316
            ],
            [
                0.00017951015789700905,
                -0.000227476572029842,
                0.016962892062955613
            ],
            [
                0.00018228748234397956,
                -0.00022705512665359558,
                -0.0022876915488010616
            ],
            [
                0.0001850347993750064,
                -0.00022646721637112796,
                -0.021538275160557764
            ],
            [
                0.00018766116429264003,
                -0.0002257400532927358,
                -0.03832899636874586
            ],
            [
                0.0001902412137996444,
                -0.00022486075550231076,
                -0.05136302665236509
            ],
            [
                0.00019276626094720328,
                -0.00022383228356897332,
                -0.06064036601141551
            ],
            [
                0.0001952278039777844,
                -0.0002226581003266809,
                -0.0661610144458971
            ],
            [
                0.0001976175549503007,
                -0.0002213421592149697,
                -0.06792497195580986
            ],
            [
                0.0001999274676453578,
                -0.00021988889096784405,
                -0.06593223854115379
            ],
            [
                0.00020214976465663168,
                -0.00021830318869562769,
                -0.060182814201928905
            ],
            [
                0.00020427696357716113,
                -0.0002165903914100102,
                -0.05067669893813519
            ],
            [
                0.00020492624093390618,
                -0.00021602539479837632,
                -0.04715371829989694
            ],
            [
                0.00020704927108334468,
                -0.00021400171734653822,
                -0.03610251260819441
            ],
            [
                0.0002090214529745658,
                -0.0002118288434847032,
                -0.02652480100871888
            ],
            [
                0.0002108324692530158,
                -0.00020951814047561729,
                -0.01842058350147038
            ],
            [
                0.0002124728456931591,
                -0.000207081696626666,
                -0.011789860086448842
            ],
            [
                0.00021393400076177488,
                -0.0002045322580510702,
                -0.006632630763654316
            ],
            [
                0.00021520829051174502,
                -0.0002018831619873418,
                -0.0029488955330868195
            ],
            [
                0.00021628904857091586,
                -0.00019914826702630193,
                -0.0007386543947463138
            ],
            [
                0.00021717062101683302,
                -0.0001963418806106751,
                -1.9073486328125e-06
            ],
            [
                0.0002177632157701264,
                -0.0001938952897175134,
                -1.9073486328125e-06
            ],
            [
                0.0002182043601779435,
                -0.0001914164826383006,
                -1.9073486328125e-06
            ],
            [
                0.00021849236490096522,
                -0.00018891495183443678,
                -1.9073486328125e-06
            ],
            [
                0.00021862612704023763,
                -0.00018640027678722428,
                -1.9073486328125e-06
            ],
            [
                0.0002186461942970502,
                -0.00018550470245146583,
                -1.9073486328125e-06
            ]
        ],
        "type": "LineString"
    },
    "properties": {
        "Id": "{2bfb587f-48d7-4d05-a990-8baaca6f10aa}",
        "LeftLane": {
            "Dir": "Forward",
            "Id": "{d8c58e56-713f-407a-a902-19859dc221b0}"
        },
        "Type": "LaneBoundary"
    },
    "type": "Feature"
}
,{
    "geometry": {
        "coordinates": [
            [
                0.00015964222976325428,
                -0.0002048018555879473,
                0.18596445462832567
            ],
            [
                0.0001596660717333124,
                -0.00020480185558794707,
                0.18502279066054797
            ],
            [
                0.00016085282164214593,
                -0.00020480185558793514,
                0.15685795982967166
            ],
            [
                0.000170088762977064,
                -0.00020480185558783914,
                0.08325283912621585
            ],
            [
                0.00017301552372225298,
                -0.0002048018555878076,
                0.06156193357656931
            ]
        ],
        "type": "LineString"
    },
    "properties": {
        "Id": "{dc8596a2-a6a5-4bd3-b8dc-dfa93c19e5ec}",
        "RightLane": {
            "Dir": "Forward",
            "Id": "{a15d96d5-53eb-4f57-b465-ace79cf75923}"
        },
        "Type": "LaneBoundary"
    },
    "type": "Feature"
}
,{
    "geometry": {
        "coordinates": [
            [
                0.00015964222976325824,
                -0.00020520539749725587,
                0.18596445462832567
            ],
            [
                0.00015966607173331638,
                -0.00020520539749725562,
                0.18502279066054797
            ],
            [
                0.00016085282164214994,
                -0.00020520539749724367,
                0.15685795982967166
            ],
            [
                0.00017008876297706826,
                -0.00020520539749714747,
                0.08325283912621585
            ],
            [
                0.00017301552372225732,
                -0.0002052053974971159,
                0.06156193357656931
            ]
        ],
        "type": "LineString"
    },
    "properties": {
        "Id": "{754e12a7-acd8-402d-9a0b-03e14d6dd171}",
        "LeftLane": {
            "Dir": "Forward",
            "Id": "{a15d96d5-53eb-4f57-b465-ace79cf75923}"
        },
        "RightLane": {
            "Dir": "Forward",
            "Id": "{8cc98423-8327-4596-94ba-8b6053f2e5a6}"
        },
        "Type": "LaneBoundary"
    },
    "type": "Feature"
}
,{
    "geometry": {
        "coordinates": [
            [
                0.00015964222976349473,
                -0.00022781463442342388,
                0.18596445462832567
            ],
            [
                0.0001596660717335529,
                -0.00022781463442342358,
                0.18502279066054797
            ],
            [
                0.00016085282164238817,
                -0.00022781463442341036,
                0.15685795982967166
            ],
            [
                0.0001700887629773202,
                -0.00022781463442330356,
                0.08325283912621585
            ],
            [
                0.00017301552372251354,
                -0.0002278146344232685,
                0.06156193357656931
            ]
        ],
        "type": "LineString"
    },
    "properties": {
        "Id": "{b4dea5b0-ac69-4cac-9367-14702b331132}",
        "LeftLane": {
            "Dir": "Forward",
            "Id": "{8cc98423-8327-4596-94ba-8b6053f2e5a6}"
        },
        "RightLane": {
            "Dir": "Forward",
            "Id": "{ef646c1d-414d-4499-b3ba-fa7c5748d540}"
        },
        "Type": "LaneBoundary"
    },
    "type": "Feature"
}
,{
    "geometry": {
        "coordinates": [
            [
                0.00015964222976375583,
                -0.00025042387134959106,
                0.18596445462832567
            ],
            [
                0.00015966607173381405,
                -0.00025042387134959073,
                0.18502279066054797
            ],
            [
                0.0001608528216426513,
                -0.00025042387134957615,
                0.15685795982967166
            ],
            [
                0.00017008876297759843,
                -0.0002504238713494588,
                0.08325283912621585
            ],
            [
                0.00017301552372279657,
                -0.00025042387134942024,
                0.06156193357656931
            ]
        ],
        "type": "LineString"
    },
    "properties": {
        "Id": "{68bbacc5-0710-4357-8a14-25ddf2b2ed0d}",
        "LeftLane": {
            "Dir": "Forward",
            "Id": "{ef646c1d-414d-4499-b3ba-fa7c5748d540}"
        },
        "RightLane": {
            "Dir": "Forward",
            "Id": "{70581503-2554-4e78-94ac-50bdf5a5d2a8}"
        },
        "Type": "LaneBoundary"
    },
    "type": "Feature"
}
,{
    "geometry": {
        "coordinates": [
            [
                0.00015964222976375583,
                -0.00025042387134959106,
                0.18596445462832567
            ],
            [
                0.00015966607173381405,
                -0.00025042387134959073,
                0.18502279066054797
            ],
            [
                0.0001608528216426513,
                -0.00025042387134957615,
                0.15685795982967166
            ],
            [
                0.00017008876297759843,
                -0.0002504238713494588,
                0.08325283912621585
            ],
            [
                0.00017301552372279657,
                -0.00025042387134942024,
                0.06156193357656931
            ]
        ],
        "type": "LineString"
    },
    "properties": {
        "Id": "{bd15ec00-74b4-4121-86b3-ac243e0043e8}",
        "LeftLane": {
            "Dir": "Forward",
            "Id": "{70581503-2554-4e78-94ac-50bdf5a5d2a8}"
        },
        "Type": "LaneBoundary"
    },
    "type": "Feature"
}
,{
    "geometry": {
        "coordinates": [
            [
                0.00019312178917493776,
                -0.00010660615381581443,
                -1.9073486328125e-06
            ],
            [
                0.00019327447574683554,
                -0.00010176977157089957,
                -1.9073486328125e-06
            ],
            [
                0.00019332182173563666,
                -0.0001006864179028307,
                -1.9073486328125e-06
            ],
            [
                0.00019335931175723989,
                -9.992167752573783e-05,
                -1.9073486328125e-06
            ],
            [
                0.00019338897161197695,
                -9.947440930629986e-05,
                -1.9073486328125e-06
            ],
            [
                0.00019342378342913794,
                -9.934300878901032e-05,
                -1.9073486328125e-06
            ],
            [
                0.00019362644789211667,
                -9.940291013232098e-05,
                -1.9073486328125e-06
            ],
            [
                0.00019390930282261356,
                -9.93598382518006e-05,
                -0.009807725869105784
            ],
            [
                0.00019419672169452613,
                -9.917908049684993e-05,
                -0.03922518143052467
            ],
            [
                0.00019416439387693918,
                -9.899479448591824e-05,
                -0.04907784805221485
            ],
            [
                0.00019392994937898604,
                -9.85715314048757e-05,
                -0.06003334552883843
            ],
            [
                0.0001934857266361875,
                -9.791997688795406e-05,
                -0.07209167386039553
            ],
            [
                0.00019283252946898378,
                -9.70438384664559e-05,
                -0.08525283304688604
            ],
            [
                0.0001921955602194221,
                -9.619064568910478e-05,
                -0.09937062732082327
            ],
            [
                0.00019177560333155172,
                -9.55903549434774e-05,
                -0.11456958684133525
            ],
            [
                0.00019157258761220143,
                -9.523801025867597e-05,
                -0.1308497116084219
            ],
            [
                0.00019159532437517537,
                -9.511975050382424e-05,
                -0.14821100162208317
            ],
            [
                0.0001920196151492462,
                -9.503703160813895e-05,
                -0.21067945403637228
            ],
            [
                0.0001923798514792741,
                -9.485486367868715e-05,
                -0.2841049081039188
            ],
            [
                0.00019241006602934498,
                -9.483310508639921e-05,
                -0.2916473811296663
            ],
            [
                0.00019264569922121627,
                -9.460856423287807e-05,
                -0.3504883279172135
            ],
            [
                0.00019280650385260865,
                -9.434916361748348e-05,
                -0.39011805713658515
            ],
            [
                0.00019268911352708043,
                -9.423929807995303e-05,
                -0.39973070025453283
            ],
            [
                0.00019225094211130833,
                -9.412183325805472e-05,
                -0.4068242191263409
            ],
            [
                0.00019149566345110427,
                -9.401202021122974e-05,
                -0.41139861375200937
            ],
            [
                0.00019042733939633597,
                -9.391252510747984e-05,
                -0.41345388413153816
            ],
            [
                0.0001863288641835485,
                -9.359949772762773e-05,
                -0.4019806833217132
            ],
            [
                0.00018223038897076022,
                -9.331166789181935e-05,
                -0.3622291303083048
            ],
            [
                0.00017813191375797122,
                -9.3055516862157e-05,
                -0.29419922509131313
            ],
            [
                0.0001740334385451816,
                -9.283752590074306e-05,
                -0.19789096767073794
            ],
            [
                0.00016683652384303106,
                -9.256670779460683e-05,
                -0.003945483835369301
            ],
            [
                0.00015963960914087866,
                -9.246863644673328e-05,
                0.18999999999999995
            ]
        ],
        "type": "LineString"
    },
    "properties": {
        "Id": "{eeb8a603-dded-4010-990b-da2e1a882583}",
        "RightLane": {
            "Dir": "Forward",
            "Id": "{e237577e-5c78-46a4-ba73-bf52504f7e75}"
        },
        "Type": "LaneBoundary"
    },
    "type": "Feature"
}
,{
    "geometry": {
        "coordinates": [
            [
                0.00019312178917493776,
                -0.00010660615381581443,
                -1.9073486328125e-06
            ],
            [
                0.00019327447574683554,
                -0.00010176977157089957,
                -1.9073486328125e-06
            ],
            [
                0.00019332182173563666,
                -0.0001006864179028307,
                -1.9073486328125e-06
            ],
            [
                0.00019335931175723989,
                -9.992167752573783e-05,
                -1.9073486328125e-06
            ],
            [
                0.00019338897161197695,
                -9.947440930629986e-05,
                -1.9073486328125e-06
            ],
            [
                0.00019342378342913794,
                -9.934300878901032e-05,
                -1.9073486328125e-06
            ],
            [
                0.00019362644789211667,
                -9.940291013232098e-05,
                -1.9073486328125e-06
            ],
            [
                0.00019390930282261356,
                -9.93598382518006e-05,
                -0.009807725869105784
            ],
            [
                0.00019419672169452613,
                -9.917908049684993e-05,
                -0.03922518143052467
            ],
            [
                0.00019416439387693918,
                -9.899479448591824e-05,
                -0.04907784805221485
            ],
            [
                0.00019392994937898604,
                -9.85715314048757e-05,
                -0.06003334552883843
            ],
            [
                0.0001934857266361875,
                -9.791997688795406e-05,
                -0.07209167386039553
            ],
            [
                0.00019283252946898378,
                -9.70438384664559e-05,
                -0.08525283304688604
            ],
            [
                0.0001921955602194221,
                -9.619064568910478e-05,
                -0.09937062732082327
            ],
            [
                0.00019177560333155172,
                -9.55903549434774e-05,
                -0.11456958684133525
            ],
            [
                0.00019157258761220143,
                -9.523801025867597e-05,
                -0.1308497116084219
            ],
            [
                0.00019159532437517537,
                -9.511975050382424e-05,
                -0.14821100162208317
            ],
            [
                0.0001920196151492462,
                -9.503703160813895e-05,
                -0.21067945403637228
            ],
            [
                0.0001923798514792741,
                -9.485486367868715e-05,
                -0.2841049081039188
            ],
            [
                0.00019241006602934498,
                -9.483310508639921e-05,
                -0.2916473811296663
            ],
            [
                0.00019264569922121627,
                -9.460856423287807e-05,
                -0.3504883279172135
            ],
            [
                0.00019280650385260865,
                -9.434916361748348e-05,
                -0.39011805713658515
            ],
            [
                0.00019268911352708043,
                -9.423929807995303e-05,
                -0.39973070025453283
            ],
            [
                0.00019225094211130833,
                -9.412183325805472e-05,
                -0.4068242191263409
            ],
            [
                0.00019149566345110427,
                -9.401202021122974e-05,
                -0.41139861375200937
            ],
            [
                0.00019042733939633597,
                -9.391252510747984e-05,
                -0.41345388413153816
            ],
            [
                0.0001863288641835485,
                -9.359949772762773e-05,
                -0.4019806833217132
            ],
            [
                0.00018223038897076022,
                -9.331166789181935e-05,
                -0.3622291303083048
            ],
            [
                0.00017813191375797122,
                -9.3055516862157e-05,
                -0.29419922509131313
            ],
            [
                0.0001740334385451816,
                -9.283752590074306e-05,
                -0.19789096767073794
            ],
            [
                0.00016683652384303106,
                -9.256670779460683e-05,
                -0.003945483835369301
            ],
            [
                0.00015963960914087866,
                -9.246863644673328e-05,
                0.18999999999999995
            ]
        ],
        "type": "LineString"
    },
    "properties": {
        "Id": "{c61c3960-554e-440c-8a90-7e99fe029a0e}",
        "LeftLane": {
            "Dir": "Forward",
            "Id": "{e237577e-5c78-46a4-ba73-bf52504f7e75}"
        },
        "RightLane": {
            "Dir": "Forward",
            "Id": "{ce23b548-ee31-4510-a0ea-576ece8d0a9e}"
        },
        "Type": "LaneBoundary"
    },
    "type": "Feature"
}
,{
    "geometry": {
        "coordinates": [
            [
                0.00022040020371350073,
                -0.00010722565153058025,
                -1.9073486328125e-06
            ],
            [
                0.00022050859573312492,
                -0.00010238826334840157,
                -1.9073486328125e-06
            ],
            [
                0.0002205451255402002,
                -9.990096367936256e-05,
                -1.9073486328125e-06
            ],
            [
                0.0002204664731751075,
                -9.741503317749996e-05,
                -1.9073486328125e-06
            ],
            [
                0.00022020107576971342,
                -9.509243941028305e-05,
                -1.9073486328125e-06
            ],
            [
                0.00021973469416288757,
                -9.280216068018676e-05,
                -1.9073486328125e-06
            ],
            [
                0.00021897709350077304,
                -9.029396392865637e-05,
                -0.0024533619787510536
            ],
            [
                0.00021797859594145958,
                -8.787274708950158e-05,
                -0.009807725869105784
            ],
            [
                0.00021674884561743085,
                -8.55618958342755e-05,
                -0.022064999019696968
            ],
            [
                0.00021529972024704366,
                -8.338372984958245e-05,
                -0.03922518143052467
            ],
            [
                0.00021374977987081458,
                -8.144689857749731e-05,
                -0.06003334552883843
            ],
            [
                0.00021211160815158762,
                -7.958461197036712e-05,
                -0.08525283304688604
            ],
            [
                0.00021045979248538035,
                -7.776773295361611e-05,
                -0.11456958684133525
            ],
            [
                0.0002087171340142964,
                -7.603966192064587e-05,
                -0.14821100162208317
            ],
            [
                0.00020722011055029183,
                -7.478689007791992e-05,
                -0.17807560262257072
            ],
            [
                0.0002056257535838934,
                -7.366240220411887e-05,
                -0.21067945403637228
            ],
            [
                0.0002039448802924103,
                -7.267382757234136e-05,
                -0.24602255586348853
            ],
            [
                0.00020218889483740248,
                -7.182787332992078e-05,
                -0.2841049081039188
            ],
            [
                0.00020184561400149532,
                -7.168287646966583e-05,
                -0.2916473811296663
            ],
            [
                0.00020026131890523466,
                -7.109407820714349e-05,
                -0.3234692567194619
            ],
            [
                0.00019863930297410822,
                -7.062068306718337e-05,
                -0.3504883279172135
            ],
            [
                0.00019698784848920717,
                -7.026510828351364e-05,
                -0.3727045947229212
            ],
            [
                0.00019531538803204386,
                -7.002916947782377e-05,
                -0.39011805713658515
            ],
            [
                0.000192873775871191,
                -6.98806226504389e-05,
                -0.4068242191263409
            ],
            [
                0.0001904273393962225,
                -6.98593995204471e-05,
                -0.41345388413153816
            ],
            [
                0.00018632886418343912,
                -6.985939952046365e-05,
                -0.4019806833217132
            ],
            [
                0.0001822303889706547,
                -6.985939952047982e-05,
                -0.3622291303083048
            ],
            [
                0.00017813191375786936,
                -6.985939952049564e-05,
                -0.29419922509131313
            ],
            [
                0.00017403343854508315,
                -6.985939952051111e-05,
                -0.19789096767073794
            ],
            [
                0.00015963960914079002,
                -6.985939952056256e-05,
                0.18999999999999995
            ]
        ],
        "type": "LineString"
    },
    "properties": {
        "Id": "{1f1f3afc-74ea-4d4b-b8a4-8c2ad036aa9b}",
        "LeftLane": {
            "Dir": "Forward",
            "Id": "{ce23b548-ee31-4510-a0ea-576ece8d0a9e}"
        },
        "RightLane": {
            "Dir": "Forward",
            "Id": "{59f19b5c-4cdd-479d-a7b8-d2eaaaa9a86d}"
        },
        "Type": "LaneBoundary"
    },
    "type": "Feature"
}
,{
    "geometry": {
        "coordinates": [
            [
                0.0002436593843086828,
                -0.00010775387171746533,
                -1.9073486328125e-06
            ],
            [
                0.00024376036970707738,
                -0.00010291631532959051,
                -1.9073486328125e-06
            ],
            [
                0.00024378431545412008,
                -0.00010153628351764141,
                -1.9073486328125e-06
            ],
            [
                0.0002437935735271336,
                -9.988324985315904e-05,
                -1.9073486328125e-06
            ],
            [
                0.0002437595593866879,
                -9.795781503657207e-05,
                -1.9073486328125e-06
            ],
            [
                0.00024364427333109737,
                -9.576260015957985e-05,
                -1.9073486328125e-06
            ],
            [
                0.0002434356886889788,
                -9.357823233260429e-05,
                -1.9073486328125e-06
            ],
            [
                0.0002431316036280616,
                -9.140557839683827e-05,
                -1.9073486328125e-06
            ],
            [
                0.00024273266762026566,
                -8.924889128603568e-05,
                -1.9073486328125e-06
            ],
            [
                0.00024223971759244496,
                -8.711238667037787e-05,
                -1.9073486328125e-06
            ],
            [
                0.00024157634676182522,
                -8.474560434702345e-05,
                -0.0006147710061623762
            ],
            [
                0.00024079774791859948,
                -8.24152463888658e-05,
                -0.0024533619787510536
            ],
            [
                0.0002399059198377915,
                -8.012701293412481e-05,
                -0.005517680266398858
            ],
            [
                0.00023890313935735112,
                -7.78864904694584e-05,
                -0.009807725869105784
            ],
            [
                0.00023779195484653322,
                -7.569913813943595e-05,
                -0.015323498786871816
            ],
            [
                0.00023657517901482547,
                -7.357027444438368e-05,
                -0.022064999019696968
            ],
            [
                0.00023525588108453668,
                -7.1505064358358e-05,
                -0.030032226567581255
            ],
            [
                0.00023383737835007016,
                -6.950850689547947e-05,
                -0.03922518143052467
            ],
            [
                0.00023249022809786172,
                -6.778609050138291e-05,
                -0.04907784805221485
            ],
            [
                0.00023125637593433355,
                -6.632093522637975e-05,
                -0.06003334552883843
            ],
            [
                0.00023016579675489633,
                -6.508952671871056e-05,
                -0.07209167386039553
            ],
            [
                0.00022924004130197277,
                -6.407302042500545e-05,
                -0.08525283304688604
            ],
            [
                0.00022830809692109087,
                -6.30587088062952e-05,
                -0.09937062732082327
            ],
            [
                0.00022716035077811246,
                -6.183727244392117e-05,
                -0.11456958684133525
            ],
            [
                0.00022577350046463593,
                -6.043244452692726e-05,
                -0.1308497116084219
            ],
            [
                0.00022411767179223092,
                -5.887771284957012e-05,
                -0.14821100162208317
            ],
            [
                0.00022114911317807018,
                -5.6428691756574e-05,
                -0.17807560262257072
            ],
            [
                0.00021799204399671767,
                -5.4235518085177954e-05,
                -0.21067945403637228
            ],
            [
                0.00021466822220851897,
                -5.231271523692208e-05,
                -0.24602255586348853
            ],
            [
                0.00021120048392100365,
                -5.06729281147363e-05,
                -0.2841049081039188
            ],
            [
                0.00021052309256332084,
                -5.039258012276325e-05,
                -0.2916473811296663
            ],
            [
                0.00020739894886567228,
                -4.925721303540153e-05,
                -0.3234692567194619
            ],
            [
                0.00020420391128418507,
                -4.8349747520150394e-05,
                -0.3504883279172135
            ],
            [
                0.00020095435801810514,
                -4.767450177453317e-05,
                -0.3727045947229212
            ],
            [
                0.00019766690702168553,
                -4.723460266783367e-05,
                -0.39011805713658515
            ],
            [
                0.00019541917692168206,
                -4.706958886348427e-05,
                -0.39973070025453283
            ],
            [
                0.00019346152862013613,
                -4.700479431653293e-05,
                -0.4068242191263409
            ],
            [
                0.00019179736891864813,
                -4.699557485192551e-05,
                -0.41139861375200937
            ],
            [
                0.00019042733939614559,
                -4.7008725761662907e-05,
                -0.41345388413153816
            ],
            [
                0.00018632886418336396,
                -4.706106798249506e-05,
                -0.4019806833217132
            ],
            [
                0.00018223038897058135,
                -4.7109196848523836e-05,
                -0.3622291303083048
            ],
            [
                0.00017813191375779777,
                -4.715202860901696e-05,
                -0.29419922509131313
            ],
            [
                0.0001740334385450133,
                -4.718847951324216e-05,
                -0.19789096767073794
            ],
            [
                0.00015963960914072608,
                -4.725016259439161e-05,
                0.18999999999999995
            ]
        ],
        "type": "LineString"
    },
    "properties": {
        "Id": "{607fdb01-da80-41f7-8a66-5d89ec0319fa}",
        "LeftLane": {
            "Dir": "Forward",
            "Id": "{59f19b5c-4cdd-479d-a7b8-d2eaaaa9a86d}"
        },
        "RightLane": {
            "Dir": "Forward",
            "Id": "{9b3b3a94-98ca-45b7-b2f7-d60185002497}"
        },
        "Type": "LaneBoundary"
    },
    "type": "Feature"
}
,{
    "geometry": {
        "coordinates": [
            [
                0.0002436593843086828,
                -0.00010775387171746533,
                -1.9073486328125e-06
            ],
            [
                0.00024376404762537453,
                -0.00010291639885577847,
                -1.9073486328125e-06
            ],
            [
                0.00024379006955616375,
                -0.00010153638042552509,
                -1.9073486328125e-06
            ],
            [
                0.00024380183804075095,
                -9.988324355612976e-05,
                -1.9073486328125e-06
            ],
            [
                0.00024377074742239696,
                -9.795747817906065e-05,
                -1.9073486328125e-06
            ],
            [
                0.0002436587628752169,
                -9.576156714518865e-05,
                -1.9073486328125e-06
            ],
            [
                0.0002434535851906651,
                -9.357615968352899e-05,
                -1.9073486328125e-06
            ],
            [
                0.0002431531657778599,
                -9.140211154906446e-05,
                -1.9073486328125e-06
            ],
            [
                0.00024275811466879687,
                -8.924363928615797e-05,
                -1.9073486328125e-06
            ],
            [
                0.0002422692263369455,
                -8.710492619880598e-05,
                -1.9073486328125e-06
            ],
            [
                0.00024161056480824134,
                -8.473512900600033e-05,
                -0.0006147710061623762
            ],
            [
                0.00024083677377706065,
                -8.240115544046088e-05,
                -0.0024533619787510536
            ],
            [
                0.00023994978201206767,
                -8.010867975875743e-05,
                -0.005517680266398858
            ],
            [
                0.0002389517940476414,
                -7.786326997602393e-05,
                -0.009807725869105784
            ],
            [
                0.00023784528433866997,
                -7.567037431585107e-05,
                -0.015323498786871816
            ],
            [
                0.0002366329907614717,
                -7.353530799023536e-05,
                -0.022064999019696968
            ],
            [
                0.00023531790747943635,
                -7.146324034133283e-05,
                -0.030032226567581255
            ],
            [
                0.0002339032771919191,
                -6.945918237357983e-05,
                -0.03922518143052467
            ],
            [
                0.00023255974616923512,
                -6.772948197725893e-05,
                -0.04907784805221485
            ],
            [
                0.00023132991158867372,
                -6.625739931063043e-05,
                -0.06003334552883843
            ],
            [
                0.0002302439529688641,
                -6.501957309867176e-05,
                -0.07209167386039553
            ],
            [
                0.00022932362093621605,
                -6.399733030574532e-05,
                -0.08525283304688604
            ],
            [
                0.0002283970375335647,
                -6.297710903436163e-05,
                -0.09937062732082327
            ],
            [
                0.00022725354424019971,
                -6.174837632790398e-05,
                -0.11456958684133525
            ],
            [
                0.00022586953479167046,
                -6.033471236707159e-05,
                -0.1308497116084219
            ],
            [
                0.00022421476056964587,
                -5.8769519702201297e-05,
                -0.14821100162208317
            ],
            [
                0.0002212451380744216,
                -5.63021325090734e-05,
                -0.17807560262257072
            ],
            [
                0.00021808470164648005,
                -5.4089957099257836e-05,
                -0.21067945403637228
            ],
            [
                0.0002147550640992483,
                -5.2147822845502436e-05,
                -0.24602255586348853
            ],
            [
                0.00021127895942990517,
                -5.048870476898195e-05,
                -0.2841049081039188
            ],
            [
                0.00021059967270791488,
                -5.020468983169801e-05,
                -0.2916473811296663
            ],
            [
                0.00020746572686177297,
                -4.9052912433469286e-05,
                -0.3234692567194619
            ],
            [
                0.0002042589209388719,
                -4.812958530823464e-05,
                -0.3504883279172135
            ],
            [
                0.00020099566154333846,
                -4.743926429957473e-05,
                -0.3727045947229212
            ],
            [
                0.00019769262412124816,
                -4.698531267837693e-05,
                -0.39011805713658515
            ],
            [
                0.00019543414431793306,
                -4.6810983978973246e-05,
                -0.39973070025453283
            ],
            [
                0.00019346839566880975,
                -4.673752304150324e-05,
                -0.4068242191263409
            ],
            [
                0.00019179913720716963,
                -4.6720012591454985e-05,
                -0.41139861375200937
            ],
            [
                0.0001904273393961448,
                -4.672507454439339e-05,
                -0.41345388413153816
            ],
            [
                0.00018632886418336317,
                -4.675142510103669e-05,
                -0.4019806833217132
            ],
            [
                0.00018223038897058048,
                -4.6775654535522325e-05,
                -0.3622291303083048
            ],
            [
                0.00017813191375779688,
                -4.6797217257032845e-05,
                -0.29419922509131313
            ],
            [
                0.00017403343854501238,
                -4.6815567674750745e-05,
                -0.19789096767073794
            ],
            [
                0.00015963960914072516,
                -4.6846620685083e-05,
                0.18999999999999995
            ]
        ],
        "type": "LineString"
    },
    "properties": {
        "Id": "{4f15ed5d-c60a-4ed3-9295-b7e0cae3b311}",
        "LeftLane": {
            "Dir": "Forward",
            "Id": "{9b3b3a94-98ca-45b7-b2f7-d60185002497}"
        },
        "Type": "LaneBoundary"
    },
    "type": "Feature"
}
,{
    "geometry": {
        "coordinates": [
            [
                -6.764548056585396e-05,
                -0.0002615617826550256,
                1.38
            ],
            [
                -6.76454805658924e-05,
                -0.0002686441557126904,
                1.38
            ],
            [
                -6.764548056597056e-05,
                -0.0002824999958968754,
                1.38
            ],
            [
                -6.764548056597056e-05,
                -0.00028249999589687546,
                1.38
            ],
            [
                -6.764548056615701e-05,
                -0.00031308895207783,
                1.38
            ],
            [
                -6.764548056617516e-05,
                -0.00031591081965351577,
                1.38
            ]
        ],
        "type": "LineString"
    },
    "properties": {
        "Id": "{12fe571c-11a7-4a9b-8d33-92dc1b524bbf}",
        "RightLane": {
            "Dir": "Forward",
            "Id": "{eb001981-20ef-4f7b-aa6f-01b29380d919}"
        },
        "Type": "LaneBoundary"
    },
    "type": "Feature"
}
,{
    "geometry": {
        "coordinates": [
            [
                -6.764548056585396e-05,
                -0.0002615617826550256,
                1.38
            ],
            [
                -6.76454805658924e-05,
                -0.0002686441557126904,
                1.38
            ],
            [
                -6.764548056597056e-05,
                -0.0002824999958968754,
                1.38
            ],
            [
                -6.764548056597056e-05,
                -0.00028249999589687546,
                1.38
            ],
            [
                -6.764548056615701e-05,
                -0.00031308895207783,
                1.38
            ],
            [
                -6.764548056617516e-05,
                -0.00031591081965351577,
                1.38
            ]
        ],
        "type": "LineString"
    },
    "properties": {
        "Id": "{87631a7b-f048-4fd0-a757-05df8be59797}",
        "LeftLane": {
            "Dir": "Forward",
            "Id": "{eb001981-20ef-4f7b-aa6f-01b29380d919}"
        },
        "RightLane": {
            "Dir": "Forward",
            "Id": "{0928f2fa-5834-47d3-b0c2-1cbc53424232}"
        },
        "Type": "LaneBoundary"
    },
    "type": "Feature"
}
,{
    "geometry": {
        "coordinates": [
            [
                -6.785698126039952e-05,
                -0.00026156178265502445,
                1.38
            ],
            [
                -6.78569812604381e-05,
                -0.0002686441557126893,
                1.38
            ],
            [
                -6.78569812605165e-05,
                -0.00028249999589687416,
                1.38
            ],
            [
                -6.78569812605165e-05,
                -0.0002824999958968742,
                1.38
            ],
            [
                -6.785698126070352e-05,
                -0.0003130889520778286,
                1.38
            ],
            [
                -6.785698126072175e-05,
                -0.00031591081965351436,
                1.38
            ]
        ],
        "type": "LineString"
    },
    "properties": {
        "Id": "{b118c4b5-6991-456b-85c6-363aaea18929}",
        "LeftLane": {
            "Dir": "Forward",
            "Id": "{0928f2fa-5834-47d3-b0c2-1cbc53424232}"
        },
        "RightLane": {
            "Dir": "Forward",
            "Id": "{1737ff25-4d88-4e23-8cb7-022690868e7c}"
        },
        "Type": "LaneBoundary"
    },
    "type": "Feature"
}
,{
    "geometry": {
        "coordinates": [
            [
                -9.929801620487412e-05,
                -0.0002615617826548137,
                1.38
            ],
            [
                -9.929801620493056e-05,
                -0.00026864415571247277,
                1.38
            ],
            [
                -9.929801620504526e-05,
                -0.00028249999589664653,
                1.38
            ],
            [
                -9.929801620504526e-05,
                -0.00028249999589664653,
                1.38
            ],
            [
                -9.929801620531896e-05,
                -0.0003130889520775763,
                1.38
            ],
            [
                -9.929801620534562e-05,
                -0.00031591081965325974,
                1.38
            ]
        ],
        "type": "LineString"
    },
    "properties": {
        "Id": "{76275a0d-f498-480a-a73a-ada1a43ac018}",
        "LeftLane": {
            "Dir": "Forward",
            "Id": "{1737ff25-4d88-4e23-8cb7-022690868e7c}"
        },
        "RightLane": {
            "Dir": "Forward",
            "Id": "{afa6056a-40e8-4074-bf1b-77ec9eeec11b}"
        },
        "Type": "LaneBoundary"
    },
    "type": "Feature"
}
,{
    "geometry": {
        "coordinates": [
            [
                -9.929801620487412e-05,
                -0.0002615617826548137,
                1.38
            ],
            [
                -9.929801620493056e-05,
                -0.00026864415571247277,
                1.38
            ],
            [
                -9.929801620504526e-05,
                -0.00028249999589664653,
                1.38
            ],
            [
                -9.929801620504526e-05,
                -0.00028249999589664653,
                1.38
            ],
            [
                -9.929801620531896e-05,
                -0.0003130889520775763,
                1.38
            ],
            [
                -9.929801620534562e-05,
                -0.00031591081965325974,
                1.38
            ]
        ],
        "type": "LineString"
    },
    "properties": {
        "Id": "{00635878-bb65-4d42-bda5-92f9a4380454}",
        "LeftLane": {
            "Dir": "Forward",
            "Id": "{afa6056a-40e8-4074-bf1b-77ec9eeec11b}"
        },
        "Type": "LaneBoundary"
    },
    "type": "Feature"
}
,{
    "geometry": {
        "coordinates": [
            [
                [
                    [
                        0.00019145563808127569,
                        -0.00019596235955396984,
                        -1.9073486328125e-06
                    ],
                    [
                        0.0001912982793858933,
                        -0.00019745657841039338,
                        -1.9073486328125e-06
                    ],
                    [
                        0.0001908969324694208,
                        -0.00019890387868433146,
                        -1.9073486328125e-06
                    ],
                    [
                        0.00019018580275538552,
                        -0.00020039754555743817,
                        -0.00011187393345375546
                    ],
                    [
                        0.00018921642932868938,
                        -0.00020173555313335146,
                        -0.00044177368791658433
                    ],
                    [
                        0.00018878437827651778,
                        -0.00020219590722506535,
                        -0.0006098178360432381
                    ],
                    [
                        0.00018875477071710495,
                        -0.0002022246103578821,
                        -0.0006201778449753739
                    ],
                    [
                        0.00018786764051099408,
                        -0.0002029907632107605,
                        -0.00038775966240575796
                    ],
                    [
                        0.00018689004276223046,
                        -0.00020363437576584694,
                        0.0008622452038021753
                    ],
                    [
                        0.00018583678125052048,
                        -0.00020414440835667342,
                        0.0031298367536484266
                    ],
                    [
                        0.00018472704606066885,
                        -0.00020451313321671218,
                        0.0064150149871329935
                    ],
                    [
                        0.00018361018312503075,
                        -0.00020472951067949477,
                        0.010108445583653735
                    ],
                    [
                        0.00018247467839272336,
                        -0.0002048018204948722,
                        0.013801876180174482
                    ],
                    [
                        0.0001824746783927279,
                        -0.00020520532030427182,
                        0.013802616758305943
                    ],
                    [
                        0.0001824746783929982,
                        -0.00022781455723041268,
                        0.013802616758305943
                    ],
                    [
                        0.00018247467839329669,
                        -0.00025042379415655285,
                        0.013802616758305943
                    ],
                    [
                        0.00018281735847909815,
                        -0.0002504237941565481,
                        0.01271319140213633
                    ],
                    [
                        0.00018399014680474618,
                        -0.00025050107182180646,
                        0.009051063756273625
                    ],
                    [
                        0.00018514264846931686,
                        -0.000250731800850968,
                        0.005389529969203478
                    ],
                    [
                        0.00018625512509986807,
                        -0.00025111211736076916,
                        0.00172799618213333
                    ],
                    [
                        0.00018730893489973206,
                        -0.0002516353975513295,
                        -0.001933537604936815
                    ],
                    [
                        0.00018826460112302424,
                        -0.0002522762501897737,
                        -0.0014611255498961522
                    ],
                    [
                        0.00018913144466807844,
                        -0.00025303467527610144,
                        -0.0009887134948554843
                    ],
                    [
                        0.0001891692765495515,
                        -0.000253072762125415,
                        -0.0009668904050631403
                    ],
                    [
                        0.0001899522320096037,
                        -0.0002539724949425321,
                        -0.0005438758528480164
                    ],
                    [
                        0.00019061017777435705,
                        -0.0002549688248412447,
                        -0.00024172260126578598
                    ],
                    [
                        0.00019113214808106572,
                        -0.00025604408835520404,
                        -6.043065031644638e-05
                    ],
                    [
                        0.00019150827374325824,
                        -0.00025717896606809195,
                        0
                    ],
                    [
                        0.0001917270407100509,
                        -0.0002583138437809822,
                        0
                    ],
                    [
                        0.00019180051132046408,
                        -0.0002594674889268698,
                        0
                    ],
                    [
                        0.00021936131111721871,
                        -0.0002594674889264189,
                        0
                    ],
                    [
                        0.00024631076964085454,
                        -0.00025946748892591965,
                        0
                    ],
                    [
                        0.0002495681494644374,
                        -0.0002594674889258554,
                        0
                    ],
                    [
                        0.0002482040085788372,
                        -0.0002570591856859333,
                        0
                    ],
                    [
                        0.0002476469478313373,
                        -0.00025585475807430783,
                        0
                    ],
                    [
                        0.0002471798063383515,
                        -0.00025465033046268053,
                        0
                    ],
                    [
                        0.00024680697040497813,
                        -0.00025344645483437464,
                        0
                    ],
                    [
                        0.00024653501948886434,
                        -0.0002522420272227434,
                        0
                    ],
                    [
                        0.0002463677916069714,
                        -0.00025103759961111013,
                        0
                    ],
                    [
                        0.00024631076964067174,
                        -0.00024983317199947475,
                        0
                    ],
                    [
                        0.00024631076964065624,
                        -0.0002490013331311263,
                        0
                    ],
                    [
                        0.0002462652617252339,
                        -0.00024747785915857145,
                        0
                    ],
                    [
                        0.00024612873797902324,
                        -0.0002459604570025755,
                        0
                    ],
                    [
                        0.00024590174669016193,
                        -0.0002444535425297256,
                        0
                    ],
                    [
                        0.00024558483614678714,
                        -0.00024296318755657895,
                        0
                    ],
                    [
                        0.00024517910292517364,
                        -0.00024149491191636949,
                        0
                    ],
                    [
                        0.00024468674017787074,
                        -0.0002400542354423309,
                        0
                    ],
                    [
                        0.00024410884448115307,
                        -0.00023864557400105042,
                        0
                    ],
                    [
                        0.00024344760898756964,
                        -0.00023727444742576163,
                        0
                    ],
                    [
                        0.0002420116423559922,
                        -0.00023485179261942846,
                        -3.60426575391489e-08
                    ],
                    [
                        0.00024031688372362262,
                        -0.0002326052204932605,
                        -1.441706301565961e-07
                    ],
                    [
                        0.00023838416803967775,
                        -0.00023056233021342674,
                        -3.2438391785234174e-07
                    ],
                    [
                        0.00023623761998219805,
                        -0.00022874906499612596,
                        -5.766825206263855e-07
                    ],
                    [
                        0.00023474188994368226,
                        -0.00022770581651494306,
                        -7.638661564408691e-07
                    ],
                    [
                        0.0002331754307354593,
                        -0.0002267740686650858,
                        -9.510497922553522e-07
                    ],
                    [
                        0.00023309647724369033,
                        -0.00022673101396586257,
                        -9.602262319712932e-07
                    ],
                    [
                        0.00023111441562740517,
                        -0.00022553210618749068,
                        -1.18220804466845e-06
                    ],
                    [
                        0.00022925352568945617,
                        -0.00022414993994575059,
                        -1.3745922823393213e-06
                    ],
                    [
                        0.00022753025607396201,
                        -0.00022259721085708006,
                        -1.5373789449839035e-06
                    ],
                    [
                        0.00022595995884876677,
                        -0.000220888270487887,
                        -1.6705680326021975e-06
                    ],
                    [
                        0.00022455688950544022,
                        -0.00021903747040457957,
                        -1.774159545194205e-06
                    ],
                    [
                        0.00022333365867114005,
                        -0.00021706192209018258,
                        -1.8481534827599245e-06
                    ],
                    [
                        0.00022230068382047478,
                        -0.00021497873702772124,
                        -1.892549845299356e-06
                    ],
                    [
                        0.00022146783413991582,
                        -0.0002128066826501907,
                        -1.9073486328125e-06
                    ],
                    [
                        0.000220889390155057,
                        -0.00021076931220356357,
                        -1.9073486328125e-06
                    ],
                    [
                        0.00022048749495040193,
                        -0.0002086899910243561,
                        -1.9073486328125e-06
                    ],
                    [
                        0.00022026379339036274,
                        -0.00020658307067897646,
                        -1.9073486328125e-06
                    ],
                    [
                        0.00022022102691562597,
                        -0.00020446455868380306,
                        -1.9073486328125e-06
                    ],
                    [
                        0.00022023966871228214,
                        -0.00020363271981545283,
                        -1.9073486328125e-06
                    ],
                    [
                        0.00022039647911945045,
                        -0.00019661921970844678,
                        -1.9073486328125e-06
                    ],
                    [
                        0.00021839796885906736,
                        -0.00019657395707595515,
                        -1.9073486328125e-06
                    ],
                    [
                        0.00019145563808127569,
                        -0.00019596235955396984,
                        -1.9073486328125e-06
                    ]
                ]
            ]
        ],
        "type": "MultiPolygon"
    },
    "properties": {
        "Crosswalks": [
        ],
        "Gates": [
            {
                "Id": "{b517dd41-1f44-41a1-9165-0bc249e8b048}"
            },
            {
                "Id": "{94724eab-f3ed-43d4-bd13-dd00e390dbec}"
            }
        ],
        "Id": "{b532c9c6-c339-48ed-93a7-7269d5bb5d0f}",
        "Lanes": [
            {
                "Id": "{017cd718-f4da-4da4-a2ac-6bbb7308ee05}"
            },
            {
                "Id": "{d8c58e56-713f-407a-a902-19859dc221b0}"
            }
        ],
        "Phases": [
        ],
        "Type": "Junction"
    },
    "type": "Feature"
}
,{
    "geometry": {
        "coordinates": [
            [
                [
                    [
                        4.491576420932274e-05,
                        -0.0007022712708718737,
                        1.375
                    ],
                    [
                        4.491576420889079e-05,
                        -0.0006554531493482362,
                        1.375
                    ],
                    [
                        4.4915764208488645e-05,
                        -0.0006086350278245901,
                        1.375
                    ],
                    [
                        4.491576420811627e-05,
                        -0.0005618169063009359,
                        1.375
                    ],
                    [
                        4.491576420777369e-05,
                        -0.0005149987847772742,
                        1.375
                    ],
                    [
                        4.4915764207460896e-05,
                        -0.0004681806632536055,
                        1.375
                    ],
                    [
                        4.4915764207177885e-05,
                        -0.00042136254172993044,
                        1.375
                    ],
                    [
                        4.4915764206924677e-05,
                        -0.0003745444202062498,
                        1.375
                    ],
                    [
                        4.491576420670127e-05,
                        -0.0003277262986825641,
                        1.375
                    ],
                    [
                        4.491576420650763e-05,
                        -0.0002809087291421974,
                        1.375
                    ],
                    [
                        4.491576420634379e-05,
                        -0.00023409060761850364,
                        1.375
                    ],
                    [
                        4.491576420620973e-05,
                        -0.0001872724860948067,
                        1.375
                    ],
                    [
                        4.491576420610548e-05,
                        -0.0001404543645711072,
                        1.375
                    ],
                    [
                        4.4915764206030996e-05,
                        -9.363624304740586e-05,
                        1.375
                    ],
                    [
                        4.491576420598632e-05,
                        -4.681812152370324e-05,
                        1.375
                    ],
                    [
                        4.491576420597142e-05,
                        0,
                        1.375
                    ],
                    [
                        0,
                        0,
                        1.375
                    ],
                    [
                        0,
                        -4.681812152371772e-05,
                        1.375
                    ],
                    [
                        0,
                        -9.363624304743482e-05,
                        1.375
                    ],
                    [
                        0,
                        -0.00014045436457115065,
                        1.375
                    ],
                    [
                        0,
                        -0.00018727248609486463,
                        1.375
                    ],
                    [
                        0,
                        -0.00023409060761857606,
                        1.375
                    ],
                    [
                        0,
                        -0.0002809087291422843,
                        1.375
                    ],
                    [
                        0,
                        -0.0003277262986826655,
                        1.375
                    ],
                    [
                        0,
                        -0.00037454442020636567,
                        1.375
                    ],
                    [
                        0,
                        -0.00042136254173006076,
                        1.375
                    ],
                    [
                        0,
                        -0.00046818066325375027,
                        1.375
                    ],
                    [
                        0,
                        -0.0005149987847774335,
                        1.375
                    ],
                    [
                        0,
                        -0.0005618169063011097,
                        1.375
                    ],
                    [
                        0,
                        -0.0006086350278247785,
                        1.375
                    ],
                    [
                        0,
                        -0.0006554531493484391,
                        1.375
                    ],
                    [
                        0,
                        -0.000702271270872091,
                        1.375
                    ],
                    [
                        0,
                        -0.0007490893923957333,
                        1.375
                    ],
                    [
                        4.4915764209784477e-05,
                        -0.0007490893923955016,
                        1.375
                    ],
                    [
                        4.491576420932274e-05,
                        -0.0007022712708718737,
                        1.375
                    ]
                ]
            ]
        ],
        "type": "MultiPolygon"
    },
    "properties": {
        "Id": "{622b72f4-09bf-4594-a21a-8e07de803ece}",
        "Type": "Surface"
    },
    "type": "Feature"
}
,{
    "geometry": {
        "coordinates": [
            [
                [
                    [
                        9.880974666723503e-05,
                        -0.0007022712708710395,
                        1.375
                    ],
                    [
                        9.88097466662848e-05,
                        -0.0006554531493474578,
                        1.375
                    ],
                    [
                        9.88097466654001e-05,
                        -0.0006086350278238673,
                        1.375
                    ],
                    [
                        9.880974666458092e-05,
                        -0.0005618169063002687,
                        1.375
                    ],
                    [
                        9.880974666382729e-05,
                        -0.0005149987847766625,
                        1.375
                    ],
                    [
                        9.880974666313919e-05,
                        -0.0004681806632530494,
                        1.375
                    ],
                    [
                        9.88097466625166e-05,
                        -0.00042136254172943,
                        1.375
                    ],
                    [
                        9.880974666195958e-05,
                        -0.0003745444202058049,
                        1.375
                    ],
                    [
                        9.880974666146808e-05,
                        -0.00032772629868217483,
                        1.375
                    ],
                    [
                        9.88097466610421e-05,
                        -0.0002809087291418638,
                        1.375
                    ],
                    [
                        9.880974666068167e-05,
                        -0.00023409060761822562,
                        1.375
                    ],
                    [
                        9.880974666038678e-05,
                        -0.00018727248609458425,
                        1.375
                    ],
                    [
                        9.88097466601574e-05,
                        -0.0001404543645709404,
                        1.375
                    ],
                    [
                        9.880974665999357e-05,
                        -9.363624304729463e-05,
                        1.375
                    ],
                    [
                        9.880974665989527e-05,
                        -4.681812152364763e-05,
                        1.375
                    ],
                    [
                        9.88097466598625e-05,
                        0,
                        1.375
                    ],
                    [
                        4.491247447714774e-05,
                        0,
                        1.375
                    ],
                    [
                        4.4912474477162644e-05,
                        -4.681812152370324e-05,
                        1.375
                    ],
                    [
                        4.4912474477207307e-05,
                        -9.363624304740586e-05,
                        1.375
                    ],
                    [
                        4.4912474477281784e-05,
                        -0.00014045436457110722,
                        1.375
                    ],
                    [
                        4.491247447738604e-05,
                        -0.0001872724860948067,
                        1.375
                    ],
                    [
                        4.4912474477520085e-05,
                        -0.00023409060761850364,
                        1.375
                    ],
                    [
                        4.491247447768391e-05,
                        -0.0002809087291421975,
                        1.375
                    ],
                    [
                        4.491247447787753e-05,
                        -0.0003277262986825641,
                        1.375
                    ],
                    [
                        4.491247447810093e-05,
                        -0.0003745444202062498,
                        1.375
                    ],
                    [
                        4.491247447835412e-05,
                        -0.0004213625417299305,
                        1.375
                    ],
                    [
                        4.491247447863711e-05,
                        -0.0004681806632536055,
                        1.375
                    ],
                    [
                        4.491247447894988e-05,
                        -0.0005149987847772742,
                        1.375
                    ],
                    [
                        4.491247447929243e-05,
                        -0.000561816906300936,
                        1.375
                    ],
                    [
                        4.491247447966477e-05,
                        -0.0006086350278245902,
                        1.375
                    ],
                    [
                        4.49124744800669e-05,
                        -0.0006554531493482362,
                        1.375
                    ],
                    [
                        4.4912474480498816e-05,
                        -0.0007022712708718737,
                        1.375
                    ],
                    [
                        4.491247448096052e-05,
                        -0.0007490893923955016,
                        1.375
                    ],
                    [
                        9.880974666825082e-05,
                        -0.0007490893923946118,
                        1.375
                    ],
                    [
                        9.880974666723503e-05,
                        -0.0007022712708710395,
                        1.375
                    ]
                ]
            ]
        ],
        "type": "MultiPolygon"
    },
    "properties": {
        "Id": "{3d8c3c5f-0dda-48db-999d-51a22428a5df}",
        "Type": "Surface"
    },
    "type": "Feature"
}
,{
    "geometry": {
        "coordinates": [
            [
                [
                    [
                        0.00014373044545897164,
                        0,
                        1.375
                    ],
                    [
                        9.881468125309802e-05,
                        0,
                        1.375
                    ],
                    [
                        9.881468125313071e-05,
                        -4.6755747408104085e-05,
                        1.375
                    ],
                    [
                        0.00014373044545901918,
                        -4.675574740802598e-05,
                        1.375
                    ],
                    [
                        0.00014373044545897164,
                        0,
                        1.375
                    ]
                ]
            ]
        ],
        "type": "MultiPolygon"
    },
    "properties": {
        "Id": "{376576d8-3dc3-46d8-856b-de7c54e29fe0}",
        "Type": "Surface"
    },
    "type": "Feature"
}
,{
    "geometry": {
        "coordinates": [
            [
                [
                    [
                        9.881468125456038e-05,
                        -0.0003127614788016399,
                        1.375
                    ],
                    [
                        9.881468125520137e-05,
                        -0.0003750941955959053,
                        1.375
                    ],
                    [
                        9.881468125595849e-05,
                        -0.00043742636040683836,
                        1.375
                    ],
                    [
                        9.881468125683181e-05,
                        -0.0004997590772010844,
                        1.375
                    ],
                    [
                        9.88146812578213e-05,
                        -0.0005620917939953186,
                        1.375
                    ],
                    [
                        9.881468125892694e-05,
                        -0.000624423958806216,
                        1.375
                    ],
                    [
                        9.881468126014876e-05,
                        -0.000686756675600422,
                        1.375
                    ],
                    [
                        9.881468126148675e-05,
                        -0.0007490893923946117,
                        1.375
                    ],
                    [
                        0.0001437304454711734,
                        -0.0007490893923933604,
                        1.375
                    ],
                    [
                        0.00014373044546922724,
                        -0.0006867566755992748,
                        1.375
                    ],
                    [
                        0.00014373044546745004,
                        -0.000624423958805173,
                        1.375
                    ],
                    [
                        0.00014373044546584185,
                        -0.0005620917939943796,
                        1.375
                    ],
                    [
                        0.0001437304454644026,
                        -0.0004997590772002496,
                        1.375
                    ],
                    [
                        0.00014373044546313232,
                        -0.0004374263604061076,
                        1.375
                    ],
                    [
                        0.00014373044546203104,
                        -0.0003750941955952787,
                        1.375
                    ],
                    [
                        0.00014373044546109868,
                        -0.00031276147880111746,
                        1.375
                    ],
                    [
                        0.00014373044546033535,
                        -0.00025042876200694866,
                        1.375
                    ],
                    [
                        9.881468125403558e-05,
                        -0.000250428762007367,
                        1.375
                    ],
                    [
                        9.881468125456038e-05,
                        -0.0003127614788016399,
                        1.375
                    ]
                ]
            ]
        ],
        "type": "MultiPolygon"
    },
    "properties": {
        "Id": "{7e0eb0f6-3dc2-4eda-9c39-a6c4884e2de3}",
        "Type": "Surface"
    },
    "type": "Feature"
}
,{
    "geometry": {
        "coordinates": [
            [
                [
                    [
                        0.0001437304454591576,
                        -9.248094195127614e-05,
                        1.375
                    ],
                    [
                        9.881468125322588e-05,
                        -9.248094195143063e-05,
                        1.375
                    ],
                    [
                        9.881468125342831e-05,
                        -0.00014863751734025857,
                        1.375
                    ],
                    [
                        9.881468125372503e-05,
                        -0.00020479464471240705,
                        1.375
                    ],
                    [
                        0.00014373044545988364,
                        -0.00020479464471206496,
                        1.375
                    ],
                    [
                        0.00014373044545945205,
                        -0.0001486375173400103,
                        1.375
                    ],
                    [
                        0.0001437304454591576,
                        -9.248094195127614e-05,
                        1.375
                    ]
                ]
            ]
        ],
        "type": "MultiPolygon"
    },
    "properties": {
        "Id": "{2f7472f1-033c-41a8-9bcc-a4db85a75891}",
        "Type": "Surface"
    },
    "type": "Feature"
}
,{
    "geometry": {
        "coordinates": [
            [
                [
                    [
                        0.0002448753513108762,
                        -0.0006554531493424124,
                        0
                    ],
                    [
                        0.00024487535130868367,
                        -0.0006086350278191823,
                        0
                    ],
                    [
                        0.00024487535130665356,
                        -0.000561816906295944,
                        0
                    ],
                    [
                        0.00024487535130478586,
                        -0.0005149987847726982,
                        0
                    ],
                    [
                        0.00024487535130308057,
                        -0.00046818066324944555,
                        0
                    ],
                    [
                        0.00024487535130153764,
                        -0.00042136254172618653,
                        0
                    ],
                    [
                        0.0002448753513001572,
                        -0.00037454442020292187,
                        0
                    ],
                    [
                        0.00024487535129893913,
                        -0.00032772629867965216,
                        0
                    ],
                    [
                        0.00024487535129788345,
                        -0.0002809087291397015,
                        0
                    ],
                    [
                        0.0002448753512969902,
                        -0.00023409060761642368,
                        0
                    ],
                    [
                        0.0002448753512962594,
                        -0.00018727248609314273,
                        0
                    ],
                    [
                        0.000244875351295691,
                        -0.00014045436456985923,
                        0
                    ],
                    [
                        0.00024487535129528494,
                        -9.363624304657387e-05,
                        0
                    ],
                    [
                        0.0002448753512950413,
                        -4.681812152328725e-05,
                        0
                    ],
                    [
                        0.0002448753512949601,
                        0,
                        0
                    ],
                    [
                        0.00019097862740073245,
                        0,
                        0
                    ],
                    [
                        0.0001909786274007958,
                        -4.681812152345589e-05,
                        0
                    ],
                    [
                        0.00019097862740098578,
                        -9.363624304691115e-05,
                        0
                    ],
                    [
                        0.00019097862740130247,
                        -0.00014045436457036514,
                        0
                    ],
                    [
                        0.00019097862740174578,
                        -0.0001872724860938173,
                        0
                    ],
                    [
                        0.00019097862740231574,
                        -0.0002340906076172669,
                        0
                    ],
                    [
                        0.0001909786274030124,
                        -0.0002809087291407133,
                        0
                    ],
                    [
                        0.0001909786274038357,
                        -0.00032772629868083264,
                        0
                    ],
                    [
                        0.00019097862740478566,
                        -0.000374544420204271,
                        0
                    ],
                    [
                        0.00019097862740586228,
                        -0.0004213625417277043,
                        0
                    ],
                    [
                        0.0001909786274070656,
                        -0.0004681806632511319,
                        0
                    ],
                    [
                        0.00019097862740839554,
                        -0.0005149987847745533,
                        0
                    ],
                    [
                        0.0001909786274098522,
                        -0.0005618169062979677,
                        0
                    ],
                    [
                        0.00019097862741143548,
                        -0.0006086350278213747,
                        0
                    ],
                    [
                        0.0001909786274131454,
                        -0.0006554531493447734,
                        0
                    ],
                    [
                        0.00019097862741498204,
                        -0.0007022712708681635,
                        0
                    ],
                    [
                        0.00019097862741694532,
                        -0.0007490893923915439,
                        0
                    ],
                    [
                        0.00024487535131574844,
                        -0.0007490893923888457,
                        0
                    ],
                    [
                        0.0002448753513132311,
                        -0.0007022712708656338,
                        0
                    ],
                    [
                        0.0002448753513108762,
                        -0.0006554531493424124,
                        0
                    ]
                ]
            ]
        ],
        "type": "MultiPolygon"
    },
    "properties": {
        "Id": "{62be29f3-7912-48a2-aa84-76b5ccab3289}",
        "Type": "Surface"
    },
    "type": "Feature"
}
,{
    "geometry": {
        "coordinates": [
            [
                [
                    [
                        0.00014606615292382528,
                        -4.681812152356456e-05,
                        0
                    ],
                    [
                        0.00014606615292397056,
                        -9.363624304712848e-05,
                        0
                    ],
                    [
                        0.0001460661529242128,
                        -0.00014045436457069116,
                        0
                    ],
                    [
                        0.00014606615292455185,
                        -0.00018727248609425197,
                        0
                    ],
                    [
                        0.00014606615292498776,
                        -0.00023409060761781024,
                        0
                    ],
                    [
                        0.00014606615292552056,
                        -0.00028090872914136536,
                        0
                    ],
                    [
                        0.00014606615292615027,
                        -0.0003277262986815933,
                        0
                    ],
                    [
                        0.00014606615292687684,
                        -0.00037454442020514036,
                        0
                    ],
                    [
                        0.00014606615292770027,
                        -0.0004213625417286823,
                        0
                    ],
                    [
                        0.00014606615292862062,
                        -0.0004681806632522186,
                        0
                    ],
                    [
                        0.0001460661529296378,
                        -0.0005149987847757486,
                        0
                    ],
                    [
                        0.0001460661529307519,
                        -0.0005618169062992718,
                        0
                    ],
                    [
                        0.0001460661529319628,
                        -0.0006086350278227873,
                        0
                    ],
                    [
                        0.00014606615293327063,
                        -0.0006554531493462947,
                        0
                    ],
                    [
                        0.00014606615293467535,
                        -0.0007022712708697935,
                        0
                    ],
                    [
                        0.0001460661529361769,
                        -0.0007490893923932827,
                        0
                    ],
                    [
                        0.00019098191714576922,
                        -0.0007490893923915437,
                        0
                    ],
                    [
                        0.00019098191714380592,
                        -0.0007022712708681633,
                        0
                    ],
                    [
                        0.00019098191714196928,
                        -0.0006554531493447733,
                        0
                    ],
                    [
                        0.0001909819171402593,
                        -0.0006086350278213745,
                        0
                    ],
                    [
                        0.000190981917138676,
                        -0.0005618169062979676,
                        0
                    ],
                    [
                        0.00019098191713721934,
                        -0.0005149987847745532,
                        0
                    ],
                    [
                        0.00019098191713588938,
                        -0.0004681806632511318,
                        0
                    ],
                    [
                        0.00019098191713468602,
                        -0.0004213625417277042,
                        0
                    ],
                    [
                        0.00019098191713360938,
                        -0.0003745444202042709,
                        0
                    ],
                    [
                        0.0001909819171326594,
                        -0.0003277262986808326,
                        0
                    ],
                    [
                        0.00019098191713183606,
                        -0.00028090872914071326,
                        0
                    ],
                    [
                        0.00019098191713113943,
                        -0.00023409060761726683,
                        0
                    ],
                    [
                        0.00019098191713056944,
                        -0.00018727248609381726,
                        0
                    ],
                    [
                        0.0001909819171301261,
                        -0.00014045436457036514,
                        0
                    ],
                    [
                        0.00019098191712980941,
                        -9.363624304691112e-05,
                        0
                    ],
                    [
                        0.00019098191712961946,
                        -4.681812152345588e-05,
                        0
                    ],
                    [
                        0.00019098191712955612,
                        0,
                        0
                    ],
                    [
                        0.00014606615292377684,
                        0,
                        0
                    ],
                    [
                        0.00014606615292382528,
                        -4.681812152356456e-05,
                        0
                    ]
                ]
            ]
        ],
        "type": "MultiPolygon"
    },
    "properties": {
        "Id": "{ffe70e5b-4a98-4438-88f8-7d2dee602357}",
        "Type": "Surface"
    },
    "type": "Feature"
}
,{
    "geometry": {
        "coordinates": [
            [
                [
                    [
                        0.00024488083417641414,
                        -4.681812152328723e-05,
                        0
                    ],
                    [
                        0.0002448808341766577,
                        -9.363624304657383e-05,
                        0
                    ],
                    [
                        0.0002448808341770638,
                        -0.0001404543645698592,
                        0
                    ],
                    [
                        0.00024488083417763224,
                        -0.00018727248609314267,
                        0
                    ],
                    [
                        0.00024488083417836305,
                        -0.0002340906076164236,
                        0
                    ],
                    [
                        0.0002448808341792563,
                        -0.0002809087291397014,
                        0
                    ],
                    [
                        0.000244880834180312,
                        -0.00032772629867965206,
                        0
                    ],
                    [
                        0.00024488083418153006,
                        -0.0003745444202029217,
                        0
                    ],
                    [
                        0.00024488083418291057,
                        -0.00042136254172618637,
                        0
                    ],
                    [
                        0.0002448808341844535,
                        -0.00046818066324944533,
                        0
                    ],
                    [
                        0.00024488083418615884,
                        -0.000514998784772698,
                        0
                    ],
                    [
                        0.0002448808341880266,
                        -0.0005618169062959438,
                        0
                    ],
                    [
                        0.00024488083419005677,
                        -0.0006086350278191821,
                        0
                    ],
                    [
                        0.0002448808341922493,
                        -0.0006554531493424121,
                        0
                    ],
                    [
                        0.0002448808341946043,
                        -0.0007022712708656336,
                        0
                    ],
                    [
                        0.0002448808341971217,
                        -0.0007490893923888454,
                        0
                    ],
                    [
                        0.0002897965984064174,
                        -0.0007490893923860869,
                        0
                    ],
                    [
                        0.0002897965984034383,
                        -0.0007022712708630476,
                        0
                    ],
                    [
                        0.0002897965984006513,
                        -0.0006554531493399984,
                        0
                    ],
                    [
                        0.0002897965983980566,
                        -0.0006086350278169409,
                        0
                    ],
                    [
                        0.0002897965983956541,
                        -0.0005618169062938749,
                        0
                    ],
                    [
                        0.0002897965983934438,
                        -0.0005149987847708016,
                        0
                    ],
                    [
                        0.00028979659839142565,
                        -0.0004681806632477213,
                        0
                    ],
                    [
                        0.0002897965983895997,
                        -0.0004213625417246347,
                        0
                    ],
                    [
                        0.0002897965983879659,
                        -0.0003745444202015425,
                        0
                    ],
                    [
                        0.0002897965983865245,
                        -0.00032772629867844523,
                        0
                    ],
                    [
                        0.00028979659838527513,
                        -0.00028090872913866694,
                        0
                    ],
                    [
                        0.0002897965983842181,
                        -0.00023409060761556157,
                        0
                    ],
                    [
                        0.00028979659838335316,
                        -0.00018727248609245306,
                        0
                    ],
                    [
                        0.00028979659838268047,
                        -0.00014045436456934195,
                        0
                    ],
                    [
                        0.0002897965983821999,
                        -9.363624304622903e-05,
                        0
                    ],
                    [
                        0.0002897965983819116,
                        -4.681812152311483e-05,
                        0
                    ],
                    [
                        0.00028979659838181555,
                        0,
                        0
                    ],
                    [
                        0.0002448808341763329,
                        0,
                        0
                    ],
                    [
                        0.00024488083417641414,
                        -4.681812152328723e-05,
                        0
                    ]
                ],
                [
                    [
                        0.0002868676431565371,
                        -0.00030487087719033176,
                        3.814697265625e-06
                    ],
                    [
                        0.0002471606162545989,
                        -0.0003049354592401597,
                        3.814697265625e-06
                    ],
                    [
                        0.00024580195825041264,
                        -0.0003049376671734845,
                        3.814697265625e-06
                    ],
                    [
                        0.0002457213598931806,
                        -0.00025436495508451606,
                        3.814697265625e-06
                    ],
                    [
                        0.0002456407615361393,
                        -0.00020379279497886638,
                        3.814697265625e-06
                    ],
                    [
                        0.00024699887125217767,
                        -0.0002037905870455519,
                        3.814697265625e-06
                    ],
                    [
                        0.00028670589815380795,
                        -0.0002037265569793767,
                        3.814697265625e-06
                    ],
                    [
                        0.00028678649651099256,
                        -0.0002542987170848566,
                        3.814697265625e-06
                    ],
                    [
                        0.0002868676431565371,
                        -0.00030487087719033176,
                        3.814697265625e-06
                    ]
                ]
            ]
        ],
        "type": "MultiPolygon"
    },
    "properties": {
        "Id": "{64f04c41-0e39-42d9-bd74-6f1c1fa923d3}",
        "Type": "Surface"
    },
    "type": "Feature"
}
,{
    "geometry": {
        "coordinates": [
            [
                [
                    [
                        -8.983152841954117e-05,
                        -0.0007490893923948064,
                        0.6875
                    ],
                    [
                        -4.4915764209784477e-05,
                        -0.0007490893923955016,
                        1.03125
                    ],
                    [
                        0,
                        -0.0007490893923957333,
                        1.375
                    ],
                    [
                        0,
                        -0.000702271270872091,
                        1.375
                    ],
                    [
                        0,
                        -0.0006554531493484391,
                        1.375
                    ],
                    [
                        0,
                        -0.0006086350278247785,
                        1.375
                    ],
                    [
                        0,
                        -0.0005618169063011097,
                        1.375
                    ],
                    [
                        0,
                        -0.0005149987847774335,
                        1.375
                    ],
                    [
                        0,
                        -0.00046818066325375027,
                        1.375
                    ],
                    [
                        0,
                        -0.00042136254173006076,
                        1.375
                    ],
                    [
                        0,
                        -0.00037454442020636567,
                        1.375
                    ],
                    [
                        0,
                        -0.0003277262986826655,
                        1.375
                    ],
                    [
                        0,
                        -0.0002809087291422843,
                        1.375
                    ],
                    [
                        0,
                        -0.00023409060761857606,
                        1.375
                    ],
                    [
                        0,
                        -0.00018727248609486463,
                        1.375
                    ],
                    [
                        0,
                        -0.00014045436457115065,
                        1.375
                    ],
                    [
                        0,
                        -9.363624304743482e-05,
                        1.375
                    ],
                    [
                        0,
                        -4.681812152371772e-05,
                        1.375
                    ],
                    [
                        0,
                        0,
                        1.375
                    ],
                    [
                        -4.491576420597142e-05,
                        0,
                        1.03125
                    ],
                    [
                        -8.983152841191506e-05,
                        0,
                        0.6875
                    ],
                    [
                        -0.00013474729261780312,
                        0,
                        0.34375
                    ],
                    [
                        -0.00017966305682360782,
                        0,
                        0
                    ],
                    [
                        -0.00017966305682366743,
                        -4.6818121523485995e-05,
                        0
                    ],
                    [
                        -0.0001796630568238461,
                        -9.363624304697137e-05,
                        0
                    ],
                    [
                        -0.00017966305682414404,
                        -0.00014045436457045548,
                        0
                    ],
                    [
                        -0.00017966305682456108,
                        -0.00018727248609393774,
                        0
                    ],
                    [
                        -0.0001796630568250973,
                        -0.00023409060761741743,
                        0
                    ],
                    [
                        -0.00017966305682575267,
                        -0.000280908729140894,
                        0
                    ],
                    [
                        -0.0001796630568265272,
                        -0.0003277262986810434,
                        0
                    ],
                    [
                        -0.00017966305682742083,
                        -0.00037454442020451185,
                        0
                    ],
                    [
                        -0.0001796630568284337,
                        -0.00042136254172797524,
                        0
                    ],
                    [
                        -0.00017966305682956573,
                        -0.000468180663251433,
                        0
                    ],
                    [
                        -0.0001796630568308169,
                        -0.0005149987847748845,
                        0
                    ],
                    [
                        -0.0001796630568321872,
                        -0.0005618169062983291,
                        0
                    ],
                    [
                        -0.0001796630568336767,
                        -0.000608635027821766,
                        0
                    ],
                    [
                        -0.0001796630568352853,
                        -0.0006554531493451949,
                        0
                    ],
                    [
                        -0.0001796630568370131,
                        -0.000702271270868615,
                        0
                    ],
                    [
                        -0.00017966305683886005,
                        -0.0007490893923920256,
                        0
                    ],
                    [
                        -0.00013474729262924232,
                        -0.0007490893923936478,
                        0.34375
                    ],
                    [
                        -8.983152841954117e-05,
                        -0.0007490893923948064,
                        0.6875
                    ]
                ]
            ]
        ],
        "type": "MultiPolygon"
    },
    "properties": {
        "Id": "{3972ea6f-1f7c-4ada-a529-609765dfcbe6}",
        "Type": "Surface"
    },
    "type": "Feature"
}
,{
    "geometry": {
        "coordinates": [
            [
                0.00017301552372225732,
                -0.0002052053974971159,
                0.06156193357656931
            ],
            [
                0.00017301552372251354,
                -0.0002278146344232685,
                0.06156193357656931
            ]
        ],
        "type": "LineString"
    },
    "properties": {
        "Id": "{b517dd41-1f44-41a1-9165-0bc249e8b048}",
        "Lane": {
            "Id": "{d8c58e56-713f-407a-a902-19859dc221b0}"
        },
        "Signals": [
        ],
        "TurnRelation": "Left",
        "Type": "Gate"
    },
    "type": "Feature"
}
,{
    "geometry": {
        "coordinates": [
            [
                0.00017301552372251354,
                -0.0002278146344232685,
                0.06156193357656931
            ],
            [
                0.00017301552372279657,
                -0.00025042387134942024,
                0.06156193357656931
            ]
        ],
        "type": "LineString"
    },
    "properties": {
        "Id": "{94724eab-f3ed-43d4-bd13-dd00e390dbec}",
        "Lane": {
            "Id": "{017cd718-f4da-4da4-a2ac-6bbb7308ee05}"
        },
        "Signals": [
        ],
        "TurnRelation": "Right",
        "Type": "Gate"
    },
    "type": "Feature"
}
,{
    "geometry": {
        "coordinates": [
            [
                [
                    0.00024488083417635305,
                    -2.3320191446577873e-05,
                    1.8206509676846592e-06
                ],
                [
                    0.0002897965983818394,
                    -2.3320191446491998e-05,
                    1.8206509676846592e-06
                ],
                [
                    0.0002897965983818156,
                    -6.397486718065765e-07,
                    1.9073486328125e-06
                ],
                [
                    0.00024488083417633294,
                    -6.397486718089324e-07,
                    1.9073486328125e-06
                ],
                [
                    0.00024488083417635305,
                    -2.3320191446577873e-05,
                    1.8206509676846592e-06
                ]
            ]
        ],
        "type": "Polygon"
    },
    "properties": {
        "EntryPosition": [
            0.0002448807464502362,
            -1.198015363938569e-05,
            1.8639998002485796e-06
        ],
        "Id": "{37069718-91c7-4958-9e9e-415f251f80da}",
        "Type": "ParkingSpace"
    },
    "type": "Feature"
}
,{
    "geometry": {
        "coordinates": [
            [
                [
                    0.00024488083417727424,
                    -0.00015940174412854073,
                    1.3004649769176138e-06
                ],
                [
                    0.0002897965983829295,
                    -0.00015940174412795374,
                    1.3004649769176138e-06
                ],
                [
                    0.0002897965983826351,
                    -0.0001367218533365932,
                    1.3871626420454546e-06
                ],
                [
                    0.00024488083417702547,
                    -0.00013672185333709664,
                    1.3871626420454546e-06
                ],
                [
                    0.00024488083417727424,
                    -0.00015940174412854073,
                    1.3004649769176138e-06
                ]
            ]
        ],
        "type": "Polygon"
    },
    "properties": {
        "EntryPosition": [
            0.0002448807464510431,
            -0.0001480618307214546,
            1.3438138094815342e-06
        ],
        "Id": "{2c385ae2-421b-44d3-9560-41f39f83474e}",
        "Type": "ParkingSpace"
    },
    "type": "Feature"
}
,{
    "geometry": {
        "coordinates": [
            [
                [
                    0.00028979659839953244,
                    -0.0006356877304961499,
                    -5.20185990767045e-07
                ],
                [
                    0.00024488083419130387,
                    -0.0006356877304984908,
                    -5.20185990767045e-07
                ],
                [
                    0.0002448808341923912,
                    -0.0006583681732732305,
                    -6.068836558948862e-07
                ],
                [
                    0.0002897965984008192,
                    -0.0006583681732708061,
                    -6.068836558948862e-07
                ],
                [
                    0.00028979659839953244,
                    -0.0006356877304961499,
                    -5.20185990767045e-07
                ]
            ]
        ],
        "type": "Polygon"
    },
    "properties": {
        "EntryPosition": [
            0.0002448807464657408,
            -0.0006470279800221133,
            -5.635348233309656e-07
        ],
        "Id": "{43503ea6-1dbc-4124-a2fb-def1500c8b37}",
        "Type": "ParkingSpace"
    },
    "type": "Feature"
}
,{
    "geometry": {
        "coordinates": [
            [
                [
                    0.00024488083417641127,
                    -4.6000634221346746e-05,
                    1.7339533025568181e-06
                ],
                [
                    0.00028979659838190836,
                    -4.600063422117735e-05,
                    1.7339533025568181e-06
                ],
                [
                    0.0002897965983818394,
                    -2.3320191446491998e-05,
                    1.8206509676846592e-06
                ],
                [
                    0.00024488083417635305,
                    -2.3320191446577873e-05,
                    1.8206509676846592e-06
                ],
                [
                    0.00024488083417641127,
                    -4.6000634221346746e-05,
                    1.7339533025568181e-06
                ]
            ]
        ],
        "type": "Polygon"
    },
    "properties": {
        "EntryPosition": [
            0.00024488074645027545,
            -3.466043315306436e-05,
            1.7773021351207388e-06
        ],
        "Id": "{43aaacf8-c93a-49a0-b014-242b995135b5}",
        "Type": "ParkingSpace"
    },
    "type": "Feature"
}
,{
    "geometry": {
        "coordinates": [
            [
                [
                    0.000289796598391788,
                    -0.0004769257350401499,
                    8.669766512784126e-08
                ],
                [
                    0.00024488083418475973,
                    -0.00047692573504190614,
                    8.669766512784126e-08
                ],
                [
                    0.0002448808341855802,
                    -0.0004996061778166584,
                    4.235164736271502e-22
                ],
                [
                    0.00028979659839275905,
                    -0.0004996061778148186,
                    4.235164736271502e-22
                ],
                [
                    0.000289796598391788,
                    -0.0004769257350401499,
                    8.669766512784126e-08
                ]
            ]
        ],
        "type": "Polygon"
    },
    "properties": {
        "EntryPosition": [
            0.00024488074645906324,
            -0.0004882660234265196,
            4.334883256392084e-08
        ],
        "Id": "{09e1d223-7915-49e3-9944-74415df8ee20}",
        "Type": "ParkingSpace"
    },
    "type": "Feature"
}
,{
    "geometry": {
        "coordinates": [
            [
                [
                    0.00028979659838408354,
                    -0.00022744307245200219,
                    1.0403719815340908e-06
                ],
                [
                    0.0002897965983836538,
                    -0.00020476262967732,
                    1.1270696466619319e-06
                ],
                [
                    0.00024488083417788627,
                    -0.00020476262967807402,
                    1.1270696466619319e-06
                ],
                [
                    0.0002448808341782494,
                    -0.00022744307245283976,
                    1.0403719815340908e-06
                ],
                [
                    0.00028979659838408354,
                    -0.00022744307245200219,
                    1.0403719815340908e-06
                ]
            ]
        ],
        "type": "Polygon"
    },
    "properties": {
        "EntryPosition": [
            0.00024488074645196106,
            -0.00021610266926248367,
            1.0837208140980112e-06
        ],
        "Id": "{a2c873d9-ad8e-4401-b243-bc5741c19963}",
        "Type": "ParkingSpace"
    },
    "type": "Feature"
}
,{
    "geometry": {
        "coordinates": [
            [
                [
                    0.0002448808341765076,
                    -6.868107699611547e-05,
                    1.6472556374289773e-06
                ],
                [
                    0.00028979659838202236,
                    -6.868107699586255e-05,
                    1.6472556374289773e-06
                ],
                [
                    0.00028979659838190836,
                    -4.600063422117735e-05,
                    1.7339533025568181e-06
                ],
                [
                    0.00024488083417641127,
                    -4.6000634221346746e-05,
                    1.7339533025568181e-06
                ],
                [
                    0.0002448808341765076,
                    -6.868107699611547e-05,
                    1.6472556374289773e-06
                ]
            ]
        ],
        "type": "Polygon"
    },
    "properties": {
        "EntryPosition": [
            0.00024488074645035275,
            -5.7340712666742924e-05,
            1.6906044699928977e-06
        ],
        "Id": "{e6b3912b-4919-452a-96c3-61712f9389a2}",
        "Type": "ParkingSpace"
    },
    "type": "Feature"
}
,{
    "geometry": {
        "coordinates": [
            [
                [
                    0.00024488083417702547,
                    -0.00013672185333709664,
                    1.3871626420454546e-06
                ],
                [
                    0.0002897965983826351,
                    -0.0001367218533365932,
                    1.3871626420454546e-06
                ],
                [
                    0.0002897965983823857,
                    -0.00011404141056190887,
                    1.4738603071732954e-06
                ],
                [
                    0.0002448808341768147,
                    -0.0001140414105623288,
                    1.4738603071732954e-06
                ],
                [
                    0.00024488083417702547,
                    -0.00013672185333709664,
                    1.3871626420454546e-06
                ]
            ]
        ],
        "type": "Polygon"
    },
    "properties": {
        "EntryPosition": [
            0.0002448807464508133,
            -0.0001253815512077772,
            1.430511474609375e-06
        ],
        "Id": "{6ba89449-cfa5-46e6-af60-f86ce09c7c89}",
        "Type": "ParkingSpace"
    },
    "type": "Feature"
}
,{
    "geometry": {
        "coordinates": [
            [
                [
                    0.00024488083417664215,
                    -9.136096778756057e-05,
                    1.5605579723011365e-06
                ],
                [
                    0.00028979659838218147,
                    -9.136096778722416e-05,
                    1.5605579723011365e-06
                ],
                [
                    0.00028979659838202236,
                    -6.868107699586255e-05,
                    1.6472556374289773e-06
                ],
                [
                    0.0002448808341765076,
                    -6.868107699611547e-05,
                    1.6472556374289773e-06
                ],
                [
                    0.00024488083417664215,
                    -9.136096778756057e-05,
                    1.5605579723011365e-06
                ]
            ]
        ],
        "type": "Polygon"
    },
    "properties": {
        "EntryPosition": [
            0.00024488074645046817,
            -8.002099218042126e-05,
            1.6039068048650569e-06
        ],
        "Id": "{23e66a60-b5a3-432a-9e9f-0e38ed190718}",
        "Type": "ParkingSpace"
    },
    "type": "Feature"
}
,{
    "geometry": {
        "coordinates": [
            [
                [
                    0.00024488083419130387,
                    -0.0006356877304984908,
                    -5.20185990767045e-07
                ],
                [
                    0.00028979659839953244,
                    -0.0006356877304961499,
                    -5.20185990767045e-07
                ],
                [
                    0.0002897965983982908,
                    -0.0006130072877214914,
                    -4.3348832563920416e-07
                ],
                [
                    0.0002448808341902547,
                    -0.0006130072877237487,
                    -4.3348832563920416e-07
                ],
                [
                    0.00024488083419130387,
                    -0.0006356877304984908,
                    -5.20185990767045e-07
                ]
            ]
        ],
        "type": "Polygon"
    },
    "properties": {
        "EntryPosition": [
            0.0002448807464646725,
            -0.0006243477005084625,
            -4.768371582031246e-07
        ],
        "Id": "{baa7ec05-c0d8-4240-b9e7-57c234ff1ab6}",
        "Type": "ParkingSpace"
    },
    "type": "Feature"
}
,{
    "geometry": {
        "coordinates": [
            [
                [
                    0.0002448808341768147,
                    -0.0001140414105623288,
                    1.4738603071732954e-06
                ],
                [
                    0.0002897965983823857,
                    -0.00011404141056190887,
                    1.4738603071732954e-06
                ],
                [
                    0.00028979659838218147,
                    -9.136096778722416e-05,
                    1.5605579723011365e-06
                ],
                [
                    0.00024488083417664215,
                    -9.136096778756057e-05,
                    1.5605579723011365e-06
                ],
                [
                    0.0002448808341768147,
                    -0.0001140414105623288,
                    1.4738603071732954e-06
                ]
            ]
        ],
        "type": "Polygon"
    },
    "properties": {
        "EntryPosition": [
            0.0002448807464506217,
            -0.00010270127169409939,
            1.5172091397372158e-06
        ],
        "Id": "{9b4d9e85-e1e9-419d-855f-bdd5f6141d00}",
        "Type": "ParkingSpace"
    },
    "type": "Feature"
}
,{
    "geometry": {
        "coordinates": [
            [
                [
                    0.0002448808341775612,
                    -0.00018208218690330763,
                    1.213767311789773e-06
                ],
                [
                    0.0002897965983832691,
                    -0.00018208218690263713,
                    1.213767311789773e-06
                ],
                [
                    0.0002897965983829295,
                    -0.00015940174412795374,
                    1.3004649769176138e-06
                ],
                [
                    0.00024488083417727424,
                    -0.00015940174412854073,
                    1.3004649769176138e-06
                ],
                [
                    0.0002448808341775612,
                    -0.00018208218690330763,
                    1.213767311789773e-06
                ]
            ]
        ],
        "type": "Polygon"
    },
    "properties": {
        "EntryPosition": [
            0.00024488074645131097,
            -0.00017074211023513153,
            1.2571161443536933e-06
        ],
        "Id": "{a88f021d-bb88-4d54-97f4-5f9f751403fa}",
        "Type": "ParkingSpace"
    },
    "type": "Feature"
}
,{
    "geometry": {
        "coordinates": [
            [
                [
                    0.00024488083418827054,
                    -0.0005676469541575826,
                    -2.6009299538352165e-07
                ],
                [
                    0.0002897965983959428,
                    -0.0005676469541554923,
                    -2.6009299538352165e-07
                ],
                [
                    0.0002897965983948364,
                    -0.0005449665113808283,
                    -1.7339533025568082e-07
                ],
                [
                    0.00024488083418733564,
                    -0.0005449665113828351,
                    -1.7339533025568082e-07
                ],
                [
                    0.00024488083418827054,
                    -0.0005676469541575826,
                    -2.6009299538352165e-07
                ]
            ]
        ],
        "type": "Polygon"
    },
    "properties": {
        "EntryPosition": [
            0.0002448807464616964,
            -0.0005563068619674989,
            -2.1674416281960123e-07
        ],
        "Id": "{b66e4264-4cc6-4b29-a8c5-9d2255e98d44}",
        "Type": "ParkingSpace"
    },
    "type": "Feature"
}
,{
    "geometry": {
        "coordinates": [
            [
                [
                    0.0002897965983908621,
                    -0.0004542458442488028,
                    1.733953302556821e-07
                ],
                [
                    0.0002897965983899812,
                    -0.000431565401474131,
                    2.600929953835229e-07
                ],
                [
                    0.000244880834183233,
                    -0.0004315654014757202,
                    2.600929953835229e-07
                ],
                [
                    0.0002448808341839773,
                    -0.0004542458442504755,
                    1.733953302556821e-07
                ],
                [
                    0.0002897965983908621,
                    -0.0004542458442488028,
                    1.733953302556821e-07
                ]
            ]
        ],
        "type": "Polygon"
    },
    "properties": {
        "EntryPosition": [
            0.0002448807464574984,
            -0.0004429054643991924,
            2.167441628196025e-07
        ],
        "Id": "{b11990e3-8f48-4306-9ec1-44cd7d6aa79a}",
        "Type": "ParkingSpace"
    },
    "type": "Feature"
}
,{
    "geometry": {
        "coordinates": [
            [
                [
                    0.00024488083417788627,
                    -0.00020476262967807402,
                    1.1270696466619319e-06
                ],
                [
                    0.0002897965983836538,
                    -0.00020476262967732,
                    1.1270696466619319e-06
                ],
                [
                    0.0002897965983832691,
                    -0.00018208218690263713,
                    1.213767311789773e-06
                ],
                [
                    0.0002448808341775612,
                    -0.00018208218690330763,
                    1.213767311789773e-06
                ],
                [
                    0.00024488083417788627,
                    -0.00020476262967807402,
                    1.1270696466619319e-06
                ]
            ]
        ],
        "type": "Polygon"
    },
    "properties": {
        "EntryPosition": [
            0.00024488074645161693,
            -0.00019342238974880794,
            1.1704184792258525e-06
        ],
        "Id": "{5ec84b6c-d89c-4b52-a6f7-4243359da1e1}",
        "Type": "ParkingSpace"
    },
    "type": "Feature"
}
,{
    "geometry": {
        "coordinates": [
            [
                [
                    0.0002448808341946802,
                    -0.0007037285068393807,
                    -7.802789861505683e-07
                ],
                [
                    0.0002897965984035281,
                    -0.0007037285068367894,
                    -7.802789861505683e-07
                ],
                [
                    0.00028979659840215117,
                    -0.0006810486160454605,
                    -6.935813210227271e-07
                ],
                [
                    0.0002448808341935167,
                    -0.0006810486160479684,
                    -6.935813210227271e-07
                ],
                [
                    0.0002448808341946802,
                    -0.0007037285068393807,
                    -7.802789861505683e-07
                ]
            ]
        ],
        "type": "Polygon"
    },
    "properties": {
        "EntryPosition": [
            0.0002448807464679917,
            -0.0006923885390494082,
            -7.369301535866477e-07
        ],
        "Id": "{3a3680a3-6ed7-4c48-a7be-acf929bd8d0a}",
        "Type": "ParkingSpace"
    },
    "type": "Feature"
}
,{
    "geometry": {
        "coordinates": [
            [
                [
                    0.00024488083417909006,
                    -0.00027280340601904554,
                    8.66976651278409e-07
                ],
                [
                    0.0002897965983850784,
                    -0.000272803406018041,
                    8.66976651278409e-07
                ],
                [
                    0.0002897965983845584,
                    -0.00025012296324336027,
                    9.5367431640625e-07
                ],
                [
                    0.0002448808341786507,
                    -0.00025012296324428135,
                    9.5367431640625e-07
                ],
                [
                    0.00024488083417909006,
                    -0.00027280340601904554,
                    8.66976651278409e-07
                ]
            ]
        ],
        "type": "Polygon"
    },
    "properties": {
        "EntryPosition": [
            0.00024488074645276364,
            -0.0002614632282898332,
            9.103254838423295e-07
        ],
        "Id": "{f3a179ad-d760-41cb-86ab-f17602141b65}",
        "Type": "ParkingSpace"
    },
    "type": "Feature"
}
,{
    "geometry": {
        "coordinates": [
            [
                [
                    0.0002897965984008192,
                    -0.0006583681732708061,
                    -6.068836558948862e-07
                ],
                [
                    0.0002448808341923912,
                    -0.0006583681732732305,
                    -6.068836558948862e-07
                ],
                [
                    0.0002448808341935167,
                    -0.0006810486160479684,
                    -6.935813210227271e-07
                ],
                [
                    0.00028979659840215117,
                    -0.0006810486160454605,
                    -6.935813210227271e-07
                ],
                [
                    0.0002897965984008192,
                    -0.0006583681732708061,
                    -6.068836558948862e-07
                ]
            ]
        ],
        "type": "Polygon"
    },
    "properties": {
        "EntryPosition": [
            0.0002448807464668472,
            -0.0006697082595357618,
            -6.502324884588067e-07
        ],
        "Id": "{45bb1e84-e89e-4224-8821-fc58fcedf09b}",
        "Type": "ParkingSpace"
    },
    "type": "Feature"
}
,{
    "geometry": {
        "coordinates": [
            [
                [
                    0.0002448808341786507,
                    -0.00025012296324428135,
                    9.5367431640625e-07
                ],
                [
                    0.0002897965983845584,
                    -0.00025012296324336027,
                    9.5367431640625e-07
                ],
                [
                    0.00028979659838408354,
                    -0.00022744307245200219,
                    1.0403719815340908e-06
                ],
                [
                    0.0002448808341782494,
                    -0.00022744307245283976,
                    1.0403719815340908e-06
                ],
                [
                    0.0002448808341786507,
                    -0.00025012296324428135,
                    9.5367431640625e-07
                ]
            ]
        ],
        "type": "Polygon"
    },
    "properties": {
        "EntryPosition": [
            0.00024488074645234324,
            -0.0002387829487761589,
            9.970231489701704e-07
        ],
        "Id": "{ad9669b8-a4fe-450e-a1fe-7a854868a930}",
        "Type": "ParkingSpace"
    },
    "type": "Feature"
}
,{
    "geometry": {
        "coordinates": [
            [
                [
                    0.00028979659839377517,
                    -0.0005222866205894861,
                    -8.669766512784041e-08
                ],
                [
                    0.00024488083418643895,
                    -0.0005222866205914094,
                    -8.669766512784041e-08
                ],
                [
                    0.00024488083418733564,
                    -0.0005449665113828351,
                    -1.7339533025568082e-07
                ],
                [
                    0.0002897965983948364,
                    -0.0005449665113808283,
                    -1.7339533025568082e-07
                ],
                [
                    0.00028979659839377517,
                    -0.0005222866205894861,
                    -8.669766512784041e-08
                ]
            ]
        ],
        "type": "Polygon"
    },
    "properties": {
        "EntryPosition": [
            0.00024488074646078056,
            -0.0005336265824538407,
            -1.300464976917606e-07
        ],
        "Id": "{6ddf38b9-8b4f-4e0a-ac89-7c8644d0ac4b}",
        "Type": "ParkingSpace"
    },
    "type": "Feature"
}
,{
    "geometry": {
        "coordinates": [
            [
                [
                    0.00024488083417956754,
                    -0.0002954838487938088,
                    7.802789861505681e-07
                ],
                [
                    0.00028979659838564343,
                    -0.00029548384879272076,
                    7.802789861505681e-07
                ],
                [
                    0.0002897965983850784,
                    -0.000272803406018041,
                    8.66976651278409e-07
                ],
                [
                    0.00024488083417909006,
                    -0.00027280340601904554,
                    8.66976651278409e-07
                ],
                [
                    0.00024488083417956754,
                    -0.0002954838487938088,
                    7.802789861505681e-07
                ]
            ]
        ],
        "type": "Polygon"
    },
    "properties": {
        "EntryPosition": [
            0.00024488074645322204,
            -0.0002841435078035068,
            8.236278187144885e-07
        ],
        "Id": "{56cb01d5-30fe-45ae-bd34-bf19c673f5d3}",
        "Type": "ParkingSpace"
    },
    "type": "Feature"
}
,{
    "geometry": {
        "coordinates": [
            [
                [
                    0.000244880834183233,
                    -0.0004315654014757202,
                    2.600929953835229e-07
                ],
                [
                    0.0002897965983899812,
                    -0.000431565401474131,
                    2.600929953835229e-07
                ],
                [
                    0.0002897965983891455,
                    -0.0004088849586994578,
                    3.4679066051136375e-07
                ],
                [
                    0.0002448808341825268,
                    -0.0004088849587009635,
                    3.4679066051136375e-07
                ],
                [
                    0.000244880834183233,
                    -0.0004315654014757202,
                    2.600929953835229e-07
                ]
            ]
        ],
        "type": "Polygon"
    },
    "properties": {
        "EntryPosition": [
            0.00024488074645677313,
            -0.0004202251848855267,
            3.0344182794744334e-07
        ],
        "Id": "{91a5c95d-602a-4db3-b2e3-3b1aea46d1fe}",
        "Type": "ParkingSpace"
    },
    "type": "Feature"
}
,{
    "geometry": {
        "coordinates": [
            [
                [
                    0.0002448808341800832,
                    -0.0003181637395852479,
                    6.935813210227273e-07
                ],
                [
                    0.0002897965983862536,
                    -0.0003181637395840763,
                    6.935813210227273e-07
                ],
                [
                    0.00028979659838564343,
                    -0.00029548384879272076,
                    7.802789861505681e-07
                ],
                [
                    0.00024488083417956754,
                    -0.0002954838487938088,
                    7.802789861505681e-07
                ],
                [
                    0.0002448808341800832,
                    -0.0003181637395852479,
                    6.935813210227273e-07
                ]
            ]
        ],
        "type": "Polygon"
    },
    "properties": {
        "EntryPosition": [
            0.0002448807464537186,
            -0.0003068237873171794,
            7.369301535866477e-07
        ],
        "Id": "{e96fee6e-f7dc-47f2-8965-cecf390848a1}",
        "Type": "ParkingSpace"
    },
    "type": "Feature"
}
,{
    "geometry": {
        "coordinates": [
            [
                [
                    0.0002448808341806369,
                    -0.0003408441823600094,
                    6.068836558948865e-07
                ],
                [
                    0.000289796598386909,
                    -0.00034084418235875427,
                    6.068836558948865e-07
                ],
                [
                    0.0002897965983862536,
                    -0.0003181637395840763,
                    6.935813210227273e-07
                ],
                [
                    0.0002448808341800832,
                    -0.0003181637395852479,
                    6.935813210227273e-07
                ],
                [
                    0.0002448808341806369,
                    -0.0003408441823600094,
                    6.068836558948865e-07
                ]
            ]
        ],
        "type": "Polygon"
    },
    "properties": {
        "EntryPosition": [
            0.0002448807464542533,
            -0.00032950406683085107,
            6.502324884588069e-07
        ],
        "Id": "{963c08f8-c27b-4324-bc43-030eccdf0113}",
        "Type": "ParkingSpace"
    },
    "type": "Feature"
}
,{
    "geometry": {
        "coordinates": [
            [
                [
                    0.00024488083418122876,
                    -0.0003635246251347697,
                    5.201859907670456e-07
                ],
                [
                    0.00028979659838760936,
                    -0.000363524625133431,
                    5.201859907670456e-07
                ],
                [
                    0.000289796598386909,
                    -0.00034084418235875427,
                    6.068836558948865e-07
                ],
                [
                    0.0002448808341806369,
                    -0.0003408441823600094,
                    6.068836558948865e-07
                ],
                [
                    0.00024488083418122876,
                    -0.0003635246251347697,
                    5.201859907670456e-07
                ]
            ]
        ],
        "type": "Polygon"
    },
    "properties": {
        "EntryPosition": [
            0.0002448807464548261,
            -0.00035218434634452165,
            5.63534823330966e-07
        ],
        "Id": "{72834b07-47ea-430a-8452-e1ad557a78bf}",
        "Type": "ParkingSpace"
    },
    "type": "Feature"
}
,{
    "geometry": {
        "coordinates": [
            [
                [
                    0.00024488083418185873,
                    -0.00038620451592620553,
                    4.334883256392046e-07
                ],
                [
                    0.0002897965983883549,
                    -0.0003862045159247834,
                    4.334883256392046e-07
                ],
                [
                    0.00028979659838760936,
                    -0.000363524625133431,
                    5.201859907670456e-07
                ],
                [
                    0.00024488083418122876,
                    -0.0003635246251347697,
                    5.201859907670456e-07
                ],
                [
                    0.00024488083418185873,
                    -0.00038620451592620553,
                    4.334883256392046e-07
                ]
            ]
        ],
        "type": "Polygon"
    },
    "properties": {
        "EntryPosition": [
            0.000244880746455437,
            -0.0003748646258581912,
            4.768371582031251e-07
        ],
        "Id": "{7ebdb991-7dd3-4f88-b677-658e3d902b55}",
        "Type": "ParkingSpace"
    },
    "type": "Feature"
}
,{
    "geometry": {
        "coordinates": [
            [
                [
                    0.0002448808341825268,
                    -0.0004088849587009635,
                    3.4679066051136375e-07
                ],
                [
                    0.0002897965983891455,
                    -0.0004088849586994578,
                    3.4679066051136375e-07
                ],
                [
                    0.0002897965983883549,
                    -0.0003862045159247834,
                    4.334883256392046e-07
                ],
                [
                    0.00024488083418185873,
                    -0.00038620451592620553,
                    4.334883256392046e-07
                ],
                [
                    0.0002448808341825268,
                    -0.0004088849587009635,
                    3.4679066051136375e-07
                ]
            ]
        ],
        "type": "Polygon"
    },
    "properties": {
        "EntryPosition": [
            0.00024488074645608607,
            -0.0003975449053718595,
            3.9013949307528417e-07
        ],
        "Id": "{e35e4044-987d-43e4-8e92-a39f1505125d}",
        "Type": "ParkingSpace"
    },
    "type": "Feature"
}
,{
    "geometry": {
        "coordinates": [
            [
                [
                    0.00024488083418643895,
                    -0.0005222866205914094,
                    -8.669766512784041e-08
                ],
                [
                    0.00028979659839377517,
                    -0.0005222866205894861,
                    -8.669766512784041e-08
                ],
                [
                    0.00028979659839275905,
                    -0.0004996061778148186,
                    4.235164736271502e-22
                ],
                [
                    0.0002448808341855802,
                    -0.0004996061778166584,
                    4.235164736271502e-22
                ],
                [
                    0.00024488083418643895,
                    -0.0005222866205914094,
                    -8.669766512784041e-08
                ]
            ]
        ],
        "type": "Polygon"
    },
    "properties": {
        "EntryPosition": [
            0.00024488074645990284,
            -0.000510946302940181,
            -4.334883256391999e-08
        ],
        "Id": "{4c0fb3d5-561e-4ee6-adf0-c4455b3922a7}",
        "Type": "ParkingSpace"
    },
    "type": "Feature"
}
,{
    "geometry": {
        "coordinates": [
            [
                [
                    0.00024488083418475973,
                    -0.00047692573504190614,
                    8.669766512784126e-08
                ],
                [
                    0.000289796598391788,
                    -0.0004769257350401499,
                    8.669766512784126e-08
                ],
                [
                    0.0002897965983908621,
                    -0.0004542458442488028,
                    1.733953302556821e-07
                ],
                [
                    0.0002448808341839773,
                    -0.0004542458442504755,
                    1.733953302556821e-07
                ],
                [
                    0.00024488083418475973,
                    -0.00047692573504190614,
                    8.669766512784126e-08
                ]
            ]
        ],
        "type": "Polygon"
    },
    "properties": {
        "EntryPosition": [
            0.00024488074645826174,
            -0.00046558574391285674,
            1.3004649769176167e-07
        ],
        "Id": "{c366fc62-bd21-43d0-aa43-48e000410556}",
        "Type": "ParkingSpace"
    },
    "type": "Feature"
}
,{
    "geometry": {
        "coordinates": [
            [
                [
                    0.00024488083418924356,
                    -0.0005903273969323283,
                    -3.467906605113629e-07
                ],
                [
                    0.00028979659839709423,
                    -0.0005903273969301545,
                    -3.467906605113629e-07
                ],
                [
                    0.0002897965983959428,
                    -0.0005676469541554923,
                    -2.6009299538352165e-07
                ],
                [
                    0.00024488083418827054,
                    -0.0005676469541575826,
                    -2.6009299538352165e-07
                ],
                [
                    0.00024488083418924356,
                    -0.0005903273969323283,
                    -3.467906605113629e-07
                ]
            ]
        ],
        "type": "Polygon"
    },
    "properties": {
        "EntryPosition": [
            0.0002448807464626503,
            -0.0005789871414811552,
            -3.034418279474423e-07
        ],
        "Id": "{371abbb1-95c0-4549-b80b-f3c2038a11cf}",
        "Type": "ParkingSpace"
    },
    "type": "Feature"
}
,{
    "geometry": {
        "coordinates": [
            [
                [
                    0.0002448808341902547,
                    -0.0006130072877237487,
                    -4.3348832563920416e-07
                ],
                [
                    0.0002897965983982908,
                    -0.0006130072877214914,
                    -4.3348832563920416e-07
                ],
                [
                    0.00028979659839709423,
                    -0.0005903273969301545,
                    -3.467906605113629e-07
                ],
                [
                    0.00024488083418924356,
                    -0.0005903273969323283,
                    -3.467906605113629e-07
                ],
                [
                    0.0002448808341902547,
                    -0.0006130072877237487,
                    -4.3348832563920416e-07
                ]
            ]
        ],
        "type": "Polygon"
    },
    "properties": {
        "EntryPosition": [
            0.00024488074646364236,
            -0.0006016674209948098,
            -3.9013949307528353e-07
        ],
        "Id": "{1cbfdd21-3daa-4bde-af2a-df7816dfe2ea}",
        "Type": "ParkingSpace"
    },
    "type": "Feature"
}
,{
    "geometry": {
        "coordinates": [
            [
                [
                    0.0002448808341958819,
                    -0.0007264089496141142,
                    -8.669766512784096e-07
                ],
                [
                    0.0002897965984049502,
                    -0.0007264089496114393,
                    -8.669766512784096e-07
                ],
                [
                    0.0002897965984035281,
                    -0.0007037285068367894,
                    -7.802789861505683e-07
                ],
                [
                    0.0002448808341946802,
                    -0.0007037285068393807,
                    -7.802789861505683e-07
                ],
                [
                    0.0002448808341958819,
                    -0.0007264089496141142,
                    -8.669766512784096e-07
                ]
            ]
        ],
        "type": "Polygon"
    },
    "properties": {
        "EntryPosition": [
            0.00024488074646917434,
            -0.0007150688185630529,
            -8.23627818714489e-07
        ],
        "Id": "{d6aff4bc-9f58-45d9-98c1-fa7ba1f0bfc5}",
        "Type": "ParkingSpace"
    },
    "type": "Feature"
}
,{
    "geometry": {
        "coordinates": [
            [
                [
                    0.0002448808341971217,
                    -0.0007490893923888454,
                    -9.5367431640625e-07
                ],
                [
                    0.0002897965984064174,
                    -0.0007490893923860869,
                    -9.5367431640625e-07
                ],
                [
                    0.0002897965984049502,
                    -0.0007264089496114393,
                    -8.669766512784096e-07
                ],
                [
                    0.0002448808341958819,
                    -0.0007264089496141142,
                    -8.669766512784096e-07
                ],
                [
                    0.0002448808341971217,
                    -0.0007490893923888454,
                    -9.5367431640625e-07
                ]
            ]
        ],
        "type": "Polygon"
    },
    "properties": {
        "EntryPosition": [
            0.00024488074647039505,
            -0.0007377490980766947,
            -9.103254838423298e-07
        ],
        "Id": "{97d674bb-f28f-41ff-87bc-4059569704d5}",
        "Type": "ParkingSpace"
    },
    "type": "Feature"
}
,{
    "geometry": {
        "coordinates": [
            [
                [
                    0.00014606615292409795,
                    -0.00012055260584575027,
                    -4.7672197087124564e-07
                ],
                [
                    0.00019098191712997546,
                    -0.00012047367223022539,
                    -4.7538170608643813e-07
                ],
                [
                    0.00019098191712980294,
                    -9.242905551865303e-05,
                    8.795154572902358e-10
                ],
                [
                    0.00014606615292396592,
                    -9.250798913411282e-05,
                    -4.6074932751730673e-10
                ],
                [
                    0.00014606615292409795,
                    -0.00012055260584575027,
                    -4.7672197087124564e-07
                ]
            ]
        ],
        "type": "Polygon"
    },
    "properties": {
        "EntryPosition": [
            0.00019098176099317793,
            -0.00010645128146347571,
            -2.3725109531457394e-07
        ],
        "Id": "{db41d3ba-3871-4048-b2cc-ea9574426ea8}",
        "Type": "ParkingSpace"
    },
    "type": "Feature"
}
,{
    "geometry": {
        "coordinates": [
            [
                [
                    0.00014606615292470343,
                    -0.00020476759752919747,
                    -1.9068878834849826e-06
                ],
                [
                    0.00019098191713076668,
                    -0.00020468866391347708,
                    -1.905547618700175e-06
                ],
                [
                    0.00019098191713045769,
                    -0.00017664404720190688,
                    -1.4292863971564467e-06
                ],
                [
                    0.00014606615292446696,
                    -0.00017672298081756216,
                    -1.4306266619412543e-06
                ],
                [
                    0.00014606615292470343,
                    -0.00020476759752919747,
                    -1.9068878834849826e-06
                ]
            ]
        ],
        "type": "Polygon"
    },
    "properties": {
        "EntryPosition": [
            0.0001909817609939009,
            -0.0001906661671659305,
            -1.6674170079283107e-06
        ],
        "Id": "{4a9e5e3a-1c53-46e9-8f7f-35a25d70c4f4}",
        "Type": "ParkingSpace"
    },
    "type": "Feature"
}
,{
    "geometry": {
        "coordinates": [
            [
                [
                    0.00014606615292426495,
                    -0.00014862426974023344,
                    -9.534439417424913e-07
                ],
                [
                    0.00019098191713019368,
                    -0.0001485453361246434,
                    -9.521036769576839e-07
                ],
                [
                    0.00019098191712997565,
                    -0.00012050071941307162,
                    -4.7584245541395545e-07
                ],
                [
                    0.00014606615292409812,
                    -0.00012057965302859658,
                    -4.77182720198763e-07
                ],
                [
                    0.00014606615292426495,
                    -0.00014862426974023344,
                    -9.534439417424913e-07
                ]
            ]
        ],
        "type": "Polygon"
    },
    "properties": {
        "EntryPosition": [
            0.00019098176099337339,
            -0.00013452291003096135,
            -7.139730661858196e-07
        ],
        "Id": "{034f9a0f-7467-43a9-9fc5-b086ab2e58c6}",
        "Type": "ParkingSpace"
    },
    "type": "Feature"
}
,{
    "geometry": {
        "coordinates": [
            [
                [
                    0.00014606615292446674,
                    -0.00017669593363471586,
                    -1.430165912613737e-06
                ],
                [
                    0.0001909819171304574,
                    -0.00017661700001906066,
                    -1.4288256478289295e-06
                ],
                [
                    0.0001909819171301939,
                    -0.0001485723833074896,
                    -9.525644262852012e-07
                ],
                [
                    0.00014606615292426514,
                    -0.00014865131692307968,
                    -9.539046910700086e-07
                ],
                [
                    0.00014606615292446674,
                    -0.00017669593363471586,
                    -1.430165912613737e-06
                ]
            ]
        ],
        "type": "Polygon"
    },
    "properties": {
        "EntryPosition": [
            0.00019098176099361438,
            -0.00016259453859844631,
            -1.1906950370570654e-06
        ],
        "Id": "{bf09aa20-a974-4a79-af60-d4fcde710c64}",
        "Type": "ParkingSpace"
    },
    "type": "Feature"
}
,{
    "geometry": {
        "coordinates": [
            [
                [
                    0.0001460661529303424,
                    -0.0005450758040840949,
                    0
                ],
                [
                    0.00019098191713813806,
                    -0.0005449968704675847,
                    0
                ],
                [
                    0.00019098191713743995,
                    -0.000522358930408655,
                    0
                ],
                [
                    0.00014606615292980834,
                    -0.0005224378640251128,
                    0
                ],
                [
                    0.0001460661529303424,
                    -0.0005450758040840949,
                    0
                ]
            ]
        ],
        "type": "Polygon"
    },
    "properties": {
        "EntryPosition": [
            0.00019098176100107973,
            -0.0005336778888817433,
            0
        ],
        "Id": "{b1baa579-9113-463a-bf68-4456d487a4c9}",
        "Type": "ParkingSpace"
    },
    "type": "Feature"
}
,{
    "geometry": {
        "coordinates": [
            [
                [
                    0.00019098191713676983,
                    -0.0004996663440007079,
                    0
                ],
                [
                    0.00019098191713613102,
                    -0.0004770284039417749,
                    0
                ],
                [
                    0.00014606615292880708,
                    -0.00047710733755812734,
                    0
                ],
                [
                    0.00014606615292929575,
                    -0.0004997452776171129,
                    0
                ],
                [
                    0.00019098191713676983,
                    -0.0004996663440007079,
                    0
                ]
            ]
        ],
        "type": "Polygon"
    },
    "properties": {
        "EntryPosition": [
            0.0001909817609997411,
            -0.0004883476020759877,
            0
        ],
        "Id": "{f46f3e98-bed9-42f1-b487-1bdc0ecba5a6}",
        "Type": "ParkingSpace"
    },
    "type": "Feature"
}
,{
    "geometry": {
        "coordinates": [
            [
                [
                    0.00019098191713170975,
                    -0.00027301536761621073,
                    0
                ],
                [
                    0.0001909819171313674,
                    -0.00025037742755726594,
                    0
                ],
                [
                    0.00014606615292516302,
                    -0.00025045580918976897,
                    0
                ],
                [
                    0.0001460661529254249,
                    -0.00027309430123208966,
                    0
                ],
                [
                    0.00019098191713170975,
                    -0.00027301536761621073,
                    0
                ]
            ]
        ],
        "type": "Polygon"
    },
    "properties": {
        "EntryPosition": [
            0.00019098176099482928,
            -0.00026169616804712906,
            0
        ],
        "Id": "{0920ce8e-d0a9-43b1-a1a9-43822657eb5f}",
        "Type": "ParkingSpace"
    },
    "type": "Feature"
}
,{
    "geometry": {
        "coordinates": [
            [
                [
                    0.0001909819171396251,
                    -0.0005903273969344548,
                    0
                ],
                [
                    0.00019098191713886765,
                    -0.0005676889048922052,
                    0
                ],
                [
                    0.00014606615293090043,
                    -0.0005677678385087681,
                    0
                ],
                [
                    0.0001460661529314798,
                    -0.0005904063305510704,
                    0
                ],
                [
                    0.0001909819171396251,
                    -0.0005903273969344548,
                    0
                ]
            ]
        ],
        "type": "Polygon"
    },
    "properties": {
        "EntryPosition": [
            0.00019098176100253706,
            -0.0005790081756874922,
            0
        ],
        "Id": "{44d4e62d-08ee-400c-93a5-0bc5ff8ba431}",
        "Type": "ParkingSpace"
    },
    "type": "Feature"
}
,{
    "geometry": {
        "coordinates": [
            [
                [
                    0.00019098191713438957,
                    -0.00040900584305025915,
                    0
                ],
                [
                    0.00019098191713386934,
                    -0.00038636790299132064,
                    0
                ],
                [
                    0.000146066152927077,
                    -0.00038644683660746276,
                    0
                ],
                [
                    0.00014606615292747497,
                    -0.0004090847766664538,
                    0
                ],
                [
                    0.00019098191713438957,
                    -0.00040900584305025915,
                    0
                ]
            ]
        ],
        "type": "Polygon"
    },
    "properties": {
        "EntryPosition": [
            0.00019098176099742014,
            -0.0003976870284644587,
            0
        ],
        "Id": "{31e7aa02-94ad-48f3-a0f7-89fd248fec06}",
        "Type": "ParkingSpace"
    },
    "type": "Feature"
}
,{
    "geometry": {
        "coordinates": [
            [
                [
                    0.00019098191713208217,
                    -0.00029568035485800083,
                    0
                ],
                [
                    0.00019098191713171016,
                    -0.0002730424147990569,
                    0
                ],
                [
                    0.00014606615292542526,
                    -0.0002731213484149359,
                    0
                ],
                [
                    0.00014606615292570984,
                    -0.0002957592884739323,
                    0
                ],
                [
                    0.00019098191713208217,
                    -0.00029568035485800083,
                    0
                ]
            ]
        ],
        "type": "Polygon"
    },
    "properties": {
        "EntryPosition": [
            0.0001909817609951869,
            -0.00028436131145001976,
            0
        ],
        "Id": "{1e6dd572-8321-4b69-b500-1408bfbaca81}",
        "Type": "ParkingSpace"
    },
    "type": "Feature"
}
,{
    "geometry": {
        "coordinates": [
            [
                [
                    0.00019098191714041313,
                    -0.0006129923841762255,
                    0
                ],
                [
                    0.00019098191713962602,
                    -0.0005903544441173011,
                    0
                ],
                [
                    0.0001460661529314805,
                    -0.0005904333777339165,
                    0
                ],
                [
                    0.0001460661529320826,
                    -0.0006130713177928935,
                    0
                ],
                [
                    0.00019098191714041313,
                    -0.0006129923841762255,
                    0
                ]
            ]
        ],
        "type": "Polygon"
    },
    "properties": {
        "EntryPosition": [
            0.0001909817610033103,
            -0.0006016733190903639,
            0
        ],
        "Id": "{ad110691-e560-43cd-a76b-3e2647f3d948}",
        "Type": "ParkingSpace"
    },
    "type": "Feature"
}
,{
    "geometry": {
        "coordinates": [
            [
                [
                    0.0001909819171429553,
                    -0.0006809878978848486,
                    0
                ],
                [
                    0.00019098191714207922,
                    -0.0006583499578259302,
                    0
                ],
                [
                    0.00014606615293335704,
                    -0.0006584288914427036,
                    0
                ],
                [
                    0.00014606615293402713,
                    -0.0006810668315016746,
                    0
                ],
                [
                    0.0001909819171429553,
                    -0.0006809878978848486,
                    0
                ]
            ]
        ],
        "type": "Polygon"
    },
    "properties": {
        "EntryPosition": [
            0.00019098176100580796,
            -0.0006696687492989677,
            0
        ],
        "Id": "{84f8c781-73e5-426c-9b8f-d133e98a221c}",
        "Type": "ParkingSpace"
    },
    "type": "Feature"
}
,{
    "geometry": {
        "coordinates": [
            [
                [
                    0.00019098191713248428,
                    -0.0003183453420997899,
                    0
                ],
                [
                    0.00019098191713208263,
                    -0.00029570740204084694,
                    0
                ],
                [
                    0.0001460661529257102,
                    -0.00029578633565677855,
                    0
                ],
                [
                    0.00014606615292601748,
                    -0.0003184242757157741,
                    0
                ],
                [
                    0.00019098191713248428,
                    -0.0003183453420997899,
                    0
                ]
            ]
        ],
        "type": "Polygon"
    },
    "properties": {
        "EntryPosition": [
            0.00019098176099557415,
            -0.00030702645485290963,
            0
        ],
        "Id": "{de065b00-c8b1-4989-a025-2ecc1a093125}",
        "Type": "ParkingSpace"
    },
    "type": "Feature"
}
,{
    "geometry": {
        "coordinates": [
            [
                [
                    0.00019098191713613026,
                    -0.00047700135675892867,
                    0
                ],
                [
                    0.00019098191713552104,
                    -0.0004543634166999943,
                    0
                ],
                [
                    0.00014606615292834052,
                    -0.0004544423503162941,
                    0
                ],
                [
                    0.0001460661529288065,
                    -0.00047708029037528106,
                    0
                ],
                [
                    0.00019098191713613026,
                    -0.00047700135675892867,
                    0
                ]
            ]
        ],
        "type": "Polygon"
    },
    "properties": {
        "EntryPosition": [
            0.00019098176099911635,
            -0.0004656824586731075,
            0
        ],
        "Id": "{c7b3411d-5f38-4891-abad-c03f4084d546}",
        "Type": "ParkingSpace"
    },
    "type": "Feature"
}
,{
    "geometry": {
        "coordinates": [
            [
                [
                    0.00014606615293208332,
                    -0.0006130983649757397,
                    0
                ],
                [
                    0.00014606615293270804,
                    -0.0006357363050347147,
                    0
                ],
                [
                    0.0001909819171412308,
                    -0.000635657371417994,
                    0
                ],
                [
                    0.0001909819171404141,
                    -0.0006130194313590715,
                    0
                ],
                [
                    0.00014606615293208332,
                    -0.0006130983649757397,
                    0
                ]
            ]
        ],
        "type": "Polygon"
    },
    "properties": {
        "EntryPosition": [
            0.00019098176100411317,
            -0.0006243384624932338,
            0
        ],
        "Id": "{6eeee3e8-a76e-4e72-8bb3-411d3e7f9d81}",
        "Type": "ParkingSpace"
    },
    "type": "Feature"
}
,{
    "geometry": {
        "coordinates": [
            [
                [
                    0.00019098191714386314,
                    -0.0007036799323094573,
                    0
                ],
                [
                    0.00014606615293472153,
                    -0.0007037588659263358,
                    0
                ],
                [
                    0.000146066152935437,
                    -0.0007263968059853024,
                    0
                ],
                [
                    0.0001909819171447985,
                    -0.0007263178723683714,
                    0
                ],
                [
                    0.00019098191714386314,
                    -0.0007036799323094573,
                    0
                ]
            ]
        ],
        "type": "Polygon"
    },
    "properties": {
        "EntryPosition": [
            0.00019098176100762154,
            -0.0007149990361046929,
            0
        ],
        "Id": "{5cab898c-443c-46bc-8fcd-eedf4d054b0e}",
        "Type": "ParkingSpace"
    },
    "type": "Feature"
}
,{
    "geometry": {
        "coordinates": [
            [
                [
                    0.00019098191713886676,
                    -0.0005676618577093588,
                    0
                ],
                [
                    0.00019098191713813893,
                    -0.000545023917650431,
                    0
                ],
                [
                    0.00014606615293034304,
                    -0.0005451028512669414,
                    0
                ],
                [
                    0.00014606615293089975,
                    -0.0005677407913259218,
                    0
                ],
                [
                    0.00019098191713886676,
                    -0.0005676618577093588,
                    0
                ]
            ]
        ],
        "type": "Polygon"
    },
    "properties": {
        "EntryPosition": [
            0.00019098176100179354,
            -0.0005563430322846185,
            0
        ],
        "Id": "{80b344e2-6ef1-41ca-92fa-49e3307364e1}",
        "Type": "ParkingSpace"
    },
    "type": "Feature"
}
,{
    "geometry": {
        "coordinates": [
            [
                [
                    0.0001909819171329161,
                    -0.00034101032934157803,
                    0
                ],
                [
                    0.0001909819171324848,
                    -0.0003183723892826361,
                    0
                ],
                [
                    0.00014606615292601783,
                    -0.0003184513228986203,
                    0
                ],
                [
                    0.00014606615292634778,
                    -0.00034108926295761487,
                    0
                ],
                [
                    0.0001909819171329161,
                    -0.00034101032934157803,
                    0
                ]
            ]
        ],
        "type": "Polygon"
    },
    "properties": {
        "EntryPosition": [
            0.0001909817609959911,
            -0.0003296915982557985,
            0
        ],
        "Id": "{0aa52d2e-4a5f-4eb8-929d-7867331bc0dd}",
        "Type": "ParkingSpace"
    },
    "type": "Feature"
}
,{
    "geometry": {
        "coordinates": [
            [
                [
                    0.00019098191713494013,
                    -0.000431671382275366,
                    0
                ],
                [
                    0.00019098191713439022,
                    -0.00040903289023310537,
                    0
                ],
                [
                    0.00014606615292747546,
                    -0.0004091118238493,
                    0
                ],
                [
                    0.00014606615292789613,
                    -0.00043175031589161317,
                    0
                ],
                [
                    0.00019098191713494013,
                    -0.000431671382275366,
                    0
                ]
            ]
        ],
        "type": "Polygon"
    },
    "properties": {
        "EntryPosition": [
            0.00019098176099795587,
            -0.0004203521718673429,
            0
        ],
        "Id": "{b68d3d7d-1c76-4f8b-b061-4da82b0f0cba}",
        "Type": "ParkingSpace"
    },
    "type": "Feature"
}
,{
    "geometry": {
        "coordinates": [
            [
                [
                    0.00019098191713337755,
                    -0.0003636758685666885,
                    0
                ],
                [
                    0.00019098191713291663,
                    -0.00034103792850774767,
                    0
                ],
                [
                    0.0001460661529263482,
                    -0.00034111686212378456,
                    0
                ],
                [
                    0.00014606615292670082,
                    -0.00036375480218277793,
                    0
                ],
                [
                    0.00019098191713337755,
                    -0.0003636758685666885,
                    0
                ]
            ]
        ],
        "type": "Polygon"
    },
    "properties": {
        "EntryPosition": [
            0.00019098176099643783,
            -0.00035235674165868635,
            0
        ],
        "Id": "{b4474473-78ed-400c-848e-6dae81eb3004}",
        "Type": "ParkingSpace"
    },
    "type": "Feature"
}
,{
    "geometry": {
        "coordinates": [
            [
                [
                    0.00019098191713552037,
                    -0.0004543363695171481,
                    0
                ],
                [
                    0.0001909819171349408,
                    -0.00043169842945821216,
                    0
                ],
                [
                    0.00014606615292789664,
                    -0.0004317773630744594,
                    0
                ],
                [
                    0.00014606615292833995,
                    -0.0004544153031334478,
                    0
                ],
                [
                    0.00019098191713552037,
                    -0.0004543363695171481,
                    0
                ]
            ]
        ],
        "type": "Polygon"
    },
    "properties": {
        "EntryPosition": [
            0.00019098176099852126,
            -0.0004430173152702259,
            0
        ],
        "Id": "{c18af379-a522-4cfd-8f7b-6b3ec62b1a2c}",
        "Type": "ParkingSpace"
    },
    "type": "Feature"
}
,{
    "geometry": {
        "coordinates": [
            [
                [
                    0.00019098191713386875,
                    -0.0003863408558084744,
                    0
                ],
                [
                    0.00019098191713337812,
                    -0.0003637029157495347,
                    0
                ],
                [
                    0.00014606615292670123,
                    -0.0003637818493656242,
                    0
                ],
                [
                    0.00014606615292707653,
                    -0.00038641978942461643,
                    0
                ],
                [
                    0.00019098191713386875,
                    -0.0003863408558084744,
                    0
                ]
            ]
        ],
        "type": "Polygon"
    },
    "properties": {
        "EntryPosition": [
            0.00019098176099691412,
            -0.00037502188506157314,
            0
        ],
        "Id": "{485cd224-77ee-438d-9e97-fb353f7d0f08}",
        "Type": "ParkingSpace"
    },
    "type": "Feature"
}
,{
    "geometry": {
        "coordinates": [
            [
                [
                    0.0001909819171374391,
                    -0.0005223318832258088,
                    0
                ],
                [
                    0.00019098191713677064,
                    -0.0004996939431668774,
                    0
                ],
                [
                    0.00014606615292929635,
                    -0.0004997728767832826,
                    0
                ],
                [
                    0.00014606615292980774,
                    -0.0005224108168422664,
                    0
                ],
                [
                    0.0001909819171374391,
                    -0.0005223318832258088,
                    0
                ]
            ]
        ],
        "type": "Polygon"
    },
    "properties": {
        "EntryPosition": [
            0.0001909817610003956,
            -0.0005110127454788663,
            0
        ],
        "Id": "{3cb837f8-d41f-4649-948a-d681b78c42e1}",
        "Type": "ParkingSpace"
    },
    "type": "Feature"
}
,{
    "geometry": {
        "coordinates": [
            [
                [
                    0.00019098191714207822,
                    -0.0006583223586597607,
                    0
                ],
                [
                    0.0001909819171412318,
                    -0.0006356844186008403,
                    0
                ],
                [
                    0.00014606615293270882,
                    -0.000635763352217561,
                    0
                ],
                [
                    0.00014606615293335625,
                    -0.000658401292276534,
                    0
                ],
                [
                    0.00019098191714207822,
                    -0.0006583223586597607,
                    0
                ]
            ]
        ],
        "type": "Polygon"
    },
    "properties": {
        "EntryPosition": [
            0.0001909817610049457,
            -0.0006470036058961017,
            0
        ],
        "Id": "{44cef687-4551-4e2f-b20a-42c74d7df5a3}",
        "Type": "ParkingSpace"
    },
    "type": "Feature"
}
,{
    "geometry": {
        "coordinates": [
            [
                [
                    0.00019098191714386208,
                    -0.0007036528851266111,
                    0
                ],
                [
                    0.00019098191714295637,
                    -0.0006810149450676949,
                    0
                ],
                [
                    0.00014606615293402792,
                    -0.0006810938786845208,
                    0
                ],
                [
                    0.00014606615293472075,
                    -0.0007037318187434895,
                    0
                ],
                [
                    0.00019098191714386208,
                    -0.0007036528851266111,
                    0
                ]
            ]
        ],
        "type": "Polygon"
    },
    "properties": {
        "EntryPosition": [
            0.00019098176100669994,
            -0.0006923338927018313,
            0
        ],
        "Id": "{f775d4da-f033-4b29-98b7-1e984e593398}",
        "Type": "ParkingSpace"
    },
    "type": "Feature"
}
,{
    "geometry": {
        "coordinates": [
            [
                [
                    0.000146066152936176,
                    -0.0007490623452104364,
                    0
                ],
                [
                    0.00019098191714576467,
                    -0.0007489834115934527,
                    0
                ],
                [
                    0.00019098191714479967,
                    -0.0007263449195512176,
                    0
                ],
                [
                    0.00014606615293543787,
                    -0.0007264238531681486,
                    0
                ],
                [
                    0.000146066152936176,
                    -0.0007490623452104364,
                    0
                ]
            ]
        ],
        "type": "Polygon"
    },
    "properties": {
        "EntryPosition": [
            0.00019098176100857284,
            -0.0007376641795075524,
            0
        ],
        "Id": "{8bfdb4d4-a425-4b42-b921-035a2cae8f19}",
        "Type": "ParkingSpace"
    },
    "type": "Feature"
}
],"type":"FeatureCollection"}